{"type":"FeatureCollection","features":[{"type":"Feature","id":6,"geometry":{"type":"Polygon","coordinates":[[[-111.91159388122666,40.386681450853359],[-111.91159469695464,40.38728045026933],[-111.91159474473699,40.387310310105441],[-111.9126878682798,40.387314658702088],[-111.91288880386075,40.387315455444131],[-111.91288995109763,40.387315464903843],[-111.91291175681016,40.387315639204104],[-111.91347526016362,40.387320146638231],[-111.91394877178955,40.38732202303806],[-111.91502433155165,40.387323901931879],[-111.9160154517906,40.387327813976341],[-111.91615999042273,40.387162478508472],[-111.91619478667648,40.387122689657041],[-111.91620269001938,40.383976442071152],[-111.9161985173377,40.383958453531562],[-111.91483549424809,40.383966226231045],[-111.91483544778188,40.383984197359467],[-111.91483367714176,40.384673670193941],[-111.91483363473247,40.384673668543122],[-111.91482053644374,40.38467359431349],[-111.91420629163918,40.384672680173452],[-111.9141495245641,40.384670287400319],[-111.9140934310356,40.384663203590776],[-111.91403867229569,40.384651512864522],[-111.91398061027715,40.384640262498777],[-111.91392097461511,40.384635988466883],[-111.91386118981197,40.384638791999222],[-111.91380268406699,40.384648606800745],[-111.91374685511353,40.384665197370495],[-111.91369503612663,40.384688169028784],[-111.91364846395324,40.38471697253194],[-111.91360825329568,40.384750919473817],[-111.91357536265605,40.384789198616083],[-111.91355057915055,40.384830896655785],[-111.91353246889936,40.384864428597986],[-111.91351026880258,40.38489649077507],[-111.91263856363085,40.386036064000827],[-111.91260685478115,40.386072661728484],[-111.91257025550995,40.386106486579187],[-111.91253490832156,40.386140334020546],[-111.91250639026028,40.386177758941983],[-111.91248531014382,40.386217963054399],[-111.91247211624405,40.386260086491269],[-111.91246709171618,40.38630323124044],[-111.91247033758174,40.386346373843836],[-111.91247034525661,40.386346474686079],[-111.91248180535931,40.386388893945472],[-111.91250122866688,40.386429583852014],[-111.91252819889445,40.386467674071113],[-111.91256214109781,40.386502351565611],[-111.91260311829079,40.386543475180332],[-111.91263690130204,40.386588259957094],[-111.91266293567746,40.386635973853807],[-111.91268076048431,40.386685769218197],[-111.91159494479336,40.386681454315884],[-111.91159388122666,40.386681450853359]]]},"properties":{"OBJECTID":6,"ID":501,"NAME":"Saratoga Crossroads","RECORDEDUNITS":0,"DENSITY":" ","ACRE":24.221674050000001,"TYPE":"Commercial","STATUS":"Recorded","NOTE":null,"GlobalID":"{D2B0A236-603D-47A5-BD1E-34EAF3564395}","PLANNEDUNITS":0,"EXISTINGUNITS":null,"PREVIOUSNAME":null,"ID_TEXT":"2010","ProjectLink":null,"PLANNER":null,"created_user":null,"created_date":null,"last_edited_user":null,"last_edited_date":null,"REMAININGUNITS":null,"DA_Exceptions":null,"ParentID":null,"ACTIVEDATE":null,"Shape.STArea()":1055100.342007878,"Shape.STLength()":4805.0130006873251}},{"type":"Feature","id":15,"geometry":{"type":"Polygon","coordinates":[[[-111.87966526626479,40.303327298775393],[-111.87991411171814,40.304424225274616],[-111.88059734270493,40.304422005961925],[-111.88358568065019,40.304412230602686],[-111.88358313472494,40.303956670918467],[-111.88358038609009,40.30346743592893],[-111.88357952832115,40.303314509727869],[-111.87966526626479,40.303327298775393]]]},"properties":{"OBJECTID":15,"ID":135,"NAME":"El Nautica","RECORDEDUNITS":0,"DENSITY":" ","ACRE":9.7110336000000004,"TYPE":"RV Camp","STATUS":"Recorded","NOTE":null,"GlobalID":"{37A049F6-F188-4110-89FF-82516F1BC74A}","PLANNEDUNITS":0,"EXISTINGUNITS":0,"PREVIOUSNAME":null,"ID_TEXT":"2039","ProjectLink":null,"PLANNER":null,"created_user":null,"created_date":null,"last_edited_user":null,"last_edited_date":null,"REMAININGUNITS":null,"DA_Exceptions":null,"ParentID":null,"ACTIVEDATE":null,"Shape.STArea()":423014.31551168713,"Shape.STLength()":2921.1483142922611}},{"type":"Feature","id":16,"geometry":{"type":"Polygon","coordinates":[[[-111.91965367173854,40.336478478970207],[-111.91954092193376,40.333957565661109],[-111.91876235888058,40.333955327708622],[-111.91844884177436,40.333954221511945],[-111.91850778321961,40.33446114707197],[-111.91853712717119,40.334713744754765],[-111.91856691828738,40.334969954154353],[-111.91857902094134,40.33507685755341],[-111.91859229804133,40.335233580738198],[-111.91860660269658,40.335412250494223],[-111.91860217213662,40.335484690873322],[-111.91859481544589,40.335596145500134],[-111.91855729128046,40.335742695096393],[-111.91851327094382,40.335914554139826],[-111.91834579694049,40.335924812086162],[-111.91829962228593,40.336102271685348],[-111.91828743052082,40.336496488631532],[-111.91828607258829,40.336529845770258],[-111.91828607106559,40.33652998177147],[-111.91828636870655,40.336529961792969],[-111.91857134713686,40.336512506831362],[-111.91964651564648,40.336484177757164],[-111.91965367173854,40.336478478970207]]]},"properties":{"OBJECTID":16,"ID":140,"NAME":"Parkside","RECORDEDUNITS":19,"DENSITY":"2.7","ACRE":6.5935927699999999,"TYPE":"Subdivision","STATUS":"Recorded","NOTE":null,"GlobalID":"{CEE8BACE-824B-4F77-91C5-FE7FA728322E}","PLANNEDUNITS":19,"EXISTINGUNITS":19,"PREVIOUSNAME":null,"ID_TEXT":"2040","ProjectLink":null,"PLANNER":null,"created_user":null,"created_date":null,"last_edited_user":null,"last_edited_date":null,"REMAININGUNITS":null,"DA_Exceptions":null,"ParentID":null,"ACTIVEDATE":null,"Shape.STArea()":287218.0497202776,"Shape.STLength()":2592.7296412983537}},{"type":"Feature","id":19,"geometry":{"type":"Polygon","coordinates":[[[-111.92153614772239,40.390550510403841],[-111.92153197832781,40.390550547043318],[-111.92145853169015,40.390433180180572],[-111.92138657152883,40.390457739182438],[-111.92131299735466,40.390476929030925],[-111.92123820918181,40.390490645393072],[-111.9211626136248,40.39049881369462],[-111.92108662168783,40.390501389525461],[-111.91852825803903,40.390502595081919],[-111.91837746688333,40.390499656702879],[-111.91822692930464,40.390490434766576],[-111.91807690702852,40.39047494530633],[-111.91799732911193,40.390466611645607],[-111.91791748175103,40.390461464445544],[-111.9179178723811,40.39057839655505],[-111.91896651317954,40.390572026450876],[-111.9189726186559,40.391000885038366],[-111.91708204477266,40.391016638257668],[-111.91707222736257,40.391022643454534],[-111.91707444359717,40.391030285398202],[-111.91713979729036,40.391260626660966],[-111.91730078375197,40.391263680168763],[-111.92099318427552,40.39125045442173],[-111.92101229552233,40.391225819493059],[-111.92100616148622,40.39122587038937],[-111.92153614772239,40.390550510403841]]]},"properties":{"OBJECTID":19,"ID":503,"NAME":"Towne Storage","RECORDEDUNITS":0,"DENSITY":" ","ACRE":5.3617758799999997,"TYPE":"Commercial","STATUS":"Recorded","NOTE":null,"GlobalID":"{6B868DFF-4C87-424B-A3FC-3BA31667924C}","PLANNEDUNITS":0,"EXISTINGUNITS":null,"PREVIOUSNAME":null,"ID_TEXT":"2046","ProjectLink":null,"PLANNER":null,"created_user":null,"created_date":null,"last_edited_user":null,"last_edited_date":null,"REMAININGUNITS":null,"DA_Exceptions":null,"ParentID":null,"ACTIVEDATE":null,"Shape.STArea()":233597.7748719081,"Shape.STLength()":3521.8161301055306}},{"type":"Feature","id":21,"geometry":{"type":"Polygon","coordinates":[[[-111.9088336878432,40.388604318526326],[-111.90883261721517,40.388539890261391],[-111.90883261704826,40.388539862342839],[-111.9088320588093,40.388539870598244],[-111.90882299981561,40.388540008532622],[-111.90881256979598,40.38817225601786],[-111.90881256846204,40.38817222990459],[-111.90881252680072,40.388170777353331],[-111.90880526781221,40.387766021719173],[-111.90880379112123,40.3876837022733],[-111.90880378007108,40.387683035854437],[-111.9072749702559,40.387699251020997],[-111.90693709650678,40.38770076377206],[-111.90564408271919,40.387691448427702],[-111.90609125462933,40.389358177849019],[-111.90607633951937,40.38945713994751],[-111.90613252398786,40.389458193147846],[-111.90616721605043,40.389889159542051],[-111.90715776923378,40.389885715035483],[-111.90714102400246,40.389453439093849],[-111.90714676584915,40.389453419108854],[-111.90711721940845,40.388624302521599],[-111.90729097294822,40.38862068239213],[-111.90870120747375,40.388605725327835],[-111.9088336878432,40.388604318526326]]]},"properties":{"OBJECTID":21,"ID":159,"NAME":"Rivers Edge","RECORDEDUNITS":null,"DENSITY":null,"ACRE":9.7458404600000001,"TYPE":"Commercial","STATUS":"Recorded","NOTE":null,"GlobalID":"{CE336113-FD99-4592-B17C-96DA9B9B0C24}","PLANNEDUNITS":null,"EXISTINGUNITS":null,"PREVIOUSNAME":null,"ID_TEXT":"2051","ProjectLink":null,"PLANNER":null,"created_user":null,"created_date":null,"last_edited_user":null,"last_edited_date":null,"REMAININGUNITS":null,"DA_Exceptions":null,"ParentID":null,"ACTIVEDATE":null,"Shape.STArea()":424530.50836315472,"Shape.STLength()":3263.0701483860421}},{"type":"Feature","id":22,"geometry":{"type":"Polygon","coordinates":[[[-111.91651373333677,40.36950209962972],[-111.91651370634814,40.36950211503644],[-111.9165122914233,40.369502958557071],[-111.91651091084798,40.369503835278437],[-111.91650957052599,40.369504747881379],[-111.91650829386955,40.369505673766895],[-111.91650826807491,40.369505691871282],[-111.91650701058694,40.369506671725965],[-111.91650579566888,40.369507681149578],[-111.91650462568111,40.369508721034414],[-111.91650350061806,40.369509790479839],[-111.91650242282931,40.369510888576833],[-111.91650140047486,40.369512001786951],[-111.91650043829208,40.369513134596531],[-111.91650041373509,40.36951316260334],[-111.91649948595661,40.369514337619712],[-111.91649862763791,40.369515510587391],[-111.9164986089464,40.369515534970823],[-111.91649780255698,40.369516727567301],[-111.91649778505388,40.369516753747746],[-111.91649776872282,40.369516779023364],[-111.91649701427914,40.369517993950438],[-111.91649629777775,40.369519251972335],[-111.91649564833732,40.369520500749125],[-111.9164956331892,40.369520526921129],[-111.91649504743087,40.369521791682374],[-111.91649503347664,40.369521820552031],[-111.91649449607682,40.369523098650369],[-111.91649448447755,40.369523127511663],[-111.91649400600062,40.369524413505715],[-111.91649399325131,40.369524446874216],[-111.9164935713862,40.36952574797732],[-111.91649356215831,40.369525779531983],[-111.91649343188938,40.369526237513035],[-111.91649318410634,40.369527121007096],[-111.91649287423799,40.369528444226916],[-111.91649286734312,40.369528472170821],[-111.91649261521472,40.369529802389913],[-111.91649261067484,40.369529830325469],[-111.91649241859197,40.369531159430096],[-111.91649241291842,40.36953119457467],[-111.9164922797694,40.369532533376251],[-111.91649227641244,40.369532562208192],[-111.9164921998095,40.369533905311535],[-111.91649219762998,40.369533934139255],[-111.91649217772657,40.36953530676125],[-111.91650240500877,40.370773820930687],[-111.91650250232549,40.370785550307275],[-111.91963178631327,40.370770302309609],[-111.91963172162264,40.370762635530809],[-111.91962864053606,40.370392983698359],[-111.91962110414194,40.369488555375455],[-111.91962097019876,40.369472093345415],[-111.91654549339803,40.369493888092059],[-111.91654366967714,40.369493924308756],[-111.9165418792106,40.369494007239453],[-111.91654009254519,40.369494134287187],[-111.91653831205225,40.369494308145285],[-111.91653654124769,40.369494526099501],[-111.91653477896513,40.369494789955098],[-111.91653303108639,40.36949509879063],[-111.91653129642299,40.369495450809005],[-111.91652957969578,40.369495847794646],[-111.91652787972181,40.369496288851195],[-111.91652623292592,40.369496761240164],[-111.9165262000116,40.369496770363646],[-111.9165245781948,40.369497284092304],[-111.9165245417645,40.369497295930195],[-111.91652294493231,40.369497851899155],[-111.91652290851293,40.369497865538229],[-111.91652130140696,40.369498474680597],[-111.91651975450549,40.369499108825977],[-111.9165197192691,40.369499123361472],[-111.9165181703636,40.369499815153944],[-111.91651664877017,40.369500544675311],[-111.91651516155369,40.369501311900372],[-111.91651373333677,40.36950209962972]]]},"properties":{"OBJECTID":22,"ID":506,"NAME":"Intermountain Equine Center","RECORDEDUNITS":0,"DENSITY":" ","ACRE":9.4399717400000007,"TYPE":"Commercial","STATUS":"Recorded","NOTE":null,"GlobalID":"{AEF72BF5-4D45-4151-9C43-D1BAA4355583}","PLANNEDUNITS":0,"EXISTINGUNITS":null,"PREVIOUSNAME":null,"ID_TEXT":"2052","ProjectLink":null,"PLANNER":null,"created_user":null,"created_date":null,"last_edited_user":null,"last_edited_date":null,"REMAININGUNITS":null,"DA_Exceptions":null,"ParentID":null,"ACTIVEDATE":null,"Shape.STArea()":411206.81400887627,"Shape.STLength()":2680.7750535218888}},{"type":"Feature","id":23,"geometry":{"type":"Polygon","coordinates":[[[-111.92156986333676,40.399798406934714],[-111.919638537013,40.399807848552257],[-111.91978482885129,40.400329935229934],[-111.92000813293544,40.401113149479329],[-111.91997040326147,40.401119003822714],[-111.92028897083787,40.402236310347163],[-111.92030408410876,40.40227214012765],[-111.92042623819623,40.40225179676262],[-111.9205314410342,40.402236461763486],[-111.92063717814192,40.402225395446642],[-111.92074327638647,40.402218615931957],[-111.92084956204364,40.402216134320149],[-111.92153260807076,40.402213822163709],[-111.92152210217995,40.40051721389257],[-111.92151751210142,40.399957389299068],[-111.92154511869073,40.39987707655753],[-111.92156986333676,40.399798406934714]]]},"properties":{"OBJECTID":23,"ID":511,"NAME":"Harvest Point Commercial","RECORDEDUNITS":null,"DENSITY":null,"ACRE":8.8240431299999997,"TYPE":"Commercial","STATUS":"Recorded","NOTE":null,"GlobalID":"{A28EB763-B531-4303-8396-DD95B1FF1CA5}","PLANNEDUNITS":null,"EXISTINGUNITS":0,"PREVIOUSNAME":null,"ID_TEXT":"2053","ProjectLink":null,"PLANNER":null,"created_user":null,"created_date":null,"last_edited_user":null,"last_edited_date":null,"REMAININGUNITS":null,"DA_Exceptions":null,"ParentID":null,"ACTIVEDATE":null,"Shape.STArea()":384392.34580673068,"Shape.STLength()":2691.0437919624624}},{"type":"Feature","id":25,"geometry":{"type":"Polygon","coordinates":[[[-111.91540180432855,40.391544160948733],[-111.91638018129585,40.39133529767814],[-111.91659364390419,40.391289726553943],[-111.91673379905541,40.391259805067797],[-111.91673542711332,40.391259457933856],[-111.91668697224077,40.391088816731184],[-111.91655998566144,40.390603325477294],[-111.91655354233299,40.39057869401374],[-111.91654995996936,40.390562948663273],[-111.91651755065325,40.390420518803111],[-111.91649148438628,40.390305968381753],[-111.91648828040289,40.390290265811061],[-111.91645895561936,40.390146590192977],[-111.91643566121871,40.390032456773589],[-111.91643283701374,40.390016833903594],[-111.91641799562881,40.389934733279269],[-111.91638608974576,40.38975824109378],[-111.91637742893926,40.389703278391615],[-111.91637038536497,40.389658576075199],[-111.91634278454295,40.389483405956007],[-111.91630576017947,40.3892080350724],[-111.91627502650707,40.388932211270401],[-111.91625059339331,40.388656020078059],[-111.9162324671555,40.388379544333517],[-111.91622065529936,40.388102868670664],[-111.91621515944129,40.387826077743554],[-111.91601369872694,40.387623800403794],[-111.91451502027698,40.38762941987347],[-111.91280579898329,40.387635805682905],[-111.91167707571024,40.38764397237285],[-111.91167704439871,40.387645423379141],[-111.91166847843212,40.388408216811669],[-111.91265882267481,40.388412153777196],[-111.91265264074066,40.389322110479071],[-111.91265262957911,40.389324164827762],[-111.91265262608223,40.389325537381708],[-111.91265262376315,40.389326909931505],[-111.91265262497751,40.389328282468846],[-111.91265262972533,40.389329654993723],[-111.91265263565097,40.389331027514416],[-111.91265264511003,40.389332400022695],[-111.91265265574687,40.389333772526768],[-111.91265267108956,40.389335144113602],[-111.91265268762092,40.389336517497526],[-111.9126527065025,40.389337889972538],[-111.91265272891752,40.389339262435065],[-111.91265275368814,40.389340634889294],[-111.9126527808144,40.38934200733523],[-111.9126528114686,40.389343378868112],[-111.91265284330612,40.389344751297408],[-111.91265287867705,40.389346123714191],[-111.91265291640366,40.389347496122724],[-111.91265295648584,40.38934886852293],[-111.91265300009604,40.389350240010096],[-111.91265304606728,40.38935161238954],[-111.9126530943942,40.389352984760642],[-111.91265314507666,40.389354357123416],[-111.91265319692613,40.389355727680908],[-111.91265325349774,40.389357100022956],[-111.91265331360276,40.389358472352541],[-111.91265337488012,40.389359843777335],[-111.91265343733535,40.389361215197994],[-111.91265350450183,40.389362586602026],[-111.91265357402941,40.389363958898343],[-111.91265364590711,40.389365330285784],[-111.91265372013504,40.389366700764263],[-111.91265379790724,40.389368073031527],[-111.91265387685185,40.389369444394035],[-111.91265395814668,40.389370814847581],[-111.91265404415822,40.389372186185142],[-111.91265413134208,40.389373556617947],[-111.91265422088162,40.389374927042454],[-111.91265431395996,40.389376298355053],[-111.91265440939398,40.389377669659346],[-111.91265450717279,40.389379039154164],[-111.91265460731266,40.389380409541261],[-111.91265471098593,40.389381779915908],[-111.91265481701485,40.389383150282221],[-111.91265492539395,40.389384519739615],[-111.91265503613411,40.389385890089294],[-111.91265515040232,40.38938725952594],[-111.91265526585379,40.389388629859027],[-111.9126553848278,40.389389998378427],[-111.91265550734613,40.389391368686582],[-111.91265562985359,40.389392737193504],[-111.91265575707773,40.389394106584419],[-111.91265588665753,40.389395475967035],[-111.91265601859298,40.389396845341338],[-111.91265615287317,40.389398212906158],[-111.91265629069224,40.389399581359051],[-111.91265642969455,40.389400950708406],[-111.91265657221945,40.38940231824413],[-111.91265671709998,40.389403685771526],[-111.91265686551392,40.389405053286488],[-111.91265701511117,40.389406421697821],[-111.91265716823641,40.38940778919617],[-111.91265732371733,40.389409156686135],[-111.91265748154839,40.389410523267216],[-111.91265764174598,40.389411891641195],[-111.91265780546611,40.389413258201515],[-111.91265797036409,40.389414624757649],[-111.91265813879555,40.389415991301334],[-111.91265831075494,40.389417356931965],[-111.91265848271985,40.389418723463208],[-111.91265865939056,40.389420089077213],[-111.91265883959474,40.389421454678754],[-111.91265901979891,40.389422820280245],[-111.91265920471429,40.389424185865174],[-111.91265939080215,40.389425550545354],[-111.91265957925104,40.389426916117749],[-111.91265977240575,40.389428280773018],[-111.91265996673283,40.389429644523489],[-111.91266016342099,40.389431009166266],[-111.91266036245939,40.389432372900096],[-111.91266056503119,40.389433736621477],[-111.91266076996408,40.389435101235129],[-111.91266097723633,40.389436463138715],[-111.91266118805285,40.389437826831006],[-111.91266140003636,40.389439188717965],[-111.91266161556418,40.389440552393623],[-111.91266183462005,40.389441915156233],[-111.91266205366497,40.389443276117646],[-111.9126622774321,40.389444638863637],[-111.91266250354401,40.389445999800124],[-111.9126627308391,40.389447361633046],[-111.9126629628401,40.389448722548714],[-111.91266319602434,40.389450084360902],[-111.9126634315533,40.389451444363516],[-111.91266367061579,40.389452804353695],[-111.91266391203389,40.38945416433554],[-111.91266415463519,40.38945552521384],[-111.91266440193695,40.389456884274345],[-111.9126646504165,40.389458243330658],[-111.91266490242953,40.389459602374501],[-111.912665155615,40.389460960513631],[-111.91266541351162,40.389462318636085],[-111.91266567258614,40.38946367675441],[-111.91266593401632,40.38946503486445],[-111.91266619898535,40.389466393862591],[-111.91266646629371,40.389467750150615],[-111.9126667347799,40.389469106434497],[-111.91266700798283,40.389470463602358],[-111.91266728235809,40.389471819865463],[-111.91266756144464,40.389473176111963],[-111.91266784052578,40.389474531457829],[-111.91266812314041,40.389475886791267],[-111.91266840811608,40.38947724301697],[-111.91266869543109,40.389478596532534],[-111.91266898629041,40.389479951836876],[-111.91266927949451,40.389481305331699],[-111.91266957505967,40.389482659718801],[-111.91266987296963,40.389484012296435],[-111.91267017442394,40.389485366662726],[-111.91267047822298,40.389486719219512],[-111.9126707831944,40.389488070871614],[-111.91267109170475,40.389489423411788],[-111.91267140256529,40.389490775043107],[-111.91267171695931,40.389492126661892],[-111.91267203252568,40.389493477375972],[-111.91267235162553,40.389494828077567],[-111.91267267190324,40.389496178774976],[-111.91267299570893,40.389497528559382],[-111.91267332187026,40.389498878335417],[-111.91267365155964,40.389500227198425],[-111.91267398361008,40.389501576953691],[-111.91267431800527,40.389502924899517],[-111.91267465475619,40.389504272836938],[-111.91267499504053,40.389505620761959],[-111.91267533532483,40.389506968686938],[-111.9126756814874,40.389508314789929],[-111.91267602765541,40.389509661793561],[-111.91267637617364,40.389511007888281],[-111.91267672940315,40.389512353966346],[-111.91267708380504,40.389513699139663],[-111.9126774417458,40.389515045201129],[-111.91267780085354,40.389516389457242],[-111.91267816349475,40.389517733700877],[-111.91267852966401,40.389519077031444],[-111.91267889701649,40.389520421258453],[-111.91267926671919,40.389521764576564],[-111.91267963994994,40.389523106981599],[-111.91268001553091,40.389524448477701],[-111.91268039229509,40.389525790870266],[-111.91268077258188,40.389527131449157],[-111.91268115640217,40.389528472015613],[-111.9126815414057,40.389529813478504],[-111.91268192993178,40.389531153127692],[-111.91268231963579,40.389532492772723],[-111.91268271287322,40.389533832405334],[-111.91268310963324,40.389535170224249],[-111.9126835075765,40.389536508939607],[-111.91268390786999,40.389537846746059],[-111.91268431169691,40.389539184540006],[-111.91268471669625,40.389540521429254],[-111.9126851264015,40.389541857401277],[-111.91268553728449,40.389543193369107],[-111.9126859505286,40.389544530229252],[-111.9126863661175,40.389545865279899],[-111.91268678523446,40.389547199417429],[-111.91268720552377,40.389548532650245],[-111.9126876305298,40.389549866767005],[-111.91268805670819,40.389551199979003],[-111.91268848524227,40.389552533182751],[-111.91268891612658,40.389553865477531],[-111.91268935053888,40.389555196859241],[-111.9126897873123,40.389556529133237],[-111.91269022643048,40.38955785959778],[-111.91269066790437,40.389559190053959],[-111.91269111172836,40.389560519601226],[-111.91269155791353,40.389561850040828],[-111.91269200762126,40.389563178666734],[-111.91269245967921,40.389564506383699],[-111.91269291291503,40.389565834096537],[-111.91269336968426,40.389567161796883],[-111.91269382880374,40.389568488588324],[-111.91269429145126,40.389569814466711],[-111.91269475527659,40.389571140340955],[-111.91269522263535,40.389572466202708],[-111.91269569233894,40.389573790254936],[-111.91269616440361,40.38957511519947],[-111.91269663764072,40.389576439239242],[-111.91269711440036,40.389577761465375],[-111.91269759469348,40.389579083679017],[-111.91269807616992,40.389580406789101],[-111.9126985599911,40.389581728089659],[-111.91269904851812,40.389583048473014],[-111.91269953822847,40.389584369752789],[-111.91270003028897,40.389585690123702],[-111.91270052469973,40.389587009585632],[-111.91270102028288,40.389588328142857],[-111.91270152057729,40.389589646683397],[-111.9127020220387,40.389590963418634],[-111.91270252821683,40.389592281037821],[-111.91270303438951,40.389593597756431],[-111.91270354409025,40.389594913561965],[-111.91270405614662,40.389596229359221],[-111.91270457055325,40.389597544247501],[-111.91270508849334,40.389598859123346],[-111.91270560877818,40.389600172189688],[-111.91270613024091,40.389601485251852],[-111.91270665523167,40.389602797400933],[-111.91270718257805,40.389604109541693],[-111.91270771227468,40.389605420773613],[-111.91270824432692,40.389606731997176],[-111.91270877872941,40.389608042311785],[-111.91270931666539,40.389609352613967],[-111.91270985576828,40.389610661110787],[-111.91271039840468,40.389611969595158],[-111.91271094221352,40.38961327717476],[-111.91271149073357,40.3896145847377],[-111.91271204042063,40.389615890495321],[-111.91271259246338,40.389617196244629],[-111.91271314568939,40.389618502890379],[-111.91271370361579,40.38961980771829],[-111.91271426389241,40.389621111637261],[-111.91271482534145,40.389622414651512],[-111.91271538914073,40.389623716756866],[-111.91271595765666,40.389625019746163],[-111.91271652734505,40.389626321830697],[-111.91271709938368,40.389627623006334],[-111.91271767258927,40.389628922376602],[-111.91271825050613,40.389630221730286],[-111.91271882960081,40.389631521079771],[-111.91271941222361,40.389632819516201],[-111.91271999719658,40.389634117043705],[-111.91272058334738,40.38963541456706],[-111.9127211730208,40.38963671027674],[-111.91272176387746,40.389638006882862],[-111.9127223594346,40.389639301671181],[-111.91272295499174,40.389640596459465],[-111.9127235540769,40.389641890334687],[-111.9127241566901,40.389643183296826],[-111.91272476165896,40.389644476250687],[-111.912725366617,40.389645767403323],[-111.91272597628635,40.389647058539317],[-111.91272658712805,40.389648348770621],[-111.9127272026811,40.389649638985233],[-111.91272781940108,40.389650927394491],[-111.91272843847672,40.389652215795486],[-111.91272905990806,40.389653504188139],[-111.9127296825009,40.389654789874783],[-111.91273030981048,40.389656076445448],[-111.91273093829791,40.389657363011942],[-111.9127315703025,40.389658646864177],[-111.91273220349036,40.389659931612883],[-111.91273283902302,40.389661214552056],[-111.91273347808912,40.389662497478717],[-111.9127341195055,40.389663779496502],[-111.91273476209425,40.389665060609502],[-111.91273540821109,40.389666340809441],[-111.91273605668356,40.389667621001067],[-111.91273670750627,40.389668900283823],[-111.9127373606846,40.389670179558209],[-111.91273801620233,40.3896714561225],[-111.91273867525892,40.389672733574905],[-111.91273933548798,40.389674010122569],[-111.9127399980618,40.389675284860715],[-111.91274066299131,40.389676559590526],[-111.91274133144883,40.389677833407298],[-111.91274200108963,40.38967910812049],[-111.91274267424218,40.389680379218824],[-111.91274334975583,40.389681651209429],[-111.91274402761968,40.389682922291122],[-111.91274470665596,40.389684192468039],[-111.91274538922572,40.389685462632521],[-111.91274607414026,40.389686730987478],[-111.91274676141047,40.389687999334107],[-111.91274745102551,40.389689265871269],[-111.91274814299616,40.389690532400046],[-111.91274883849486,40.389691798015782],[-111.91274953399362,40.389693063631512],[-111.91275023419277,40.389694327429453],[-111.91275093556436,40.389695590322567],[-111.91275163929161,40.389696853207404],[-111.91275234536364,40.38969811428273],[-111.91275305497462,40.389699376246149],[-111.91275376692489,40.389700635499487],[-111.91275448005302,40.389701894748654],[-111.91275519671468,40.389703153985351],[-111.91275591454331,40.389704411416687],[-111.91275663590537,40.38970566883556],[-111.91275735961229,40.389706924444873],[-111.912758084497,40.389708180050079],[-111.9127588129098,40.389709434742223],[-111.91275954366739,40.389710687624813],[-111.91276027678602,40.389711941399703],[-111.91276101224952,40.389713193365047],[-111.91276175006323,40.389714444421543],[-111.91276248904933,40.389715694573219],[-111.9127632315689,40.38971694471244],[-111.91276397643874,40.389718193942699],[-111.91276472365335,40.389719441363539],[-111.91276547322364,40.389720688776002],[-111.91276622631646,40.389721934374791],[-111.91276697941485,40.389723180874171],[-111.91276773603042,40.38972442465932],[-111.91276849500159,40.389725668436128],[-111.91276925750083,40.389726911299874],[-111.91277002117252,40.389728153258851],[-111.91277078719983,40.389729395209478],[-111.91277155556654,40.389730634450054],[-111.91277232629432,40.389731874582857],[-111.9127730993669,40.389733112906171],[-111.91277387597295,40.389734351217022],[-111.91277465374601,40.389735587722484],[-111.91277543387471,40.389736824219653],[-111.91277621752604,40.389738058903163],[-111.91277700117737,40.389739293586587],[-111.91277778835681,40.389740527357027],[-111.91277857905881,40.389741759313758],[-111.91277937093871,40.38974299126631],[-111.91278016516335,40.389744221409394],[-111.91278096292149,40.389745451539959],[-111.91278176185209,40.389746680765796],[-111.91278256195507,40.389747909086879],[-111.91278336676386,40.389749136490678],[-111.91278417273973,40.389750362089153],[-111.91278498107123,40.389751587679321],[-111.91278579293072,40.389752812356406],[-111.91278660595725,40.389754035228144],[-111.9127874213449,40.389755258992139],[-111.91278823907187,40.389756480046053],[-111.91278906033232,40.389757701087426],[-111.91278988158746,40.389758921228243],[-111.91279070637056,40.389760140455962],[-111.91279153350388,40.389761358774834],[-111.91279236298207,40.389762575284088],[-111.9127931959937,40.389763791780894],[-111.91279403017229,40.389765006472388],[-111.91279486552878,40.389766221159668],[-111.91279570440787,40.389767434033324],[-111.91279654564262,40.389768646898645],[-111.91279738922761,40.389769858855018],[-111.91279823515738,40.389771069001903],[-111.91279908344283,40.389772279140459],[-111.91279993289533,40.38977348747364],[-111.9128007858812,40.389774695794358],[-111.91280164121194,40.389775902305587],[-111.91280249772051,40.389777108812602],[-111.91280335657387,40.389778313510114],[-111.91280421895526,40.389779517294585],[-111.91280508368696,40.389780720170087],[-111.9128059507688,40.389781922136727],[-111.91280681902317,40.389783123198555],[-111.91280768844986,40.389784323355677],[-111.91280856258788,40.389785523496137],[-111.91280943788747,40.389786720930594],[-111.91281031554269,40.389787918356802],[-111.91281119672604,40.389789114869885],[-111.91281207789848,40.38979030958177],[-111.91281296260441,40.38979150428122],[-111.91281384966059,40.389792698071695],[-111.91281474023397,40.389793889147931],[-111.91281563080739,40.389795080224125],[-111.91281652491428,40.389796271287921],[-111.91281742136596,40.389797460542141],[-111.91281831899009,40.389798648891563],[-111.91281922014223,40.389799836327967],[-111.91282012363918,40.389801021954831],[-111.91282102713622,40.389802207581702],[-111.91282193533364,40.389803391390735],[-111.91282284470894,40.389804575195583],[-111.91282375642902,40.389805757190942],[-111.91282467167716,40.389806938273217],[-111.91282558691988,40.389808118454866],[-111.9128265056961,40.389809298624087],[-111.91282742681173,40.389810476083149],[-111.91282834909975,40.389811652637462],[-111.91282927492126,40.38981282917927],[-111.91283020309298,40.389814004812187],[-111.91283113243172,40.389815178639751],[-111.91283206529302,40.389816350653618],[-111.91283299933222,40.389817522663314],[-111.91283393572166,40.389818693764113],[-111.91283487446134,40.389819863956006],[-111.91283581554582,40.389821032338354],[-111.91283675898593,40.389822200712381],[-111.91283770477091,40.389823367276875],[-111.91283865172282,40.38982453203603],[-111.91283960103043,40.389825696786851],[-111.91284055387153,40.389826861525222],[-111.91284150787418,40.389828023557591],[-111.91284246422707,40.389829184681041],[-111.9128434241134,40.389830345792035],[-111.91284438398353,40.389831504201233],[-111.91284534738166,40.389832661697334],[-111.9128463131355,40.389833819185135],[-111.91284728123958,40.389834975764003],[-111.91284825051061,40.389836130537461],[-111.91284922330973,40.389837284397885],[-111.91285019728124,40.389838437353561],[-111.91285117360296,40.389839589400324],[-111.91285215226958,40.389840739637521],[-111.91285313210852,40.389841888970004],[-111.91285411547558,40.389843037389348],[-111.91285510118743,40.389844183999209],[-111.91285608808252,40.389845331505491],[-111.91285707849489,40.389846476297492],[-111.91285807007958,40.389847620184746],[-111.91285906401461,40.389848763163094],[-111.91286006029434,40.389849904331889],[-111.91286105775201,40.389851045496542],[-111.9128620587377,40.389852185748111],[-111.91286306089034,40.389853324194306],[-111.91286406656565,40.389854460826847],[-111.91286507224098,40.389855597459338],[-111.91286608261677,40.389856732274033],[-111.91286709416497,40.389857866183952],[-111.91286810570773,40.38985899919323],[-111.91286912312883,40.389860130380583],[-111.91287014054991,40.389861261567873],[-111.91287116031582,40.389862390945694],[-111.91287218125413,40.389863519418689],[-111.91287320689285,40.389864646073889],[-111.91287423252621,40.389865771828461],[-111.91287526051524,40.389866897574713],[-111.91287629202147,40.389868020606677],[-111.91287732470555,40.389869143634492],[-111.91287835973444,40.389870264852767],[-111.91287939593572,40.389871385166281],[-111.91288043566507,40.389872504566711],[-111.91288147773922,40.389873622157651],[-111.91288252098582,40.389874738843801],[-111.91288356658266,40.389875854621046],[-111.91288461452429,40.389876968588766],[-111.91288566364375,40.389878082552322],[-111.91288671628584,40.389879194702175],[-111.9128877701004,40.389880305947287],[-111.91288882743754,40.389881415378689],[-111.91288988476387,40.389882523008922],[-111.9128909456291,40.38988363152724],[-111.91289200883372,40.389884737335471],[-111.91289307321074,40.389885842238918],[-111.91289413876021,40.38988694623761],[-111.91289520901552,40.389888049319026],[-111.9128962792546,40.389889149698661],[-111.9128973530326,40.389890250966388],[-111.91289842797215,40.389891349528185],[-111.91289950408954,40.389892448085831],[-111.91290058372412,40.389893543929162],[-111.91290215402731,40.389895143287113],[-111.91290322779463,40.389896242753572],[-111.91290429805021,40.389897345834918],[-111.91290536477241,40.389898448928754],[-111.9129064279775,40.389899554736843],[-111.91290748766546,40.389900663259134],[-111.91290854382542,40.389901772694557],[-111.91290959646288,40.389902883943584],[-111.91291064558314,40.389903997906927],[-111.91291169118085,40.389905113683895],[-111.91291273325605,40.389906231274523],[-111.91291377180319,40.389907349778234],[-111.91291480802194,40.389908472793238],[-111.91291583835162,40.389909595828982],[-111.91291686633114,40.389910719773646],[-111.91291789079895,40.389911847333202],[-111.9129189117442,40.389912976706398],[-111.91291992916689,40.389914107893198],[-111.91292094306164,40.389915239993172],[-111.91292195343918,40.389916374807306],[-111.91292295911639,40.389917511439322],[-111.91292396244887,40.389918649880812],[-111.91292496108092,40.389919790140119],[-111.91292595618505,40.389920931312489],[-111.91292694894983,40.389922075194967],[-111.91292793819753,40.389923221791726],[-111.91292892273394,40.389924368405097],[-111.91292990258081,40.389925518637483],[-111.91293088125539,40.389926669774582],[-111.91293185522956,40.389927822729533],[-111.91293282567574,40.389928976597503],[-111.91293379142695,40.389930133183952],[-111.91293475483343,40.389931291579899],[-111.91293571471738,40.389932451789463],[-111.91293666990093,40.389933613816872],[-111.91293762156194,40.389934777657963],[-111.9129385708782,40.389935943308551],[-111.91293951548859,40.389937109876328],[-111.91294045539868,40.389938278261937],[-111.91294139179158,40.389939449361833],[-111.91294232583434,40.389940621370648],[-111.91294325635452,40.389941795193053],[-111.91294418217431,40.389942970833346],[-111.91294510447702,40.38994414918789],[-111.91294602325171,40.389945328455489],[-111.91294693849838,40.389946508636164],[-111.91294785022249,40.38994769063045],[-111.9129487572571,40.389948876243793],[-111.91294965957502,40.389950060973156],[-111.91295056073693,40.389951249309078],[-111.91295145601515,40.389952438566375],[-111.91295234894318,40.38995362873257],[-111.91295323718178,40.389954822517801],[-111.91295412305924,40.389956015410746],[-111.9129550030694,40.389957211926834],[-111.91295588190721,40.389958409347699],[-111.91295675368355,40.389959607694102],[-111.9129576242984,40.389960808746451],[-111.91295848902959,40.389962010720147],[-111.91295935259389,40.389963214499204],[-111.91296021028,40.389964420100263],[-111.91296106562136,40.389965627510847],[-111.91296191625683,40.389966835838607],[-111.91296276336982,40.389968045980062],[-111.91296360578234,40.389969257939313],[-111.91296444584474,40.389970470807498],[-111.91296528002896,40.389971685497656],[-111.9129661118684,40.389972901997311],[-111.91296694017984,40.389974119410027],[-111.91296776379629,40.389975339541195],[-111.91296858387935,40.389976559684847],[-111.91296940045071,40.389977783443307],[-111.91297021348316,40.389979006313666],[-111.91297102064291,40.389980231906591],[-111.91297182545786,40.38998145930902],[-111.91297262674482,40.389982687624524],[-111.91297342332597,40.389983916857261],[-111.9129742152121,40.389985148808407],[-111.91297500475359,40.389986382569077],[-111.91297578957828,40.389987615445754],[-111.91297657206376,40.38998885103257],[-111.91297734867638,40.38999008934195],[-111.9129781217556,40.389991327663815],[-111.91297889131226,40.389992567799283],[-111.91297965616852,40.389993809752639],[-111.91298041749677,40.389995052619014],[-111.91298117529702,40.389996296398486],[-111.9129819295747,40.389997541991661],[-111.91298267915201,40.389998789402611],[-111.91298342519583,40.390000036826024],[-111.91298416654475,40.390001286967887],[-111.91298490436559,40.390002538022806],[-111.91298563984176,40.390003790887221],[-111.91298636943421,40.390005044673089],[-111.91298709550415,40.390006300272525],[-111.91298781686825,40.390007556789271],[-111.91298853587672,40.390008813314282],[-111.91298925019566,40.390010073458328],[-111.91298995980335,40.390011333618979],[-111.91299066707175,40.390012596489761],[-111.91299136844556,40.390013858480742],[-111.91299206630229,40.390015123185954],[-111.91299276180881,40.390016388800113],[-111.91299345143715,40.390017656236246],[-111.91299413870983,40.390018923680699],[-111.91299482010972,40.390020193847704],[-111.91299549798164,40.390021464927806],[-111.91299617232006,40.390022736020342],[-111.91299684196359,40.390024009831357],[-111.9129975080791,40.390025284555406],[-111.91299817066654,40.39002656019256],[-111.9129988285482,40.390027836746903],[-111.91299948290725,40.390029115114928],[-111.91300013256595,40.390030395300748],[-111.91300077869116,40.390031675499074],[-111.91300142129384,40.390032957511103],[-111.91300205801282,40.390034240444486],[-111.91300269237617,40.390035523386132],[-111.91300332204462,40.390036809046244],[-111.91300394701264,40.390038096524187],[-111.91300456962502,40.390039384010436],[-111.91300518635374,40.390040672418053],[-111.91300580073776,40.390041962635244],[-111.91300641041046,40.390043252869027],[-111.91300701538822,40.390044545821205],[-111.91300761565469,40.390045838790051],[-111.91300821357098,40.390047132667803],[-111.913008805609,40.390048428367535],[-111.91300939529692,40.390049724976201],[-111.91300998027893,40.39005102250205],[-111.91301056173293,40.39005232094101],[-111.91301113730876,40.39005362120195],[-111.91301170935114,40.390054921475333],[-111.91301227787086,40.390056223562418],[-111.91301284286264,40.390057526562565],[-111.91301340197072,40.390058830484115],[-111.91301395872863,40.390060135314549],[-111.91301451078074,40.39006144106223],[-111.9130150593102,40.390062748623563],[-111.91301560195056,40.390064056205723],[-111.91301614224625,40.39006536559733],[-111.91301667665822,40.39006667591039],[-111.91301720871998,40.390067987132333],[-111.9130177360759,40.390069299271467],[-111.913018258726,40.390070612327897],[-111.91301877784269,40.390071925396796],[-111.91301929226438,40.390073241184062],[-111.91301980314714,40.390074556083249],[-111.91302030933493,40.390075873700859],[-111.9130208119893,40.390077191330953],[-111.91302130876002,40.390078509882429],[-111.91302180435835,40.390079829338688],[-111.91302229289518,40.390081149720437],[-111.91302277908183,40.390082471011112],[-111.91302326056262,40.390083793219041],[-111.9130237373376,40.390085116344196],[-111.91302420941217,40.390086441287146],[-111.91302467912561,40.390087765337853],[-111.91302514296086,40.390089091210541],[-111.9130256032681,40.390090417996291],[-111.91302606122515,40.390091745690931],[-111.91302651211528,40.390093073410569],[-111.91302695948281,40.390094402943866],[-111.91302740331682,40.390095732489613],[-111.91302784362286,40.390097062948406],[-111.9130282780507,40.390098395229231],[-111.91302870894508,40.390099727522539],[-111.91302913513357,40.390101060733087],[-111.91302955778862,40.390102393956084],[-111.91302997692107,40.390103728992763],[-111.91303039134772,40.390105064946667],[-111.91303080106303,40.390106400917183],[-111.91303120725033,40.390107737800825],[-111.91303160873721,40.390109076502227],[-111.91303200550739,40.390110414319707],[-111.91303239757715,40.390111753955026],[-111.91303278729129,40.390113093598615],[-111.91303317229956,40.390114434159486],[-111.91303355260202,40.39011577563754],[-111.91303392819857,40.390117118032876],[-111.91303430026171,40.390118460440675],[-111.91303466761897,40.390119803765664],[-111.91303503027044,40.390121148007907],[-111.91303539057162,40.39012249315909],[-111.91303574498372,40.390123838331085],[-111.91303609468454,40.390125183519658],[-111.91303644204064,40.390126530517769],[-111.91303678469083,40.390127878433113],[-111.91303712144644,40.390129225468598],[-111.91303745467951,40.39013057431783],[-111.91303778556237,40.390131924075952],[-111.91303810820045,40.390133273863157],[-111.91303842966619,40.390134624555145],[-111.91303874642064,40.390135975263746],[-111.91303905847464,40.390137327790221],[-111.91303936698978,40.390138679428517],[-111.91303967079902,40.39014003198411],[-111.91303996989699,40.39014138455628],[-111.91304026547235,40.390142738942167],[-111.91304055634187,40.390144094245244],[-111.91304084249467,40.390145448664356],[-111.91304112511943,40.390146803996579],[-111.91304140303831,40.390148160246035],[-111.9130416762405,40.39014951561149],[-111.91304194592006,40.390150872790592],[-111.91304221089381,40.390152230887011],[-111.9130424723286,40.390153588095252],[-111.91304272788517,40.390154947125481],[-111.91304298108064,40.39015630526346],[-111.91304322840335,40.39015766612399],[-111.91304347218168,40.39015902519585],[-111.91304371125418,40.390160385184927],[-111.91304394680408,40.390161746987623],[-111.91304417763176,40.390163107005797],[-111.9130444037645,40.390164469742416],[-111.91304462635287,40.390165830690272],[-111.91304484424086,40.390167193456001],[-111.91304505741752,40.390168556238351],[-111.9130452670607,40.390169919033163],[-111.91304547199803,40.390171282745222],[-111.9130456734019,40.390172646469786],[-111.9130458689221,40.390174011115668],[-111.91304606090881,40.390175375774071],[-111.91304624818419,40.390176740449128],[-111.91304643193158,40.390178106037226],[-111.91304661096767,40.390179471641986],[-111.91304678529242,40.390180837263316],[-111.91304695608915,40.390182203797785],[-111.91304712217458,40.39018357034891],[-111.91304728354871,40.390184936916633],[-111.91304744140024,40.390186305298002],[-111.91304759453506,40.390187672795456],[-111.91304774295858,40.390189040309501],[-111.91304788784859,40.390190407836059],[-111.91304802803815,40.390191777180398],[-111.91304816350559,40.390193144740245],[-111.91304829544495,40.390194513213146],[-111.91304842268396,40.390195883503822],[-111.91304854637853,40.390197252005834],[-111.9130486641949,40.39019862232982],[-111.91304877847232,40.39019999176567],[-111.9130488892217,40.390201362114617],[-111.9130489940765,40.390202731583749],[-111.9130490954033,40.390204101965956],[-111.91304919202423,40.390205473265397],[-111.91304928392296,40.390206842780294],[-111.91304937347692,40.39020821410471],[-111.91304945713631,40.390209584549254],[-111.91304953726765,40.390210955906916],[-111.91304961151532,40.39021232818596],[-111.91304968340185,40.39021369957279],[-111.913049748216,40.39021507008389],[-111.91304981186326,40.390216442400366],[-111.9130498696213,40.390217814737674],[-111.91304992384049,40.390219186186826],[-111.9130499721705,40.390220557656789],[-111.91305001815033,40.390221930035636],[-111.913050058241,40.390223302435295],[-111.91305009479818,40.39022467484746],[-111.91305012546083,40.390226046379773],[-111.91305015377323,40.390227418821013],[-111.91305017619645,40.390228791283064],[-111.91305019626951,40.390230164654014],[-111.91305021044801,40.390231537145155],[-111.91305021991515,40.390232909652958],[-111.91305022584338,40.39023428127264],[-111.9130502270658,40.390235653809569],[-111.91305022475464,40.390237026358953],[-111.91305021773765,40.390238399825535],[-111.91304814093353,40.390544352343746],[-111.91304813312188,40.390545984290227],[-111.91304813081068,40.390547356839477],[-111.91304813321082,40.390548729372071],[-111.91304814032235,40.39055010188801],[-111.91304815096193,40.390551473490873],[-111.91304816632369,40.390552846878322],[-111.91304818639136,40.390554219348523],[-111.91304820881466,40.39055559181044],[-111.91304823712717,40.390556964251537],[-111.91304827015104,40.390558336675987],[-111.91304830670292,40.390559708187389],[-111.91304834679376,40.390561080586849],[-111.91304839277373,40.390562452965561],[-111.91304844228728,40.390563825331803],[-111.91304849532338,40.390565195884385],[-111.91304855308174,40.390566568221473],[-111.91304861555145,40.390567940541949],[-111.91304868272702,40.390569311945207],[-111.91304875343069,40.390570682435389],[-111.91304882885655,40.390572054710127],[-111.91304890781045,40.390573426071775],[-111.9130489926481,40.390574796512027],[-111.91304907984686,40.390576167844578],[-111.91304917175152,40.39057753825989],[-111.91304926836754,40.39057890865854],[-111.91304937087271,40.390580279036378],[-111.91304947572816,40.390581648505353],[-111.91304958530576,40.390583019758886],[-111.91304969957841,40.390584388293995],[-111.91304981739546,40.390585758617789],[-111.91304993991839,40.390587128024357],[-111.91305006597483,40.390588497418442],[-111.91305019791506,40.390589865891165],[-111.91305033339414,40.390591235251975],[-111.91305047239588,40.39059260279911],[-111.91305061493664,40.390593971234381],[-111.91305076454434,40.390595339644662],[-111.9130509164968,40.390596706245496],[-111.91305107316612,40.390598073730246],[-111.91305123454131,40.390599440297748],[-111.91305139945003,40.390600806852788],[-111.91305156907005,40.390602173391201],[-111.91305174340143,40.390603539912966],[-111.91305192126087,40.39060490552167],[-111.91305210383172,40.390606271113732],[-111.91305228993058,40.390607635792705],[-111.91305248074077,40.390609000455058],[-111.91305267508453,40.390610365104898],[-111.91305287413957,40.390611729738147],[-111.91305307907838,40.390613093450007],[-111.91305328754525,40.390614456248734],[-111.91305349836784,40.390615819039191],[-111.91305371507416,40.390617180908208],[-111.91305393649719,40.390618543661226],[-111.9130541614538,40.390619906401774],[-111.91305438992759,40.39062126642802],[-111.91305462429604,40.390622627334096],[-111.91305486219792,40.390623988227667],[-111.91305510362798,40.390625348208154],[-111.91305534976385,40.390626707271458],[-111.91305560178894,40.390628066313909],[-111.91305585616973,40.39062942534806],[-111.91305611525642,40.390630783464992],[-111.91305637787119,40.390632140668799],[-111.91305664519729,40.390633497855994],[-111.91305691723475,40.390634855026612],[-111.91305719397809,40.390636211279919],[-111.91305747307715,40.390637567524955],[-111.91305775923234,40.390638921943783],[-111.91305804774862,40.390640277254946],[-111.91305834096542,40.390641630748242],[-111.91305863771572,40.390642984229103],[-111.91305893917193,40.390644336792661],[-111.91305924534494,40.390645690240206],[-111.91305955386271,40.390647041878246],[-111.91305986826968,40.390648393495503],[-111.9130601873826,40.3906497441955],[-111.91306051002357,40.390651093982392],[-111.91306083737594,40.3906524437527],[-111.91306116825635,40.390653792609939],[-111.9130615038481,40.390655141450516],[-111.91306184178465,40.390656488481561],[-111.91306218561584,40.3906578363924],[-111.91306253414209,40.390659181584816],[-111.91306288739054,40.390660528561831],[-111.91306324297837,40.390661872828701],[-111.91306360446083,40.390663217975359],[-111.91306396829356,40.390664562213104],[-111.91306433683219,40.390665905533588],[-111.91306471007672,40.390667247936904],[-111.91306508802718,40.390668589422951],[-111.91306547068898,40.390669930892372],[-111.91306585569559,40.390671270552232],[-111.91306624659683,40.390672611091937],[-111.91306663984288,40.390673949822101],[-111.91306703779487,40.390675287635055],[-111.91306744046364,40.390676626331945],[-111.91306784782748,40.390677962310377],[-111.91306825754693,40.390679298280517],[-111.91306867433346,40.390680634225689],[-111.91306909228695,40.390681968365563],[-111.91306951612964,40.390683302484597],[-111.91306994467826,40.390684635686362],[-111.91307037674949,40.390685967074511],[-111.91307081117647,40.390687298454274],[-111.91307125266498,40.390688628908535],[-111.91307169650922,40.39068995935444],[-111.91307214505392,40.390691287982527],[-111.91307259830997,40.390692616593981],[-111.91307305391085,40.390693943395888],[-111.91307351540094,40.390695270177041],[-111.91307398041909,40.390696596045082],[-111.9130744489653,40.390697921000069],[-111.91307492221206,40.390699244137195],[-111.91307540017554,40.39070056815828],[-111.91307588283409,40.390701889460921],[-111.9130763678538,40.390703211655882],[-111.913076857574,40.390704532032977],[-111.91307735200012,40.390705851492832],[-111.91307784995432,40.390707170039619],[-111.91307835260899,40.390708486768574],[-111.91307885880261,40.390709804385679],[-111.91307936851891,40.390711120189046],[-111.91307988411894,40.390712435071009],[-111.91308040206926,40.390713749044089],[-111.91308092589786,40.390715061195216],[-111.91308145326549,40.390716374234415],[-111.91308198415028,40.390717684559291],[-111.91308251974644,40.390718994867576],[-111.91308305769287,40.390720304266949],[-111.91308360270089,40.390721612740776],[-111.9130841488759,40.390722919409185],[-111.91308470093462,40.390724225156269],[-111.91308525652151,40.390725529990242],[-111.91308581681969,40.390726834807566],[-111.91308638064058,40.390728137811166],[-111.9130869479895,40.390729439901733],[-111.91308750810286,40.39073071409873],[-111.91308754938152,40.390730722959155],[-111.91313716769587,40.390818419171836],[-111.91313801717271,40.390819628402724],[-111.91313887135549,40.390820836716358],[-111.91313972905554,40.39082204231579],[-111.91314059145604,40.390823246097305],[-111.9131414573792,40.390824448065167],[-111.9131423256526,40.390825649124068],[-111.91314319862657,40.39082684836518],[-111.91314407512316,40.390828045792581],[-111.91314495514786,40.390829242306914],[-111.91314583987305,40.390830437003373],[-111.91314672812096,40.390831629886186],[-111.91314761989693,40.390832821855874],[-111.91314851518469,40.390834010210696],[-111.913149414006,40.390835198553042],[-111.91315031634997,40.390836385081705],[-111.91315122338899,40.390837568891925],[-111.91315213395613,40.390838751789055],[-111.9131530468735,40.390839933777229],[-111.91315396566381,40.390841113042875],[-111.91315488679896,40.390842290498931],[-111.9131558114676,40.390843467942531],[-111.91315674083137,40.39084464266768],[-111.91315767253991,40.390845815583305],[-111.91315860776577,40.39084698578462],[-111.91315954887527,40.390848155064582],[-111.91316049233515,40.390849323435582],[-111.91316143813984,40.390850489997042],[-111.91316238863959,40.390851653840123],[-111.91316334266742,40.39085281677005],[-111.91316430139031,40.39085397698156],[-111.91316526246348,40.390855136284138],[-111.91316622705935,40.390856293773062],[-111.91316811103079,40.390858532358038],[-111.91316908149413,40.39085968622372],[-111.91317004844578,40.390860843704303],[-111.91317100834134,40.390862003010959],[-111.91317196354184,40.390863165036087],[-111.91317291404737,40.39086432977961],[-111.91317385749684,40.390865496349328],[-111.91317479625667,40.390866666538059],[-111.9131757303161,40.390867838544615],[-111.91317665850808,40.390869014174349],[-111.91317758082181,40.390870191626064],[-111.91317849843512,40.390871370895617],[-111.913179410181,40.390872553788384],[-111.9131803160432,40.39087373760249],[-111.9131812160434,40.390874925940373],[-111.91318211133773,40.39087611519556],[-111.91318300193706,40.390877307169141],[-111.91318388548572,40.390878501869487],[-111.91318476433395,40.390879698387629],[-111.91318563730928,40.390880897628392],[-111.91318650558966,40.390882099587564],[-111.9131873668085,40.390883302472282],[-111.91318822334317,40.390884509876642],[-111.91318907281628,40.39088571820654],[-111.91318991877226,40.390886929250733],[-111.91319075884994,40.390888142116893],[-111.91319159188237,40.390889358610409],[-111.91319241902559,40.390890575124743],[-111.91319324265716,40.390891795253914],[-111.91319405923802,40.390893018109857],[-111.91319486993521,40.390894241887175],[-111.91319567593732,40.390895468382936],[-111.91319647488876,40.390896697605449],[-111.91319726913979,40.390897928645764],[-111.91319805751247,40.390899161508116],[-111.91319884118478,40.390900396188293],[-111.91319961781181,40.390901634495805],[-111.91320038854965,40.390902872824093],[-111.91320115459796,40.39090411477143],[-111.91320191359011,40.390905358544941],[-111.91320266787639,40.390906603235642],[-111.9132034162953,40.390907851549592],[-111.9132041588359,40.39090910168548],[-111.91320489549277,40.390910352742779],[-111.91320562510435,40.390911607427483],[-111.91320635118248,40.390912862124587],[-111.91320707020994,40.390914119548491],[-111.91320778218129,40.390915378798532],[-111.91320848945759,40.390916640766996],[-111.91320919202801,40.390917903652714],[-111.91320988754772,40.39091916926516],[-111.91321057718369,40.390920435799003],[-111.91321126095228,40.390921705956067],[-111.91321193883716,40.390922977034514],[-111.91321261084373,40.390924249934926],[-111.9132132769666,40.390925523756785],[-111.91321393721657,40.39092680030123],[-111.91321459158826,40.390928078667649],[-111.91321524008161,40.390929358856056],[-111.91321588151351,40.390930639970044],[-111.9132165194227,40.390931922897693],[-111.91321714909793,40.390933207655671],[-111.91321777407272,40.390934494231487],[-111.91321839317469,40.390935783529862],[-111.91321900520963,40.390937072853205],[-111.91321961137713,40.390938365799762],[-111.91322021282785,40.39093965786234],[-111.91322080723339,40.390940953552303],[-111.91322139575507,40.390942250163661],[-111.91322212644232,40.390943877699975],[-111.91322270791341,40.390945177038077],[-111.91322329761307,40.390946473645258],[-111.91322389318564,40.390947767529809],[-111.91322449817551,40.390949060480487],[-111.91322510903825,40.390950350708543],[-111.91322572813506,40.390951639106333],[-111.91322635546582,40.390952925673766],[-111.91322698866951,40.390954209518576],[-111.91322762892941,40.390955491537262],[-111.91322827741791,40.390956770824992],[-111.91322893414585,40.390958049183013],[-111.91322959674663,40.390959324818418],[-111.91323026639823,40.39096059772708],[-111.91323094428384,40.390961868805356],[-111.91323163039799,40.390963137152731],[-111.9132323223905,40.390964403678161],[-111.91323302143378,40.390965667476749],[-111.91323372870562,40.390966928544472],[-111.91323444185583,40.390968187790172],[-111.91323516324009,40.390969445205521],[-111.91323589167501,40.390970699894147],[-111.91323662716071,40.39097195185601],[-111.91323736969723,40.390973201091029],[-111.91323811928437,40.390974447599362],[-111.91323887711104,40.390975693177971],[-111.91323964197758,40.390976934228597],[-111.91324041272789,40.390978174357755],[-111.91324119052351,40.390979410859622],[-111.91324197654779,40.390980644630567],[-111.9132427684503,40.390981876579488],[-111.91324356858146,40.390983105797467],[-111.9132443757525,40.39098433048747],[-111.91324518881274,40.390985555156711],[-111.91324601009067,40.390986775293776],[-111.91324683842481,40.39098799360471],[-111.9132476726264,40.390989208292432],[-111.9132485138788,40.390990420253381],[-111.91324936218734,40.390991630388193],[-111.91325021754115,40.390992836895599],[-111.9132510811236,40.390994040672105],[-111.91325194939571,40.390995240829533],[-111.91325282590725,40.390996440057236],[-111.91325370945322,40.390997633856401],[-111.91325459888296,40.39099882673414],[-111.91325549534717,40.391000014183327],[-111.91325640005081,40.39100120070276],[-111.91325731062193,40.39100238359903],[-111.91325822706602,40.391003563772649],[-111.91325915173319,40.391004740314791],[-111.91326008227328,40.39100591413429],[-111.91326101986417,40.391007085226988],[-111.91326196450035,40.391008252692352],[-111.91326291382065,40.391009415638067],[-111.91326387138051,40.391010577654058],[-111.91326483597479,40.391011734241516],[-111.91326580645283,40.391012889907486],[-111.91326678397074,40.39101404104558],[-111.913267768534,40.391015188556246],[-111.91326875896473,40.391016332443719],[-111.91326975527376,40.391017474509177],[-111.91327075980054,40.391018612042508],[-111.91327177020027,40.391019746853239],[-111.91327278646742,40.391020878040742],[-111.91327380977987,40.391022005600888],[-111.91327484014313,40.391023130434284],[-111.91327587519599,40.391024251648602],[-111.91327691846652,40.391025368330773],[-111.91327796643216,40.391026482294542],[-111.91327902262101,40.39102759262677],[-111.91328008349942,40.391028699339941],[-111.91328115141773,40.391029801525136],[-111.91328222520897,40.39103090098773],[-111.91328330605093,40.391031997723566],[-111.91328439275492,40.39103308993554],[-111.91328548650425,40.391034178520201],[-111.91328658612105,40.391035263481612],[-111.91328769042747,40.39103634482403],[-111.91328880295707,40.391037422534886],[-111.91328992135411,40.391038496622535],[-111.91329104561862,40.391039567086935],[-111.91329217574518,40.391040633027536],[-111.91329331174468,40.391041696245573],[-111.91329445360074,40.391042754039148],[-111.91329560250757,40.391043809105987],[-111.91329675609859,40.391044859653178],[-111.91329791674032,40.39104590747359],[-111.91329908441655,40.391046949865384],[-111.91330025678785,40.391047989538777],[-111.91330143502114,40.391049024688371],[-111.91330261912738,40.391050057115329],[-111.9133038102626,40.391051083213121],[-111.91330500491503,40.391052106596604],[-111.91330620896851,40.391053126344424],[-111.91330741535042,40.391054141580867],[-111.91330862995011,40.391055152285233],[-111.9133098480616,40.391056159374692],[-111.91331107440165,40.391057163733151],[-111.91331230542046,40.391058162671413],[-111.91331354230128,40.391059157085913],[-111.9133147838718,40.391060147881284],[-111.91331603248213,40.391061134148728],[-111.91331728578209,40.391062116797109],[-111.91331854493866,40.391063094021035],[-111.91331981114601,40.391064068518226],[-111.9133210808597,40.391065038499931],[-111.91332235642997,40.39106600305719],[-111.91332363904556,40.391066963987122],[-111.91332492516753,40.391067920401518],[-111.91332621833477,40.391068873188544],[-111.91332751618079,40.391069820555359],[-111.91332881989969,40.391070765199515],[-111.91333012829732,40.391071704423432],[-111.91333144373489,40.391072639119365],[-111.91333276267878,40.391073569299849],[-111.91333408749016,40.391074495857076],[-111.91333541815808,40.391075416989871],[-111.91333675233783,40.391076334507794],[-111.91333809472987,40.391077246592985],[-111.91333943945581,40.391078155067454],[-111.91334079121621,40.391079058113348],[-111.91334214648843,40.391079957544349],[-111.91334350880047,40.391080852447331],[-111.91334487579675,40.391081742830693],[-111.91334624747169,40.391082627793786],[-111.91334762383089,40.391083508237259],[-111.91334900487975,40.39108438506161],[-111.91335039177967,40.391085255561016],[-111.9133517845471,40.391086122437166],[-111.91335318082089,40.391086984797859],[-111.91335458295127,40.391087841734119],[-111.91335598859342,40.391088695055423],[-111.91335740127005,40.391089542948215],[-111.91335881744754,40.391090385424903],[-111.91336023831465,40.391091224282533],[-111.91336166386056,40.391092057719902],[-111.91336309409604,40.3910928875382],[-111.91336453018813,40.391093711932115],[-111.91336597095895,40.391094530905789],[-111.91336741523072,40.391095344463309],[-111.91336886536988,40.391096154397658],[-111.91337032019328,40.391096959812295],[-111.91337177851213,40.391097758910298],[-111.91337324151522,40.391098553488597],[-111.91337470920244,40.391099343547268],[-111.91337618157384,40.391100129086283],[-111.913377658624,40.391100909205058],[-111.91337913918052,40.391101684808277],[-111.91338062558815,40.39110245408655],[-111.91338211668541,40.391103219745702],[-111.91338361128363,40.39110397998877],[-111.91338510938814,40.391104735716347],[-111.9133866133492,40.391105486019512],[-111.91338811962795,40.391106230010145],[-111.91338963177412,40.391106970377542],[-111.91339114859903,40.391107705324714],[-111.91339266774705,40.391108434859952],[-111.91339419157923,40.391109159875498],[-111.91339572126796,40.391109879466626],[-111.91339725327978,40.391110593645848],[-111.9133987911536,40.391111303301216],[-111.9134003313505,40.391112007544642],[-111.91340187504829,40.391112706371999],[-111.91340342460808,40.391113400675493],[-111.91340497766335,40.391114088662341],[-111.91340653422495,40.391114772133662],[-111.91340809547077,40.391115451085327],[-111.91340966021198,40.391116123720323],[-111.91341122727627,40.391116790943364],[-111.91341280020259,40.391117453642551],[-111.91341437545196,40.39111811092986],[-111.91341595538007,40.391118762796886],[-111.91341753880907,40.3911194092478],[-111.91341912573897,40.391120050282602],[-111.91342071734759,40.391120685897199],[-111.91342231127931,40.391121316099785],[-111.91342390871733,40.391121941786921],[-111.9134255108341,40.391122562053809],[-111.91342711526845,40.391123176008129],[-111.91342872438156,40.391123784542224],[-111.91343033700099,40.391124388560783],[-111.91343195194347,40.39112498716738],[-111.91343357156472,40.391125580353759],[-111.91343519350349,40.39112616722759],[-111.91343681894867,40.391126749585929],[-111.91343844906712,40.391127325623415],[-111.91344008150864,40.391127896248946],[-111.9134417162786,40.391128462363135],[-111.91344335572191,40.391129022156434],[-111.91344499748823,40.391129576537843],[-111.91344664275539,40.391130125503132],[-111.91344829152351,40.391130669052316],[-111.91344994261469,40.391131207189595],[-111.91345159720672,40.391131739910769],[-111.91345325411089,40.391132265418804],[-111.91345491452688,40.391132787311889],[-111.91345657726043,40.391133302892477],[-111.91345824467818,40.391133813953388],[-111.91345991440808,40.391134317801182],[-111.91346158646103,40.391134816237013],[-111.91346326084243,40.391135310161509],[-111.91346493989717,40.391135797765145],[-111.91346662009163,40.391136279060383],[-111.91346830379244,40.391136755840151],[-111.91346998863298,40.391137226311557],[-111.91347167815769,40.391137692263257],[-111.91347337000001,40.391138151902453],[-111.91347506416534,40.391138606129672],[-111.91347676064829,40.391139054044388],[-111.91347846062673,40.391139495642406],[-111.91348016175574,40.391139932733196],[-111.91348186637474,40.39114036260677],[-111.91348357332771,40.391140788869471],[-111.91348528259279,40.391141207919155],[-111.91348699300853,40.391141622461596],[-111.91348870808669,40.391142028881994],[-111.91349042432631,40.391142432596425],[-111.9134921428727,40.391142828197104],[-111.91349386374206,40.391143218385828],[-111.91349558576211,40.391143604067416],[-111.91349731127758,40.391143983432279],[-111.91349903911608,40.391144357385208],[-111.91350076926675,40.391144724124999],[-111.91350250056799,40.391145086357575],[-111.91350423300901,40.391145442281818],[-111.91350596894544,40.391145791889336],[-111.91350770602712,40.391146136089084],[-111.91350944543179,40.391146474876898],[-111.91351118833188,40.391146807347994],[-111.91351293119934,40.391147134415462],[-111.91351467756222,40.391147455166234],[-111.91351642271462,40.391147770517598],[-111.91351817254028,40.391148079548081],[-111.91351992233329,40.391148383174936],[-111.91352167562174,40.391148680485045],[-111.91352342887201,40.391148971491013],[-111.91352518562864,40.391149257981439],[-111.9135269435196,40.391149537262898],[-111.91352870255571,40.391149811136565],[-111.91353046273159,40.39115007870187],[-111.91353222405806,40.391150341759982],[-111.91353398769667,40.391150597604948],[-111.91353575248048,40.391150848042123],[-111.913537518404,40.391151092170979],[-111.9135392866506,40.391151330887837],[-111.91354105603689,40.391151563296354],[-111.91354282656836,40.391151790297059],[-111.91354459823962,40.391152010989416],[-111.91354637105057,40.391152225373354],[-111.91354814618452,40.391152434345386],[-111.91354992009714,40.391152636116743],[-111.91355169751601,40.391152833372637],[-111.91355347489679,40.391153024324275],[-111.91355525342274,40.391153209868193],[-111.91355703308298,40.391153388203072],[-111.91355881271053,40.391153561134367],[-111.91356059583354,40.391153727748907],[-111.913562377746,40.391153888964048],[-111.91356416197607,40.391154043866635],[-111.91356594617346,40.391154193365587],[-111.91356773151057,40.391154336556156],[-111.91356951798745,40.391154473438377],[-111.91357130442614,40.391154604016414],[-111.91357309201005,40.391154729186589],[-111.91357488073366,40.39115484804843],[-111.91357666942463,40.391154961506672],[-111.91357845807747,40.391155068660709],[-111.9135802490479,40.391155169502127],[-111.91358203998021,40.391155264039398],[-111.91358383087977,40.391155353173012],[-111.91358562292456,40.391155436898877],[-111.9135874149258,40.391155513419911],[-111.91358920807222,40.391155584533173],[-111.91359100000808,40.391155650247008],[-111.9135927942506,40.391155707847062],[-111.91359458846594,40.391155760944116],[-111.91359638147074,40.391155808641741],[-111.91359817560982,40.391155849130371],[-111.91359997089407,40.391155884211202],[-111.91360176614563,40.391155913888426],[-111.91360355899246,40.391155935468596],[-111.91360535417324,40.391155953438002],[-111.91360715048828,40.391155964198376],[-111.91360894558731,40.391155968658772],[-111.91361074065371,40.391155967715555],[-111.91361253450408,40.391155960472247],[-111.91361432948877,40.391155946019971],[-111.91361456151851,40.391155944298959],[-111.91361612444078,40.391155926164096],[-111.91361635764835,40.391155924438877],[-111.91361791936555,40.391155901805178],[-111.9136181513844,40.391155898282939],[-111.91361971424129,40.391155869340899],[-111.91361994626016,40.391155865818668],[-111.91362150791197,40.391155832377741],[-111.9136217399254,40.391155827954847],[-111.91362330272231,40.391155789106172],[-111.91362353473572,40.391155784683342],[-111.91362509631129,40.391155738633991],[-111.91362532949162,40.391155732405785],[-111.9136268910563,40.39115568455523],[-111.91362712187554,40.391155677434746],[-111.91362868339114,40.391155621478767],[-111.91362891538276,40.391155613453471],[-111.91363047688206,40.391155554795709],[-111.91363070768497,40.391155544973437],[-111.91363226915153,40.391155480911991],[-111.91363249994896,40.391155470189133],[-111.91363406021047,40.391155401628872],[-111.9136342921912,40.391155391802407],[-111.91363585241457,40.391155316937962],[-111.91363608320111,40.391155304413857],[-111.91363764339727,40.391155225046383],[-111.91363787536163,40.391155212518115],[-111.91363943434726,40.391155127751212],[-111.91363966512291,40.391155113425938],[-111.91364122407585,40.391155023255372],[-111.91364145485151,40.391155008930077],[-111.91364301260477,40.391154915161273],[-111.9136432445528,40.391154899931244],[-111.91364480109016,40.391154799862377],[-111.91364503303272,40.391154783731743],[-111.91364659071519,40.391154678255148],[-111.91364682029666,40.391154661232171],[-111.91364837794644,40.39115455035197],[-111.91364860752789,40.391154533329029],[-111.91365016396711,40.391154417049343],[-111.91365039472099,40.391154399121632],[-111.9136519499497,40.391154277442531],[-111.91365217952027,40.391154258618414],[-111.91365373472721,40.391154133336862],[-111.9136539654701,40.391154113607975],[-111.91365551945562,40.391153981125747],[-111.91365574901533,40.391153960500446],[-111.91365730180115,40.391153824419973],[-111.91365753253321,40.39115380288986],[-111.91365908410307,40.391153660509417],[-111.91365931365181,40.391153638082891],[-111.91366086519449,40.39115349119934],[-111.91366109592106,40.391153468768636],[-111.91366264624772,40.391153315585136],[-111.91366287579108,40.391153292257975],[-111.91366442491803,40.391153135476166],[-111.91366465445594,40.391153111248428],[-111.91366620236693,40.391152948166592],[-111.91366643307721,40.391152923034085],[-111.91366797978316,40.391152755453405],[-111.91366821048794,40.391152729420291],[-111.91366975715572,40.391152555535434],[-111.91366998667728,40.391152528605851],[-111.91367153096211,40.391152350226257],[-111.91367176166148,40.391152323292559],[-111.91367330473579,40.391152139513501],[-111.91367353425186,40.391152111683368],[-111.91367507729348,40.39115192250074],[-111.91367530680411,40.391151893769965],[-111.91367684864062,40.391151700088479],[-111.91367707814582,40.391151670457106],[-111.91367861876633,40.391151470475585],[-111.91367884708826,40.391151439947777],[-111.91368038768699,40.391151236363839],[-111.91368061600342,40.391151204935447],[-111.91368215421379,40.391150995956217],[-111.91368238252475,40.39115096362719],[-111.91368391951914,40.391150748347961],[-111.91368414783012,40.391150716018927],[-111.91368568479723,40.391150496236655],[-111.91368591310281,40.391150463007058],[-111.9136874476815,40.391150237829507],[-111.91368767597616,40.391150202798663],[-111.9136892081774,40.391149974027009],[-111.91368943764442,40.391149938091445],[-111.91369096862968,40.391149703019764],[-111.9136911969189,40.391149667088364],[-111.91369272668267,40.391149424816007],[-111.91369448353063,40.391149142113399],[-111.91369623916798,40.391148854011405],[-111.91369799241697,40.391148560514047],[-111.91369974444993,40.391148260716648],[-111.9137014940891,40.391147954623392],[-111.91370324133983,40.391147643134886],[-111.9137049885525,40.391147325342104],[-111.91370673219883,40.391147002158192],[-111.91370847581251,40.391146673570745],[-111.9137102170269,40.391146337786758],[-111.91371195585832,40.391145997508097],[-111.91371369229591,40.391145650933595],[-111.91371542751756,40.391145298059001],[-111.91371716035071,40.391144939789136],[-111.91371888961771,40.391144576128141],[-111.91372062001891,40.3911442052582],[-111.91372234568151,40.391143829901878],[-111.91372406895024,40.391143448249707],[-111.91372579218624,40.39114306119388],[-111.91372751185057,40.391142667846374],[-111.91372922912653,40.391142269103547],[-111.91373094518651,40.391141864060742],[-111.91373265768019,40.391141453626751],[-111.91373436778551,40.391141037797539],[-111.91373625661787,40.391140570901513],[-111.91373796432931,40.39114014877638],[-111.91373967323487,40.391139729348829],[-111.91374138571216,40.39113931621295],[-111.91374309938904,40.391138906675252],[-111.91374481427641,40.39113850253699],[-111.91374653154124,40.391138101992745],[-111.91374825001114,40.391137705947266],[-111.91374997086942,40.391137315297058],[-111.91375169293276,40.391136929145596],[-111.91375341737897,40.391136547488827],[-111.91375514303029,40.391136170330853],[-111.91375687106999,40.391135798568072],[-111.91375860031465,40.391135431304107],[-111.91376033193146,40.391135066733575],[-111.91376206359176,40.39113470936784],[-111.91376379880738,40.391134355591937],[-111.91376553404476,40.39113400541838],[-111.91376727167054,40.391133660640094],[-111.91376901168469,40.391133321257023],[-111.91377075172602,40.391132986376917],[-111.91377249415029,40.391132655991441],[-111.91377423777415,40.391132329204169],[-111.91377598378641,40.391132007812139],[-111.91377772983134,40.391131691823659],[-111.91377947708132,40.391131380333952],[-111.91378122788663,40.391131072434128],[-111.91378297754677,40.391130769942066],[-111.91378473076767,40.391130471940436],[-111.91378627339439,40.391130214310884],[-111.91378648284885,40.391130180247131],[-111.91378823847994,40.391129891243104],[-111.91378999531602,40.39112960673787],[-111.91379175336267,40.391129327632036],[-111.91379351143655,40.391129053029168],[-111.91379506126104,40.391128816988846],[-111.91379527073182,40.39112878562689],[-111.91379682291745,40.391128550478783],[-111.91379703239369,40.391128520017411],[-111.91379858460651,40.391128289372318],[-111.91379879526609,40.391128259807402],[-111.91380034750073,40.391128032764648],[-111.91380055934354,40.391128004096167],[-111.9138021127887,40.391127782452799],[-111.91380232344825,40.391127752887847],[-111.91380387809848,40.391127535743323],[-111.91380409111913,40.391127507070642],[-111.9138056457966,40.391127294429069],[-111.91380585763945,40.391127265760524],[-111.91380741351651,40.391127056717195],[-111.91380762537025,40.391127029849862],[-111.91380918362482,40.391126824400494],[-111.91380939430074,40.391126797537375],[-111.91381095258252,40.391126596591008],[-111.91381116561953,40.391126570620067],[-111.91381272392312,40.391126373276066],[-111.91381293578775,40.39112634820993],[-111.91381449647429,40.391126155360567],[-111.9138147083389,40.391126130294431],[-111.91381626905263,40.391125941948047],[-111.91381648210053,40.391125917778297],[-111.91381804401938,40.391125733930721],[-111.91381825706733,40.391125709760999],[-111.9138198190079,40.391125529515755],[-111.91382003088341,40.391125506250788],[-111.91382159520698,40.39112533050023],[-111.91382180708251,40.391125307235235],[-111.91382337142781,40.39112513508703],[-111.91382358448661,40.391125112718463],[-111.91382514887012,40.391124946874392],[-111.91382536310674,40.391124924501732],[-111.91382692750656,40.391124761359393],[-111.91382714175408,40.391124740787923],[-111.91382870735355,40.391124581243837],[-111.91382892042323,40.391124560676481],[-111.91383048722776,40.391124405631153],[-111.91383070147532,40.391124385059697],[-111.91383226948491,40.39112423451315],[-111.91383248256554,40.391124215746977],[-111.91383405060238,40.391124069703494],[-111.91383426485534,40.391124050032516],[-111.91383583409183,40.391123907587243],[-111.91383604717787,40.391123889721655],[-111.91383761762488,40.391123752675732],[-111.91383783070007,40.391123733008968],[-111.91383940116883,40.391123599565397],[-111.91383961426035,40.391123582600436],[-111.91384118475641,40.391123453659837],[-111.9138413990257,40.391123436690734],[-111.91384297072682,40.391123312248908],[-111.91384318499618,40.391123295279769],[-111.91384475671366,40.391123173539732],[-111.91384497098848,40.391123157471178],[-111.91384654392188,40.391123042031154],[-111.91384675820217,40.391123026863177],[-111.91384833232981,40.391122914120778],[-111.91384854543765,40.391122899857542],[-111.91385011959252,40.391122791618116],[-111.91385033269492,40.391122776454289],[-111.91385190805487,40.391122672713706],[-111.91385212235149,40.391122660247497],[-111.91385369654996,40.391122559212768],[-111.91385391084651,40.391122546746594],[-111.91385548508313,40.391122452016013],[-111.91385570055211,40.39112243864507],[-111.91385727598838,40.391122347512749],[-111.91385749028498,40.391122335046553],[-111.91385906575393,40.391122249317739],[-111.91385928122835,40.391122236847394],[-111.9138608567191,40.391122154720982],[-111.91386107102655,40.39112214405597],[-111.91386264771697,40.39112206552776],[-111.9138628632023,40.391122054858592],[-111.91386443992535,40.39112198173391],[-111.91386465541068,40.391121971064763],[-111.9138662309777,40.39112190154664],[-111.91386644646849,40.391121891778077],[-111.91386802441845,40.391121826754571],[-111.91386823991463,40.391121817886571],[-111.91386981788096,40.391121755564861],[-111.91387003102693,40.391121747605816],[-111.91387161020923,40.391121691584068],[-111.91387182453309,40.391121683620867],[-111.91387340373173,40.391121630300923],[-111.91387361806648,40.391121624138883],[-111.91387519728148,40.391121573520685],[-111.91387541161073,40.391121566458068],[-111.91387698968605,40.391121522148204],[-111.91387720519317,40.391121515081423],[-111.91387900000794,40.391121472706544],[-111.91388057929925,40.391121434696643],[-111.91388079481726,40.391121429431045],[-111.91388237415761,40.391121399526547],[-111.91388258850864,40.391121396066275],[-111.91388416784898,40.39112136616172],[-111.91388438337792,40.391121362697326],[-111.91388596276731,40.391121340898096],[-111.91388617830167,40.391121338334287],[-111.91388775769651,40.391121317435683],[-111.91388797322546,40.39112131397124],[-111.91388976820916,40.39112129951473],[-111.9138915620368,40.391121288664792],[-111.91389314150248,40.391121279473836],[-111.91389335704233,40.391121277810605],[-111.91389669042532,40.391121280426283],[-111.91443672889287,40.391123419378275],[-111.91443852412759,40.391123446340842],[-111.91444031496195,40.391123524654219],[-111.91444210370263,40.391123646204569],[-111.91444388564919,40.391123812809901],[-111.91444565845133,40.391124025379064],[-111.91444742210358,40.391124283011386],[-111.91444917307247,40.391124585719602],[-111.91445090899688,40.391124932611334],[-111.91445262987126,40.39112532278596],[-111.91445433335096,40.3911257580531],[-111.91445601588596,40.391126235723391],[-111.91445767629307,40.391126754900462],[-111.91445931339987,40.391127316489104],[-111.91446092602853,40.391127920493453],[-111.91446251063451,40.391128565124887],[-111.91446406604011,40.391129250387522],[-111.914465591051,40.391129973583723],[-111.9144670844949,40.391130735618368],[-111.91446854166033,40.391131536508027],[-111.91446996605912,40.391132372637834],[-111.91447135180738,40.391133244929271],[-111.9144726988943,40.391134151581142],[-111.91447400378621,40.391135092605971],[-111.91447527001138,40.391136067090613],[-111.91447649049169,40.391137073258925],[-111.91447766874978,40.391138109297231],[-111.91447880006888,40.391139174321545],[-111.91447988444889,40.391140268331974],[-111.91448091952331,40.391141389535584],[-111.91448190645349,40.391142535226464],[-111.9144828417169,40.391143707218291],[-111.91448372646413,40.391144901003941],[-111.91448455834485,40.391146117492276],[-111.9144853373427,40.391147353981637],[-111.91448605992419,40.391148610484436],[-111.91448672842317,40.391149883390007],[-111.91448734284511,40.391151173598857],[-111.91448789846216,40.391152478425965],[-111.91448839762465,40.391153796962371],[-111.91448883913829,40.391155126510441],[-111.91448922183078,40.391156467974966],[-111.91448954685799,40.391157817749402],[-111.91448981185894,40.391159174941407],[-111.91449001800588,40.391160538646304],[-111.91449016410462,40.391161906166445],[-111.91449025133305,40.391163277497618],[-111.91449027815965,40.391164788638498],[-111.91448987309577,40.391224667619483],[-111.91448986610214,40.391226040185074],[-111.91448986970913,40.391227412713171],[-111.91448988037774,40.391228784315608],[-111.91448989811882,40.391230156793632],[-111.91448992528817,40.391231530138803],[-111.91448996069694,40.391232902554208],[-111.91449000198946,40.391234274048102],[-111.91449005152695,40.391235645512829],[-111.91449011049266,40.391237017844745],[-111.91449017651992,40.391238389251036],[-111.91449025079758,40.391239761528652],[-111.91449033213148,40.391241131980109],[-111.91449042171564,40.391242503302905],[-111.91449052071715,40.391243873691735],[-111.91449062560247,40.391245243159091],[-111.91449073991596,40.391246613493642],[-111.91449086246894,40.391247982898392],[-111.91449099208899,40.391249352278102],[-111.91449112876522,40.391250719831547],[-111.91449127486965,40.39125208825223],[-111.91449142803026,40.391253454846691],[-111.9144915894467,40.391254823213146],[-111.91449175791381,40.391256188852736],[-111.91449193463131,40.391257555363687],[-111.91449211958285,40.391258920044223],[-111.91449231395167,40.391260283790778],[-111.91449251539309,40.391261648412943],[-111.91449272271821,40.391263012113576],[-111.91449293945523,40.391264373979702],[-111.9144931644372,40.391265735816532],[-111.91449339648078,40.391267096727731],[-111.91449363676927,40.391268457609755],[-111.91449388411388,40.39126981666552],[-111.91449414205371,40.391271174783157],[-111.91449440470494,40.391272532884045],[-111.914494676768,40.391273889150369],[-111.91449495707053,40.391275244486927],[-111.91449524326232,40.391276599802559],[-111.91449553887142,40.391277954184204],[-111.91449584153669,40.391279306739627],[-111.91449615361927,40.391280658361069],[-111.91449647158564,40.39128200906103],[-111.91449679779149,40.391283358831167],[-111.91449713223135,40.391284706770904],[-111.91449747491615,40.391286054681437],[-111.9144978246571,40.391287400765698],[-111.9144981826321,40.391288745019565],[-111.91449854767964,40.391290090149013],[-111.91449892095575,40.391291432547433],[-111.91449930247133,40.391292774016037],[-111.91449969103762,40.391294112757805],[-111.91450008785429,40.391295452370912],[-111.91450049172171,40.391296789257254],[-111.91450090382308,40.391298124313145],[-111.91450132416945,40.391299459339841],[-111.91450175039418,40.391300792544442],[-111.91450218603073,40.391302123914478],[-111.91450262990679,40.391303454354677],[-111.91450307965567,40.391304782072226],[-111.91450353882738,40.391306109756378],[-111.91450400387194,40.391307434717874],[-111.91450480536616,40.391309661806339],[-111.91464819282101,40.391702358638121],[-111.91464909953177,40.391704842028297],[-111.91540180432855,40.391544160948733]]]},"properties":{"OBJECTID":25,"ID":500,"NAME":"Saratoga Towne Center","RECORDEDUNITS":0,"DENSITY":" ","ACRE":32.491851599999997,"TYPE":"Commercial","STATUS":"Recorded","NOTE":null,"GlobalID":"{06214A84-CBAC-424C-8858-8F84C746F37E}","PLANNEDUNITS":0,"EXISTINGUNITS":null,"PREVIOUSNAME":null,"ID_TEXT":"2056","ProjectLink":null,"PLANNER":null,"created_user":null,"created_date":null,"last_edited_user":null,"last_edited_date":null,"REMAININGUNITS":null,"DA_Exceptions":null,"ParentID":null,"ACTIVEDATE":null,"Shape.STArea()":1415350.7170879436,"Shape.STLength()":5275.8537193295506}},{"type":"Feature","id":29,"geometry":{"type":"Polygon","coordinates":[[[-111.92328582469381,40.388226170850771],[-111.92300544554658,40.388673225483977],[-111.9226044774355,40.3891813086911],[-111.92206884791858,40.389867906067145],[-111.9215361547339,40.390550501372417],[-111.92100616148622,40.39122587038937],[-111.92119569597834,40.391224310899929],[-111.9219064505384,40.39121845962822],[-111.92482015401431,40.391193890979928],[-111.92594763429572,40.391184522368874],[-111.92595023646308,40.390010900343505],[-111.92595177973226,40.389297976017652],[-111.92595536798376,40.387651439145642],[-111.92505824812582,40.387648365814165],[-111.92416105331807,40.387644202429797],[-111.92331351630558,40.387640046100394],[-111.92328582469381,40.388226170850771]]]},"properties":{"OBJECTID":29,"ID":508,"NAME":"IHC","RECORDEDUNITS":null,"DENSITY":null,"ACRE":29.733702139999998,"TYPE":"Commercial","STATUS":"Recorded","NOTE":null,"GlobalID":"{85B483CC-46A6-4981-B38B-4921AB7FD91B}","PLANNEDUNITS":null,"EXISTINGUNITS":null,"PREVIOUSNAME":null,"ID_TEXT":"2069","ProjectLink":null,"PLANNER":null,"created_user":null,"created_date":null,"last_edited_user":null,"last_edited_date":null,"REMAININGUNITS":null,"DA_Exceptions":null,"ParentID":null,"ACTIVEDATE":null,"Shape.STArea()":1295205.2458942884,"Shape.STLength()":4877.6691072183603}},{"type":"Feature","id":32,"geometry":{"type":"Polygon","coordinates":[[[-111.92153612871054,40.390550483453829],[-111.92153615706738,40.390550497761531],[-111.92206884791858,40.389867906067145],[-111.9226044774355,40.3891813086911],[-111.92300544554658,40.388673225483977],[-111.92327858532735,40.388224378698098],[-111.92331351630558,40.387640046100394],[-111.92256503508003,40.387638489768115],[-111.9225645536489,40.387638918400633],[-111.9214198248752,40.38763357543948],[-111.91974744033449,40.38762570829455],[-111.91825089979947,40.387618652123635],[-111.91825089607113,40.387619390644268],[-111.91825056967164,40.387659812476549],[-111.91824939183891,40.387659808582455],[-111.91824301437813,40.388461096363763],[-111.91768471846143,40.388457863142513],[-111.91759690389192,40.38845734180034],[-111.91659598212138,40.38845329518108],[-111.91659604489845,40.388454319861125],[-111.91659613569902,40.388455691179423],[-111.91659675672362,40.388463090248969],[-111.91663502136517,40.388925497983578],[-111.91663787822822,40.388960015707241],[-111.91664134730421,40.388990043469654],[-111.91665794774637,40.389133704981717],[-111.9166691868966,40.389230992043203],[-111.91666950621142,40.389233525245032],[-111.9166696794283,40.389234890865659],[-111.91666985382848,40.38923625738267],[-111.91667002940103,40.389237622994898],[-111.91667020261795,40.389238988615524],[-111.91667037819595,40.389240355128337],[-111.91667055259616,40.389241721645341],[-111.91667072816873,40.389243087257597],[-111.91667090256347,40.389244452873996],[-111.91667107696375,40.389245819391007],[-111.91667125253628,40.389247185003185],[-111.91667142810888,40.389248550615413],[-111.91667160368692,40.389249917128225],[-111.91667177925953,40.389251282740432],[-111.91667195601546,40.389252649249045],[-111.91667213276588,40.389254014857087],[-111.91667230834396,40.3892553813699],[-111.91667248509441,40.389256746977914],[-111.91667266184483,40.389258112585921],[-111.9166728385953,40.389259478193964],[-111.91667301534576,40.389260843801907],[-111.91667319210173,40.389262210310534],[-111.91667337002998,40.389263575914363],[-111.91667354678046,40.389264941522363],[-111.91667372470876,40.389266307126199],[-111.91667390263704,40.389267672730021],[-111.91667408057084,40.389269039234442],[-111.91667425849914,40.389270404838193],[-111.91667443760531,40.389271770437823],[-111.91667461553362,40.389273136041631],[-111.91667479346195,40.389274501645438],[-111.91667497257362,40.389275868145681],[-111.91667515167977,40.389277233745268],[-111.91667533078591,40.389278599344856],[-111.9166755098921,40.389279964944471],[-111.91667568782047,40.389281330548286],[-111.91667586810448,40.389282696143702],[-111.91667604721064,40.389284061743311],[-111.91667622750016,40.389285428239312],[-111.91667640777871,40.389286792934129],[-111.91667658806274,40.38928815852951],[-111.91667676716897,40.389289524129126],[-111.91667694745301,40.389290889724563],[-111.91667712891487,40.389292255315723],[-111.91667717583351,40.389292609992161],[-111.91667730919895,40.38929362091114],[-111.91667749066082,40.389294986502343],[-111.91667767094492,40.389296352097787],[-111.91667779437755,40.389297279294681],[-111.91667785240681,40.389297717688976],[-111.91667803504649,40.389299083275958],[-111.91667821533059,40.389300448871346],[-111.91667839679251,40.389301814462584],[-111.9166785794322,40.389303180049595],[-111.91667876089414,40.389304545640819],[-111.91667894352842,40.389305910327195],[-111.91667912499037,40.38930727591837],[-111.9166793076301,40.389308641505394],[-111.91667949026991,40.389310007092369],[-111.91667967290418,40.389311371778781],[-111.9166798567218,40.389312737361621],[-111.91668003936158,40.389314102948617],[-111.91668022317918,40.389315468531386],[-111.9166804069913,40.389316833213599],[-111.91668058963114,40.38931819880063],[-111.91668077344875,40.389319564383385],[-111.91668095726639,40.389320929966196],[-111.91668114107858,40.389322294648416],[-111.91668132489619,40.389323660231192],[-111.91668150989167,40.389325025809768],[-111.91668169488716,40.389326391388387],[-111.91668187987715,40.389327756066393],[-111.91668206368936,40.389329120748585],[-111.91668224868486,40.389330486327182],[-111.91668243368038,40.389331851905794],[-111.91668261867591,40.389333217484356],[-111.91668280484375,40.389334582158192],[-111.91668298983927,40.389335947736797],[-111.91668317601261,40.389337313311138],[-111.91668336218052,40.389338677984981],[-111.91668354834839,40.389340042658752],[-111.91668373452175,40.389341408233136],[-111.91668392186747,40.389342772902758],[-111.91668410804085,40.389344138477135],[-111.91668429303095,40.389345503155113],[-111.91668448155998,40.389346868721127],[-111.91668466772789,40.389348233394905],[-111.91668485507915,40.389349598965119],[-111.91668504242487,40.389350963634705],[-111.91668522977614,40.389352329204868],[-111.91668541712188,40.389353693874469],[-111.91668560564548,40.389355058539849],[-111.91668579299676,40.389356424110041],[-111.91668598269817,40.389357788771292],[-111.91668616886614,40.389359153445049],[-111.91668635857305,40.389360519006843],[-111.91668654709667,40.389361883672208],[-111.91668673562032,40.389363248337609],[-111.91668692532174,40.389364612998783],[-111.91668711266763,40.38936597766839],[-111.91668730355235,40.389367343226006],[-111.91668749207604,40.389368707891364],[-111.91668768177749,40.389370072552566],[-111.91668787148453,40.389371438114345],[-111.91668806118601,40.389372802775526],[-111.9166882508875,40.389374167436692],[-111.91668844058901,40.389375532097922],[-111.91668863146838,40.389376896754889],[-111.91668882235318,40.389378262312455],[-111.91668901323249,40.389379626969479],[-111.91668920411188,40.389380991626432],[-111.91668939499121,40.389382356283441],[-111.91668958587063,40.389383720940415],[-111.9166897779278,40.389385085593219],[-111.91668996880716,40.389386450250186],[-111.9166901596866,40.389387814907174],[-111.91669035174378,40.389389179559934],[-111.91669054380101,40.389390544212745],[-111.91669073585824,40.389391908865484],[-111.91669092791551,40.389393273518316],[-111.91669111997271,40.389394638171076],[-111.91669131320778,40.389396002819673],[-111.91669150526506,40.389397367472441],[-111.91669169732232,40.38939873212523],[-111.9166918917352,40.389400096769606],[-111.91669208379251,40.389401461422381],[-111.91669227819997,40.389402825166158],[-111.91669247144056,40.389404190715354],[-111.91669266467019,40.389405554463309],[-111.9166928590831,40.389406919107685],[-111.91669305349603,40.389408283752097],[-111.91669324673119,40.389409648400637],[-111.91669344114418,40.389411013045034],[-111.91669363437933,40.389412377693603],[-111.91669382996466,40.38941374143316],[-111.91669402437763,40.389415106077536],[-111.91669421996845,40.389416470717713],[-111.91669441438142,40.389417835362103],[-111.91669460996678,40.389419199101688],[-111.91669480555758,40.389420563741879],[-111.91669500114844,40.389421928382035],[-111.91669519673933,40.389423293022212],[-111.91669539232463,40.38942465676179],[-111.91669558791553,40.389426021401938],[-111.91669578350091,40.389427385141509],[-111.91669598026962,40.38942874977748],[-111.91669617703283,40.389430113512852],[-111.91669637380153,40.389431478148857],[-111.91669657057025,40.389432842784821],[-111.91669676851129,40.389434206515993],[-111.91669696528002,40.389435571151992],[-111.91669716204329,40.389436934887328],[-111.91669735881204,40.38943829952332],[-111.91669755675309,40.389439663254493],[-111.91669775469965,40.389441027886228],[-111.91669795264076,40.389442391617408],[-111.91669815058739,40.389443756249165],[-111.91669834853397,40.389445120880936],[-111.91669854765293,40.389446484607944],[-111.91669874559953,40.38944784923968],[-111.91669894471843,40.389449212966646],[-111.91669914384291,40.389450577594232],[-111.91669934178405,40.389451941325383],[-111.91669954090305,40.389453305052342],[-111.9166997400275,40.389454669679928],[-111.91669993914651,40.389456033406887],[-111.91670013944334,40.389457397129654],[-111.91670033856231,40.389458760856598],[-111.91670053886463,40.389460125479978],[-111.91670073916147,40.389461489202759],[-111.91670093945834,40.389462852925512],[-111.91670113976068,40.389464217548884],[-111.91670134005754,40.389465581271608],[-111.91670154035442,40.38946694499441],[-111.91670174065673,40.389468309617719],[-111.91670194212597,40.389469672435688],[-111.91670214477848,40.389471036150105],[-111.91670234508089,40.389472400773435],[-111.91670254655558,40.389473764491996],[-111.91670274803032,40.389475128210535],[-111.91670294950505,40.38947649192913],[-111.91670315216314,40.389477856544076],[-111.91670335363787,40.389479220262622],[-111.91670355629049,40.389480583977004],[-111.91670375894304,40.389481947691358],[-111.91670396041232,40.389483310509313],[-111.91670416424276,40.389484674219474],[-111.91670436690085,40.389486038834413],[-111.91670457073128,40.389487402544574],[-111.91670477338394,40.38948876625895],[-111.91670497603656,40.389490129973275],[-111.91670517986152,40.389491492782845],[-111.916705383692,40.389492856492993],[-111.91670558752244,40.38949422020314],[-111.91670579253072,40.389495583909095],[-111.91670599518892,40.389496948524048],[-111.91670620019724,40.389498312230018],[-111.91670640520556,40.389499675935966],[-111.9167066090306,40.389501038745514],[-111.91670681403892,40.389502402451456],[-111.91670701904728,40.389503766157432],[-111.91670722405563,40.38950512986338],[-111.9167074290585,40.389506492668737],[-111.91670763406685,40.389507856374685],[-111.91670784025308,40.38950922007642],[-111.91670804643927,40.389510583778176],[-111.91670825261998,40.389511946579304],[-111.91670845762836,40.389513310285253],[-111.91670866381463,40.38951467398698],[-111.91670887000086,40.389516037688793],[-111.91670907735943,40.38951740048573],[-111.91670928354566,40.389518764187464],[-111.91670949090975,40.389520127885],[-111.91670969709051,40.389521490686157],[-111.91670990445463,40.389522854383685],[-111.9167101118187,40.389524218081228],[-111.91671031917734,40.389525580878171],[-111.91671052654146,40.389526944575707],[-111.91671073390556,40.389528308273235],[-111.91671094244202,40.389529671065993],[-111.9167111509785,40.389531033858759],[-111.91671135834267,40.389532397556252],[-111.91671156805694,40.389533760344833],[-111.91671177659894,40.389535124038218],[-111.91671198514094,40.38953648773154],[-111.91671219367741,40.389537850524285],[-111.91671240221396,40.389539213317022],[-111.91671261075597,40.389540577010344],[-111.91671282047031,40.389541939798903],[-111.91671303019019,40.389543303488047],[-111.91671323990455,40.389544666276564],[-111.91671344961891,40.389546029065109],[-111.91671365933878,40.389547392754245],[-111.91671387023101,40.389548755538598],[-111.91671407995088,40.389550119227721],[-111.91671429084313,40.389551482012074],[-111.91671450173533,40.389552844796384],[-111.91671471145528,40.389554208485521],[-111.91671492234752,40.389555571269867],[-111.91671513323979,40.389556934054227],[-111.91671534530988,40.389558296834352],[-111.91671555737996,40.389559659614449],[-111.91671576827774,40.389561023299422],[-111.91671597917004,40.389562386083753],[-111.91671606248261,40.389562914449655],[-111.91671619124017,40.389563748863857],[-111.91671640331023,40.389565111643968],[-111.91671661538587,40.389566475324678],[-111.91671682862834,40.389567837200069],[-111.91671704070399,40.389569200880764],[-111.91671725277415,40.389570563660904],[-111.91671746602212,40.389571926436851],[-111.91671767927015,40.389573289212798],[-111.9167178913403,40.389574651992902],[-111.91671810458836,40.389576014768835],[-111.91671831901417,40.389577377540597],[-111.91671853226217,40.389578740316502],[-111.9167187455102,40.389580103092399],[-111.91671895993609,40.389581465864133],[-111.91671917436194,40.389582828635845],[-111.91671938878784,40.389584191407586],[-111.91671960321369,40.389585554179305],[-111.91671981646176,40.38958691695526],[-111.9167200308877,40.389588279726958],[-111.91672024649145,40.389589642494521],[-111.91672046208966,40.389591004361428],[-111.9167206765156,40.389592367133147],[-111.91672089211939,40.389593729900653],[-111.91672110772309,40.389595092668195],[-111.91672132332688,40.389596455435708],[-111.91672153893067,40.389597818203242],[-111.91672175452899,40.389599180070135],[-111.91672197013273,40.38960054283767],[-111.91672218691437,40.389601905600983],[-111.91672240369604,40.389603268364311],[-111.91672262047769,40.389604631127632],[-111.91672283725384,40.389605992990319],[-111.91672305403549,40.389607355753633],[-111.91672327081164,40.389608717616376],[-111.91672348759332,40.389610080379697],[-111.91672370437502,40.389611443143025],[-111.916723922329,40.389612805001512],[-111.91672414028855,40.389614167760655],[-111.91672435824806,40.389615530519755],[-111.91672457620209,40.389616892378278],[-111.91672479533946,40.3896182551332],[-111.91672501329352,40.389619616991709],[-111.91672523006977,40.389620978854424],[-111.91672544920716,40.389622341609339],[-111.91672566834458,40.389623704364269],[-111.91672588747647,40.389625066218542],[-111.91672610661388,40.389626428973472],[-111.91672632457347,40.389627791732586],[-111.91672654488325,40.38962915358271],[-111.91672676401519,40.38963051543697],[-111.91672698432498,40.389631877287115],[-111.91672720346246,40.389633240042023],[-111.91672742377226,40.389634601892112],[-111.91672764408206,40.389635963742229],[-111.91672786439736,40.389637326492938],[-111.91672808471267,40.389638689243668],[-111.9167283050225,40.389640051093735],[-111.91672852651014,40.38964141293966],[-111.91672874799781,40.38964277478555],[-111.91672896712984,40.389644136639845],[-111.9167291898008,40.389645499382183],[-111.91672941128853,40.389646861228051],[-111.91672963277621,40.389648223073984],[-111.91672985426391,40.389649584919916],[-111.9167300757571,40.389650947666404],[-111.91673029842268,40.389652309508087],[-111.91673052108271,40.389653670449178],[-111.91673074375379,40.389655033191481],[-111.9167309652415,40.389656395037377],[-111.91673118790712,40.389657756879103],[-111.91673141057815,40.389659119621371],[-111.9167316332383,40.389660480562526],[-111.91673185708721,40.389661843300594],[-111.91673207975279,40.389663205142263],[-111.91673230359075,40.389664566079176],[-111.91673252743971,40.389665928817273],[-111.91673275127766,40.389667289754193],[-111.91673297512664,40.389668652492283],[-111.91673319896462,40.389670013429175],[-111.91673342281364,40.389671376167271],[-111.91673364782945,40.389672737099964],[-111.91673387285076,40.389674098933263],[-111.91673409669427,40.389675460770725],[-111.91673432289339,40.389676822599839],[-111.91673454673693,40.389678184437294],[-111.91673477175829,40.389679546270628],[-111.91673499795749,40.389680908099734],[-111.91673522297339,40.389682269032406],[-111.91673544917255,40.389683630861505],[-111.9167356741885,40.389684991794198],[-111.91673590039318,40.38968635452386],[-111.9167361265869,40.389687715452375],[-111.91673635278617,40.389689077281474],[-111.91673657898539,40.389690439110538],[-111.91673680636248,40.389691800935431],[-111.91673703255628,40.389693161863917],[-111.91673725993334,40.38969452368881],[-111.91673748612716,40.389695884617289],[-111.91673771350429,40.389697246442189],[-111.91673794205923,40.389698608262869],[-111.91673816825849,40.389699970091947],[-111.91673839563016,40.389701331016212],[-111.91673862418513,40.389702692836913],[-111.91673885155681,40.389704053761186],[-111.9167390801063,40.389705414681245],[-111.91673930866128,40.389706776501946],[-111.91673953721629,40.389708138322618],[-111.91673976576581,40.38970949924272],[-111.91673999432082,40.389710861063378],[-111.91674022404817,40.389712221979288],[-111.91674045259771,40.389713582899368],[-111.91674068233061,40.389714944715799],[-111.91674091088566,40.389716306536492],[-111.91674114179089,40.389717667448167],[-111.91674137151827,40.389719028364055],[-111.91674160124566,40.389720389279915],[-111.91674183097862,40.389721751096417],[-111.91674206070603,40.389723112012284],[-111.91674229043895,40.389724473828728],[-111.91674252134423,40.389725834740446],[-111.91674275224953,40.3897271956521],[-111.91674298315479,40.38972855656376],[-111.91674321406559,40.389729918376055],[-111.91674344497092,40.389731279287709],[-111.91674367705404,40.389732640195156],[-111.91674390678153,40.389734001111059],[-111.91674413886469,40.38973536201852],[-111.91674437095334,40.389736723826623],[-111.91674460303103,40.389738083833507],[-111.9167448351197,40.389739445641524],[-111.9167450672029,40.389740806549014],[-111.91674530046389,40.389742167452262],[-111.9167455325471,40.389743528359745],[-111.91674576463031,40.38974488926717],[-111.91674599789135,40.389746250170461],[-111.91674623115239,40.38974761107373],[-111.91674646441349,40.389748971976992],[-111.91674669767455,40.389750332880276],[-111.91674693093563,40.389751693783531],[-111.91674716537456,40.389753054682586],[-111.91674739863565,40.389754415585848],[-111.91674763189675,40.389755776489103],[-111.91674786633571,40.389757137388159],[-111.91674810077464,40.389758498287229],[-111.91674833520814,40.389759858285679],[-111.91674856965261,40.389761220085333],[-111.91674880408607,40.389762580083811],[-111.91674903970288,40.389763940978654],[-111.91674927414189,40.389765301877745],[-111.91674950975869,40.389766662772601],[-111.91674974537003,40.389768022766845],[-111.91674998098688,40.38976938366168],[-111.91675021660373,40.389770744556529],[-111.91675045222061,40.389772105451414],[-111.91675068783201,40.389773465445664],[-111.9167509246267,40.389774826336321],[-111.91675116024359,40.389776187231149],[-111.91675139703281,40.3897775472212],[-111.91675163382754,40.3897789081119],[-111.91675187061678,40.38978026810193],[-111.91675210741153,40.389781628992573],[-111.91675234538413,40.389782989879009],[-111.91675258217337,40.389784349869046],[-111.91675282014597,40.389785710755525],[-111.91675305693531,40.389787070745555],[-111.91675329490789,40.389788431632013],[-111.91675353287506,40.389789791617886],[-111.91675377084768,40.389791152504294],[-111.91675400881481,40.389792512490153],[-111.91675424678748,40.389793873376561],[-111.9167544859325,40.389795233358221],[-111.91675472508292,40.389796594240508],[-111.91675496304467,40.389797953325719],[-111.91675520219519,40.389799314207998],[-111.91675544134567,40.389800675090221],[-111.91675568049074,40.389802035071853],[-111.91675591964128,40.389803395954075],[-111.91675615995867,40.389804755030937],[-111.91675640028704,40.389806115908954],[-111.91675663943214,40.389807475890592],[-111.91675687975504,40.389808835868052],[-111.91675712008345,40.389810196746076],[-111.91675736040636,40.389811556723522],[-111.91675760072931,40.389812916700969],[-111.91675784105225,40.389814276678393],[-111.91675808255854,40.389815637552253],[-111.91675832405932,40.3898169975255],[-111.91675856437681,40.389818356602291],[-111.91675880588308,40.389819717476172],[-111.91675904738393,40.389821077449405],[-111.91675928888473,40.38982243742263],[-111.91675953038555,40.389823797395849],[-111.91675977306424,40.389825157364903],[-111.91676001456509,40.389826517338115],[-111.91676025724377,40.389827877307155],[-111.91676049874464,40.38982923728036],[-111.91676074142336,40.389830597249414],[-111.91676098410208,40.389831957218441],[-111.91676111457419,40.38983268625406],[-111.91676122678078,40.389833317187467],[-111.91676147063734,40.389834677152287],[-111.91676171331611,40.389836037121313],[-111.9167619536392,40.389837397098709],[-111.91676200838087,40.389837682399559],[-111.91676220102376,40.389838756150326],[-111.91676244370255,40.389840116119366],[-111.91676268756464,40.38984147698482],[-111.91676293259357,40.389842836044821],[-111.91676317644472,40.389844195109056],[-111.91676342030134,40.389845555073862],[-111.91676366534128,40.38984691593506],[-111.91676390919244,40.389848274999324],[-111.91676415422691,40.389849634959923],[-111.91676439925591,40.389850994019959],[-111.91676464429592,40.389852354881185],[-111.91676488932494,40.389853713941207],[-111.91676513553182,40.389855072996994],[-111.91676538056633,40.389856432957615],[-111.91676562677867,40.389857792914029],[-111.91676587298558,40.389859151969851],[-111.91676611802011,40.389860511930472],[-111.91676636422704,40.389861870986316],[-111.91676661043941,40.389863230942737],[-111.91676685665185,40.389864590899116],[-111.91676710403661,40.389865949950703],[-111.916767350249,40.389867309907132],[-111.91676759763379,40.389868668958741],[-111.91676784384077,40.389870028014556],[-111.91676809240887,40.389871387962579],[-111.91676833979916,40.389872747914794],[-111.91676858718397,40.389874106966374],[-111.91676883456876,40.389875466017983],[-111.91676908313144,40.389876825065414],[-111.91676933052172,40.389878185017615],[-111.91676957908443,40.389879544065003],[-111.91676982647476,40.38988090401719],[-111.91677007503749,40.389882263064614],[-111.91677032477797,40.389883622107831],[-111.91677057334068,40.389884981155255],[-111.91677082308675,40.389886341099057],[-111.91677107164946,40.389887700146431],[-111.91677132139002,40.389889059189642],[-111.91677156995277,40.389890418237044],[-111.91677181969335,40.389891777280226],[-111.91677206943943,40.389893137224021],[-111.91677232035236,40.389894495362441],[-111.9167725700985,40.389895855306236],[-111.91677281983911,40.389897214349396],[-111.91677307075757,40.389898573388429],[-111.91677332049818,40.389899932431611],[-111.91677357141667,40.389901291470586],[-111.91677382233517,40.389902650509612],[-111.91677407325368,40.389904009548609],[-111.91677432535,40.389905368583428],[-111.91677457626847,40.389906727622389],[-111.91677482837031,40.389908087557785],[-111.91677507928335,40.38990944569619],[-111.91677533137972,40.389910804730953],[-111.9167755928987,40.38991216373217],[-111.91677606747915,40.389914661255872],[-111.91677631957555,40.389916020290684],[-111.91677657284977,40.389917379321254],[-111.91677682612399,40.389918738351859],[-111.91677707822042,40.38992009738665],[-111.91677733149474,40.38992145641722],[-111.91677758476349,40.389922814547241],[-111.91677783803783,40.389924173577818],[-111.9167780913121,40.389925532608352],[-111.91677834575876,40.389926890734188],[-111.91677859903307,40.38992824976475],[-111.91677885230737,40.38992960879532],[-111.91677910675955,40.389930967821698],[-111.91677936120625,40.389932325947463],[-111.9167796156584,40.389933684973862],[-111.91677987010512,40.389935043099641],[-111.91678012573513,40.389936402121812],[-111.91678038018189,40.389937760247562],[-111.91678063581188,40.389939119269798],[-111.91678088908633,40.389940478300353],[-111.91678114588871,40.389941836417727],[-111.91678140151879,40.389943195439912],[-111.91678165714339,40.389944553561492],[-111.91678191276797,40.389945911683078],[-111.91678216839261,40.389947269804637],[-111.9167824263783,40.389948628818424],[-111.91678268082515,40.389949986944181],[-111.9167829376331,40.389951345962153],[-111.91678319443561,40.389952704079484],[-111.9167834512381,40.389954062196907],[-111.91678370804607,40.389955421214829],[-111.91678396602643,40.389956779328038],[-111.91678422400676,40.389958137441184],[-111.91678447963146,40.389959495562742],[-111.91678473761732,40.389960854576501],[-111.91678499559768,40.389962212689667],[-111.91678525358357,40.389963571703419],[-111.91678551156393,40.389964929816621],[-111.91678576954436,40.389966287929781],[-111.9167860287081,40.38996764693934],[-111.91678628668849,40.389969005052485],[-111.91678654466895,40.389970363165624],[-111.91678680382724,40.389971721274605],[-111.91678706298552,40.389973079383545],[-111.9167873221438,40.389974437492533],[-111.91678758130207,40.389975795601472],[-111.91678784046039,40.389977153710433],[-111.91678810079652,40.389978511815215],[-111.91678835995485,40.389979869924147],[-111.91678862029102,40.389981228028937],[-111.91678888062722,40.389982586133655],[-111.91678914095793,40.389983943337825],[-111.9167894012996,40.389985302343177],[-111.91678966163029,40.389986659547297],[-111.9167899219665,40.389988017652058],[-111.9167901834806,40.389989375752627],[-111.91679044381681,40.389990733857367],[-111.91679070533085,40.389992091957872],[-111.91679096684497,40.389993450058469],[-111.91679122835355,40.389994807258404],[-111.91679148986768,40.389996165358937],[-111.91679175138178,40.389997523459506],[-111.91679201407374,40.389998881555833],[-111.91679227558235,40.390000238755775],[-111.91679253827432,40.390001596852152],[-111.91679279978304,40.3900029540521],[-111.91679306248045,40.390004313049019],[-111.91679332634479,40.390005670240541],[-111.91679358785899,40.390007028341088],[-111.91679385172334,40.390008385532667],[-111.9167941144154,40.39000974362898],[-111.91679437827975,40.390011100820509],[-111.91679464214963,40.390012458912658],[-111.91679490601949,40.390013817004764],[-111.9167951698839,40.390015174196314],[-111.91679543257051,40.390016531392043],[-111.91679569761824,40.390017889479992],[-111.91679596148266,40.390019246671514],[-111.91679622653041,40.390020604759457],[-111.91679649157274,40.390021961946779],[-111.9167967554372,40.390023319138358],[-111.91679702048496,40.390024677226272],[-111.91679728552728,40.390026034413594],[-111.91679755057511,40.390027392501509],[-111.9167978167898,40.39002874878404],[-111.91679808183761,40.39003010687199],[-111.91679834805782,40.390031464055127],[-111.91679861310017,40.39003282124245],[-111.91679888049819,40.390034178421359],[-111.91679914554057,40.39003553560871],[-111.91679941176628,40.390036893692375],[-111.91679967916433,40.390038250871321],[-111.91679994538455,40.390039608054465],[-111.91680021278263,40.390040965233375],[-111.91680047900292,40.390042322416512],[-111.91680074640102,40.390043679595436],[-111.91680101262132,40.390045036778538],[-111.91680128120272,40.39004639485384],[-111.91680154859539,40.39004775113218],[-111.91680181599354,40.390049108311082],[-111.9168020833917,40.390050465489999],[-111.91680235314546,40.390051822660524],[-111.91680262054913,40.390053180740047],[-111.91680288794181,40.390054537018351],[-111.91680315769571,40.390055894188883],[-111.9168034250939,40.390057251367772],[-111.91680369484774,40.39005860853829],[-111.91680396460166,40.390059965708808],[-111.91680423317769,40.390061322883518],[-111.91680450175375,40.390062680058193],[-111.9168047715022,40.390064036328127],[-111.91680504125615,40.390065393498645],[-111.91680531101002,40.390066750669106],[-111.91680558075852,40.390068106939061],[-111.91680585051243,40.390069464109565],[-111.91680612144424,40.390070821275856],[-111.91680639237602,40.390072178442146],[-111.9168066621245,40.390073534712045],[-111.91680693305632,40.390074891878356],[-111.91680720398267,40.390076248144084],[-111.91680747491452,40.390077605310353],[-111.91680774584637,40.390078962476665],[-111.91680801795056,40.390080318738178],[-111.91680829006026,40.390081675900248],[-111.91680856098665,40.390083032165975],[-111.91680883309637,40.390084389328095],[-111.9168091052006,40.390085745589573],[-111.91680937613252,40.390087102755878],[-111.91680964941465,40.390088459013171],[-111.9168099215189,40.390089815274614],[-111.91681019362866,40.390091172436705],[-111.91681046573296,40.390092528698197],[-111.91681073902059,40.390093885856089],[-111.91681101348053,40.390095242109183],[-111.91681128559034,40.39009659927126],[-111.91681155887255,40.390097955528582],[-111.91681183215468,40.390099311785875],[-111.91681196938742,40.390099990362714],[-111.91681210661471,40.390100668038976],[-111.91681237990242,40.390102025196839],[-111.9168126543624,40.390103381449904],[-111.91681292882247,40.390104737703005],[-111.91681320210471,40.39010609396032],[-111.91681347774261,40.390107450209193],[-111.91681375220264,40.390108806462251],[-111.91681402549044,40.390110163620157],[-111.91681430112835,40.390111519869038],[-111.91681457676628,40.390112876117882],[-111.9168148524042,40.390114232366749],[-111.91681512686436,40.390115588619835],[-111.91681540250229,40.39011694486873],[-111.91681567931811,40.390118301113446],[-111.91681595495608,40.390119657362249],[-111.91681623059408,40.39012101361115],[-111.91681650623211,40.39012236986003],[-111.91681678304798,40.390123726104711],[-111.91681705985833,40.390125081448765],[-111.91681733667419,40.390126437693432],[-111.91681761231223,40.39012779394232],[-111.91681788912817,40.390129150186986],[-111.91681816712185,40.390130506427447],[-111.91681844393231,40.39013186177155],[-111.91681872192602,40.390133218011997],[-111.91681899991981,40.390134574252443],[-111.91681927673572,40.390135930497117],[-111.91681955472404,40.390137285837007],[-111.91681983271785,40.390138642077467],[-111.91682011071163,40.390139998317899],[-111.91682038987777,40.390141353653597],[-111.91682066787163,40.390142709894043],[-111.91682094704329,40.390144066130283],[-111.91682122503167,40.390145421470166],[-111.91682150420337,40.390146777706441],[-111.91682178336957,40.390148133042054],[-111.91682206254121,40.390149489278322],[-111.91682234288531,40.390150844609778],[-111.91682262205705,40.390152200846018],[-111.91682290240659,40.390153557078079],[-111.91682318157287,40.390154912413763],[-111.91682346191696,40.390156267745176],[-111.91682374226656,40.390157623977267],[-111.91682402261071,40.39015897930868],[-111.91682430296032,40.390160335540749],[-111.91682458448227,40.390161690868041],[-111.91682486482645,40.390163046199454],[-111.91682514517611,40.390164402431509],[-111.91682542669807,40.390165757758723],[-111.91682570822013,40.390167113086001],[-111.91682598974218,40.390168468413222],[-111.91682627126967,40.390169824641063],[-111.91682655396957,40.390171179964149],[-111.91682683549163,40.390172535291342],[-111.91682711701918,40.39017389151919],[-111.91682739971358,40.390175245941649],[-111.91682768123572,40.390176601268905],[-111.91682796511344,40.390177956587706],[-111.9168282478189,40.390179312811362],[-111.91682853051881,40.390180668134377],[-111.91682881321879,40.390182023457434],[-111.91682909709658,40.390183378776236],[-111.91682937979658,40.390184734099307],[-111.9168296624966,40.390186089422315],[-111.91682994755227,40.390187444736966],[-111.91683023143011,40.390188800055782],[-111.91683051530798,40.390190155374647],[-111.91683079918035,40.390191509792857],[-111.91683108306371,40.390192866012292],[-111.91683136811398,40.390194220426324],[-111.91683165316967,40.390195575740968],[-111.91683193704758,40.390196931059748],[-111.91683222210337,40.390198286374407],[-111.9168325071591,40.390199641689023],[-111.91683279220942,40.390200996103019],[-111.91683307726521,40.390202351417663],[-111.91683336349882,40.390203706728073],[-111.91683364973248,40.390205062038511],[-111.9168339359606,40.390206416448343],[-111.91683422101647,40.390207771762924],[-111.91683450606679,40.390209126176984],[-111.9168347934783,40.390210481483187],[-111.916835079712,40.390211836793611],[-111.91683536594024,40.390213191203422],[-111.91683565335178,40.390214546509611],[-111.91683594076333,40.39021590181585],[-111.91683622699159,40.390217256225668],[-111.91683651558098,40.390218611527679],[-111.91683680298709,40.390219965933291],[-111.91683709039869,40.390221321239473],[-111.91683737781028,40.390222676545704],[-111.91683766521096,40.39022403005071],[-111.91683795380044,40.390225385352693],[-111.91683824120659,40.390226739758312],[-111.91683852979605,40.390228095060323],[-111.91683881838004,40.390229449461728],[-111.91683910696408,40.390230803863119],[-111.91683939673142,40.390232159160959],[-111.91683968530999,40.390233512661773],[-111.91683997389954,40.390234867963741],[-111.91684026366144,40.390236222360912],[-111.91684055342331,40.390237576758125],[-111.91684084200742,40.390238931159558],[-111.91684113294718,40.390240285552544],[-111.91684142271458,40.390241640850327],[-111.91684171247655,40.390242995247519],[-111.91684200223852,40.390244349644732],[-111.91684229317828,40.390245704037717],[-111.91684258294028,40.390247058434888],[-111.91684287388013,40.390248412827873],[-111.91684316481995,40.390249767220908],[-111.9168434557598,40.390251121613886],[-111.91684374669967,40.390252476006872],[-111.91684403763954,40.39025383039985],[-111.91684432975724,40.390255184788636],[-111.91684462187493,40.390256539177415],[-111.91684491398722,40.390257892665581],[-111.91684520493263,40.390259247959207],[-111.91684549704487,40.390260601447395],[-111.91684578916262,40.390261955836152],[-111.91684608245826,40.390263310220725],[-111.91684637457604,40.390264664609504],[-111.91684666787164,40.390266018994147],[-111.916846959984,40.390267372482256],[-111.91684725327416,40.390268725966244],[-111.91684754657531,40.390270081251444],[-111.91684783986548,40.390271434735439],[-111.91684813316118,40.39027278911999],[-111.91684842763472,40.390274143500378],[-111.91684872092492,40.39027549698433],[-111.91684901422067,40.390276851368888],[-111.91684930986656,40.390278204844464],[-111.91684960316233,40.390279559229029],[-111.91684989763039,40.390280912708818],[-111.91685019210398,40.390282267089162],[-111.91685048774995,40.39028362056473],[-111.91685078104025,40.39028497404869],[-111.91685107669171,40.390286328424864],[-111.91685137234317,40.390287682801052],[-111.91685166798918,40.390289036276599],[-111.91685196363521,40.390290389752153],[-111.91685225928673,40.390291744128348],[-111.91685255493275,40.390293097603873],[-111.91685285057876,40.390294451079427],[-111.91685314740812,40.390295805451402],[-111.91685344423205,40.390297158922742],[-111.91685373987811,40.390298512398324],[-111.91685403670206,40.390299865869657],[-111.91685433234815,40.390301219345226],[-111.91685462917756,40.390302573717157],[-111.91685492717936,40.390303927184341],[-111.9168552240033,40.390305280655674],[-111.91685552200512,40.39030663412283],[-111.91685582000696,40.390307987589992],[-111.91685611683094,40.390309341061339],[-111.91685641483278,40.390310694528495],[-111.91685671283464,40.390312047995621],[-111.91685701201433,40.390313401458563],[-111.91685731001623,40.390314754925726],[-111.91685760801806,40.390316108392838],[-111.91685790719781,40.390317461855801],[-111.91685820519972,40.390318815322942],[-111.91685850437948,40.390320168785884],[-111.91685880355375,40.390321521348227],[-111.91685910273351,40.39032287481114],[-111.91685940309117,40.39032422826989],[-111.91685970227095,40.390325581732824],[-111.91686000145079,40.390326935195773],[-111.91686030063062,40.390328288658694],[-111.91686060216057,40.390329641212666],[-111.91686090251829,40.390330994671388],[-111.91686120287596,40.390332348130087],[-111.91686150322813,40.390333700688224],[-111.91686180358589,40.390335054146959],[-111.9168621039436,40.390336407605687],[-111.91686240547369,40.390337760159611],[-111.91686270700923,40.390339113614139],[-111.91686300736154,40.390340466172276],[-111.91686330889709,40.390341819626812],[-111.91686361043276,40.390343173081327],[-111.91686391314072,40.390344525631029],[-111.91686421467088,40.390345878184966],[-111.91686451738435,40.390347231635303],[-111.9168648189145,40.390348584189177],[-111.91686512162801,40.390349937639513],[-111.91686542315821,40.39035129019345],[-111.91686572704407,40.390352642738925],[-111.91686602975761,40.390353996189283],[-111.91686633246567,40.390355348739007],[-111.91686663635157,40.390356701284539],[-111.91686693906514,40.39035805473479],[-111.91686724177323,40.390359407284528],[-111.91686754565917,40.390360759830038],[-111.91686784954516,40.390362112375527],[-111.9168681534366,40.390363465821657],[-111.91686845732256,40.390364818367154],[-111.91686876238639,40.390366170908436],[-111.91686906627237,40.390367523453982],[-111.91686925872943,40.390368372951279],[-111.91686937133625,40.390368875995229],[-111.91686967640007,40.390370228536575],[-111.91686998146396,40.3903715810779],[-111.91687028652781,40.390372933619176],[-111.91687059159172,40.390374286160494],[-111.91687089665558,40.390375638701762],[-111.91687119936933,40.390376992152056],[-111.91687126831719,40.390377289110205],[-111.91687150678341,40.39037834378437],[-111.91687181420308,40.390379696317247],[-111.91687211926698,40.390381048858558],[-111.9168724255088,40.390382401395627],[-111.91687273175059,40.390383753932738],[-111.91687303798693,40.390385105569216],[-111.9168733442287,40.390386458106327],[-111.91687365164843,40.39038781063924],[-111.91687395906811,40.390389163172095],[-111.91687426530999,40.390390515709186],[-111.91687457272968,40.390391868242077],[-111.91687488014938,40.390393220774968],[-111.91687518756912,40.390394573307866],[-111.91687549616121,40.390395924935945],[-111.91687580357548,40.390397276568201],[-111.91687611217304,40.390398629096907],[-111.91687641959282,40.390399981629741],[-111.91687672819047,40.390401334158462],[-111.91687703678258,40.390402685786533],[-111.91687734538027,40.390404038315211],[-111.91687765397241,40.390405389943282],[-111.91687796256463,40.39040674157134],[-111.91687827116229,40.390408094100025],[-111.91687858093233,40.390409445723883],[-111.91687888953003,40.390410798252574],[-111.9168791993001,40.390412149876461],[-111.91687950907567,40.390413502400939],[-111.9168798200236,40.390414854020577],[-111.91688012979364,40.390416205644414],[-111.91688043956925,40.390417558168927],[-111.91688075051718,40.390418909788572],[-111.91688106028734,40.390420261412466],[-111.91688137123532,40.39042161303211],[-111.91688168218332,40.390422964651755],[-111.9168819919535,40.390424316275592],[-111.91688230408481,40.390425668791671],[-111.91688261503283,40.390427020411323],[-111.91688292598087,40.39042837203101],[-111.91688323810679,40.390429723646442],[-111.91688355023267,40.390431075261908],[-111.91688386235855,40.390432426877354],[-111.91688417448451,40.390433778492834],[-111.91688448661044,40.390435130108273],[-111.91688479873635,40.39043648172369],[-111.91688511086235,40.390437833339199],[-111.91688542416611,40.390439184950409],[-111.91688573629212,40.390440536565848],[-111.9168860495959,40.390441888177122],[-111.91688636289977,40.39044323978834],[-111.91688667620363,40.390444591399586],[-111.91688698950198,40.390445942110226],[-111.91688730398367,40.390447293717287],[-111.91688761728759,40.390448645328533],[-111.916887930586,40.39044999603918],[-111.9168882450677,40.39045134764622],[-111.91688855954946,40.390452699253231],[-111.91688887402573,40.390454049959679],[-111.91688918850751,40.390455401566726],[-111.91688950181151,40.390456753177951],[-111.91688981747112,40.390458104780777],[-111.91689013313075,40.390459456383581],[-111.91689044878497,40.390460807085816],[-111.91689076326132,40.390462157792257],[-111.91689107774319,40.390463509399311],[-111.91689139339738,40.390464860101531],[-111.91689171023489,40.390466211700151],[-111.91689202588917,40.390467562402371],[-111.91689234154889,40.390468914005183],[-111.91689265838095,40.390470264703197],[-111.91689297404075,40.390471616306058],[-111.91689329087284,40.390472967004072],[-111.91689360770498,40.390474317702115],[-111.91689392571496,40.390475668395929],[-111.91689424255257,40.390477019994528],[-111.91689455938477,40.39047837069257],[-111.91689487621692,40.390479721390548],[-111.91689519422694,40.390481072084356],[-111.91689551224248,40.390482423678776],[-111.91689582907472,40.390483774376783],[-111.91689614826261,40.390485125066391],[-111.91689646627268,40.390486475760234],[-111.91689678428273,40.39048782645402],[-111.91689710229281,40.390489177147828],[-111.91689742030294,40.390490527841635],[-111.91689774066872,40.39049187852703],[-111.91689805867885,40.390493229220844],[-111.9168983778723,40.390494580811016],[-111.91689869705486,40.390495930600046],[-111.91689901624287,40.390497281289633],[-111.91689933543086,40.390498631979234],[-111.9168996557967,40.390499982664615],[-111.91689997616261,40.390501333350031],[-111.91690029535064,40.390502684039625],[-111.91690061571653,40.390504034725033],[-111.91690093489916,40.390505384514029],[-111.91690125644287,40.390506735195217],[-111.91690157680885,40.390508085880619],[-111.91690189716928,40.390509435665415],[-111.91690221871858,40.390510787247194],[-111.91690253907905,40.39051213703199],[-111.91690286062288,40.390513487713172],[-111.91690318216124,40.39051483749374],[-111.91690350370511,40.390516188174907],[-111.91690382524892,40.390517538856074],[-111.91690414678732,40.390518888636677],[-111.91690446950903,40.390520239313659],[-111.91690479104747,40.390521589094263],[-111.91690511376919,40.390522939771259],[-111.91690543648545,40.390524289547585],[-111.91690575802939,40.390525640228752],[-111.91690608192349,40.390526990000971],[-111.9169064046398,40.390528339777354],[-111.91690672853393,40.390529689549481],[-111.91690705125582,40.390531040226456],[-111.91690737514996,40.39053238999864],[-111.91690769787181,40.390533740675629],[-111.91690802058818,40.390535090451991],[-111.91690834566572,40.39053644112056],[-111.91690866955992,40.390537790892701],[-111.91690899463201,40.390539140660664],[-111.91690931735391,40.390540491337603],[-111.91690964242598,40.390541841105595],[-111.9169099674981,40.390543190873572],[-111.91691029257025,40.390544540641507],[-111.91691061646453,40.390545890413684],[-111.91691094271452,40.390547240177433],[-111.91691126660884,40.390548589949574],[-111.91691159285884,40.390549939713338],[-111.91691191910887,40.390551289477102],[-111.91691224418108,40.390552639245016],[-111.91691257043114,40.390553989008794],[-111.9169128966812,40.390555338772543],[-111.91691322293126,40.390556688536293],[-111.91691354918136,40.390558038300028],[-111.91691387543139,40.390559388063785],[-111.91691420167601,40.390560736926929],[-111.91691452910402,40.390562086686487],[-111.91691485535416,40.390563436450229],[-111.91691518278212,40.390564786209758],[-111.9169155102101,40.390566135969287],[-111.91691583763262,40.39056748482821],[-111.91691616506067,40.390568834587768],[-111.91691649366101,40.390570183442541],[-111.91691681991124,40.390571533206227],[-111.91691714851716,40.390572882961571],[-111.91691747712302,40.390574232716915],[-111.91691780454561,40.390575581575852],[-111.91691813432939,40.390576931326976],[-111.91691846292986,40.390578280181714],[-111.91691879153579,40.390579629937015],[-111.9169191201363,40.390580978791739],[-111.91691944992012,40.390582328542877],[-111.91691977969847,40.39058367739338],[-111.91692010947676,40.39058502624394],[-111.91692043808283,40.390586375999241],[-111.91692076786121,40.390587724849759],[-111.91692109764512,40.390589074600904],[-111.91692153578272,40.390589070337477],[-111.917916870346,40.390580762455215],[-111.9179178723811,40.39057839655505],[-111.91791748175103,40.390461464445544],[-111.91799732911193,40.390466611645607],[-111.91807690702852,40.39047494530633],[-111.91822692930464,40.390490434766576],[-111.91837746688333,40.390499656702879],[-111.91852825803903,40.390502595081919],[-111.92108662168783,40.390501389525461],[-111.9211626136248,40.39049881369462],[-111.92123820918181,40.390490645393072],[-111.92131299735466,40.390476929030925],[-111.92138657152883,40.390457739182438],[-111.92145853169015,40.390433180180572],[-111.92153196048267,40.390550518287839],[-111.92153612871054,40.390550483453829]]]},"properties":{"OBJECTID":32,"ID":505,"NAME":"Wal-Mart","RECORDEDUNITS":0,"DENSITY":" ","ACRE":36.75665403,"TYPE":"Commercial","STATUS":"Recorded","NOTE":null,"GlobalID":"{A71D53C7-DA84-4090-B2C9-470E8E88362E}","PLANNEDUNITS":0,"EXISTINGUNITS":null,"PREVIOUSNAME":null,"ID_TEXT":"2077","ProjectLink":null,"PLANNER":null,"created_user":null,"created_date":null,"last_edited_user":null,"last_edited_date":null,"REMAININGUNITS":null,"DA_Exceptions":null,"ParentID":null,"ACTIVEDATE":null,"Shape.STArea()":1601088.3705863901,"Shape.STLength()":5511.1694496074588}},{"type":"Feature","id":33,"geometry":{"type":"Polygon","coordinates":[[[-111.90963873082663,40.388531142192775],[-111.90962373427504,40.387675017613574],[-111.9088792048892,40.387682298505197],[-111.90880379112123,40.3876837022733],[-111.90882298349332,40.388540036508815],[-111.90963873082663,40.388531142192775]]]},"properties":{"OBJECTID":33,"ID":502,"NAME":"Dana Ortho","RECORDEDUNITS":null,"DENSITY":" ","ACRE":1.6322172699999999,"TYPE":"Commercial","STATUS":"Recorded","NOTE":null,"GlobalID":"{7BD900AF-F8CB-4EB9-9697-545B123E888A}","PLANNEDUNITS":null,"EXISTINGUNITS":null,"PREVIOUSNAME":null,"ID_TEXT":"2079","ProjectLink":null,"PLANNER":null,"created_user":null,"created_date":null,"last_edited_user":null,"last_edited_date":null,"REMAININGUNITS":null,"DA_Exceptions":null,"ParentID":null,"ACTIVEDATE":null,"Shape.STArea()":71099.668737473577,"Shape.STLength()":1079.582914184756}},{"type":"Feature","id":34,"geometry":{"type":"Polygon","coordinates":[[[-111.91162313748227,40.392344992518595],[-111.91194416564109,40.392279542209913],[-111.91464819282101,40.391702358638121],[-111.91450480536616,40.391309661806339],[-111.91450400387194,40.391307434717874],[-111.91450353882738,40.391306109756378],[-111.91450307965567,40.391304782072226],[-111.91450262990679,40.391303454354677],[-111.91450218603073,40.391302123914478],[-111.91450175039418,40.391300792544442],[-111.91450132416945,40.391299459339841],[-111.91450090382308,40.391298124313145],[-111.91450049172171,40.391296789257254],[-111.91450008785429,40.391295452370912],[-111.91449969103762,40.391294112757805],[-111.91449930247133,40.391292774016037],[-111.91449892095575,40.391291432547433],[-111.91449854767964,40.391290090149013],[-111.9144981826321,40.391288745019565],[-111.9144978246571,40.391287400765698],[-111.91449747491615,40.391286054681437],[-111.91449713223135,40.391284706770904],[-111.91449679779149,40.391283358831167],[-111.91449647158564,40.39128200906103],[-111.91449615361927,40.391280658361069],[-111.91449584153669,40.391279306739627],[-111.91449553887142,40.391277954184204],[-111.91449524326232,40.391276599802559],[-111.91449495707053,40.391275244486927],[-111.914494676768,40.391273889150369],[-111.91449440470494,40.391272532884045],[-111.91449414205371,40.391271174783157],[-111.91449388411388,40.39126981666552],[-111.91449363676927,40.391268457609755],[-111.91449339648078,40.391267096727731],[-111.9144931644372,40.391265735816532],[-111.91449293945523,40.391264373979702],[-111.91449272271821,40.391263012113576],[-111.91449251539309,40.391261648412943],[-111.91449231395167,40.391260283790778],[-111.91449211958285,40.391258920044223],[-111.91449193463131,40.391257555363687],[-111.91449175791381,40.391256188852736],[-111.9144915894467,40.391254823213146],[-111.91449142803026,40.391253454846691],[-111.91449127486965,40.39125208825223],[-111.91449112876522,40.391250719831547],[-111.91449099208899,40.391249352278102],[-111.91449086246894,40.391247982898392],[-111.91449073991596,40.391246613493642],[-111.91449062560247,40.391245243159091],[-111.91449052071715,40.391243873691735],[-111.91449042171564,40.391242503302905],[-111.91449033213148,40.391241131980109],[-111.91449025079758,40.391239761528652],[-111.91449017651992,40.391238389251036],[-111.91449011049266,40.391237017844745],[-111.91449005152695,40.391235645512829],[-111.91449000198946,40.391234274048102],[-111.91448996069694,40.391232902554208],[-111.91448992528817,40.391231530138803],[-111.91448989811882,40.391230156793632],[-111.91448988037774,40.391228784315608],[-111.91448986970913,40.391227412713171],[-111.91448986610214,40.391226040185074],[-111.91448987309577,40.391224667619483],[-111.91449027815965,40.391164788638498],[-111.91449025133305,40.391163277497618],[-111.91449016410462,40.391161906166445],[-111.91449001800588,40.391160538646304],[-111.91448981185894,40.391159174941407],[-111.91448954685799,40.391157817749402],[-111.91448922183078,40.391156467974966],[-111.91448883913829,40.391155126510441],[-111.91448839762465,40.391153796962371],[-111.91448789846216,40.391152478425965],[-111.91448734284511,40.391151173598857],[-111.91448672842317,40.391149883390007],[-111.91448605992419,40.391148610484436],[-111.9144853373427,40.391147353981637],[-111.91448455834485,40.391146117492276],[-111.91448372646413,40.391144901003941],[-111.9144828417169,40.391143707218291],[-111.91448190645349,40.391142535226464],[-111.91448091952331,40.391141389535584],[-111.91447988444889,40.391140268331974],[-111.91447880006888,40.391139174321545],[-111.91447766874978,40.391138109297231],[-111.91447649049169,40.391137073258925],[-111.91447527001138,40.391136067090613],[-111.91447400378621,40.391135092605971],[-111.9144726988943,40.391134151581142],[-111.91447135180738,40.391133244929271],[-111.91446996605912,40.391132372637834],[-111.91446854166033,40.391131536508027],[-111.9144670844949,40.391130735618368],[-111.914465591051,40.391129973583723],[-111.91446406604011,40.391129250387522],[-111.91446251063451,40.391128565124887],[-111.91446092602853,40.391127920493453],[-111.91445931339987,40.391127316489104],[-111.91445767629307,40.391126754900462],[-111.91445601588596,40.391126235723391],[-111.91445433335096,40.3911257580531],[-111.91445262987126,40.39112532278596],[-111.91445090899688,40.391124932611334],[-111.91444917307247,40.391124585719602],[-111.91444742210358,40.391124283011386],[-111.91444565845133,40.391124025379064],[-111.91444388564919,40.391123812809901],[-111.91444210370263,40.391123646204569],[-111.91444031496195,40.391123524654219],[-111.91443852412759,40.391123446340842],[-111.91443672889287,40.391123419378275],[-111.91389669042532,40.391121280426283],[-111.91389335704233,40.391121277810605],[-111.91389314150248,40.391121279473836],[-111.9138915620368,40.391121288664792],[-111.91388976820916,40.39112129951473],[-111.91388797322546,40.39112131397124],[-111.91388775769651,40.391121317435683],[-111.91388617830167,40.391121338334287],[-111.91388596276731,40.391121340898096],[-111.91388438337792,40.391121362697326],[-111.91388416784898,40.39112136616172],[-111.91388258850864,40.391121396066275],[-111.91388237415761,40.391121399526547],[-111.91388079481726,40.391121429431045],[-111.91388057929925,40.391121434696643],[-111.91387900000794,40.391121472706544],[-111.91387720519317,40.391121515081423],[-111.91387698968605,40.391121522148204],[-111.91387541161073,40.391121566458068],[-111.91387519728148,40.391121573520685],[-111.91387361806648,40.391121624138883],[-111.91387340373173,40.391121630300923],[-111.91387182453309,40.391121683620867],[-111.91387161020923,40.391121691584068],[-111.91387003102693,40.391121747605816],[-111.91386981788096,40.391121755564861],[-111.91386823991463,40.391121817886571],[-111.91386802441845,40.391121826754571],[-111.91386644646849,40.391121891778077],[-111.9138662309777,40.39112190154664],[-111.91386465541068,40.391121971064763],[-111.91386443992535,40.39112198173391],[-111.9138628632023,40.391122054858592],[-111.91386264771697,40.39112206552776],[-111.91386107102655,40.39112214405597],[-111.9138608567191,40.391122154720982],[-111.91385928122835,40.391122236847394],[-111.91385906575393,40.391122249317739],[-111.91385749028498,40.391122335046553],[-111.91385727598838,40.391122347512749],[-111.91385570055211,40.39112243864507],[-111.91385548508313,40.391122452016013],[-111.91385391084651,40.391122546746594],[-111.91385369654996,40.391122559212768],[-111.91385212235149,40.391122660247497],[-111.91385190805487,40.391122672713706],[-111.91385033269492,40.391122776454289],[-111.91385011959252,40.391122791618116],[-111.91384854543765,40.391122899857542],[-111.91384833232981,40.391122914120778],[-111.91384675820217,40.391123026863177],[-111.91384654392188,40.391123042031154],[-111.91384497098848,40.391123157471178],[-111.91384475671366,40.391123173539732],[-111.91384318499618,40.391123295279769],[-111.91384297072682,40.391123312248908],[-111.9138413990257,40.391123436690734],[-111.91384118475641,40.391123453659837],[-111.91383961426035,40.391123582600436],[-111.91383940116883,40.391123599565397],[-111.91383783070007,40.391123733008968],[-111.91383761762488,40.391123752675732],[-111.91383604717787,40.391123889721655],[-111.91383583409183,40.391123907587243],[-111.91383426485534,40.391124050032516],[-111.91383405060238,40.391124069703494],[-111.91383248256554,40.391124215746977],[-111.91383226948491,40.39112423451315],[-111.91383070147532,40.391124385059697],[-111.91383048722776,40.391124405631153],[-111.91382892042323,40.391124560676481],[-111.91382870735355,40.391124581243837],[-111.91382714175408,40.391124740787923],[-111.91382692750656,40.391124761359393],[-111.91382536310674,40.391124924501732],[-111.91382514887012,40.391124946874392],[-111.91382358448661,40.391125112718463],[-111.91382337142781,40.39112513508703],[-111.91382180708251,40.391125307235235],[-111.91382159520698,40.39112533050023],[-111.91382003088341,40.391125506250788],[-111.9138198190079,40.391125529515755],[-111.91381825706733,40.391125709760999],[-111.91381804401938,40.391125733930721],[-111.91381648210053,40.391125917778297],[-111.91381626905263,40.391125941948047],[-111.9138147083389,40.391126130294431],[-111.91381449647429,40.391126155360567],[-111.91381293578775,40.39112634820993],[-111.91381272392312,40.391126373276066],[-111.91381116561953,40.391126570620067],[-111.91381095258252,40.391126596591008],[-111.91380939430074,40.391126797537375],[-111.91380918362482,40.391126824400494],[-111.91380762537025,40.391127029849862],[-111.91380741351651,40.391127056717195],[-111.91380585763945,40.391127265760524],[-111.9138056457966,40.391127294429069],[-111.91380409111913,40.391127507070642],[-111.91380387809848,40.391127535743323],[-111.91380232344825,40.391127752887847],[-111.9138021127887,40.391127782452799],[-111.91380055934354,40.391128004096167],[-111.91380034750073,40.391128032764648],[-111.91379879526609,40.391128259807402],[-111.91379858460651,40.391128289372318],[-111.91379703239369,40.391128520017411],[-111.91379682291745,40.391128550478783],[-111.91379527073182,40.39112878562689],[-111.91379506126104,40.391128816988846],[-111.91379351143655,40.391129053029168],[-111.91379175336267,40.391129327632036],[-111.91378999531602,40.39112960673787],[-111.91378823847994,40.391129891243104],[-111.91378648284885,40.391130180247131],[-111.91378627339439,40.391130214310884],[-111.91378473076767,40.391130471940436],[-111.91378297754677,40.391130769942066],[-111.91378122788663,40.391131072434128],[-111.91377947708132,40.391131380333952],[-111.91377772983134,40.391131691823659],[-111.91377598378641,40.391132007812139],[-111.91377423777415,40.391132329204169],[-111.91377249415029,40.391132655991441],[-111.91377075172602,40.391132986376917],[-111.91376901168469,40.391133321257023],[-111.91376727167054,40.391133660640094],[-111.91376553404476,40.39113400541838],[-111.91376379880738,40.391134355591937],[-111.91376206359176,40.39113470936784],[-111.91376033193146,40.391135066733575],[-111.91375860031465,40.391135431304107],[-111.91375687106999,40.391135798568072],[-111.91375514303029,40.391136170330853],[-111.91375341737897,40.391136547488827],[-111.91375169293276,40.391136929145596],[-111.91374997086942,40.391137315297058],[-111.91374825001114,40.391137705947266],[-111.91374653154124,40.391138101992745],[-111.91374481427641,40.39113850253699],[-111.91374309938904,40.391138906675252],[-111.91374138571216,40.39113931621295],[-111.91373967323487,40.391139729348829],[-111.91373796432931,40.39114014877638],[-111.91373625661787,40.391140570901513],[-111.91373436778551,40.391141037797539],[-111.91373265768019,40.391141453626751],[-111.91373094518651,40.391141864060742],[-111.91372922912653,40.391142269103547],[-111.91372751185057,40.391142667846374],[-111.91372579218624,40.39114306119388],[-111.91372406895024,40.391143448249707],[-111.91372234568151,40.391143829901878],[-111.91372062001891,40.3911442052582],[-111.91371888961771,40.391144576128141],[-111.91371716035071,40.391144939789136],[-111.91371542751756,40.391145298059001],[-111.91371369229591,40.391145650933595],[-111.91371195585832,40.391145997508097],[-111.9137102170269,40.391146337786758],[-111.91370847581251,40.391146673570745],[-111.91370673219883,40.391147002158192],[-111.9137049885525,40.391147325342104],[-111.91370324133983,40.391147643134886],[-111.9137014940891,40.391147954623392],[-111.91369974444993,40.391148260716648],[-111.91369799241697,40.391148560514047],[-111.91369623916798,40.391148854011405],[-111.91369448353063,40.391149142113399],[-111.91369272668267,40.391149424816007],[-111.9136911969189,40.391149667088364],[-111.91369096862968,40.391149703019764],[-111.91368943764442,40.391149938091445],[-111.9136892081774,40.391149974027009],[-111.91368767597616,40.391150202798663],[-111.9136874476815,40.391150237829507],[-111.91368591310281,40.391150463007058],[-111.91368568479723,40.391150496236655],[-111.91368414783012,40.391150716018927],[-111.91368391951914,40.391150748347961],[-111.91368238252475,40.39115096362719],[-111.91368215421379,40.391150995956217],[-111.91368061600342,40.391151204935447],[-111.91368038768699,40.391151236363839],[-111.91367884708826,40.391151439947777],[-111.91367861876633,40.391151470475585],[-111.91367707814582,40.391151670457106],[-111.91367684864062,40.391151700088479],[-111.91367530680411,40.391151893769965],[-111.91367507729348,40.39115192250074],[-111.91367353425186,40.391152111683368],[-111.91367330473579,40.391152139513501],[-111.91367176166148,40.391152323292559],[-111.91367153096211,40.391152350226257],[-111.91366998667728,40.391152528605851],[-111.91366975715572,40.391152555535434],[-111.91366821048794,40.391152729420291],[-111.91366797978316,40.391152755453405],[-111.91366643307721,40.391152923034085],[-111.91366620236693,40.391152948166592],[-111.91366465445594,40.391153111248428],[-111.91366442491803,40.391153135476166],[-111.91366287579108,40.391153292257975],[-111.91366264624772,40.391153315585136],[-111.91366109592106,40.391153468768636],[-111.91366086519449,40.39115349119934],[-111.91365931365181,40.391153638082891],[-111.91365908410307,40.391153660509417],[-111.91365753253321,40.39115380288986],[-111.91365730180115,40.391153824419973],[-111.91365574901533,40.391153960500446],[-111.91365551945562,40.391153981125747],[-111.9136539654701,40.391154113607975],[-111.91365373472721,40.391154133336862],[-111.91365217952027,40.391154258618414],[-111.9136519499497,40.391154277442531],[-111.91365039472099,40.391154399121632],[-111.91365016396711,40.391154417049343],[-111.91364860752789,40.391154533329029],[-111.91364837794644,40.39115455035197],[-111.91364682029666,40.391154661232171],[-111.91364659071519,40.391154678255148],[-111.91364503303272,40.391154783731743],[-111.91364480109016,40.391154799862377],[-111.9136432445528,40.391154899931244],[-111.91364301260477,40.391154915161273],[-111.91364145485151,40.391155008930077],[-111.91364122407585,40.391155023255372],[-111.91363966512291,40.391155113425938],[-111.91363943434726,40.391155127751212],[-111.91363787536163,40.391155212518115],[-111.91363764339727,40.391155225046383],[-111.91363608320111,40.391155304413857],[-111.91363585241457,40.391155316937962],[-111.9136342921912,40.391155391802407],[-111.91363406021047,40.391155401628872],[-111.91363249994896,40.391155470189133],[-111.91363226915153,40.391155480911991],[-111.91363070768497,40.391155544973437],[-111.91363047688206,40.391155554795709],[-111.91362891538276,40.391155613453471],[-111.91362868339114,40.391155621478767],[-111.91362712187554,40.391155677434746],[-111.9136268910563,40.39115568455523],[-111.91362532949162,40.391155732405785],[-111.91362509631129,40.391155738633991],[-111.91362353473572,40.391155784683342],[-111.91362330272231,40.391155789106172],[-111.9136217399254,40.391155827954847],[-111.91362150791197,40.391155832377741],[-111.91361994626016,40.391155865818668],[-111.91361971424129,40.391155869340899],[-111.9136181513844,40.391155898282939],[-111.91361791936555,40.391155901805178],[-111.91361635764835,40.391155924438877],[-111.91361612444078,40.391155926164096],[-111.91361456151851,40.391155944298959],[-111.91361432948877,40.391155946019971],[-111.91361253450408,40.391155960472247],[-111.91361074065371,40.391155967715555],[-111.91360894558731,40.391155968658772],[-111.91360715048828,40.391155964198376],[-111.91360535417324,40.391155953438002],[-111.91360355899246,40.391155935468596],[-111.91360176614563,40.391155913888426],[-111.91359997089407,40.391155884211202],[-111.91359817560982,40.391155849130371],[-111.91359638147074,40.391155808641741],[-111.91359458846594,40.391155760944116],[-111.9135927942506,40.391155707847062],[-111.91359100000808,40.391155650247008],[-111.91358920807222,40.391155584533173],[-111.9135874149258,40.391155513419911],[-111.91358562292456,40.391155436898877],[-111.91358383087977,40.391155353173012],[-111.91358203998021,40.391155264039398],[-111.9135802490479,40.391155169502127],[-111.91357845807747,40.391155068660709],[-111.91357666942463,40.391154961506672],[-111.91357488073366,40.39115484804843],[-111.91357309201005,40.391154729186589],[-111.91357130442614,40.391154604016414],[-111.91356951798745,40.391154473438377],[-111.91356773151057,40.391154336556156],[-111.91356594617346,40.391154193365587],[-111.91356416197607,40.391154043866635],[-111.913562377746,40.391153888964048],[-111.91356059583354,40.391153727748907],[-111.91355881271053,40.391153561134367],[-111.91355703308298,40.391153388203072],[-111.91355525342274,40.391153209868193],[-111.91355347489679,40.391153024324275],[-111.91355169751601,40.391152833372637],[-111.91354992009714,40.391152636116743],[-111.91354814618452,40.391152434345386],[-111.91354637105057,40.391152225373354],[-111.91354459823962,40.391152010989416],[-111.91354282656836,40.391151790297059],[-111.91354105603689,40.391151563296354],[-111.9135392866506,40.391151330887837],[-111.913537518404,40.391151092170979],[-111.91353575248048,40.391150848042123],[-111.91353398769667,40.391150597604948],[-111.91353222405806,40.391150341759982],[-111.91353046273159,40.39115007870187],[-111.91352870255571,40.391149811136565],[-111.9135269435196,40.391149537262898],[-111.91352518562864,40.391149257981439],[-111.91352342887201,40.391148971491013],[-111.91352167562174,40.391148680485045],[-111.91351992233329,40.391148383174936],[-111.91351817254028,40.391148079548081],[-111.91351642271462,40.391147770517598],[-111.91351467756222,40.391147455166234],[-111.91351293119934,40.391147134415462],[-111.91351118833188,40.391146807347994],[-111.91350944543179,40.391146474876898],[-111.91350770602712,40.391146136089084],[-111.91350596894544,40.391145791889336],[-111.91350423300901,40.391145442281818],[-111.91350250056799,40.391145086357575],[-111.91350076926675,40.391144724124999],[-111.91349903911608,40.391144357385208],[-111.91349731127758,40.391143983432279],[-111.91349558576211,40.391143604067416],[-111.91349386374206,40.391143218385828],[-111.9134921428727,40.391142828197104],[-111.91349042432631,40.391142432596425],[-111.91348870808669,40.391142028881994],[-111.91348699300853,40.391141622461596],[-111.91348528259279,40.391141207919155],[-111.91348357332771,40.391140788869471],[-111.91348186637474,40.39114036260677],[-111.91348016175574,40.391139932733196],[-111.91347846062673,40.391139495642406],[-111.91347676064829,40.391139054044388],[-111.91347506416534,40.391138606129672],[-111.91347337000001,40.391138151902453],[-111.91347167815769,40.391137692263257],[-111.91346998863298,40.391137226311557],[-111.91346830379244,40.391136755840151],[-111.91346662009163,40.391136279060383],[-111.91346493989717,40.391135797765145],[-111.91346326084243,40.391135310161509],[-111.91346158646103,40.391134816237013],[-111.91345991440808,40.391134317801182],[-111.91345824467818,40.391133813953388],[-111.91345657726043,40.391133302892477],[-111.91345491452688,40.391132787311889],[-111.91345325411089,40.391132265418804],[-111.91345159720672,40.391131739910769],[-111.91344994261469,40.391131207189595],[-111.91344829152351,40.391130669052316],[-111.91344664275539,40.391130125503132],[-111.91344499748823,40.391129576537843],[-111.91344335572191,40.391129022156434],[-111.9134417162786,40.391128462363135],[-111.91344008150864,40.391127896248946],[-111.91343844906712,40.391127325623415],[-111.91343681894867,40.391126749585929],[-111.91343519350349,40.39112616722759],[-111.91343357156472,40.391125580353759],[-111.91343195194347,40.39112498716738],[-111.91343033700099,40.391124388560783],[-111.91342872438156,40.391123784542224],[-111.91342711526845,40.391123176008129],[-111.9134255108341,40.391122562053809],[-111.91342390871733,40.391121941786921],[-111.91342231127931,40.391121316099785],[-111.91342071734759,40.391120685897199],[-111.91341912573897,40.391120050282602],[-111.91341753880907,40.3911194092478],[-111.91341595538007,40.391118762796886],[-111.91341437545196,40.39111811092986],[-111.91341280020259,40.391117453642551],[-111.91341122727627,40.391116790943364],[-111.91340966021198,40.391116123720323],[-111.91340809547077,40.391115451085327],[-111.91340653422495,40.391114772133662],[-111.91340497766335,40.391114088662341],[-111.91340342460808,40.391113400675493],[-111.91340187504829,40.391112706371999],[-111.9134003313505,40.391112007544642],[-111.9133987911536,40.391111303301216],[-111.91339725327978,40.391110593645848],[-111.91339572126796,40.391109879466626],[-111.91339419157923,40.391109159875498],[-111.91339266774705,40.391108434859952],[-111.91339114859903,40.391107705324714],[-111.91338963177412,40.391106970377542],[-111.91338811962795,40.391106230010145],[-111.9133866133492,40.391105486019512],[-111.91338510938814,40.391104735716347],[-111.91338361128363,40.39110397998877],[-111.91338211668541,40.391103219745702],[-111.91338062558815,40.39110245408655],[-111.91337913918052,40.391101684808277],[-111.913377658624,40.391100909205058],[-111.91337618157384,40.391100129086283],[-111.91337470920244,40.391099343547268],[-111.91337324151522,40.391098553488597],[-111.91337177851213,40.391097758910298],[-111.91337032019328,40.391096959812295],[-111.91336886536988,40.391096154397658],[-111.91336741523072,40.391095344463309],[-111.91336597095895,40.391094530905789],[-111.91336453018813,40.391093711932115],[-111.91336309409604,40.3910928875382],[-111.91336166386056,40.391092057719902],[-111.91336023831465,40.391091224282533],[-111.91335881744754,40.391090385424903],[-111.91335740127005,40.391089542948215],[-111.91335598859342,40.391088695055423],[-111.91335458295127,40.391087841734119],[-111.91335318082089,40.391086984797859],[-111.9133517845471,40.391086122437166],[-111.91335039177967,40.391085255561016],[-111.91334900487975,40.39108438506161],[-111.91334762383089,40.391083508237259],[-111.91334624747169,40.391082627793786],[-111.91334487579675,40.391081742830693],[-111.91334350880047,40.391080852447331],[-111.91334214648843,40.391079957544349],[-111.91334079121621,40.391079058113348],[-111.91333943945581,40.391078155067454],[-111.91333809472987,40.391077246592985],[-111.91333675233783,40.391076334507794],[-111.91333541815808,40.391075416989871],[-111.91333408749016,40.391074495857076],[-111.91333276267878,40.391073569299849],[-111.91333144373489,40.391072639119365],[-111.91333012829732,40.391071704423432],[-111.91332881989969,40.391070765199515],[-111.91332751618079,40.391069820555359],[-111.91332621833477,40.391068873188544],[-111.91332492516753,40.391067920401518],[-111.91332363904556,40.391066963987122],[-111.91332235642997,40.39106600305719],[-111.9133210808597,40.391065038499931],[-111.91331981114601,40.391064068518226],[-111.91331854493866,40.391063094021035],[-111.91331728578209,40.391062116797109],[-111.91331603248213,40.391061134148728],[-111.9133147838718,40.391060147881284],[-111.91331354230128,40.391059157085913],[-111.91331230542046,40.391058162671413],[-111.91331107440165,40.391057163733151],[-111.9133098480616,40.391056159374692],[-111.91330862995011,40.391055152285233],[-111.91330741535042,40.391054141580867],[-111.91330620896851,40.391053126344424],[-111.91330500491503,40.391052106596604],[-111.9133038102626,40.391051083213121],[-111.91330261912738,40.391050057115329],[-111.91330143502114,40.391049024688371],[-111.91330025678785,40.391047989538777],[-111.91329908441655,40.391046949865384],[-111.91329791674032,40.39104590747359],[-111.91329675609859,40.391044859653178],[-111.91329560250757,40.391043809105987],[-111.91329445360074,40.391042754039148],[-111.91329331174468,40.391041696245573],[-111.91329217574518,40.391040633027536],[-111.91329104561862,40.391039567086935],[-111.91328992135411,40.391038496622535],[-111.91328880295707,40.391037422534886],[-111.91328769042747,40.39103634482403],[-111.91328658612105,40.391035263481612],[-111.91328548650425,40.391034178520201],[-111.91328439275492,40.39103308993554],[-111.91328330605093,40.391031997723566],[-111.91328222520897,40.39103090098773],[-111.91328115141773,40.391029801525136],[-111.91328008349942,40.391028699339941],[-111.91327902262101,40.39102759262677],[-111.91327796643216,40.391026482294542],[-111.91327691846652,40.391025368330773],[-111.91327587519599,40.391024251648602],[-111.91327484014313,40.391023130434284],[-111.91327380977987,40.391022005600888],[-111.91327278646742,40.391020878040742],[-111.91327177020027,40.391019746853239],[-111.91327075980054,40.391018612042508],[-111.91326975527376,40.391017474509177],[-111.91326875896473,40.391016332443719],[-111.913267768534,40.391015188556246],[-111.91326678397074,40.39101404104558],[-111.91326580645283,40.391012889907486],[-111.91326483597479,40.391011734241516],[-111.91326387138051,40.391010577654058],[-111.91326291382065,40.391009415638067],[-111.91326196450035,40.391008252692352],[-111.91326101986417,40.391007085226988],[-111.91326008227328,40.39100591413429],[-111.91325915173319,40.391004740314791],[-111.91325822706602,40.391003563772649],[-111.91325731062193,40.39100238359903],[-111.91325640005081,40.39100120070276],[-111.91325549534717,40.391000014183327],[-111.91325459888296,40.39099882673414],[-111.91325370945322,40.390997633856401],[-111.91325282590725,40.390996440057236],[-111.91325194939571,40.390995240829533],[-111.9132510811236,40.390994040672105],[-111.91325021754115,40.390992836895599],[-111.91324936218734,40.390991630388193],[-111.9132485138788,40.390990420253381],[-111.9132476726264,40.390989208292432],[-111.91324683842481,40.39098799360471],[-111.91324601009067,40.390986775293776],[-111.91324518881274,40.390985555156711],[-111.9132443757525,40.39098433048747],[-111.91324356858146,40.390983105797467],[-111.9132427684503,40.390981876579488],[-111.91324197654779,40.390980644630567],[-111.91324119052351,40.390979410859622],[-111.91324041272789,40.390978174357755],[-111.91323964197758,40.390976934228597],[-111.91323887711104,40.390975693177971],[-111.91323811928437,40.390974447599362],[-111.91323736969723,40.390973201091029],[-111.91323662716071,40.39097195185601],[-111.91323589167501,40.390970699894147],[-111.91323516324009,40.390969445205521],[-111.91323444185583,40.390968187790172],[-111.91323372870562,40.390966928544472],[-111.91323302143378,40.390965667476749],[-111.9132323223905,40.390964403678161],[-111.91323163039799,40.390963137152731],[-111.91323094428384,40.390961868805356],[-111.91323026639823,40.39096059772708],[-111.91322959674663,40.390959324818418],[-111.91322893414585,40.390958049183013],[-111.91322827741791,40.390956770824992],[-111.91322762892941,40.390955491537262],[-111.91322698866951,40.390954209518576],[-111.91322635546582,40.390952925673766],[-111.91322572813506,40.390951639106333],[-111.91322510903825,40.390950350708543],[-111.91322449817551,40.390949060480487],[-111.91322389318564,40.390947767529809],[-111.91322329761307,40.390946473645258],[-111.91322270791341,40.390945177038077],[-111.91322212644232,40.390943877699975],[-111.91322139575507,40.390942250163661],[-111.91322080723339,40.390940953552303],[-111.91322021282785,40.39093965786234],[-111.91321961137713,40.390938365799762],[-111.91321900520963,40.390937072853205],[-111.91321839317469,40.390935783529862],[-111.91321777407272,40.390934494231487],[-111.91321714909793,40.390933207655671],[-111.9132165194227,40.390931922897693],[-111.91321588151351,40.390930639970044],[-111.91321524008161,40.390929358856056],[-111.91321459158826,40.390928078667649],[-111.91321393721657,40.39092680030123],[-111.9132132769666,40.390925523756785],[-111.91321261084373,40.390924249934926],[-111.91321193883716,40.390922977034514],[-111.91321126095228,40.390921705956067],[-111.91321057718369,40.390920435799003],[-111.91320988754772,40.39091916926516],[-111.91320919202801,40.390917903652714],[-111.91320848945759,40.390916640766996],[-111.91320778218129,40.390915378798532],[-111.91320707020994,40.390914119548491],[-111.91320635118248,40.390912862124587],[-111.91320562510435,40.390911607427483],[-111.91320489549277,40.390910352742779],[-111.9132041588359,40.39090910168548],[-111.9132034162953,40.390907851549592],[-111.91320266787639,40.390906603235642],[-111.91320191359011,40.390905358544941],[-111.91320115459796,40.39090411477143],[-111.91320038854965,40.390902872824093],[-111.91319961781181,40.390901634495805],[-111.91319884118478,40.390900396188293],[-111.91319805751247,40.390899161508116],[-111.91319726913979,40.390897928645764],[-111.91319647488876,40.390896697605449],[-111.91319567593732,40.390895468382936],[-111.91319486993521,40.390894241887175],[-111.91319405923802,40.390893018109857],[-111.91319324265716,40.390891795253914],[-111.91319241902559,40.390890575124743],[-111.91319159188237,40.390889358610409],[-111.91319075884994,40.390888142116893],[-111.91318991877226,40.390886929250733],[-111.91318907281628,40.39088571820654],[-111.91318822334317,40.390884509876642],[-111.9131873668085,40.390883302472282],[-111.91318650558966,40.390882099587564],[-111.91318563730928,40.390880897628392],[-111.91318476433395,40.390879698387629],[-111.91318388548572,40.390878501869487],[-111.91318300193706,40.390877307169141],[-111.91318211133773,40.39087611519556],[-111.9131812160434,40.390874925940373],[-111.9131803160432,40.39087373760249],[-111.913179410181,40.390872553788384],[-111.91317849843512,40.390871370895617],[-111.91317758082181,40.390870191626064],[-111.91317665850808,40.390869014174349],[-111.9131757303161,40.390867838544615],[-111.91317479625667,40.390866666538059],[-111.91317385749684,40.390865496349328],[-111.91317291404737,40.39086432977961],[-111.91317196354184,40.390863165036087],[-111.91317100834134,40.390862003010959],[-111.91317004844578,40.390860843704303],[-111.91316908149413,40.39085968622372],[-111.91316811103079,40.390858532358038],[-111.91316622705935,40.390856293773062],[-111.91316526246348,40.390855136284138],[-111.91316430139031,40.39085397698156],[-111.91316334266742,40.39085281677005],[-111.91316238863959,40.390851653840123],[-111.91316143813984,40.390850489997042],[-111.91316049233515,40.390849323435582],[-111.91315954887527,40.390848155064582],[-111.91315860776577,40.39084698578462],[-111.91315767253991,40.390845815583305],[-111.91315674083137,40.39084464266768],[-111.9131558114676,40.390843467942531],[-111.91315488679896,40.390842290498931],[-111.91315396566381,40.390841113042875],[-111.9131530468735,40.390839933777229],[-111.91315213395613,40.390838751789055],[-111.91315122338899,40.390837568891925],[-111.91315031634997,40.390836385081705],[-111.913149414006,40.390835198553042],[-111.91314851518469,40.390834010210696],[-111.91314761989693,40.390832821855874],[-111.91314672812096,40.390831629886186],[-111.91314583987305,40.390830437003373],[-111.91314495514786,40.390829242306914],[-111.91314407512316,40.390828045792581],[-111.91314319862657,40.39082684836518],[-111.9131423256526,40.390825649124068],[-111.9131414573792,40.390824448065167],[-111.91314059145604,40.390823246097305],[-111.91313972905554,40.39082204231579],[-111.91313887135549,40.390820836716358],[-111.91313801717271,40.390819628402724],[-111.91313716769587,40.390818419171836],[-111.91308754938152,40.390730722959155],[-111.91308750810286,40.39073071409873],[-111.9130869479895,40.390729439901733],[-111.91308638064058,40.390728137811166],[-111.91308581681969,40.390726834807566],[-111.91308525652151,40.390725529990242],[-111.91308470093462,40.390724225156269],[-111.9130841488759,40.390722919409185],[-111.91308360270089,40.390721612740776],[-111.91308305769287,40.390720304266949],[-111.91308251974644,40.390718994867576],[-111.91308198415028,40.390717684559291],[-111.91308145326549,40.390716374234415],[-111.91308092589786,40.390715061195216],[-111.91308040206926,40.390713749044089],[-111.91307988411894,40.390712435071009],[-111.91307936851891,40.390711120189046],[-111.91307885880261,40.390709804385679],[-111.91307835260899,40.390708486768574],[-111.91307784995432,40.390707170039619],[-111.91307735200012,40.390705851492832],[-111.913076857574,40.390704532032977],[-111.9130763678538,40.390703211655882],[-111.91307588283409,40.390701889460921],[-111.91307540017554,40.39070056815828],[-111.91307492221206,40.390699244137195],[-111.9130744489653,40.390697921000069],[-111.91307398041909,40.390696596045082],[-111.91307351540094,40.390695270177041],[-111.91307305391085,40.390693943395888],[-111.91307259830997,40.390692616593981],[-111.91307214505392,40.390691287982527],[-111.91307169650922,40.39068995935444],[-111.91307125266498,40.390688628908535],[-111.91307081117647,40.390687298454274],[-111.91307037674949,40.390685967074511],[-111.91306994467826,40.390684635686362],[-111.91306951612964,40.390683302484597],[-111.91306909228695,40.390681968365563],[-111.91306867433346,40.390680634225689],[-111.91306825754693,40.390679298280517],[-111.91306784782748,40.390677962310377],[-111.91306744046364,40.390676626331945],[-111.91306703779487,40.390675287635055],[-111.91306663984288,40.390673949822101],[-111.91306624659683,40.390672611091937],[-111.91306585569559,40.390671270552232],[-111.91306547068898,40.390669930892372],[-111.91306508802718,40.390668589422951],[-111.91306471007672,40.390667247936904],[-111.91306433683219,40.390665905533588],[-111.91306396829356,40.390664562213104],[-111.91306360446083,40.390663217975359],[-111.91306324297837,40.390661872828701],[-111.91306288739054,40.390660528561831],[-111.91306253414209,40.390659181584816],[-111.91306218561584,40.3906578363924],[-111.91306184178465,40.390656488481561],[-111.9130615038481,40.390655141450516],[-111.91306116825635,40.390653792609939],[-111.91306083737594,40.3906524437527],[-111.91306051002357,40.390651093982392],[-111.9130601873826,40.3906497441955],[-111.91305986826968,40.390648393495503],[-111.91305955386271,40.390647041878246],[-111.91305924534494,40.390645690240206],[-111.91305893917193,40.390644336792661],[-111.91305863771572,40.390642984229103],[-111.91305834096542,40.390641630748242],[-111.91305804774862,40.390640277254946],[-111.91305775923234,40.390638921943783],[-111.91305747307715,40.390637567524955],[-111.91305719397809,40.390636211279919],[-111.91305691723475,40.390634855026612],[-111.91305664519729,40.390633497855994],[-111.91305637787119,40.390632140668799],[-111.91305611525642,40.390630783464992],[-111.91305585616973,40.39062942534806],[-111.91305560178894,40.390628066313909],[-111.91305534976385,40.390626707271458],[-111.91305510362798,40.390625348208154],[-111.91305486219792,40.390623988227667],[-111.91305462429604,40.390622627334096],[-111.91305438992759,40.39062126642802],[-111.9130541614538,40.390619906401774],[-111.91305393649719,40.390618543661226],[-111.91305371507416,40.390617180908208],[-111.91305349836784,40.390615819039191],[-111.91305328754525,40.390614456248734],[-111.91305307907838,40.390613093450007],[-111.91305287413957,40.390611729738147],[-111.91305267508453,40.390610365104898],[-111.91305248074077,40.390609000455058],[-111.91305228993058,40.390607635792705],[-111.91305210383172,40.390606271113732],[-111.91305192126087,40.39060490552167],[-111.91305174340143,40.390603539912966],[-111.91305156907005,40.390602173391201],[-111.91305139945003,40.390600806852788],[-111.91305123454131,40.390599440297748],[-111.91305107316612,40.390598073730246],[-111.9130509164968,40.390596706245496],[-111.91305076454434,40.390595339644662],[-111.91305061493664,40.390593971234381],[-111.91305047239588,40.39059260279911],[-111.91305033339414,40.390591235251975],[-111.91305019791506,40.390589865891165],[-111.91305006597483,40.390588497418442],[-111.91304993991839,40.390587128024357],[-111.91304981739546,40.390585758617789],[-111.91304969957841,40.390584388293995],[-111.91304958530576,40.390583019758886],[-111.91304947572816,40.390581648505353],[-111.91304937087271,40.390580279036378],[-111.91304926836754,40.39057890865854],[-111.91304917175152,40.39057753825989],[-111.91304907984686,40.390576167844578],[-111.9130489926481,40.390574796512027],[-111.91304890781045,40.390573426071775],[-111.91304882885655,40.390572054710127],[-111.91304875343069,40.390570682435389],[-111.91304868272702,40.390569311945207],[-111.91304861555145,40.390567940541949],[-111.91304855308174,40.390566568221473],[-111.91304849532338,40.390565195884385],[-111.91304844228728,40.390563825331803],[-111.91304839277373,40.390562452965561],[-111.91304834679376,40.390561080586849],[-111.91304830670292,40.390559708187389],[-111.91304827015104,40.390558336675987],[-111.91304823712717,40.390556964251537],[-111.91304820881466,40.39055559181044],[-111.91304818639136,40.390554219348523],[-111.91304816632369,40.390552846878322],[-111.91304815096193,40.390551473490873],[-111.91304814032235,40.39055010188801],[-111.91304813321082,40.390548729372071],[-111.91304813081068,40.390547356839477],[-111.91304813312188,40.390545984290227],[-111.91304814093353,40.390544352343746],[-111.91305021773765,40.390238399825535],[-111.91305022475464,40.390237026358953],[-111.9130502270658,40.390235653809569],[-111.91305022584338,40.39023428127264],[-111.91305021991515,40.390232909652958],[-111.91305021044801,40.390231537145155],[-111.91305019626951,40.390230164654014],[-111.91305017619645,40.390228791283064],[-111.91305015377323,40.390227418821013],[-111.91305012546083,40.390226046379773],[-111.91305009479818,40.39022467484746],[-111.913050058241,40.390223302435295],[-111.91305001815033,40.390221930035636],[-111.9130499721705,40.390220557656789],[-111.91304992384049,40.390219186186826],[-111.9130498696213,40.390217814737674],[-111.91304981186326,40.390216442400366],[-111.913049748216,40.39021507008389],[-111.91304968340185,40.39021369957279],[-111.91304961151532,40.39021232818596],[-111.91304953726765,40.390210955906916],[-111.91304945713631,40.390209584549254],[-111.91304937347692,40.39020821410471],[-111.91304928392296,40.390206842780294],[-111.91304919202423,40.390205473265397],[-111.9130490954033,40.390204101965956],[-111.9130489940765,40.390202731583749],[-111.9130488892217,40.390201362114617],[-111.91304877847232,40.39019999176567],[-111.9130486641949,40.39019862232982],[-111.91304854637853,40.390197252005834],[-111.91304842268396,40.390195883503822],[-111.91304829544495,40.390194513213146],[-111.91304816350559,40.390193144740245],[-111.91304802803815,40.390191777180398],[-111.91304788784859,40.390190407836059],[-111.91304774295858,40.390189040309501],[-111.91304759453506,40.390187672795456],[-111.91304744140024,40.390186305298002],[-111.91304728354871,40.390184936916633],[-111.91304712217458,40.39018357034891],[-111.91304695608915,40.390182203797785],[-111.91304678529242,40.390180837263316],[-111.91304661096767,40.390179471641986],[-111.91304643193158,40.390178106037226],[-111.91304624818419,40.390176740449128],[-111.91304606090881,40.390175375774071],[-111.9130458689221,40.390174011115668],[-111.9130456734019,40.390172646469786],[-111.91304547199803,40.390171282745222],[-111.9130452670607,40.390169919033163],[-111.91304505741752,40.390168556238351],[-111.91304484424086,40.390167193456001],[-111.91304462635287,40.390165830690272],[-111.9130444037645,40.390164469742416],[-111.91304417763176,40.390163107005797],[-111.91304394680408,40.390161746987623],[-111.91304371125418,40.390160385184927],[-111.91304347218168,40.39015902519585],[-111.91304322840335,40.39015766612399],[-111.91304298108064,40.39015630526346],[-111.91304272788517,40.390154947125481],[-111.9130424723286,40.390153588095252],[-111.91304221089381,40.390152230887011],[-111.91304194592006,40.390150872790592],[-111.9130416762405,40.39014951561149],[-111.91304140303831,40.390148160246035],[-111.91304112511943,40.390146803996579],[-111.91304084249467,40.390145448664356],[-111.91304055634187,40.390144094245244],[-111.91304026547235,40.390142738942167],[-111.91303996989699,40.39014138455628],[-111.91303967079902,40.39014003198411],[-111.91303936698978,40.390138679428517],[-111.91303905847464,40.390137327790221],[-111.91303874642064,40.390135975263746],[-111.91303842966619,40.390134624555145],[-111.91303810820045,40.390133273863157],[-111.91303778556237,40.390131924075952],[-111.91303745467951,40.39013057431783],[-111.91303712144644,40.390129225468598],[-111.91303678469083,40.390127878433113],[-111.91303644204064,40.390126530517769],[-111.91303609468454,40.390125183519658],[-111.91303574498372,40.390123838331085],[-111.91303539057162,40.39012249315909],[-111.91303503027044,40.390121148007907],[-111.91303466761897,40.390119803765664],[-111.91303430026171,40.390118460440675],[-111.91303392819857,40.390117118032876],[-111.91303355260202,40.39011577563754],[-111.91303317229956,40.390114434159486],[-111.91303278729129,40.390113093598615],[-111.91303239757715,40.390111753955026],[-111.91303200550739,40.390110414319707],[-111.91303160873721,40.390109076502227],[-111.91303120725033,40.390107737800825],[-111.91303080106303,40.390106400917183],[-111.91303039134772,40.390105064946667],[-111.91302997692107,40.390103728992763],[-111.91302955778862,40.390102393956084],[-111.91302913513357,40.390101060733087],[-111.91302870894508,40.390099727522539],[-111.9130282780507,40.390098395229231],[-111.91302784362286,40.390097062948406],[-111.91302740331682,40.390095732489613],[-111.91302695948281,40.390094402943866],[-111.91302651211528,40.390093073410569],[-111.91302606122515,40.390091745690931],[-111.9130256032681,40.390090417996291],[-111.91302514296086,40.390089091210541],[-111.91302467912561,40.390087765337853],[-111.91302420941217,40.390086441287146],[-111.9130237373376,40.390085116344196],[-111.91302326056262,40.390083793219041],[-111.91302277908183,40.390082471011112],[-111.91302229289518,40.390081149720437],[-111.91302180435835,40.390079829338688],[-111.91302130876002,40.390078509882429],[-111.9130208119893,40.390077191330953],[-111.91302030933493,40.390075873700859],[-111.91301980314714,40.390074556083249],[-111.91301929226438,40.390073241184062],[-111.91301877784269,40.390071925396796],[-111.913018258726,40.390070612327897],[-111.9130177360759,40.390069299271467],[-111.91301720871998,40.390067987132333],[-111.91301667665822,40.39006667591039],[-111.91301614224625,40.39006536559733],[-111.91301560195056,40.390064056205723],[-111.9130150593102,40.390062748623563],[-111.91301451078074,40.39006144106223],[-111.91301395872863,40.390060135314549],[-111.91301340197072,40.390058830484115],[-111.91301284286264,40.390057526562565],[-111.91301227787086,40.390056223562418],[-111.91301170935114,40.390054921475333],[-111.91301113730876,40.39005362120195],[-111.91301056173293,40.39005232094101],[-111.91300998027893,40.39005102250205],[-111.91300939529692,40.390049724976201],[-111.913008805609,40.390048428367535],[-111.91300821357098,40.390047132667803],[-111.91300761565469,40.390045838790051],[-111.91300701538822,40.390044545821205],[-111.91300641041046,40.390043252869027],[-111.91300580073776,40.390041962635244],[-111.91300518635374,40.390040672418053],[-111.91300456962502,40.390039384010436],[-111.91300394701264,40.390038096524187],[-111.91300332204462,40.390036809046244],[-111.91300269237617,40.390035523386132],[-111.91300205801282,40.390034240444486],[-111.91300142129384,40.390032957511103],[-111.91300077869116,40.390031675499074],[-111.91300013256595,40.390030395300748],[-111.91299948290725,40.390029115114928],[-111.9129988285482,40.390027836746903],[-111.91299817066654,40.39002656019256],[-111.9129975080791,40.390025284555406],[-111.91299684196359,40.390024009831357],[-111.91299617232006,40.390022736020342],[-111.91299549798164,40.390021464927806],[-111.91299482010972,40.390020193847704],[-111.91299413870983,40.390018923680699],[-111.91299345143715,40.390017656236246],[-111.91299276180881,40.390016388800113],[-111.91299206630229,40.390015123185954],[-111.91299136844556,40.390013858480742],[-111.91299066707175,40.390012596489761],[-111.91298995980335,40.390011333618979],[-111.91298925019566,40.390010073458328],[-111.91298853587672,40.390008813314282],[-111.91298781686825,40.390007556789271],[-111.91298709550415,40.390006300272525],[-111.91298636943421,40.390005044673089],[-111.91298563984176,40.390003790887221],[-111.91298490436559,40.390002538022806],[-111.91298416654475,40.390001286967887],[-111.91298342519583,40.390000036826024],[-111.91298267915201,40.389998789402611],[-111.9129819295747,40.389997541991661],[-111.91298117529702,40.389996296398486],[-111.91298041749677,40.389995052619014],[-111.91297965616852,40.389993809752639],[-111.91297889131226,40.389992567799283],[-111.9129781217556,40.389991327663815],[-111.91297734867638,40.38999008934195],[-111.91297657206376,40.38998885103257],[-111.91297578957828,40.389987615445754],[-111.91297500475359,40.389986382569077],[-111.9129742152121,40.389985148808407],[-111.91297342332597,40.389983916857261],[-111.91297262674482,40.389982687624524],[-111.91297182545786,40.38998145930902],[-111.91297102064291,40.389980231906591],[-111.91297021348316,40.389979006313666],[-111.91296940045071,40.389977783443307],[-111.91296858387935,40.389976559684847],[-111.91296776379629,40.389975339541195],[-111.91296694017984,40.389974119410027],[-111.9129661118684,40.389972901997311],[-111.91296528002896,40.389971685497656],[-111.91296444584474,40.389970470807498],[-111.91296360578234,40.389969257939313],[-111.91296276336982,40.389968045980062],[-111.91296191625683,40.389966835838607],[-111.91296106562136,40.389965627510847],[-111.91296021028,40.389964420100263],[-111.91295935259389,40.389963214499204],[-111.91295848902959,40.389962010720147],[-111.9129576242984,40.389960808746451],[-111.91295675368355,40.389959607694102],[-111.91295588190721,40.389958409347699],[-111.9129550030694,40.389957211926834],[-111.91295412305924,40.389956015410746],[-111.91295323718178,40.389954822517801],[-111.91295234894318,40.38995362873257],[-111.91295145601515,40.389952438566375],[-111.91295056073693,40.389951249309078],[-111.91294965957502,40.389950060973156],[-111.9129487572571,40.389948876243793],[-111.91294785022249,40.38994769063045],[-111.91294693849838,40.389946508636164],[-111.91294602325171,40.389945328455489],[-111.91294510447702,40.38994414918789],[-111.91294418217431,40.389942970833346],[-111.91294325635452,40.389941795193053],[-111.91294232583434,40.389940621370648],[-111.91294139179158,40.389939449361833],[-111.91294045539868,40.389938278261937],[-111.91293951548859,40.389937109876328],[-111.9129385708782,40.389935943308551],[-111.91293762156194,40.389934777657963],[-111.91293666990093,40.389933613816872],[-111.91293571471738,40.389932451789463],[-111.91293475483343,40.389931291579899],[-111.91293379142695,40.389930133183952],[-111.91293282567574,40.389928976597503],[-111.91293185522956,40.389927822729533],[-111.91293088125539,40.389926669774582],[-111.91292990258081,40.389925518637483],[-111.91292892273394,40.389924368405097],[-111.91292793819753,40.389923221791726],[-111.91292694894983,40.389922075194967],[-111.91292595618505,40.389920931312489],[-111.91292496108092,40.389919790140119],[-111.91292396244887,40.389918649880812],[-111.91292295911639,40.389917511439322],[-111.91292195343918,40.389916374807306],[-111.91292094306164,40.389915239993172],[-111.91291992916689,40.389914107893198],[-111.9129189117442,40.389912976706398],[-111.91291789079895,40.389911847333202],[-111.91291686633114,40.389910719773646],[-111.91291583835162,40.389909595828982],[-111.91291480802194,40.389908472793238],[-111.91291377180319,40.389907349778234],[-111.91291273325605,40.389906231274523],[-111.91291169118085,40.389905113683895],[-111.91291064558314,40.389903997906927],[-111.91290959646288,40.389902883943584],[-111.91290854382542,40.389901772694557],[-111.91290748766546,40.389900663259134],[-111.9129064279775,40.389899554736843],[-111.91290536477241,40.389898448928754],[-111.91290429805021,40.389897345834918],[-111.91290322779463,40.389896242753572],[-111.91290215402731,40.389895143287113],[-111.91290058372412,40.389893543929162],[-111.91289950408954,40.389892448085831],[-111.91289842797215,40.389891349528185],[-111.9128973530326,40.389890250966388],[-111.9128962792546,40.389889149698661],[-111.91289520901552,40.389888049319026],[-111.91289413876021,40.38988694623761],[-111.91289307321074,40.389885842238918],[-111.91289200883372,40.389884737335471],[-111.9128909456291,40.38988363152724],[-111.91288988476387,40.389882523008922],[-111.91288882743754,40.389881415378689],[-111.9128877701004,40.389880305947287],[-111.91288671628584,40.389879194702175],[-111.91288566364375,40.389878082552322],[-111.91288461452429,40.389876968588766],[-111.91288356658266,40.389875854621046],[-111.91288252098582,40.389874738843801],[-111.91288147773922,40.389873622157651],[-111.91288043566507,40.389872504566711],[-111.91287939593572,40.389871385166281],[-111.91287835973444,40.389870264852767],[-111.91287732470555,40.389869143634492],[-111.91287629202147,40.389868020606677],[-111.91287526051524,40.389866897574713],[-111.91287423252621,40.389865771828461],[-111.91287320689285,40.389864646073889],[-111.91287218125413,40.389863519418689],[-111.91287116031582,40.389862390945694],[-111.91287014054991,40.389861261567873],[-111.91286912312883,40.389860130380583],[-111.91286810570773,40.38985899919323],[-111.91286709416497,40.389857866183952],[-111.91286608261677,40.389856732274033],[-111.91286507224098,40.389855597459338],[-111.91286406656565,40.389854460826847],[-111.91286306089034,40.389853324194306],[-111.9128620587377,40.389852185748111],[-111.91286105775201,40.389851045496542],[-111.91286006029434,40.389849904331889],[-111.91285906401461,40.389848763163094],[-111.91285807007958,40.389847620184746],[-111.91285707849489,40.389846476297492],[-111.91285608808252,40.389845331505491],[-111.91285510118743,40.389844183999209],[-111.91285411547558,40.389843037389348],[-111.91285313210852,40.389841888970004],[-111.91285215226958,40.389840739637521],[-111.91285117360296,40.389839589400324],[-111.91285019728124,40.389838437353561],[-111.91284922330973,40.389837284397885],[-111.91284825051061,40.389836130537461],[-111.91284728123958,40.389834975764003],[-111.9128463131355,40.389833819185135],[-111.91284534738166,40.389832661697334],[-111.91284438398353,40.389831504201233],[-111.9128434241134,40.389830345792035],[-111.91284246422707,40.389829184681041],[-111.91284150787418,40.389828023557591],[-111.91284055387153,40.389826861525222],[-111.91283960103043,40.389825696786851],[-111.91283865172282,40.38982453203603],[-111.91283770477091,40.389823367276875],[-111.91283675898593,40.389822200712381],[-111.91283581554582,40.389821032338354],[-111.91283487446134,40.389819863956006],[-111.91283393572166,40.389818693764113],[-111.91283299933222,40.389817522663314],[-111.91283206529302,40.389816350653618],[-111.91283113243172,40.389815178639751],[-111.91283020309298,40.389814004812187],[-111.91282927492126,40.38981282917927],[-111.91282834909975,40.389811652637462],[-111.91282742681173,40.389810476083149],[-111.9128265056961,40.389809298624087],[-111.91282558691988,40.389808118454866],[-111.91282467167716,40.389806938273217],[-111.91282375642902,40.389805757190942],[-111.91282284470894,40.389804575195583],[-111.91282193533364,40.389803391390735],[-111.91282102713622,40.389802207581702],[-111.91282012363918,40.389801021954831],[-111.91281922014223,40.389799836327967],[-111.91281831899009,40.389798648891563],[-111.91281742136596,40.389797460542141],[-111.91281652491428,40.389796271287921],[-111.91281563080739,40.389795080224125],[-111.91281474023397,40.389793889147931],[-111.91281384966059,40.389792698071695],[-111.91281296260441,40.38979150428122],[-111.91281207789848,40.38979030958177],[-111.91281119672604,40.389789114869885],[-111.91281031554269,40.389787918356802],[-111.91280943788747,40.389786720930594],[-111.91280856258788,40.389785523496137],[-111.91280768844986,40.389784323355677],[-111.91280681902317,40.389783123198555],[-111.9128059507688,40.389781922136727],[-111.91280508368696,40.389780720170087],[-111.91280421895526,40.389779517294585],[-111.91280335657387,40.389778313510114],[-111.91280249772051,40.389777108812602],[-111.91280164121194,40.389775902305587],[-111.9128007858812,40.389774695794358],[-111.91279993289533,40.38977348747364],[-111.91279908344283,40.389772279140459],[-111.91279823515738,40.389771069001903],[-111.91279738922761,40.389769858855018],[-111.91279654564262,40.389768646898645],[-111.91279570440787,40.389767434033324],[-111.91279486552878,40.389766221159668],[-111.91279403017229,40.389765006472388],[-111.9127931959937,40.389763791780894],[-111.91279236298207,40.389762575284088],[-111.91279153350388,40.389761358774834],[-111.91279070637056,40.389760140455962],[-111.91278988158746,40.389758921228243],[-111.91278906033232,40.389757701087426],[-111.91278823907187,40.389756480046053],[-111.9127874213449,40.389755258992139],[-111.91278660595725,40.389754035228144],[-111.91278579293072,40.389752812356406],[-111.91278498107123,40.389751587679321],[-111.91278417273973,40.389750362089153],[-111.91278336676386,40.389749136490678],[-111.91278256195507,40.389747909086879],[-111.91278176185209,40.389746680765796],[-111.91278096292149,40.389745451539959],[-111.91278016516335,40.389744221409394],[-111.91277937093871,40.38974299126631],[-111.91277857905881,40.389741759313758],[-111.91277778835681,40.389740527357027],[-111.91277700117737,40.389739293586587],[-111.91277621752604,40.389738058903163],[-111.91277543387471,40.389736824219653],[-111.91277465374601,40.389735587722484],[-111.91277387597295,40.389734351217022],[-111.9127730993669,40.389733112906171],[-111.91277232629432,40.389731874582857],[-111.91277155556654,40.389730634450054],[-111.91277078719983,40.389729395209478],[-111.91277002117252,40.389728153258851],[-111.91276925750083,40.389726911299874],[-111.91276849500159,40.389725668436128],[-111.91276773603042,40.38972442465932],[-111.91276697941485,40.389723180874171],[-111.91276622631646,40.389721934374791],[-111.91276547322364,40.389720688776002],[-111.91276472365335,40.389719441363539],[-111.91276397643874,40.389718193942699],[-111.9127632315689,40.38971694471244],[-111.91276248904933,40.389715694573219],[-111.91276175006323,40.389714444421543],[-111.91276101224952,40.389713193365047],[-111.91276027678602,40.389711941399703],[-111.91275954366739,40.389710687624813],[-111.9127588129098,40.389709434742223],[-111.912758084497,40.389708180050079],[-111.91275735961229,40.389706924444873],[-111.91275663590537,40.38970566883556],[-111.91275591454331,40.389704411416687],[-111.91275519671468,40.389703153985351],[-111.91275448005302,40.389701894748654],[-111.91275376692489,40.389700635499487],[-111.91275305497462,40.389699376246149],[-111.91275234536364,40.38969811428273],[-111.91275163929161,40.389696853207404],[-111.91275093556436,40.389695590322567],[-111.91275023419277,40.389694327429453],[-111.91274953399362,40.389693063631512],[-111.91274883849486,40.389691798015782],[-111.91274814299616,40.389690532400046],[-111.91274745102551,40.389689265871269],[-111.91274676141047,40.389687999334107],[-111.91274607414026,40.389686730987478],[-111.91274538922572,40.389685462632521],[-111.91274470665596,40.389684192468039],[-111.91274402761968,40.389682922291122],[-111.91274334975583,40.389681651209429],[-111.91274267424218,40.389680379218824],[-111.91274200108963,40.38967910812049],[-111.91274133144883,40.389677833407298],[-111.91274066299131,40.389676559590526],[-111.9127399980618,40.389675284860715],[-111.91273933548798,40.389674010122569],[-111.91273867525892,40.389672733574905],[-111.91273801620233,40.3896714561225],[-111.9127373606846,40.389670179558209],[-111.91273670750627,40.389668900283823],[-111.91273605668356,40.389667621001067],[-111.91273540821109,40.389666340809441],[-111.91273476209425,40.389665060609502],[-111.9127341195055,40.389663779496502],[-111.91273347808912,40.389662497478717],[-111.91273283902302,40.389661214552056],[-111.91273220349036,40.389659931612883],[-111.9127315703025,40.389658646864177],[-111.91273093829791,40.389657363011942],[-111.91273030981048,40.389656076445448],[-111.9127296825009,40.389654789874783],[-111.91272905990806,40.389653504188139],[-111.91272843847672,40.389652215795486],[-111.91272781940108,40.389650927394491],[-111.9127272026811,40.389649638985233],[-111.91272658712805,40.389648348770621],[-111.91272597628635,40.389647058539317],[-111.912725366617,40.389645767403323],[-111.91272476165896,40.389644476250687],[-111.9127241566901,40.389643183296826],[-111.9127235540769,40.389641890334687],[-111.91272295499174,40.389640596459465],[-111.9127223594346,40.389639301671181],[-111.91272176387746,40.389638006882862],[-111.9127211730208,40.38963671027674],[-111.91272058334738,40.38963541456706],[-111.91271999719658,40.389634117043705],[-111.91271941222361,40.389632819516201],[-111.91271882960081,40.389631521079771],[-111.91271825050613,40.389630221730286],[-111.91271767258927,40.389628922376602],[-111.91271709938368,40.389627623006334],[-111.91271652734505,40.389626321830697],[-111.91271595765666,40.389625019746163],[-111.91271538914073,40.389623716756866],[-111.91271482534145,40.389622414651512],[-111.91271426389241,40.389621111637261],[-111.91271370361579,40.38961980771829],[-111.91271314568939,40.389618502890379],[-111.91271259246338,40.389617196244629],[-111.91271204042063,40.389615890495321],[-111.91271149073357,40.3896145847377],[-111.91271094221352,40.38961327717476],[-111.91271039840468,40.389611969595158],[-111.91270985576828,40.389610661110787],[-111.91270931666539,40.389609352613967],[-111.91270877872941,40.389608042311785],[-111.91270824432692,40.389606731997176],[-111.91270771227468,40.389605420773613],[-111.91270718257805,40.389604109541693],[-111.91270665523167,40.389602797400933],[-111.91270613024091,40.389601485251852],[-111.91270560877818,40.389600172189688],[-111.91270508849334,40.389598859123346],[-111.91270457055325,40.389597544247501],[-111.91270405614662,40.389596229359221],[-111.91270354409025,40.389594913561965],[-111.91270303438951,40.389593597756431],[-111.91270252821683,40.389592281037821],[-111.9127020220387,40.389590963418634],[-111.91270152057729,40.389589646683397],[-111.91270102028288,40.389588328142857],[-111.91270052469973,40.389587009585632],[-111.91270003028897,40.389585690123702],[-111.91269953822847,40.389584369752789],[-111.91269904851812,40.389583048473014],[-111.9126985599911,40.389581728089659],[-111.91269807616992,40.389580406789101],[-111.91269759469348,40.389579083679017],[-111.91269711440036,40.389577761465375],[-111.91269663764072,40.389576439239242],[-111.91269616440361,40.38957511519947],[-111.91269569233894,40.389573790254936],[-111.91269522263535,40.389572466202708],[-111.91269475527659,40.389571140340955],[-111.91269429145126,40.389569814466711],[-111.91269382880374,40.389568488588324],[-111.91269336968426,40.389567161796883],[-111.91269291291503,40.389565834096537],[-111.91269245967921,40.389564506383699],[-111.91269200762126,40.389563178666734],[-111.91269155791353,40.389561850040828],[-111.91269111172836,40.389560519601226],[-111.91269066790437,40.389559190053959],[-111.91269022643048,40.38955785959778],[-111.9126897873123,40.389556529133237],[-111.91268935053888,40.389555196859241],[-111.91268891612658,40.389553865477531],[-111.91268848524227,40.389552533182751],[-111.91268805670819,40.389551199979003],[-111.9126876305298,40.389549866767005],[-111.91268720552377,40.389548532650245],[-111.91268678523446,40.389547199417429],[-111.9126863661175,40.389545865279899],[-111.9126859505286,40.389544530229252],[-111.91268553728449,40.389543193369107],[-111.9126851264015,40.389541857401277],[-111.91268471669625,40.389540521429254],[-111.91268431169691,40.389539184540006],[-111.91268390786999,40.389537846746059],[-111.9126835075765,40.389536508939607],[-111.91268310963324,40.389535170224249],[-111.91268271287322,40.389533832405334],[-111.91268231963579,40.389532492772723],[-111.91268192993178,40.389531153127692],[-111.9126815414057,40.389529813478504],[-111.91268115640217,40.389528472015613],[-111.91268077258188,40.389527131449157],[-111.91268039229509,40.389525790870266],[-111.91268001553091,40.389524448477701],[-111.91267963994994,40.389523106981599],[-111.91267926671919,40.389521764576564],[-111.91267889701649,40.389520421258453],[-111.91267852966401,40.389519077031444],[-111.91267816349475,40.389517733700877],[-111.91267780085354,40.389516389457242],[-111.9126774417458,40.389515045201129],[-111.91267708380504,40.389513699139663],[-111.91267672940315,40.389512353966346],[-111.91267637617364,40.389511007888281],[-111.91267602765541,40.389509661793561],[-111.9126756814874,40.389508314789929],[-111.91267533532483,40.389506968686938],[-111.91267499504053,40.389505620761959],[-111.91267465475619,40.389504272836938],[-111.91267431800527,40.389502924899517],[-111.91267398361008,40.389501576953691],[-111.91267365155964,40.389500227198425],[-111.91267332187026,40.389498878335417],[-111.91267299570893,40.389497528559382],[-111.91267267190324,40.389496178774976],[-111.91267235162553,40.389494828077567],[-111.91267203252568,40.389493477375972],[-111.91267171695931,40.389492126661892],[-111.91267140256529,40.389490775043107],[-111.91267109170475,40.389489423411788],[-111.9126707831944,40.389488070871614],[-111.91267047822298,40.389486719219512],[-111.91267017442394,40.389485366662726],[-111.91266987296963,40.389484012296435],[-111.91266957505967,40.389482659718801],[-111.91266927949451,40.389481305331699],[-111.91266898629041,40.389479951836876],[-111.91266869543109,40.389478596532534],[-111.91266840811608,40.38947724301697],[-111.91266812314041,40.389475886791267],[-111.91266784052578,40.389474531457829],[-111.91266756144464,40.389473176111963],[-111.91266728235809,40.389471819865463],[-111.91266700798283,40.389470463602358],[-111.9126667347799,40.389469106434497],[-111.91266646629371,40.389467750150615],[-111.91266619898535,40.389466393862591],[-111.91266593401632,40.38946503486445],[-111.91266567258614,40.38946367675441],[-111.91266541351162,40.389462318636085],[-111.912665155615,40.389460960513631],[-111.91266490242953,40.389459602374501],[-111.9126646504165,40.389458243330658],[-111.91266440193695,40.389456884274345],[-111.91266415463519,40.38945552521384],[-111.91266391203389,40.38945416433554],[-111.91266367061579,40.389452804353695],[-111.9126634315533,40.389451444363516],[-111.91266319602434,40.389450084360902],[-111.9126629628401,40.389448722548714],[-111.9126627308391,40.389447361633046],[-111.91266250354401,40.389445999800124],[-111.9126622774321,40.389444638863637],[-111.91266205366497,40.389443276117646],[-111.91266183462005,40.389441915156233],[-111.91266161556418,40.389440552393623],[-111.91266140003636,40.389439188717965],[-111.91266118805285,40.389437826831006],[-111.91266097723633,40.389436463138715],[-111.91266076996408,40.389435101235129],[-111.91266056503119,40.389433736621477],[-111.91266036245939,40.389432372900096],[-111.91266016342099,40.389431009166266],[-111.91265996673283,40.389429644523489],[-111.91265977240575,40.389428280773018],[-111.91265957925104,40.389426916117749],[-111.91265939080215,40.389425550545354],[-111.91265920471429,40.389424185865174],[-111.91265901979891,40.389422820280245],[-111.91265883959474,40.389421454678754],[-111.91265865939056,40.389420089077213],[-111.91265848271985,40.389418723463208],[-111.91265831075494,40.389417356931965],[-111.91265813879555,40.389415991301334],[-111.91265797036409,40.389414624757649],[-111.91265780546611,40.389413258201515],[-111.91265764174598,40.389411891641195],[-111.91265748154839,40.389410523267216],[-111.91265732371733,40.389409156686135],[-111.91265716823641,40.38940778919617],[-111.91265701511117,40.389406421697821],[-111.91265686551392,40.389405053286488],[-111.91265671709998,40.389403685771526],[-111.91265657221945,40.38940231824413],[-111.91265642969455,40.389400950708406],[-111.91265629069224,40.389399581359051],[-111.91265615287317,40.389398212906158],[-111.91265601859298,40.389396845341338],[-111.91265588665753,40.389395475967035],[-111.91265575707773,40.389394106584419],[-111.91265562985359,40.389392737193504],[-111.91265550734613,40.389391368686582],[-111.9126553848278,40.389389998378427],[-111.91265526585379,40.389388629859027],[-111.91265515040232,40.38938725952594],[-111.91265503613411,40.389385890089294],[-111.91265492539395,40.389384519739615],[-111.91265481701485,40.389383150282221],[-111.91265471098593,40.389381779915908],[-111.91265460731266,40.389380409541261],[-111.91265450717279,40.389379039154164],[-111.91265440939398,40.389377669659346],[-111.91265431395996,40.389376298355053],[-111.91265422088162,40.389374927042454],[-111.91265413134208,40.389373556617947],[-111.91265404415822,40.389372186185142],[-111.91265395814668,40.389370814847581],[-111.91265387685185,40.389369444394035],[-111.91265379790724,40.389368073031527],[-111.91265372013504,40.389366700764263],[-111.91265364590711,40.389365330285784],[-111.91265357402941,40.389363958898343],[-111.91265350450183,40.389362586602026],[-111.91265343733535,40.389361215197994],[-111.91265337488012,40.389359843777335],[-111.91265331360276,40.389358472352541],[-111.91265325349774,40.389357100022956],[-111.91265319692613,40.389355727680908],[-111.91265314507666,40.389354357123416],[-111.9126530943942,40.389352984760642],[-111.91265304606728,40.38935161238954],[-111.91265300009604,40.389350240010096],[-111.91265295648584,40.38934886852293],[-111.91265291640366,40.389347496122724],[-111.91265287867705,40.389346123714191],[-111.91265284330612,40.389344751297408],[-111.9126528114686,40.389343378868112],[-111.9126527808144,40.38934200733523],[-111.91265275368814,40.389340634889294],[-111.91265272891752,40.389339262435065],[-111.9126527065025,40.389337889972538],[-111.91265268762092,40.389336517497526],[-111.91265267108956,40.389335144113602],[-111.91265265574687,40.389333772526768],[-111.91265264511003,40.389332400022695],[-111.91265263565097,40.389331027514416],[-111.91265262972533,40.389329654993723],[-111.91265262497751,40.389328282468846],[-111.91265262376315,40.389326909931505],[-111.91265262608223,40.389325537381708],[-111.91265262957911,40.389324164827762],[-111.91265264074066,40.389322110479071],[-111.91265882267481,40.388412153777196],[-111.91166384359173,40.388408197998963],[-111.91163886944075,40.38998828121202],[-111.91164216666397,40.389988156131324],[-111.9116387452294,40.390232024788233],[-111.91163373315568,40.390912208520028],[-111.91163373229226,40.390912260758846],[-111.91163303833129,40.391000877639662],[-111.91162313748227,40.392344992518595]]]},"properties":{"OBJECTID":34,"ID":200,"NAME":"The Gables","RECORDEDUNITS":146,"DENSITY":"10.5","ACRE":13.927299379999999,"TYPE":"Subdivision","STATUS":"Recorded","NOTE":null,"GlobalID":"{A0B426AA-5906-4BD6-8FBC-BC7DCA7FFAB9}","PLANNEDUNITS":146,"EXISTINGUNITS":146,"PREVIOUSNAME":null,"ID_TEXT":"2080","ProjectLink":null,"PLANNER":null,"created_user":null,"created_date":null,"last_edited_user":null,"last_edited_date":null,"REMAININGUNITS":null,"DA_Exceptions":null,"ParentID":null,"ACTIVEDATE":null,"Shape.STArea()":606675.58759167732,"Shape.STLength()":4141.9073148685829}},{"type":"Feature","id":37,"geometry":{"type":"Polygon","coordinates":[[[-111.91954775654273,40.40111019825391],[-111.91543696015479,40.401124866446693],[-111.91543695544269,40.401124866463398],[-111.91543226093526,40.401148132491713],[-111.91568265697353,40.40212538486626],[-111.91603155906631,40.402392429535354],[-111.91603163328264,40.402392429271458],[-111.91990578047408,40.402378589133214],[-111.91990576842826,40.402378545946966],[-111.91954775654273,40.40111019825391]]]},"properties":{"OBJECTID":37,"ID":509,"NAME":"North Saratoga Center","RECORDEDUNITS":null,"DENSITY":null,"ACRE":12.14881439,"TYPE":"Commercial","STATUS":"Recorded","NOTE":null,"GlobalID":"{368DB888-906F-4505-AADF-C520C778FCB5}","PLANNEDUNITS":null,"EXISTINGUNITS":2,"PREVIOUSNAME":null,"ID_TEXT":"2092","ProjectLink":null,"PLANNER":null,"created_user":null,"created_date":null,"last_edited_user":null,"last_edited_date":null,"REMAININGUNITS":null,"DA_Exceptions":null,"ParentID":null,"ACTIVEDATE":null,"Shape.STArea()":529204.47170553496,"Shape.STLength()":3205.3960885063598}},{"type":"Feature","id":63,"geometry":{"type":"Polygon","coordinates":[[[-111.91168747211346,40.376712075011902],[-111.91630068549087,40.376695746856981],[-111.91628561136787,40.374314909192854],[-111.91627655598144,40.374314941425567],[-111.9121668498029,40.374329495771669],[-111.91144665186003,40.374332031764666],[-111.91144630913531,40.374338288693593],[-111.91168747211346,40.376712075011902]]]},"properties":{"OBJECTID":63,"ID":1090,"NAME":"Dalmore Meadows","RECORDEDUNITS":107,"DENSITY":"3.2","ACRE":26.220078319999999,"TYPE":"Subdivision","STATUS":"Recorded","NOTE":null,"GlobalID":"{92C90C3B-7995-4CDB-9A31-18BDE80686DE}","PLANNEDUNITS":107,"EXISTINGUNITS":106,"PREVIOUSNAME":null,"ID_TEXT":"2148","ProjectLink":null,"PLANNER":null,"created_user":null,"created_date":null,"last_edited_user":null,"last_edited_date":null,"REMAININGUNITS":null,"DA_Exceptions":null,"ParentID":null,"ACTIVEDATE":null,"Shape.STArea()":1142151.180404478,"Shape.STLength()":4370.4214681232415}},{"type":"Feature","id":73,"geometry":{"type":"Polygon","coordinates":[[[-111.91954775654273,40.40111019825391],[-111.91848991305957,40.397448188249307],[-111.9184334770671,40.397507246246413],[-111.91843800885482,40.397524589403226],[-111.91639556478646,40.399652655291888],[-111.91554426100005,40.400592772540662],[-111.91543706528263,40.401124912905303],[-111.91954775654273,40.40111019825391]]]},"properties":{"OBJECTID":73,"ID":1108,"NAME":"Westport Business Park","RECORDEDUNITS":null,"DENSITY":null,"ACRE":null,"TYPE":"Commercial","STATUS":"Pending","NOTE":null,"GlobalID":"{92755B70-0D0A-45E6-9FEF-0684B22F9AC5}","PLANNEDUNITS":null,"EXISTINGUNITS":null,"PREVIOUSNAME":null,"ID_TEXT":"2166","ProjectLink":null,"PLANNER":null,"created_user":null,"created_date":null,"last_edited_user":null,"last_edited_date":null,"REMAININGUNITS":null,"DA_Exceptions":null,"ParentID":null,"ACTIVEDATE":null,"Shape.STArea()":829279.93018225615,"Shape.STLength()":4118.3518605167728}},{"type":"Feature","id":3,"geometry":{"type":"Polygon","coordinates":[[[-111.91159388122666,40.386681450853359],[-111.91159494479336,40.386681454315884],[-111.91268076048431,40.386685769218197],[-111.91266293567746,40.386635973853807],[-111.91263690130204,40.386588259957094],[-111.91260311829079,40.386543475180332],[-111.91256214109781,40.386502351565611],[-111.91252819889445,40.386467674071113],[-111.91250122866688,40.386429583852014],[-111.91248180535931,40.386388893945472],[-111.91247034525661,40.386346474686079],[-111.91247033758174,40.386346373843836],[-111.91246709171618,40.38630323124044],[-111.91247211624405,40.386260086491269],[-111.91248531014382,40.386217963054399],[-111.91250639026028,40.386177758941983],[-111.91253490832156,40.386140334020546],[-111.91257025550995,40.386106486579187],[-111.91260685478115,40.386072661728484],[-111.91263856363085,40.386036064000827],[-111.91351026880258,40.38489649077507],[-111.91353246889936,40.384864428597986],[-111.91355057915055,40.384830896655785],[-111.91357536265605,40.384789198616083],[-111.91360825329568,40.384750919473817],[-111.91364846395324,40.38471697253194],[-111.91369503612663,40.384688169028784],[-111.91374685511353,40.384665197370495],[-111.91380268406699,40.384648606800745],[-111.91386118981197,40.384638791999222],[-111.91392097461511,40.384635988466883],[-111.91398061027715,40.384640262498777],[-111.91403867229569,40.384651512864522],[-111.9140934310356,40.384663203590776],[-111.9141495245641,40.384670287400319],[-111.91420629163918,40.384672680173452],[-111.91482053644374,40.38467359431349],[-111.91483363473247,40.384673668543122],[-111.91483367714176,40.384673670193941],[-111.91483544778188,40.383984197359467],[-111.91483549424809,40.383966226231045],[-111.91158836569097,40.383984680028654],[-111.91159185716204,40.386212414857994],[-111.91159388122666,40.386681450853359]]]},"properties":{"OBJECTID":3,"ID":230,"NAME":"Aldara Apartments","RECORDEDUNITS":240,"DENSITY":" ","ACRE":11.675313729999999,"TYPE":"Multi Familyi","STATUS":"Recorded","NOTE":null,"GlobalID":"{FCA95968-1D5F-46FE-BCDB-BF626ADA06F3}","PLANNEDUNITS":240,"EXISTINGUNITS":240,"PREVIOUSNAME":null,"ID_TEXT":"2003","ProjectLink":null,"PLANNER":null,"created_user":null,"created_date":null,"last_edited_user":"SQLSERVICE","last_edited_date":1781076648000,"REMAININGUNITS":null,"DA_Exceptions":null,"ParentID":null,"ACTIVEDATE":null,"Shape.STArea()":508576.66609886586,"Shape.STLength()":3609.0725153680733}},{"type":"Feature","id":4,"geometry":{"type":"Polygon","coordinates":[[[-111.9071900281389,40.386229614235383],[-111.90721385304892,40.386876996714534],[-111.90736582064802,40.38715190907493],[-111.90737202894177,40.387151927981577],[-111.91159591597113,40.387301194427479],[-111.91159421288629,40.386214202402506],[-111.9071900281389,40.386229614235383]]]},"properties":{"OBJECTID":4,"ID":1013,"NAME":"Steele Ridge Plaza","RECORDEDUNITS":null,"DENSITY":null,"ACRE":10.195961029999999,"TYPE":"Commercial","STATUS":"Approved","NOTE":null,"GlobalID":"{A369F53E-0192-4A72-8AD6-6F5D1B4A7D29}","PLANNEDUNITS":null,"EXISTINGUNITS":null,"PREVIOUSNAME":null,"ID_TEXT":"2004","ProjectLink":null,"PLANNER":null,"created_user":null,"created_date":null,"last_edited_user":"BRIANG","last_edited_date":1715889430000,"REMAININGUNITS":null,"DA_Exceptions":null,"ParentID":null,"ACTIVEDATE":null,"Shape.STArea()":444137.83921439026,"Shape.STLength()":3147.0782169356721}},{"type":"Feature","id":5,"geometry":{"type":"Polygon","coordinates":[[[-111.914732422713,40.38281597792286],[-111.91473101285057,40.383334561648738],[-111.9147556120766,40.383335126471657],[-111.91475134189976,40.383824424893398],[-111.9149413931415,40.383823468938573],[-111.9149437965191,40.38390571670655],[-111.91492971725903,40.383906797862217],[-111.91491992989056,40.383908881491571],[-111.91491494791862,40.383910415807755],[-111.91490785015141,40.383913215794614],[-111.91490180794983,40.383916260607798],[-111.91489776193617,40.383918708433988],[-111.9148937751624,40.383921602757184],[-111.91488707813565,40.383927366161132],[-111.91488069930017,40.383935104395448],[-111.91487730576273,40.383940854279942],[-111.91487450673512,40.383947727830147],[-111.91487320848944,40.383952909196523],[-111.9148725101936,40.383964771032446],[-111.916202980902,40.383957084017489],[-111.91620801472364,40.383900785480655],[-111.91621334566422,40.383841639026386],[-111.91621473124978,40.383341813529277],[-111.91605879155534,40.383340941748152],[-111.91606020181618,40.382818076422666],[-111.914732422713,40.38281597792286]]]},"properties":{"OBJECTID":5,"ID":167,"NAME":"The Point at Saratoga Springs","RECORDEDUNITS":null,"DENSITY":null,"ACRE":3.6747655199999998,"TYPE":"Commercial","STATUS":"Approved","NOTE":null,"GlobalID":"{BE8AD150-BEB6-4B2F-9749-AB43839F5D52}","PLANNEDUNITS":null,"EXISTINGUNITS":1,"PREVIOUSNAME":null,"ID_TEXT":"2006","ProjectLink":null,"PLANNER":null,"created_user":null,"created_date":null,"last_edited_user":"BRIANG","last_edited_date":1715889430000,"REMAININGUNITS":null,"DA_Exceptions":null,"ParentID":null,"ACTIVEDATE":null,"Shape.STArea()":160073.42633012676,"Shape.STLength()":1688.4068725861443}},{"type":"Feature","id":7,"geometry":{"type":"Polygon","coordinates":[[[-111.8705202252771,40.279759193700919],[-111.86432655446694,40.279784314473325],[-111.86508431671815,40.283617407999117],[-111.86508435681243,40.283617428588677],[-111.86530206584951,40.284719838279308],[-111.86586572021157,40.285896347277571],[-111.86589270002067,40.286007073765504],[-111.86806395552833,40.285995833873024],[-111.8680639499772,40.285995895134441],[-111.86842498829097,40.285993984060546],[-111.86863365381802,40.285992878928525],[-111.868633417477,40.286114827182736],[-111.86863263494439,40.286517494167633],[-111.86864783431486,40.286517472313072],[-111.86865953802435,40.286541633032101],[-111.86877425777102,40.286541026795497],[-111.86887466764847,40.286677663771393],[-111.87059299855856,40.28672704831574],[-111.87195777214436,40.286766268799191],[-111.87232968716128,40.286777754975517],[-111.87232975205909,40.286776928876016],[-111.87233041782153,40.286776948369159],[-111.87230777002033,40.286592130494427],[-111.87230740807914,40.286579201069237],[-111.87230136087776,40.286504686989545],[-111.87228958199698,40.286430861691144],[-111.87227214167395,40.286358165392414],[-111.87224914390488,40.286287031579533],[-111.87222072582489,40.286217884421632],[-111.87218705689025,40.28615113624145],[-111.872148337868,40.286087185056694],[-111.87212913868645,40.286058392220177],[-111.87207248368723,40.285976205898834],[-111.87207168111591,40.285975031310635],[-111.8716423643225,40.285352195201419],[-111.8715602961238,40.285186099677134],[-111.87134800753014,40.284878113316182],[-111.87134816944479,40.28487804345157],[-111.87154249624058,40.28480137931286],[-111.87154808295654,40.284807040499892],[-111.8715544948125,40.284811746723101],[-111.87156157036664,40.284815379486169],[-111.87156913146607,40.284817847321051],[-111.8715769877326,40.28481908809102],[-111.87158494135606,40.284819070555152],[-111.87159279207502,40.284817795154993],[-111.87160034221903,40.284815294003387],[-111.87162564669688,40.284805262243445],[-111.87162580041314,40.284805198709066],[-111.87233098992418,40.284525392287037],[-111.87233096738417,40.284525356333006],[-111.87233100856417,40.284525359804313],[-111.87342716855797,40.28409041060798],[-111.87311168942551,40.283548318773647],[-111.87167628181727,40.281218135559961],[-111.8705202252771,40.279759193700919]]]},"properties":{"OBJECTID":7,"ID":997,"NAME":"Lighthouse Cove","RECORDEDUNITS":0,"DENSITY":null,"ACRE":108.85825335,"TYPE":"Subdivision","STATUS":"Pending","NOTE":null,"GlobalID":"{739DC1D6-5EE5-48FD-A223-8E6821A84CBD}","PLANNEDUNITS":197,"EXISTINGUNITS":0,"PREVIOUSNAME":null,"ID_TEXT":"2011","ProjectLink":null,"PLANNER":null,"created_user":null,"created_date":null,"last_edited_user":"BRIANG","last_edited_date":1770762897000,"REMAININGUNITS":null,"DA_Exceptions":null,"ParentID":null,"ACTIVEDATE":null,"Shape.STArea()":4741865.5158670973,"Shape.STLength()":9250.3475427161284}},{"type":"Feature","id":8,"geometry":{"type":"Polygon","coordinates":[[[-111.89140737520387,40.319454541053595],[-111.8914734263922,40.319505104054301],[-111.89147873654871,40.319504898931839],[-111.89149739621782,40.31950417985248],[-111.89149868317411,40.319504130508882],[-111.8916173882797,40.319413263681973],[-111.89181318583167,40.319423937354095],[-111.89193263601079,40.319031897102761],[-111.89190865244917,40.318821964986164],[-111.89191825095918,40.318523037154364],[-111.892033815388,40.318007368298986],[-111.89229210005028,40.317500387779148],[-111.89262352373842,40.317135803089514],[-111.89271741772178,40.316860217299151],[-111.89260584359029,40.316653507501329],[-111.89255238980196,40.316505494206858],[-111.89251547604708,40.316508637153731],[-111.89239259489366,40.31652937818513],[-111.89237714296104,40.316532687683782],[-111.89237645519692,40.316530728402327],[-111.89232995535167,40.316401768078855],[-111.89229876266378,40.316315259284167],[-111.89225336257057,40.316235064817917],[-111.89224771965371,40.31623423535909],[-111.89185458943656,40.316176467096192],[-111.89181924355718,40.31617127275706],[-111.89125021694032,40.316158368454047],[-111.88963035145507,40.315911945459213],[-111.88924560288287,40.315902872235959],[-111.88888963388037,40.315953336855216],[-111.88853784686435,40.316057877036577],[-111.88828865035502,40.316157218141541],[-111.88828779625342,40.316155989806788],[-111.88828695518586,40.316154777640193],[-111.88828611528983,40.31615356456912],[-111.8882852777469,40.316152351490167],[-111.88828444137549,40.316151137506708],[-111.88828360734696,40.316149921714171],[-111.8882827756716,40.316148705913818],[-111.88828194634432,40.316147489205008],[-111.88828111819352,40.316146272492297],[-111.88828029120913,40.316145053974402],[-111.88827946774936,40.316143834544157],[-111.88827864428958,40.316142615113932],[-111.88827782317787,40.316141394775244],[-111.88827700441415,40.316140173528076],[-111.8882761880036,40.316138952273114],[-111.8882753727645,40.316137730113617],[-111.88827455986831,40.316136506145057],[-111.88827374932531,40.316135282168638],[-111.88827293877719,40.316134057291599],[-111.88827213175367,40.31613283150223],[-111.88827132590669,40.316131605708925],[-111.88827052240779,40.316130379007198],[-111.88826972125695,40.316129151396979],[-111.88826892127754,40.316127922882252],[-111.88826812364103,40.316126692558477],[-111.88826732718624,40.316125463131407],[-111.88826653307953,40.316124232795865],[-111.88826574131569,40.316123000651238],[-111.88826495073353,40.316121769403367],[-111.88826416249429,40.316120536346375],[-111.88826337542655,40.316119302384905],[-111.88826259071702,40.316118069316161],[-111.88826180952704,40.31611683443446],[-111.88826102833193,40.316115598652175],[-111.88826024948995,40.316114362862045],[-111.88825947298579,40.316113124362232],[-111.88825869766333,40.316111886759103],[-111.88825792351744,40.316110649152058],[-111.88825715289103,40.316109409732057],[-111.88825638344122,40.316108170308119],[-111.88825561633428,40.316106929075126],[-111.88825485040398,40.316105687838196],[-111.88825408799823,40.316104445688971],[-111.88825332559253,40.316103203539697],[-111.88825256670626,40.316101959577452],[-111.88825180899663,40.316100715611313],[-111.88825105364008,40.316099471637315],[-111.88825029945508,40.316098226758783],[-111.88824954761292,40.316096980071187],[-111.88824879694741,40.316095733379676],[-111.88824804862988,40.316094485779736],[-111.88824730266042,40.316093237271318],[-111.88824655787261,40.31609198965964],[-111.88824581659912,40.316090739334371],[-111.88824507533083,40.316089489909707],[-111.88824433758201,40.316088238672044],[-111.88824360100978,40.316086987430502],[-111.88824286796211,40.316085735276545],[-111.88824213490935,40.316084482222045],[-111.88824140420977,40.316083229159702],[-111.88824067585817,40.316081975188844],[-111.88823994867809,40.316080720313529],[-111.888239223846,40.316079464529736],[-111.88823850019047,40.316078208742013],[-111.8882377800596,40.316076952041954],[-111.88823706110011,40.316075694437373],[-111.88823634448873,40.316074435924342],[-111.88823562905387,40.316073177407382],[-111.88823491479052,40.316071917985873],[-111.88823420405683,40.316070658552654],[-111.88823349566604,40.316069397310415],[-111.88823278845189,40.316068136064182],[-111.88823208240915,40.316066873913449],[-111.88823137871957,40.316065611754873],[-111.88823067855455,40.316064348683987],[-111.8882299783896,40.31606308561306],[-111.88822928174409,40.316061820729175],[-111.88822858509859,40.316060555845254],[-111.88822789197773,40.316059290049012],[-111.88822720002827,40.316058023348241],[-111.88822651043198,40.31605675663959],[-111.88822582317862,40.316055488121918],[-111.88822513710693,40.316054220500931],[-111.88822445338329,40.316052951971507],[-111.88822377200253,40.31605168163307],[-111.88822309180345,40.316050412191274],[-111.88822241394729,40.31604914094045],[-111.88822173844429,40.316047869681796],[-111.88822106411786,40.316046598419227],[-111.88822039213436,40.316045325347567],[-111.88821972250395,40.316044052268133],[-111.88821905522671,40.316042779180819],[-111.88821838793926,40.316041504292279],[-111.88821772417637,40.316040228491424],[-111.88821706277177,40.31603895358333],[-111.88821640253859,40.316037677770701],[-111.88821574464838,40.316036400149009],[-111.88821508793981,40.316035123424022],[-111.88821443357415,40.316033844889972],[-111.88821378156678,40.316032567248755],[-111.88821313190226,40.316031287798424],[-111.88821248341438,40.316030008344221],[-111.88821183726938,40.316028727080933],[-111.88821119230603,40.316027446714379],[-111.8882105496908,40.316026165439325],[-111.88820991060007,40.316024883251949],[-111.88820927150938,40.316023601064565],[-111.88820863476668,40.316022317968795],[-111.8882080003669,40.316021033063855],[-111.88820736832542,40.316019749051769],[-111.88820673863707,40.316018465031867],[-111.88820611011499,40.316017179206781],[-111.88820548276445,40.316015892477203],[-111.88820485777215,40.316014606640429],[-111.88820423629927,40.31601331899062],[-111.88820361600301,40.31601203133696],[-111.88820299805479,40.316010742774807],[-111.88820238128308,40.316009454208775],[-111.88820176685944,40.316008164734292],[-111.88820115360723,40.316006874355274],[-111.88820054387965,40.316005583063905],[-111.88819993533373,40.316004292669241],[-111.88819932795926,40.316003001370007],[-111.88819872410424,40.316001708257836],[-111.88819812260746,40.316000416038506],[-111.88819752110565,40.315999122918484],[-111.88819692430494,40.315997828882239],[-111.88819632750423,40.315996534845993],[-111.8881957318699,40.315995239004607],[-111.88819513977033,40.315993944052046],[-111.8881945500188,40.315992648191084],[-111.88819396143873,40.315991351425609],[-111.88819337520671,40.315990053751634],[-111.88819279133288,40.315988756970498],[-111.88819220744888,40.315987458388122],[-111.88819162709967,40.3159861606946],[-111.88819104908823,40.315984860291437],[-111.8881904734402,40.315983561681684],[-111.88818989895336,40.31598226036612],[-111.88818932682477,40.315980959943381],[-111.88818875586769,40.315979658616129],[-111.88818818843512,40.315978356376476],[-111.88818762100769,40.315977055037514],[-111.88818705709971,40.315975751885503],[-111.88818649436836,40.315974448729641],[-111.88818593398499,40.315973144665321],[-111.88818537713132,40.315971840589228],[-111.88818482027254,40.315970535612522],[-111.88818426576691,40.315969230628035],[-111.88818371360416,40.315967923834492],[-111.88818316379967,40.315966617933718],[-111.88818261516663,40.31596531112843],[-111.88818207005816,40.315964003410777],[-111.88818152494972,40.315962695693095],[-111.88818098336586,40.315961387063105],[-111.88818044413506,40.315960078425292],[-111.88817990489926,40.315958768886823],[-111.8881793703696,40.315957459332743],[-111.88817883583492,40.315956148878037],[-111.88817830365332,40.315954838415486],[-111.88817777381978,40.315953527044485],[-111.88817724633937,40.315952215665718],[-111.88817672120695,40.315950903378472],[-111.88817619606944,40.315949590190634],[-111.88817567446162,40.31594827699103],[-111.88817515520688,40.315946963783603],[-111.88817463830021,40.315945649667739],[-111.88817412138845,40.315944334651284],[-111.88817360918286,40.315943019619183],[-111.8881730969722,40.31594170368642],[-111.88817258829638,40.315940388642609],[-111.88817207961031,40.315939071797501],[-111.88817157563051,40.315937754936769],[-111.88817107047414,40.315936438079959],[-111.88817057001378,40.315935119406262],[-111.88817006955853,40.31593380163315],[-111.88816957379935,40.315932482043216],[-111.88816907804528,40.315931163353852],[-111.8881685846392,40.315929843756059],[-111.88816809358114,40.315928523249816],[-111.8881676048813,40.315927203636384],[-111.88816711852439,40.315925882213925],[-111.8881666321726,40.315924561692071],[-111.88816614933515,40.315923238456591],[-111.88816566886101,40.315921917014535],[-111.88816518955838,40.315920594668],[-111.88816471260374,40.315919271412994],[-111.8881642380022,40.315917948150158],[-111.88816376574874,40.315916623978836],[-111.88816329466671,40.315915298903064],[-111.88816282594287,40.315913974720075],[-111.88816235956197,40.315912648728023],[-111.88816189436277,40.315911323632619],[-111.88816143268299,40.315909996724322],[-111.88816097218492,40.315908670712709],[-111.88816051285828,40.31590734379656],[-111.88816005705618,40.315906015968054],[-111.88815960360725,40.315904688131752],[-111.88815915133485,40.315903360291522],[-111.88815870141052,40.315902031542848],[-111.88815825265758,40.315900701889625],[-111.88815780743947,40.315899373125355],[-111.88815736221623,40.315898043460386],[-111.88815692051759,40.315896712883116],[-111.88815648234859,40.31589538229413],[-111.88815604417451,40.315894050804488],[-111.88815560718213,40.315892720211572],[-111.88815517370914,40.315891387805699],[-111.88815474259441,40.315890056292588],[-111.88815431265118,40.315888723874991],[-111.88815388623246,40.315887390545036],[-111.88815346099032,40.315886057211117],[-111.88815303691965,40.315884722972733],[-111.8881526152021,40.315883388726483],[-111.88815219701929,40.315882055369151],[-111.88815177882634,40.315880720210593],[-111.88815136415793,40.315879384139642],[-111.88815095184772,40.315878048961515],[-111.88815054070899,40.315876712878847],[-111.88815013074679,40.31587537679227],[-111.88814972548573,40.315874039789449],[-111.88814931904304,40.315872701889916],[-111.88814891731168,40.315871364875377],[-111.88814851558034,40.315870027860797],[-111.88814811854492,40.315868689029337],[-111.88814772150961,40.315867350197934],[-111.88814732682737,40.315866011358686],[-111.88814693449824,40.315864672511594],[-111.88814654451716,40.315863332756066],[-111.88814615688408,40.315861992092131],[-111.88814577042756,40.315860651424245],[-111.88814538632924,40.31585931164917],[-111.8881450045738,40.315857970065046],[-111.88814462399496,40.315856628477],[-111.8881442469458,40.315855286877294],[-111.88814387106807,40.315853944372989],[-111.88814349872511,40.315852602757559],[-111.88814312637197,40.315851259340953],[-111.88814275637706,40.315849916817086],[-111.88814238873013,40.315848573384834],[-111.88814202343634,40.31584722994473],[-111.88814166049056,40.315845885596183],[-111.88814129871619,40.315844540343136],[-111.88814094047663,40.315843195978943],[-111.88814058341364,40.315841851610855],[-111.88814022869356,40.315840505433734],[-111.88813987633166,40.315839160149395],[-111.8881395251361,40.315837813059886],[-111.88813917748048,40.315836467759915],[-111.88813882981461,40.315835120658683],[-111.88813848567838,40.315833773545727],[-111.88813814271877,40.315832426428862],[-111.88813780210715,40.31583107840359],[-111.88813746503027,40.315829731267179],[-111.88813712911974,40.315828382325627],[-111.88813679556746,40.315827034276886],[-111.88813646318667,40.315825685323567],[-111.88813613315891,40.315824336362489],[-111.88813580430779,40.315822987397489],[-111.88813547898117,40.315821637520109],[-111.88813515600765,40.315820287634935],[-111.88813483420562,40.315818936845226],[-111.88813451475669,40.3158175860477],[-111.88813419766089,40.315816235242337],[-111.88813388173651,40.315814883532489],[-111.88813356934692,40.315813532711495],[-111.88813325930533,40.315812180982093],[-111.88813294926375,40.315810829252619],[-111.88813264274674,40.315809476610902],[-111.88813233740629,40.315808123965205],[-111.88813203559546,40.315806771307827],[-111.88813173496122,40.315805418646505],[-111.88813143549332,40.315804064180043],[-111.88813113956017,40.315802710602462],[-111.8881308448036,40.315801357020987],[-111.88813055239507,40.315800002531077],[-111.88813026351613,40.315798648029428],[-111.88812997463722,40.315797293527751],[-111.88812968928291,40.315795938113773],[-111.88812940510509,40.315794582695844],[-111.88812912328551,40.315793228170755],[-111.88812884498537,40.315791871832694],[-111.88812856668524,40.315790515494655],[-111.88812829073828,40.315789159148764],[-111.888128018326,40.315787803691755],[-111.88812774590359,40.31578644643352],[-111.88812747818734,40.315785089159654],[-111.88812721164767,40.315783731881879],[-111.888126945108,40.315782374604126],[-111.88812668326942,40.315781016410106],[-111.88812642261253,40.315779659112721],[-111.88812616430361,40.315778300906999],[-111.88812590716616,40.315776941796699],[-111.88812565238689,40.31577558357921],[-111.88812539995568,40.315774224453278],[-111.88812515105917,40.315772866216271],[-111.88812490332396,40.31577150527346],[-111.88812465559894,40.315770146131889],[-111.88812441258013,40.315768786974672],[-111.88812417073279,40.315767426912949],[-111.88812393123341,40.315766065942803],[-111.88812369409226,40.31576470586544],[-111.88812345812768,40.315763345784191],[-111.88812322450596,40.315761983893843],[-111.88812299324248,40.315760622896299],[-111.88812276433211,40.315759261890982],[-111.88812253776972,40.315757899977172],[-111.88812231356046,40.315756538055595],[-111.88812209053283,40.315755177030688],[-111.88812186867159,40.315753814200647],[-111.8881216515216,40.315752452255616],[-111.88812143436657,40.31575108940995],[-111.88812122074623,40.315749727453152],[-111.88812100829229,40.31574836369122],[-111.88812079701999,40.315747000826015],[-111.88812058927735,40.315745637949071],[-111.88812038388272,40.315744274163698],[-111.88812017966464,40.315742910374411],[-111.88811997780479,40.31574154747792],[-111.8881197782878,40.315740182772387],[-111.88811958112898,40.31573881895963],[-111.88811938631825,40.315737454238459],[-111.888119192684,40.315736089513351],[-111.88811900140291,40.315734724780455],[-111.88811881246977,40.315733359139102],[-111.88811862589996,40.315731995291209],[-111.88811844049651,40.315730629638125],[-111.88811825744612,40.315729263977239],[-111.88811807793051,40.315727899205257],[-111.8881178984047,40.315726532632034],[-111.88811772241364,40.315725166947693],[-111.8881175487757,40.31572380125553],[-111.88811737748578,40.315722434654944],[-111.88811720620092,40.315721068954957],[-111.8881170384355,40.315719701442013],[-111.88811687302831,40.315718334821902],[-111.88811670879765,40.315716968197862],[-111.88811654692013,40.315715601565991],[-111.88811638856711,40.315714234021783],[-111.88811623139576,40.315712867374287],[-111.8881160753908,40.315711498921637],[-111.88811592292055,40.315710131357882],[-111.88811577280336,40.315708763786333],[-111.88811562268624,40.315707396214748],[-111.88811547609366,40.315706027730855],[-111.88811533303578,40.315704660135829],[-111.88811518997798,40.315703292540825],[-111.88811504808649,40.315701923140637],[-111.88811491090628,40.315700554625472],[-111.88811477490775,40.315699187006999],[-111.88811464007556,40.31569781758337],[-111.88811450877807,40.315696449048666],[-111.88811437865719,40.315695080509983],[-111.88811425088426,40.315693711062927],[-111.88811412546447,40.315692341608042],[-111.88811400357433,40.315690972141439],[-111.88811388168929,40.315689603575478],[-111.88811376214716,40.31568823320039],[-111.88811364613973,40.315686863714234],[-111.88811353012726,40.315685493327464],[-111.88811341765458,40.315684124730197],[-111.88811330752482,40.315682754323873],[-111.88811319740017,40.315681384818198],[-111.88811309314801,40.315680013491679],[-111.88811298772956,40.315678643970401],[-111.88811288583565,40.315677273536714],[-111.88811278629483,40.315675903095226],[-111.88811268793057,40.315674532649851],[-111.88811259191425,40.315673161295976],[-111.88811249826128,40.315671791735575],[-111.88811240695121,40.315670420366089],[-111.88811231681767,40.315669048992717],[-111.88811222904235,40.315667678512156],[-111.88811214479665,40.315666308019836],[-111.88811206172751,40.315664937523643],[-111.8881119798247,40.315663565222266],[-111.88811190145664,40.3156621938098],[-111.8881118254468,40.315660823290152],[-111.8881117506084,40.315659451865976],[-111.88811167812307,40.315658080433963],[-111.88811160680922,40.315656708097436],[-111.88811153903519,40.315655337550417],[-111.88811147360406,40.315653965194336],[-111.88811140935459,40.315652593734953],[-111.8881113474531,40.315651221367169],[-111.88811128791492,40.315649850792788],[-111.8881112307196,40.315648478409344],[-111.88811117470087,40.315647106021999],[-111.88811112104541,40.315645735428099],[-111.88811107090937,40.315644363021192],[-111.88811102194994,40.315642990610392],[-111.88811097416702,40.315641618195684],[-111.88811092991372,40.315640245769309],[-111.88811088684209,40.315638874239575],[-111.88811084611848,40.315637501801412],[-111.88811080774791,40.315636129355447],[-111.88811077055395,40.315634756905567],[-111.8881107380661,40.315633384440048],[-111.88811070440687,40.315632012879107],[-111.88811067544867,40.315630640401857],[-111.88811064766705,40.315629267920706],[-111.88811062106203,40.315627895435668],[-111.88811059798657,40.315626522938864],[-111.88811057609276,40.31562515133885],[-111.88811055772349,40.315623778826435],[-111.88811054052569,40.315622405409499],[-111.88811052450954,40.315621032889254],[-111.88811050403926,40.315619082173733],[-111.8881104880231,40.315617709653502],[-111.88811047083041,40.315616337137193],[-111.88811045245605,40.315614963724158],[-111.88811043408683,40.315613591211758],[-111.88811041336446,40.315612218707201],[-111.88811039382377,40.315610847099279],[-111.88811037074834,40.315609474602503],[-111.88811034767291,40.315608102105713],[-111.88811032342095,40.315606729612838],[-111.88811029799244,40.31560535712385],[-111.88811027255879,40.315603983734249],[-111.8881102447823,40.315602612153782],[-111.88811021700072,40.31560123967261],[-111.88811018804257,40.315599867195338],[-111.88811015790787,40.315598494722018],[-111.88811012777826,40.315597123149267],[-111.88811009529049,40.315595750683748],[-111.88811006280274,40.315594378218258],[-111.88811002796186,40.315593005760526],[-111.88810999194445,40.315591633306731],[-111.88810995593211,40.315590261753549],[-111.88810991873818,40.31558888930364],[-111.88810988036767,40.315587516857633],[-111.88810984199718,40.315586144411675],[-111.88810980245015,40.315584771969604],[-111.88810976055514,40.315583400435926],[-111.88810971865499,40.315582028001678],[-111.8881096744018,40.315580655575204],[-111.88810963014855,40.31557928314875],[-111.88810958589535,40.315577910722304],[-111.88810953929926,40.315576540104907],[-111.88810949269296,40.315575167686269],[-111.88810944373358,40.315573795275448],[-111.88810939359763,40.315572422868506],[-111.88810934346171,40.315571050461642],[-111.88810929333088,40.315569678955328],[-111.88810923967046,40.31556830746073],[-111.88810918718141,40.315566935061682],[-111.8881091323393,40.315565562670379],[-111.88810907750234,40.315564191179696],[-111.88810902031226,40.315562819696808],[-111.88810896311708,40.315561447313385],[-111.88810890474535,40.315560074933799],[-111.88810884638383,40.31555870435546],[-111.88810878448245,40.315557331987605],[-111.88810872376281,40.315555960516498],[-111.88810866068491,40.315554588152551],[-111.88810859879376,40.315553217585951],[-111.88810853336277,40.315551845229834],[-111.88810846793695,40.315550473774323],[-111.88810840132942,40.3155491014221],[-111.88810833473212,40.315547730871138],[-111.88810826577149,40.315546358526738],[-111.88810819681603,40.315544987082966],[-111.88810812551252,40.315543616547615],[-111.88810805419887,40.315542244211002],[-111.88810798171377,40.315540872778975],[-111.88810790923374,40.315539502247489],[-111.88810783439044,40.315538129922679],[-111.88810775837571,40.315536758502304],[-111.88810768118441,40.315535387085895],[-111.88810760399824,40.315534016570069],[-111.8881075256304,40.315532645157589],[-111.88810744490954,40.315531273752839],[-111.88810736537026,40.315529903244858],[-111.88810728464938,40.315528531840144],[-111.88810720157541,40.315527160443231],[-111.88810711732995,40.315525789950854],[-111.88810703307946,40.315524418557921],[-111.88810694765239,40.315523047168817],[-111.88810686105393,40.315521676684284],[-111.88810677327375,40.315520305302996],[-111.88810668431709,40.315518933925659],[-111.88810659418897,40.315517563452786],[-111.88810650406086,40.315516192979977],[-111.88810641275623,40.315514822511076],[-111.8881063202699,40.315513451145428],[-111.88810622661215,40.315512080684321],[-111.8881061317779,40.315510710227066],[-111.88810603576194,40.315509338873191],[-111.88810593857976,40.315507969324429],[-111.88810584138727,40.315506597974398],[-111.88810574302339,40.315505227528924],[-111.8881056423115,40.315503857991899],[-111.88810554158941,40.315502486653571],[-111.88810543970101,40.315501117120441],[-111.8881053378075,40.315499746686676],[-111.88810523355583,40.31549837536015],[-111.88810512813781,40.315497005838736],[-111.88810502271468,40.31549563541666],[-111.88810491612013,40.315494265899154],[-111.88810480834393,40.315492895484965],[-111.88810469939631,40.315491525975247],[-111.88810459044358,40.315490155564945],[-111.88810447914283,40.315488786063078],[-111.88810436783702,40.31548741566052],[-111.88810425418323,40.315486046166463],[-111.88810414052435,40.315484675771778],[-111.88810402569403,40.315483306281614],[-111.88810390968713,40.315481936795358],[-111.88810379250374,40.315480567313031],[-111.88810367531522,40.315479196930092],[-111.88810355578387,40.315477828356158],[-111.88810343624232,40.315476457981013],[-111.88810331553439,40.315475089411002],[-111.88810319246316,40.315473719047567],[-111.88810307057872,40.315472350481471],[-111.88810294633103,40.315470980121951],[-111.88810282209349,40.315469611563664],[-111.88810269550291,40.315468243013214],[-111.88810256890717,40.315466873562109],[-111.88810244113498,40.315465504114947],[-111.88810231100966,40.315464134675572],[-111.88810218206599,40.315462766132917],[-111.88810205076922,40.315461397598071],[-111.88810191829081,40.315460028166484],[-111.88810178581757,40.31545865963556],[-111.88810165099628,40.315457292013058],[-111.88810151734137,40.315455922585414],[-111.88810138133853,40.315454554066186],[-111.8881012429774,40.315453184654167],[-111.88810110580309,40.315451817039509],[-111.88810096627061,40.315450448532019],[-111.88810082556155,40.315449080028472],[-111.88810068602906,40.315447711520939],[-111.88810054297207,40.315446343925814],[-111.8881004010814,40.315444974525526],[-111.88810025684786,40.315443606934238],[-111.88810011143777,40.315442239346943],[-111.88809996485114,40.315440871763485],[-111.88809981825945,40.315439503279478],[-111.88809967049629,40.315438135699914],[-111.88809952038007,40.315436768128222],[-111.88809937144039,40.315435400552623],[-111.88809921896599,40.315434032088099],[-111.88809906767327,40.315432664520287],[-111.8880989140274,40.315431296960284],[-111.88809876038158,40.315429929400324],[-111.88809860555924,40.315428561844215],[-111.88809844838381,40.315427194295978],[-111.88809829239003,40.315425827644432],[-111.88809813403807,40.315424460100054],[-111.88809797451465,40.315423093460218],[-111.88809781499126,40.315421726820396],[-111.88809765310459,40.315420358387172],[-111.88809749122814,40.315418991755109],[-111.88809732817512,40.315417625127004],[-111.88809716394557,40.315416258502808],[-111.88809699853954,40.315414891882519],[-111.88809683195694,40.315413525266116],[-111.88809666537432,40.315412158649728],[-111.88809649761518,40.315410792037255],[-111.88809632750809,40.31540942633319],[-111.88809615739078,40.315408058827948],[-111.88809598610203,40.315406692227157],[-111.88809581364187,40.315405326530929],[-111.8880956411766,40.315403959934073],[-111.88809546636334,40.315402594245647],[-111.88809529155013,40.315401228557235],[-111.88809511556036,40.315399862872688],[-111.88809493721244,40.315398496295373],[-111.88809475886957,40.315397130618663],[-111.88809458052677,40.315395764942004],[-111.88809439865429,40.315394399277025],[-111.88809421913491,40.315393033604202],[-111.88809403609108,40.315391668843795],[-111.88809385304211,40.315390303182696],[-111.88809366764006,40.315388937529434],[-111.88809348224316,40.315387572776778],[-111.88809329684108,40.315386207123545],[-111.88809310909618,40.315384843279361],[-111.88809292134111,40.315383477633901],[-111.88809273123803,40.315382112896877],[-111.88809254231153,40.315380748155967],[-111.88809234985537,40.315379383426759],[-111.88809215739924,40.315378018697579],[-111.88809196494313,40.31537665396835],[-111.88809177013903,40.315375290147621],[-111.88809157532982,40.315373925426265],[-111.88809137816757,40.315372560712667],[-111.88809118101045,40.315371196899704],[-111.88809098267163,40.315369832190029],[-111.88809078434308,40.315368469281609],[-111.88809058247466,40.315367104583686],[-111.88809038178792,40.315365740782489],[-111.88809017992467,40.315364376985144],[-111.88808997571341,40.315363014096242],[-111.88808977149193,40.3153616494061],[-111.88808956609907,40.3153602856205],[-111.88808936071133,40.315358922735527],[-111.88808915179393,40.315357559862278],[-111.88808894404798,40.315356196084494],[-111.88808873512554,40.315354832310611],[-111.88808852386019,40.315353470345755],[-111.88808831258466,40.315352106579702],[-111.88808810131428,40.315350743714255],[-111.88808788769076,40.315349380856603],[-111.88808767289072,40.315348018002879],[-111.88808745691927,40.315346656053705],[-111.88808724094274,40.315345293203883],[-111.88808702261315,40.315343930361877],[-111.88808680546514,40.315342568416554],[-111.88808658478246,40.315341205582406],[-111.88808636528655,40.315339844545498],[-111.8880861434273,40.31533848171523],[-111.88808592040182,40.315337120690117],[-111.8880856985426,40.315335757859806],[-111.88808547316403,40.315334396842481],[-111.88808524660379,40.315333034928443],[-111.88808502122008,40.315331673010512],[-111.88808479348333,40.315330311100361],[-111.88808456575168,40.315328950090844],[-111.88808433567212,40.315327589989785],[-111.88808410558228,40.315326228087457],[-111.88808387432104,40.315324867089672],[-111.88808364187817,40.315323505195146],[-111.88808340826897,40.315322145105782],[-111.88808317348322,40.31532078502034],[-111.8880829386873,40.315319423133651],[-111.88808270154853,40.315318063056012],[-111.88808246440462,40.31531670207773],[-111.88808222608935,40.315315342003998],[-111.88808198659753,40.315313981934167],[-111.88808174592911,40.315312621868237],[-111.88808150407914,40.315311260905617],[-111.88808126223934,40.315309901744214],[-111.88808101921792,40.3153085416861],[-111.88808077502509,40.315307182532564],[-111.88808052965057,40.315305822482266],[-111.88808028192302,40.315304462439798],[-111.88808003420061,40.315303103297921],[-111.88807978647819,40.315301744156031],[-111.88807953640266,40.315300385022027],[-111.88807928749861,40.315299024983439],[-111.88807903507512,40.315297666757807],[-111.8880787826466,40.315296307631598],[-111.8880785290466,40.315294949409846],[-111.88807827426498,40.315293590291461],[-111.88807801948852,40.315292232073659],[-111.88807776353549,40.315290873859766],[-111.88807750522939,40.315289515653667],[-111.88807724692329,40.315288157447604],[-111.88807698626415,40.315286799249343],[-111.88807672678156,40.315285441047145],[-111.88807646494587,40.315284082852806],[-111.88807620311529,40.315282725559065],[-111.88807593892658,40.315281367372471],[-111.88807567474292,40.31528001008656],[-111.88807540938281,40.315278652804537],[-111.88807514284613,40.315277295526435],[-111.88807487630947,40.315275938248327],[-111.88807460741971,40.315274580978013],[-111.88807433853002,40.31527322370772],[-111.88807406728723,40.315271866445244],[-111.8880737960546,40.31527051098395],[-111.88807352363533,40.315269153725382],[-111.88807325004457,40.315267797371312],[-111.88807297527221,40.315266440120539],[-111.88807270050496,40.315265083770399],[-111.88807242338972,40.315263728328695],[-111.88807214626944,40.315262371986364],[-111.88807186797771,40.315261016548533],[-111.88807158850435,40.315259660214011],[-111.88807130785953,40.315258304783981],[-111.88807102603822,40.315256949357916],[-111.88807074421689,40.315255593931816],[-111.88807046004253,40.315254238513539],[-111.88807017586815,40.315252883095241],[-111.88806989051729,40.3152515276809],[-111.88806960517149,40.315250173167136],[-111.8880693162961,40.315248818665083],[-111.88806902859727,40.315247464159143],[-111.88806873854537,40.315246109661025],[-111.88806844967,40.315244755158993],[-111.88806815726508,40.31524340066867],[-111.88806786486522,40.31524204707901],[-111.88806757128374,40.315240692592589],[-111.88806727770744,40.315239339006801],[-111.88806698177288,40.315237984528153],[-111.88806668584348,40.31523663095021],[-111.888066387561,40.315235277380033],[-111.88806609045507,40.315233923805955],[-111.88806578981952,40.315232570243623],[-111.88806549036566,40.315231217577953],[-111.88806518973524,40.315229864916262],[-111.88806488674668,40.31522851136171],[-111.88806458376324,40.315227158707778],[-111.88806427960323,40.315225806057775],[-111.8880639742667,40.315224453411645],[-111.88806366658225,40.315223101673979],[-111.88806336006922,40.315221749031764],[-111.88806305237965,40.315220396393499],[-111.88806274234216,40.315219044663614],[-111.88806243112811,40.315217692937665],[-111.88806211991407,40.315216341211709],[-111.88806180870516,40.315214990386373],[-111.88806149396156,40.315213638672112],[-111.88806118039449,40.315212286953965],[-111.88806086565091,40.315210935239747],[-111.88806054973587,40.315209584430022],[-111.88806023264434,40.315208233624219],[-111.88805991319975,40.31520688282621],[-111.88805959376022,40.315205532928836],[-111.88805927431567,40.315204182130849],[-111.88805895251801,40.315202831340663],[-111.8880586307255,40.315201481451084],[-111.88805830775645,40.315200131565462],[-111.88805798361085,40.315198781683691],[-111.88805765828876,40.315197431805835],[-111.88805733296665,40.315196081928029],[-111.88805700411494,40.315194732061883],[-111.88805667644493,40.315193383092485],[-111.88805634759325,40.315192033226339],[-111.88805601639359,40.315190684268629],[-111.88805568519911,40.315189336211546],[-111.88805535399948,40.315187987253857],[-111.8880550216234,40.315186638300077],[-111.88805468571765,40.315185289357998],[-111.88805435099869,40.315183942213253],[-111.88805401509296,40.315182593271189],[-111.88805367919237,40.315181245229752],[-111.88805333976221,40.315179897200032],[-111.88805300033711,40.315178550070911],[-111.88805266090698,40.315177202041177],[-111.88805232030029,40.315175854015344],[-111.88805197734563,40.315174506897947],[-111.888051634391,40.315173159780549],[-111.88805129026495,40.31517181356768],[-111.88805094612874,40.315170465553585],[-111.88805059846798,40.315169118451777],[-111.88805025198891,40.315167772246724],[-111.88804990433329,40.315166426045572],[-111.88804955550115,40.315165079848313],[-111.88804920548741,40.315163732754336],[-111.8880488543073,40.315162387465556],[-111.88804850194559,40.31516104128],[-111.88804814841247,40.315159695999029],[-111.88804779487937,40.315158350717979],[-111.88804744016466,40.315157004540282],[-111.88804708546012,40.315155660163803],[-111.88804672721581,40.31515431399783],[-111.88804637015824,40.315152969629153],[-111.8880460107476,40.315151625268285],[-111.88804565016045,40.315150280911325],[-111.88804529074477,40.315148935649844],[-111.88804492898109,40.315147591296835],[-111.88804456604603,40.315146247848276],[-111.8880442007528,40.315144903506969],[-111.8880438366412,40.31514356006236],[-111.88804347017143,40.315142215724933],[-111.88804310370682,40.315140872288133],[-111.88804273606564,40.315139528855248],[-111.88804236724796,40.315138185426243],[-111.88804199608238,40.315136842905687],[-111.88804162726473,40.315135499476682],[-111.88804125492257,40.315134156960035],[-111.88804088258044,40.315132814443366],[-111.88804050906177,40.315131471930613],[-111.8880401331901,40.315130129425675],[-111.88803975732351,40.315128787821358],[-111.8880393814518,40.315127445316428],[-111.88803900323214,40.31512610371994],[-111.88803862383602,40.31512476212734],[-111.88803824561637,40.315123420530838],[-111.8880378638672,40.315122078946054],[-111.88803748212823,40.315120739162467],[-111.88803710037902,40.315119397577689],[-111.88803671628189,40.315118056901291],[-111.88803633218477,40.315116716224971],[-111.88803594573973,40.315115376457015],[-111.88803555928956,40.315114035788511],[-111.88803517166291,40.315112695123837],[-111.88803478404645,40.315111356260438],[-111.88803439406671,40.315110015603622],[-111.88803400291562,40.315108675851313],[-111.88803361176957,40.315107336999617],[-111.88803321944194,40.315105997251187],[-111.88803282593773,40.315104657506716],[-111.88803243126728,40.31510331956737],[-111.88803203541006,40.315101979830708],[-111.88803163956308,40.315100641895228],[-111.88803124253447,40.315099303063064],[-111.88803084433441,40.315097965135429],[-111.88803044378133,40.315096627215624],[-111.88803004322827,40.31509528929579],[-111.88802964267522,40.315093951375978],[-111.88802923976911,40.315092613463939],[-111.88802883686807,40.31509127645252],[-111.88802843279059,40.31508993944508],[-111.88802802753146,40.31508860154085],[-111.88802762110599,40.315087265441818],[-111.88802721467549,40.315085928442116],[-111.88802680589694,40.315084592350864],[-111.88802639594196,40.315083256263534],[-111.88802598715841,40.315081919271655],[-111.88802557485036,40.315080583192113],[-111.88802516372395,40.315079248009262],[-111.88802474906795,40.315077912838184],[-111.88802433558344,40.31507657676255],[-111.88802392092747,40.315075241591437],[-111.88802350509499,40.315073906424246],[-111.88802308691454,40.315072572165491],[-111.88802266872905,40.315071237006102],[-111.88802225054863,40.315069902747332],[-111.88802183001519,40.3150685684964],[-111.88802140948172,40.31506723424544],[-111.88802098777178,40.315065899998395],[-111.8880205648853,40.315064565755236],[-111.88802013965089,40.315063232420535],[-111.88801971441134,40.315061898185178],[-111.88801928918208,40.315060565751075],[-111.88801886159462,40.315059232424154],[-111.88801843518371,40.315057899093318],[-111.88801800524831,40.315056566674869],[-111.88801757531296,40.31505523425637],[-111.88801714420106,40.315053901841814],[-111.88801671308919,40.31505256942723],[-111.88801628080593,40.31505123791721],[-111.8880158473461,40.315049906411048],[-111.88801541152814,40.315048574012089],[-111.88801497572041,40.315047243414405],[-111.88801453990249,40.315045911015453],[-111.88801410174679,40.315044581326163],[-111.88801366240439,40.315043249839533],[-111.88801322306711,40.315041919253503],[-111.88801278255843,40.315040589572043],[-111.88801234086301,40.315039258093272],[-111.88801189800127,40.315037928419592],[-111.88801145513445,40.315036597845307],[-111.88801101110131,40.315035269076141],[-111.88801056471002,40.315033939414164],[-111.88801011831875,40.31503260975223],[-111.88800967075606,40.315031280994802],[-111.88800922319342,40.315029952237431],[-111.88800877327768,40.315028623487798],[-111.88800832335691,40.315027293837559],[-111.88800787109322,40.315025965996341],[-111.8880079016015,40.315025951484806],[-111.88800866668664,40.315025593191862],[-111.88800830654222,40.315024534335791],[-111.88798548473537,40.31495744947447],[-111.8879849905386,40.314955988477841],[-111.88798454062892,40.314954660628736],[-111.88798409306216,40.314953330970582],[-111.8879836490301,40.314952002201295],[-111.88798320498786,40.31495067163074],[-111.88798276448037,40.314949341949124],[-111.88798232396262,40.314948010466267],[-111.88798188580313,40.314946679876186],[-111.88798144999154,40.314945348377712],[-111.8879810165331,40.31494401687138],[-111.88798058424611,40.314942684460512],[-111.88798015313564,40.314941352045757],[-111.88797972437823,40.314940019623201],[-111.88797929679231,40.314938686296131],[-111.88797887273599,40.314937352957251],[-111.88797844985113,40.314936018713915],[-111.88797802814284,40.314934684466657],[-111.88797760878764,40.314933350211554],[-111.88797719178039,40.314932015048072],[-111.88797677477314,40.314930679884533],[-111.88797636129553,40.314929344709306],[-111.88797594899447,40.314928009530135],[-111.88797553904136,40.314926673442571],[-111.88797513143626,40.314925336446521],[-111.88797472500774,40.314923999446592],[-111.8879743197557,40.314922662442733],[-111.88797391803334,40.314921325427207],[-111.88797351630073,40.314919986610398],[-111.88797311693149,40.314918649587],[-111.88797271989992,40.314917309853968],[-111.88797232405516,40.314915971918211],[-111.88797193055331,40.314914632173448],[-111.88797153940958,40.314913293321425],[-111.88797115061388,40.31491195356103],[-111.88797076181308,40.314910612899993],[-111.887970376547,40.314909273127853],[-111.88796999245235,40.314907932451185],[-111.88796960835772,40.31490659177453],[-111.88796922896412,40.314905250181631],[-111.8879688495706,40.314903908588718],[-111.88796847370153,40.314902566083397],[-111.88796809784269,40.314901225379408],[-111.88796772432676,40.314899882866293],[-111.88796735315364,40.314898538544149],[-111.88796698434383,40.314897196015444],[-111.88796661670548,40.31489585258219],[-111.88796625142021,40.314894509141148],[-111.88796588730638,40.314893164795592],[-111.88796552555075,40.314891821342798],[-111.88796516496144,40.314890476084855],[-111.88796480790175,40.31488913081521],[-111.88796445084718,40.314887786446185],[-111.88796409613551,40.314886440268111],[-111.88796374378198,40.314885094982792],[-111.88796339259478,40.314883747892367],[-111.88796304494747,40.314882402591429],[-111.88796269728989,40.314881055489316],[-111.88796235199052,40.314879709279957],[-111.88796200903398,40.314878361261535],[-111.88796166726426,40.314877015040466],[-111.88796132666087,40.314875667014228],[-111.88796098958198,40.314874318075667],[-111.88796065486129,40.314872970029924],[-111.88796032014061,40.314871621984153],[-111.88795998776786,40.314870273029939],[-111.88795965774824,40.314868924067945],[-111.88795933007654,40.314867574197471],[-111.88795900240493,40.314866224327076],[-111.88795867826286,40.314864874444872],[-111.88795835529739,40.314863524558774],[-111.88795803468496,40.314862174664917],[-111.88795771642052,40.314860823862581],[-111.88795739815609,40.314859473060281],[-111.88795708342128,40.314858122246207],[-111.88795676985789,40.314856770527591],[-111.88795645746595,40.314855417904511],[-111.88795614860871,40.314854066170284],[-111.88795583975148,40.314852714436086],[-111.88795553442394,40.314851362690156],[-111.88795523026266,40.314850009139093],[-111.88795492845956,40.314848656480784],[-111.88795462783301,40.314847303818631],[-111.88795432954933,40.314845949347344],[-111.88795403362897,40.314844596669552],[-111.88795373887493,40.314843242186605],[-111.88795344647905,40.314841888596447],[-111.88795315524952,40.314840533201142],[-111.88795286520673,40.314839179603162],[-111.88795257868335,40.314837824192232],[-111.88795229333651,40.314836468777351],[-111.88795200917136,40.314835114259239],[-111.88795172734903,40.314833757932064],[-111.88795144906142,40.314832402493799],[-111.88795117077382,40.314831047055492],[-111.88795089483419,40.314829690708791],[-111.88795062007111,40.314828334358147],[-111.88795034765599,40.314826977099116],[-111.8879500787705,40.314825619828312],[-111.887949809885,40.314824262557551],[-111.88794954335768,40.314822906179565],[-111.88794927917834,40.314821548893136],[-111.88794901617044,40.314820190702171],[-111.88794875434418,40.314818833407941],[-111.88794849604241,40.314817475201394],[-111.88794823774064,40.314816116994791],[-111.88794798295828,40.314814756975267],[-111.88794772936275,40.314813398753081],[-111.88794747929163,40.314812039618531],[-111.88794722804401,40.314810680487909],[-111.88794698150254,40.314809321341649],[-111.88794673613756,40.314807962191445],[-111.88794649193896,40.31480660123615],[-111.88794624892712,40.314805242078144],[-111.88794600826326,40.314803882011745],[-111.88794577112894,40.314802521933593],[-111.88794553398959,40.314801160954829],[-111.88794529920328,40.314799799968249],[-111.88794506677517,40.314798439874501],[-111.88794483551337,40.314797077975548],[-111.88794460778628,40.314795716965541],[-111.88794438005411,40.314794355054893],[-111.8879441558566,40.314792994033184],[-111.88794393164895,40.314791631210198],[-111.88794370980457,40.314790270180652],[-111.88794349147958,40.314788907338134],[-111.88794327315965,40.3147875453962],[-111.88794305718774,40.314786182545895],[-111.88794284356382,40.314784818787118],[-111.88794263230315,40.314783456821822],[-111.88794242103226,40.314782093055214],[-111.88794221329609,40.31478073017751],[-111.88794200791304,40.314779367292061],[-111.88794180370138,40.314778003501985],[-111.88794160066116,40.314776638807466],[-111.8879413988026,40.314775275009623],[-111.88794120047359,40.314773911200028],[-111.8879410044977,40.314772547382688],[-111.88794080969322,40.314771182660813],[-111.88794061606529,40.314769817934987],[-111.88794042596699,40.314768453197487],[-111.88794023586863,40.314767088459945],[-111.88794004811828,40.314765722814009],[-111.88793986273123,40.314764358961455],[-111.88793967968698,40.314762993299887],[-111.88793949664282,40.314761627638305],[-111.88793931712819,40.314760261964977],[-111.88793913996666,40.314758896283841],[-111.88793896398164,40.31475753059879],[-111.88793879034458,40.314756164005338],[-111.88793861671267,40.314754798312492],[-111.88793844777666,40.314753430802796],[-111.88793827767437,40.31475206509824],[-111.88842011143133,40.314721999672138],[-111.88842054895242,40.314721972099214],[-111.88868771454892,40.314276577760097],[-111.88879640177444,40.314046242445876],[-111.88887792245396,40.313771650851884],[-111.88878830952265,40.313487632540337],[-111.88850423217808,40.313210757209376],[-111.88835126512872,40.313166819171705],[-111.88835123185459,40.313166760740742],[-111.88827786057192,40.313008320915486],[-111.88827871064427,40.313007808328656],[-111.88828012238106,40.313006962440021],[-111.88828153528918,40.31300611564685],[-111.8882829470361,40.313005271559369],[-111.88828436231761,40.313004428360848],[-111.88828577759907,40.313003585162285],[-111.8882871940672,40.313002743761018],[-111.88828861290364,40.313001905053824],[-111.8882900317349,40.31300106544596],[-111.88829145175291,40.313000227635435],[-111.88829287295754,40.312999391622199],[-111.88829429533355,40.312998554704414],[-111.88829572008295,40.312997721381294],[-111.88829714483229,40.312996888058159],[-111.88829857076325,40.312996055631722],[-111.88829999788084,40.312995225002588],[-111.88830142499842,40.312994394373462],[-111.88830285566081,40.312993566434422],[-111.88830428514665,40.312992738499325],[-111.88830571700082,40.312991913258209],[-111.88830715120788,40.312991088009269],[-111.88830858542008,40.312990263660936],[-111.88831001964243,40.312989441113842],[-111.88831145622285,40.312988619459546],[-111.88831289281346,40.312987799606418],[-111.88831433175703,40.312986979745489],[-111.88831577188726,40.312986161681827],[-111.88831721202769,40.312985345419477],[-111.8883186545211,40.312984529149254],[-111.88832009820121,40.312983714676356],[-111.88832154188636,40.312982901104036],[-111.8883229879347,40.31298208932516],[-111.88832443398297,40.312981277546214],[-111.88832588121795,40.312980467564657],[-111.88832733081615,40.31297965937646],[-111.88832877923777,40.312978851192142],[-111.88833023119908,40.312978044797369],[-111.88833168199407,40.312977240207701],[-111.88833313631855,40.312976435606259],[-111.88833459065833,40.312975633706714],[-111.88833604499801,40.312974831807118],[-111.88833750170095,40.312974031700946],[-111.88833896076193,40.312973232487536],[-111.88834041864632,40.312972433278055],[-111.88834187890417,40.31297163766321],[-111.88834333915689,40.312970841147695],[-111.88834480177279,40.312970046425619],[-111.88834626439881,40.312969253504761],[-111.88834772937787,40.312968460576094],[-111.88834919437215,40.312967670349202],[-111.88835066054297,40.312966880118452],[-111.88835212790555,40.312966092585576],[-111.88835359761599,40.312965304144278],[-111.88835506616009,40.312964517508121],[-111.888356538249,40.3129637335621],[-111.88835800916137,40.312962949619902],[-111.88835948243184,40.312962166570543],[-111.88836095571244,40.312961385322417],[-111.88836243135118,40.31296060496706],[-111.88836390700007,40.3129598264129],[-111.8883653838254,40.312959047854847],[-111.88836686301393,40.312958271090189],[-111.88836834221267,40.312957496126764],[-111.88836982259299,40.312956722060008],[-111.88837130532626,40.312955947985444],[-111.88837278689829,40.312955176616576],[-111.88837427082839,40.312954406140577],[-111.88837575476364,40.312953636565133],[-111.888377241062,40.312952868783086],[-111.88837872854199,40.312952101897778],[-111.88838021602193,40.312951335012379],[-111.88838170469874,40.312950571725587],[-111.88838319572342,40.312949807530337],[-111.8883846867583,40.312949045136293],[-111.88838617780337,40.312948284543488],[-111.8883876712065,40.31294752484348],[-111.88838916579121,40.312946766040135],[-111.88839066155749,40.312946008133466],[-111.88839215733904,40.312945252928692],[-111.88839365547359,40.312944497716053],[-111.88839515361323,40.312943743404013],[-111.88839665411605,40.312942990885404],[-111.88839815345254,40.312942240171893],[-111.8883996563185,40.312941489446651],[-111.88840115919973,40.312940741423255],[-111.88840266208605,40.312939994300493],[-111.88840416732532,40.312939247169851],[-111.88840567257481,40.312938501840414],[-111.88840717900585,40.312937757407703],[-111.88840868662868,40.312937015672915],[-111.88841019660453,40.312936273930312],[-111.88841170541403,40.312935533992842],[-111.88841321657647,40.312934794047486],[-111.8884147289256,40.312934055899483],[-111.88841624246145,40.312933319548804],[-111.88841775483094,40.312932585003217],[-111.88841926955341,40.312931850449814],[-111.88842078663912,40.312931117689807],[-111.88842230372477,40.312930384929807],[-111.88842382082566,40.312929654871603],[-111.88842534028471,40.312928925706224],[-111.88842685975389,40.312928198342057],[-111.88842838157606,40.312927470970074],[-111.88842990341347,40.312926746299908],[-111.88843142524578,40.312926020729094],[-111.88843294944643,40.312925297852289],[-111.88843447600512,40.31292457586833],[-111.88843600140261,40.312923856590075],[-111.88843752797145,40.312923136407292],[-111.88843905572693,40.312922418021785],[-111.88844058584567,40.312921701429758],[-111.88844211479292,40.312920985742167],[-111.88844364609831,40.312920270947387],[-111.88844517859035,40.312919557949904],[-111.88844671226909,40.31291884674976],[-111.8884482459478,40.312918135549587],[-111.88844978081318,40.312917426146754],[-111.88845131686521,40.31291671854116],[-111.8884528529173,40.312916010935602],[-111.88845439015604,40.312915305127348],[-111.88845592975794,40.312914601112475],[-111.88845746936492,40.312913897998236],[-111.88845901015863,40.312913196681286],[-111.88846055212366,40.312912494459795],[-111.8884620952856,40.312911795836833],[-111.88846363845262,40.31291109811449],[-111.8884651839726,40.312910400384318],[-111.8884667295028,40.3129097044554],[-111.88846827504317,40.312909010327672],[-111.88846982294157,40.312908317092727],[-111.88847137202673,40.312907625655058],[-111.88847292111186,40.312906934217423],[-111.88847447138873,40.312906245477691],[-111.88847602284208,40.312905556734052],[-111.88847757431073,40.312904870692222],[-111.88847912813236,40.312904184642541],[-111.88848068196417,40.312903500394107],[-111.88848223697759,40.312902817042406],[-111.88848379435414,40.312902135484059],[-111.88848535055934,40.312901454830282],[-111.88848690912768,40.312900775969787],[-111.88848846769598,40.312900097109356],[-111.88849002745103,40.312899420046215],[-111.8884915883978,40.312898745681061],[-111.88849315052107,40.31289807131192],[-111.88849471383105,40.312897398740105],[-111.88849627714097,40.312896726168297],[-111.88849784163762,40.312896055393722],[-111.88849940732092,40.312895386416507],[-111.8885009730093,40.312894718339891],[-111.88850253988437,40.312894052060571],[-111.88850410911752,40.312893386674098],[-111.88850567717923,40.312892722192053],[-111.88850724760414,40.312892059503447],[-111.88850881803926,40.312891398616067],[-111.88851039082734,40.312890737720849],[-111.88851196363075,40.312890079527435],[-111.88851353761058,40.312889421330141],[-111.88851511160063,40.31288876493403],[-111.88851668677221,40.31288810943466],[-111.88851826430701,40.312887455728635],[-111.8885198418469,40.312886802923245],[-111.88852141939188,40.312886151018404],[-111.88852299930517,40.312885501807642],[-111.88852457804698,40.312884853501366],[-111.88852615914692,40.312884206087894],[-111.88852774142842,40.312883559571091],[-111.88852932489148,40.312882913950929],[-111.88853090836989,40.312882271032677],[-111.88853249302471,40.312881628110475],[-111.88853407768976,40.312880986989512],[-111.88853566471798,40.312880347661917],[-111.88853725057479,40.312879709238857],[-111.88853883996617,40.312879071704664],[-111.88854042819128,40.312878435975605],[-111.88854201877444,40.312877801139344],[-111.88854360936777,40.312877168104258],[-111.88854519996625,40.312876535969785],[-111.88854679292272,40.312875904728102],[-111.88854838589455,40.312875276188251],[-111.88854998004284,40.312874647644477],[-111.88855157537785,40.312874020898001],[-111.88855317071787,40.312873395052137],[-111.88855476842113,40.31287277099964],[-111.88855636612945,40.312872147847813],[-111.8885579650194,40.312871525592598],[-111.8885595639246,40.312870906039308],[-111.8885611640063,40.312870286481996],[-111.88856276645116,40.312869668718157],[-111.88856436654808,40.31286905186272],[-111.88856597018986,40.312868437697333],[-111.88856757383157,40.312867823532017],[-111.88856917865488,40.31286721026332],[-111.88857078348839,40.3128665987959],[-111.88857239068506,40.312865989121811],[-111.88857399671039,40.312865380352285],[-111.88857560391723,40.312864772479458],[-111.88857721349237,40.312864167300624],[-111.8885788230675,40.312863562121784],[-111.88858043382932,40.31286295874024],[-111.88858204459626,40.312862356259288],[-111.88858365772634,40.31286175557176],[-111.88858527086664,40.312861156685429],[-111.88858688283038,40.312860557802964],[-111.88858849833898,40.312859961610684],[-111.88859011384748,40.312859365418312],[-111.88859172936624,40.31285877102718],[-111.88859334607167,40.312858178433395],[-111.88859496513514,40.312857586732335],[-111.88859658302724,40.312856995935825],[-111.88859820328251,40.312856406932653],[-111.88859982237148,40.312855819734693],[-111.88860144381343,40.312855232528847],[-111.8886030664472,40.312854648020917],[-111.88860468908602,40.312854064413628],[-111.88860631290646,40.312853481703016],[-111.88860793673705,40.312852900793601],[-111.88860956174925,40.312852320780891],[-111.88861118794813,40.312851742565478],[-111.88861281414702,40.312851164350022],[-111.88861444271926,40.312850589729258],[-111.8886160701099,40.312850014211733],[-111.88861769986886,40.312849441388231],[-111.88861932845637,40.312848869469242],[-111.88862095940198,40.312848298443001],[-111.8886225915343,40.312847729214155],[-111.88862422367681,40.312847161786465],[-111.88862585699577,40.312846594354816],[-111.88862749150142,40.312846028720507],[-111.88862912601726,40.312845464887403],[-111.88863076053825,40.312844901954961],[-111.88863239742749,40.312844341716449],[-111.88863403313509,40.312843780581268],[-111.88863567238752,40.312843222136159],[-111.88863730929714,40.312842665500106],[-111.88863894973619,40.31284210885233],[-111.88864059018549,40.312841554005715],[-111.88864223065009,40.312841001860981],[-111.88864387228602,40.312840448811684],[-111.88864551511382,40.31283989846029],[-111.88864715794664,40.312839349009508],[-111.8886488019662,40.312838801356051],[-111.88865044598568,40.312838253702552],[-111.888652091197,40.31283770874704],[-111.88865373759505,40.312837165588782],[-111.88865538516441,40.312836621525975],[-111.88865703157262,40.312836080168914],[-111.8886586815256,40.312835541501983],[-111.88866032912048,40.312835001942204],[-111.8886619802601,40.312834465072541],[-111.88866363022836,40.31283392910737],[-111.88866528137822,40.31283339403894],[-111.88866693371476,40.312832860767777],[-111.88866858606146,40.312832329297841],[-111.8886702407663,40.312831798720694],[-111.8886718942997,40.312831269048026],[-111.88867354901979,40.312830741172668],[-111.88867520492147,40.312830214194044],[-111.88867686201499,40.312829689913315],[-111.88867851910844,40.31282916563255],[-111.888680176207,40.31282864225242],[-111.88868183567388,40.312828121566262],[-111.88868349396932,40.312827601784655],[-111.88868515462286,40.312827082895801],[-111.88868681646309,40.312826565804258],[-111.88868847831351,40.312826050513941],[-111.88869013898744,40.312825535227546],[-111.88869180202967,40.31282502263511],[-111.88869346625349,40.312824510939365],[-111.88869513048233,40.312824000144246],[-111.88869679589797,40.312823491146425],[-111.88869846249511,40.312822983045237],[-111.888700127926,40.312822476749304],[-111.88870179453846,40.312821971349962],[-111.88870346351412,40.312821467744058],[-111.88870513131839,40.312820965042619],[-111.88870680149093,40.312820465035216],[-111.88870847166349,40.312819965027842],[-111.8887101418462,40.312819466821637],[-111.88871181321058,40.312818969512108],[-111.88871348576161,40.312818473999904],[-111.88871515831771,40.312817979388271],[-111.88871683206564,40.312817487474604],[-111.88871850581353,40.312816995560929],[-111.88872018074808,40.312816505444509],[-111.88872185568779,40.312816016228723],[-111.88872353181422,40.312815528810248],[-111.88872520912729,40.312815043189055],[-111.88872688644545,40.312814558468482],[-111.88872856495033,40.312814075545205],[-111.88873024346032,40.312813593522506],[-111.88873192315189,40.312813112396526],[-111.88873360285361,40.312812633071736],[-111.88873528374207,40.312812155544293],[-111.88873696581213,40.312811678913469],[-111.8887386478924,40.312811204083914],[-111.88874032997771,40.312810730154958],[-111.88874201442113,40.312810257118784],[-111.88874369769827,40.31280978588773],[-111.8887453821621,40.312809316453937],[-111.88874706781263,40.312808848817497],[-111.88874875346825,40.31280838208167],[-111.88875044030547,40.312807916242498],[-111.88875212832424,40.312807451300024],[-111.88875381517677,40.312806988162635],[-111.88875550439755,40.312806527719317],[-111.88875719361836,40.312806067275993],[-111.88875888402582,40.312805608629944],[-111.88876057443842,40.312805150884444],[-111.8887622648612,40.312804694940219],[-111.88876395647071,40.312804240793312],[-111.88876564925668,40.312803786642462],[-111.88876734205796,40.31280333519345],[-111.88876903604083,40.312802884641066],[-111.88877073003394,40.312802435889985],[-111.88877242520857,40.312801988035545],[-111.88877412039346,40.312801541982317],[-111.88877581675483,40.312801095925138],[-111.88877751313149,40.312800652569848],[-111.88877921069485,40.312800211011862],[-111.88878090943467,40.31279976944991],[-111.88878260700827,40.312799329693092],[-111.88878430694496,40.312798891729663],[-111.88878600571034,40.312798454670791],[-111.8887877068389,40.312798019405285],[-111.88878940797252,40.312797585040357],[-111.88879111029803,40.312797153373353],[-111.88879281262855,40.312796722606961],[-111.88879451495906,40.312796291840549],[-111.88879621729983,40.312795862875348],[-111.88879792082724,40.312795435707464],[-111.88879962672304,40.312795011233582],[-111.88880133143715,40.312794585862996],[-111.88880303734307,40.312794163190318],[-111.8888047432541,40.312793741418183],[-111.88880645152834,40.31279332143955],[-111.88880815863119,40.312792902365345],[-111.88880986574937,40.312792485992986],[-111.88881157521537,40.31279206871217],[-111.8888132846967,40.3127916541332],[-111.88881499418822,40.31279124135547],[-111.8888167048665,40.312790830375008],[-111.8888184155447,40.312790419394531],[-111.88882012622805,40.312790009314632],[-111.88882183810314,40.312789601932678],[-111.88882355116503,40.312789196348056],[-111.88882526422687,40.312788790763385],[-111.88882697847535,40.312788386976017],[-111.88882869273921,40.312787985890502],[-111.88883040700307,40.312787584804944],[-111.88883212244851,40.31278718461607],[-111.88883383909086,40.312786788025768],[-111.88883555573321,40.312786391435452],[-111.88883727238064,40.312785995745692],[-111.88883899021477,40.312785601853236],[-111.88884070805909,40.312785209762033],[-111.88884242707996,40.312784817666881],[-111.88884414612119,40.312784429174158],[-111.88884586633894,40.312784040677549],[-111.88884758656178,40.312783653081524],[-111.88884930679995,40.312783268187331],[-111.88885102821969,40.312782884189808],[-111.88885275082619,40.312782501989574],[-111.8888544734326,40.31278211978934],[-111.88885619605954,40.312781741191571],[-111.88885791985777,40.312781361689218],[-111.88885964367131,40.312780984888732],[-111.88886136866651,40.312780608984959],[-111.888863093677,40.312780235782952],[-111.88886481868747,40.312779862580967],[-111.88886654371326,40.312779492080843],[-111.88891786308521,40.312917993645328],[-111.88899369665997,40.313052550728408],[-111.88912469629683,40.313212299566239],[-111.88934845893074,40.313390275239435],[-111.89211416415672,40.314711142057554],[-111.89230683687417,40.314777347062702],[-111.89252052879957,40.314848832739592],[-111.89272722432717,40.314920341541132],[-111.89300763356511,40.315042410721098],[-111.89318256369884,40.315063215098263],[-111.89361420947205,40.314934990561277],[-111.89361543657249,40.314936414841277],[-111.89361642323161,40.314937560733128],[-111.89361741223863,40.314938705716401],[-111.89361822478755,40.314939650451556],[-111.89380387916995,40.314693095445598],[-111.89368792232304,40.314564904632753],[-111.89368684932596,40.314563679776029],[-111.89359109937035,40.314454391844528],[-111.89358108596505,40.314442964038406],[-111.89357296936423,40.314433209534613],[-111.89354376930899,40.314398120809329],[-111.89352057821399,40.314370250277356],[-111.89351330789833,40.314361167497893],[-111.89348489857778,40.314325675309732],[-111.89346173669917,40.314296738310198],[-111.89345530471461,40.314288376818013],[-111.89342774539831,40.314252558423512],[-111.89340458037617,40.314222451492221],[-111.89339888989289,40.31421475037078],[-111.89337232170271,40.314178799834146],[-111.8933491270186,40.314147412281955],[-111.89334419262291,40.314140453441176],[-111.89331859432197,40.314104360928155],[-111.89329539205706,40.314071644947106],[-111.893291120413,40.314065361154],[-111.89326656208593,40.314029243513055],[-111.8932433944309,40.313995170140977],[-111.8932398369692,40.313989708027258],[-111.89321595911818,40.313953042297385],[-111.89319314838848,40.313918011234406],[-111.89319024975313,40.313913361080132],[-111.89316732656182,40.3138765660375],[-111.89314466819877,40.313840195200832],[-111.89314235754279,40.313836313113633],[-111.89312069917607,40.313799927198936],[-111.89309796926553,40.313761741804633],[-111.89309620902584,40.313758643222329],[-111.89307600365915,40.313723064787062],[-111.89305306702856,40.31368267711445],[-111.89305183269258,40.313680396344253],[-111.89303344363904,40.313646405022247],[-111.89300997337716,40.313603023608337],[-111.89300924282141,40.313601601253851],[-111.89299604073642,40.313575943208249],[-111.89296870374554,40.313522806454145],[-111.89279292234124,40.313185974692729],[-111.89278772139639,40.313176008586431],[-111.89278213882163,40.313165966307714],[-111.89267438828095,40.312972172180082],[-111.89266520610042,40.312955655585384],[-111.89265543310366,40.31293889780266],[-111.89254313832431,40.312746323869504],[-111.89253768448405,40.312736971035569],[-111.89252737196094,40.312720083560357],[-111.89240519816573,40.312520025031134],[-111.8917645173381,40.311494316044012],[-111.89176330264846,40.311492370231129],[-111.8917625308393,40.311491131736979],[-111.89176175785364,40.311489893246716],[-111.89176098486284,40.311488653855896],[-111.89176021423023,40.311487415357796],[-111.89175944241597,40.311486175962983],[-111.89175867295472,40.311484936560305],[-111.89175790231698,40.31148369716157],[-111.89175713167927,40.311482457762779],[-111.8917563633894,40.311481217455508],[-111.89175559392827,40.31147997805283],[-111.89175482563846,40.311478737745503],[-111.89175405617222,40.311477497442198],[-111.89175328788761,40.311476258035484],[-111.8917525207692,40.311475016823614],[-111.89175175365601,40.311473776512372],[-111.89175098654279,40.311472536201137],[-111.89175022060098,40.311471294985303],[-111.89174945465912,40.311470053769469],[-111.89174868871736,40.311468812553613],[-111.89174792278071,40.311467572238399],[-111.8917471580103,40.31146633011798],[-111.89174639324507,40.311465088898174],[-111.89174562965123,40.311463846773776],[-111.89174486605737,40.311462604649392],[-111.89174410246866,40.311461363425636],[-111.89174334005138,40.311460121297301],[-111.89174257763405,40.311458879168939],[-111.89174181404029,40.311457637044555],[-111.89174105279439,40.311456394011607],[-111.89174029155366,40.311455151879329],[-111.89173953030779,40.311453908846374],[-111.89173876906197,40.311452665813455],[-111.89173801016908,40.311451422772606],[-111.89173725009975,40.311450179735751],[-111.89173649120183,40.311448935794274],[-111.89173573113258,40.311447692757369],[-111.89173497223466,40.311446448815865],[-111.89173421451841,40.311445205771051],[-111.89173345679704,40.311443961825674],[-111.89173269907565,40.311442717880219],[-111.89173194252565,40.3114414730302],[-111.89173118598083,40.31144022908083],[-111.89173042943087,40.311438984230776],[-111.89172967288617,40.31143774028137],[-111.89172891751274,40.311436495427401],[-111.89172816213416,40.311435249672819],[-111.89172740676079,40.311434004818793],[-111.89172665256396,40.31143275996088],[-111.8917258995436,40.311431515099009],[-111.89172514534164,40.31143026934042],[-111.89172439231621,40.311429023577908],[-111.89172363929592,40.311427778716002],[-111.89172288626533,40.311426532052863],[-111.89172213441647,40.311425286286365],[-111.89172138256242,40.311424039619268],[-111.89172063071355,40.311422793852785],[-111.89171988121768,40.311421548078414],[-111.89171913053511,40.311420300506683],[-111.89171837986278,40.31141905473627],[-111.89171763035671,40.311417807160623],[-111.89171688203739,40.311416561382259],[-111.89171613253136,40.311415313806592],[-111.89171538303052,40.311414067131558],[-111.89171463469583,40.311412818651341],[-111.89171388754282,40.311411571067794],[-111.891713140395,40.311410324384816],[-111.89171239323687,40.311409075900649],[-111.89171164725526,40.311407827412495],[-111.89171090010234,40.311406579828898],[-111.89171015412595,40.311405332241364],[-111.89170940931575,40.311404082848647],[-111.8917086633394,40.311402835261099],[-111.89170791971085,40.311401586765086],[-111.89170717490073,40.311400337372312],[-111.89170643127738,40.311399089776863],[-111.89170568882028,40.311397840376216],[-111.8917049451867,40.311396590979498],[-111.89170420155318,40.311395341582831],[-111.89170346027261,40.311394092178226],[-111.8917027178104,40.311392841876938],[-111.89170197653505,40.311391593372917],[-111.89170123524941,40.311390343067679],[-111.89170049396894,40.311389093663081],[-111.89169975503633,40.31138784334992],[-111.89169901375074,40.311386593044681],[-111.89169827481817,40.311385342731548],[-111.89169753588557,40.311384092418415],[-111.8916967969479,40.311382841204583],[-111.89169605801541,40.311381590891429],[-111.8916953202542,40.311380339673697],[-111.89169458249823,40.311379089356578],[-111.89169384473716,40.311377838138846],[-111.89169310815252,40.311376586917142],[-111.89169237156793,40.311375335695416],[-111.89169163497307,40.311374082672479],[-111.89169089956506,40.311372831446846],[-111.89169016532836,40.311371579316607],[-111.89168942992033,40.311370328090952],[-111.89168869568368,40.311369075960705],[-111.89168796144703,40.311367823830487],[-111.89168722838177,40.311366570795656],[-111.89168649414518,40.311365318665402],[-111.89168576107996,40.311364065630571],[-111.89162621049466,40.311262255146708],[-111.89162512337668,40.311260397167352],[-111.89140282278848,40.311261656335191],[-111.89139716168921,40.311261688808941],[-111.88903539952828,40.31127504704282],[-111.88669581970102,40.311288232783532],[-111.88608429316407,40.311291670921193],[-111.88609136518824,40.311388922062143],[-111.88608992801663,40.313871499068178],[-111.88628471582396,40.314047757900276],[-111.8866856954869,40.314406994325076],[-111.88751867207613,40.315580706856267],[-111.88782044749449,40.316005913973505],[-111.88797301915686,40.316278842255322],[-111.88865347788416,40.317496049812249],[-111.88924831959299,40.318078582164475],[-111.89140737520387,40.319454541053595]]]},"properties":{"OBJECTID":8,"ID":1000,"NAME":"Lakeside 25, 26, 27","RECORDEDUNITS":210,"DENSITY":" ","ACRE":71.591798310000001,"TYPE":"Minor Subdivision","STATUS":"Recorded","NOTE":null,"GlobalID":"{E0B28FF5-6D57-4F80-92B9-8EC55D4A08AD}","PLANNEDUNITS":211,"EXISTINGUNITS":211,"PREVIOUSNAME":null,"ID_TEXT":"2013","ProjectLink":null,"PLANNER":null,"created_user":null,"created_date":null,"last_edited_user":"BRIANG","last_edited_date":1724700038000,"REMAININGUNITS":null,"DA_Exceptions":null,"ParentID":null,"ACTIVEDATE":null,"Shape.STArea()":3118538.7341911322,"Shape.STLength()":12288.714310672576}},{"type":"Feature","id":9,"geometry":{"type":"Polygon","coordinates":[[[-111.88610240891981,40.282316149845954],[-111.88609357611111,40.271491517578085],[-111.88609868594725,40.267877944241405],[-111.88610070543518,40.264272067814275],[-111.88610392171442,40.260698774542831],[-111.88610364568429,40.260651038089094],[-111.87974794238799,40.260670868782874],[-111.87959984002337,40.261953795568061],[-111.87961424442194,40.264261436345301],[-111.87608903031035,40.264273799371821],[-111.87607027833728,40.267839356086874],[-111.86710962603927,40.267898883776724],[-111.86717261483692,40.275151686289199],[-111.8727129510826,40.282372188296485],[-111.88610240891981,40.282316149845954]]]},"properties":{"OBJECTID":9,"ID":998,"NAME":"Teguayo ","RECORDEDUNITS":0,"DENSITY":null,"ACRE":732.10248338999997,"TYPE":"MDA","STATUS":"Approved","NOTE":"Total units is ERUs","GlobalID":"{A351FC44-D8C2-4098-AF64-ED06691602D7}","PLANNEDUNITS":3695,"EXISTINGUNITS":0,"PREVIOUSNAME":null,"ID_TEXT":"2017","ProjectLink":"https://www.saratogaspringscity.com/DocumentCenter/View/145/Teguayo-Community-Plan-","PLANNER":null,"created_user":null,"created_date":null,"last_edited_user":"BRIANG","last_edited_date":1764857074000,"REMAININGUNITS":3695,"DA_Exceptions":null,"ParentID":null,"ACTIVEDATE":null,"Shape.STArea()":31890384.176474836,"Shape.STLength()":25187.213485191365}},{"type":"Feature","id":12,"geometry":{"type":"Polygon","coordinates":[[[-111.91927049741439,40.394915130598328],[-111.91926926194149,40.394912470102163],[-111.91926891183047,40.394912619058026],[-111.91830003742729,40.395094753518244],[-111.91861480088173,40.396097102283321],[-111.91863245872442,40.396146028106365],[-111.91867596340973,40.39645009779683],[-111.9187790309489,40.396805881048387],[-111.91881451159259,40.396762845093299],[-111.91886324048276,40.396708801198557],[-111.91892360826574,40.396648523870795],[-111.91898721602409,40.396591626625984],[-111.91905014420207,40.396540722676541],[-111.91905021744937,40.396540757538176],[-111.91905049028045,40.396540490879225],[-111.91940687096633,40.396265848911817],[-111.91950504252003,40.396197586867977],[-111.91977173537397,40.396023737157648],[-111.91927049741439,40.394915130598328]]]},"properties":{"OBJECTID":12,"ID":1006,"NAME":"Redwood Medical","RECORDEDUNITS":0,"DENSITY":null,"ACRE":3.63712327,"TYPE":"Commercial","STATUS":"Recorded","NOTE":null,"GlobalID":"{A8046FCD-E7AB-4D59-957B-A7185653A415}","PLANNEDUNITS":null,"EXISTINGUNITS":null,"PREVIOUSNAME":"ABC Great Beginnings","ID_TEXT":"2029","ProjectLink":null,"PLANNER":null,"created_user":null,"created_date":null,"last_edited_user":"BRIANG","last_edited_date":1774899715000,"REMAININGUNITS":null,"DA_Exceptions":null,"ParentID":null,"ACTIVEDATE":null,"Shape.STArea()":158433.08968167988,"Shape.STLength()":1743.0734716007337}},{"type":"Feature","id":13,"geometry":{"type":"Polygon","coordinates":[[[-111.94510293960782,40.340122400882393],[-111.95461794361425,40.340171957710375],[-111.95464727704673,40.332819957081334],[-111.94513526505007,40.332839348685063],[-111.94513483883003,40.332839499814014],[-111.93529637592337,40.332835669312274],[-111.93530141530374,40.333159527308212],[-111.93554463617407,40.333299253598774],[-111.93578434718067,40.3334449191793],[-111.93602040331969,40.333596435935043],[-111.93625266179812,40.333753712211816],[-111.9364809821202,40.333916652871451],[-111.93670522617242,40.334085159349314],[-111.93692525830704,40.334259129713949],[-111.93714094542416,40.334438458728734],[-111.93735215705225,40.334623037915549],[-111.93755876542699,40.334812755620369],[-111.93776064556869,40.335007497080831],[-111.93791224731234,40.335162205923069],[-111.93792198415017,40.335172368236883],[-111.9380704980899,40.335331071947451],[-111.93808108321647,40.33534265677396],[-111.93822205450127,40.335500537455893],[-111.93826656681296,40.335551866180758],[-111.93839673860644,40.335706288170584],[-111.93841232817819,40.335725235801682],[-111.93853832567666,40.335882163541136],[-111.9385539559146,40.335902118810807],[-111.93867387204295,40.336059095333667],[-111.93869122685166,40.336082402579954],[-111.93880384433565,40.336237545644103],[-111.93882092453097,40.336261695994864],[-111.93881327985967,40.336250597349085],[-111.9388133127608,40.336250589119857],[-111.9388187613269,40.336248292759244],[-111.93894441654811,40.33643101731527],[-111.93893903646163,40.336433165720265],[-111.93894746126426,40.336446066300205],[-111.93905008598335,40.33660331449785],[-111.93906778461688,40.33663119201681],[-111.93906843629064,40.336632238808548],[-111.93917223769789,40.336800734103711],[-111.93918158575903,40.336815906200407],[-111.93918678918185,40.336814285319875],[-111.93918873734322,40.336817455439736],[-111.93927305690811,40.336962206548492],[-111.93927307001016,40.336962230816397],[-111.9393909026123,40.337176357873048],[-111.93938595990961,40.337177894923933],[-111.93939549741917,40.337196345501269],[-111.93947343201262,40.337347363653819],[-111.93949558799213,40.337391720370164],[-111.93954588461915,40.337495065511625],[-111.93964199537638,40.337701980519675],[-111.93973180384239,40.337911707813191],[-111.93981522784063,40.338124055487377],[-111.93989219103638,40.338338829239753],[-111.93996262300675,40.338555832547932],[-111.94002645930506,40.338774866849427],[-111.94008364151976,40.338995731723351],[-111.94013411732797,40.339218225073807],[-111.94017784054329,40.339442143314812],[-111.94021477115805,40.339667281556579],[-111.94024487538002,40.339893433792987],[-111.94026812566318,40.340120393090096],[-111.94026874766033,40.340127796660887],[-111.94510293960782,40.340122400882393]]]},"properties":{"OBJECTID":13,"ID":1004,"NAME":"Brixton Park","RECORDEDUNITS":331,"DENSITY":null,"ACRE":274.46828340000002,"TYPE":"Subdivision","STATUS":"Approved","NOTE":null,"GlobalID":"{482D2C78-ACC6-4E49-81DE-82EAFB253BF3}","PLANNEDUNITS":798,"EXISTINGUNITS":185,"PREVIOUSNAME":null,"ID_TEXT":"2031","ProjectLink":null,"PLANNER":null,"created_user":null,"created_date":null,"last_edited_user":"SQLSERVICE","last_edited_date":1781076648000,"REMAININGUNITS":467,"DA_Exceptions":"Yes","ParentID":null,"ACTIVEDATE":null,"Shape.STArea()":11955838.424793461,"Shape.STLength()":15191.598679131352}},{"type":"Feature","id":17,"geometry":{"type":"Polygon","coordinates":[[[-111.90565609100496,40.325783175807587],[-111.90566775061291,40.325792326777787],[-111.90568080080135,40.325799353818041],[-111.90569485872621,40.325804050781066],[-111.90570951198016,40.325806279875415],[-111.90572433069114,40.325805975707738],[-111.90573888013319,40.325803147201171],[-111.90575273347967,40.325797877333613],[-111.90663605455403,40.325372860628526],[-111.90664319818251,40.325369797144383],[-111.90664976032389,40.325365631251501],[-111.90665557225165,40.325360470063778],[-111.90666048452887,40.325354446286262],[-111.90666437085051,40.325347714802987],[-111.90666713129104,40.325340448694597],[-111.9066686948737,40.325332834788092],[-111.9066690213955,40.32532506885309],[-111.90666810246084,40.32531735056817],[-111.9066659616975,40.32530987838674],[-111.90666265414902,40.325302844434361],[-111.90661485279477,40.325222679777013],[-111.90657298142065,40.325139264372069],[-111.90653725983921,40.325053036126263],[-111.90650787557846,40.324964447712951],[-111.90648498289723,40.32487396419566],[-111.9064687019755,40.324782060586692],[-111.90645911828338,40.324689219353395],[-111.9064562821325,40.32459592788539],[-111.90646020841181,40.324502675935889],[-111.90647087650952,40.324409953050655],[-111.90648823042115,40.324318245998008],[-111.90651217904372,40.324228036213441],[-111.90654259665388,40.324139797272231],[-111.90657932356797,40.324053992403279],[-111.90662216698033,40.323971072057333],[-111.90527953664758,40.322356232560651],[-111.90344392366748,40.323251696154898],[-111.90386126491552,40.323843297131603],[-111.90401381791274,40.324053086284792],[-111.9041717270099,40.324258874094895],[-111.90433488730365,40.324460523851407],[-111.9045031904021,40.324657901592829],[-111.90467652449685,40.32485087619569],[-111.90555454894539,40.325804681484001],[-111.90565609100496,40.325783175807587]]]},"properties":{"OBJECTID":17,"ID":1033,"NAME":"Maverik Minor Subdivision","RECORDEDUNITS":null,"DENSITY":null,"ACRE":14.450020540000001,"TYPE":"Commercial","STATUS":"Recorded","NOTE":null,"GlobalID":"{51DB150E-FD79-4B40-802B-2EB0942333FC}","PLANNEDUNITS":null,"EXISTINGUNITS":null,"PREVIOUSNAME":null,"ID_TEXT":"2042","ProjectLink":null,"PLANNER":null,"created_user":null,"created_date":null,"last_edited_user":"ALEFORS","last_edited_date":1746038756000,"REMAININGUNITS":null,"DA_Exceptions":null,"ParentID":null,"ACTIVEDATE":null,"Shape.STArea()":629470.41139712953,"Shape.STLength()":3285.4381360886391}},{"type":"Feature","id":18,"geometry":{"type":"Polygon","coordinates":[[[-111.91791507501401,40.405126246262114],[-111.91837603359357,40.405874965409403],[-111.9208895815902,40.40586321728096],[-111.92067861830454,40.405116355326257],[-111.92033556370029,40.40389909781296],[-111.91990677196632,40.402377558874619],[-111.91603473623223,40.40239241823771],[-111.9162763544865,40.402579734895973],[-111.91689915475814,40.403915366439279],[-111.91744037897114,40.404351803100823],[-111.91791498547961,40.405126246581887],[-111.91791507501401,40.405126246262114]]]},"properties":{"OBJECTID":18,"ID":510,"NAME":"Northern Frontier Business Park","RECORDEDUNITS":null,"DENSITY":"","ACRE":25.881946750000001,"TYPE":"Commercial","STATUS":"Approved","NOTE":null,"GlobalID":"{C3B95DBC-AA1F-4C8E-BF1B-7F7FE0E75D6D}","PLANNEDUNITS":null,"EXISTINGUNITS":0,"PREVIOUSNAME":null,"ID_TEXT":"2044","ProjectLink":null,"PLANNER":null,"created_user":null,"created_date":null,"last_edited_user":"BRIANG","last_edited_date":1715889430000,"REMAININGUNITS":null,"DA_Exceptions":null,"ParentID":null,"ACTIVEDATE":null,"Shape.STArea()":1127422.1101100403,"Shape.STLength()":4521.8128893039893}},{"type":"Feature","id":20,"geometry":{"type":"Polygon","coordinates":[[[-111.909514517007,40.37433776684999],[-111.9121668435138,40.374328451972453],[-111.9121668498029,40.374329495771669],[-111.91216685085557,40.374329670488706],[-111.91279200891478,40.374327751055702],[-111.91486902527754,40.374321347984122],[-111.91610815563158,40.374315993732822],[-111.91610044935526,40.373920058789203],[-111.91607919594873,40.373614260393872],[-111.91605436098199,40.373282969064462],[-111.91605537038835,40.373225310294764],[-111.9158520476893,40.373060196355794],[-111.91537100853878,40.372993499076912],[-111.91223927845975,40.372995521935458],[-111.91169771072025,40.37299586353182],[-111.91169511775347,40.372995865455074],[-111.90888767341005,40.372997594956779],[-111.90889460373496,40.373593018253487],[-111.90886058556261,40.373765897293936],[-111.90902532934024,40.373775443671001],[-111.90918955003028,40.373791667435952],[-111.90935297709726,40.373814541861933],[-111.90951534131312,40.373844029265847],[-111.909514517007,40.37433776684999]]]},"properties":{"OBJECTID":20,"ID":141,"NAME":"Riverside Crossing","RECORDEDUNITS":0,"DENSITY":" ","ACRE":21.441244529999999,"TYPE":"Commercial","STATUS":"Approved","NOTE":"TEST","GlobalID":"{E1416D8C-094A-45CF-AB05-DB674276D474}","PLANNEDUNITS":null,"EXISTINGUNITS":0,"PREVIOUSNAME":"Tivole Square","ID_TEXT":"2048","ProjectLink":null,"PLANNER":null,"created_user":null,"created_date":null,"last_edited_user":"KBLACK","last_edited_date":1727987684000,"REMAININGUNITS":null,"DA_Exceptions":"Yes","ParentID":null,"ACTIVEDATE":null,"Shape.STArea()":933980.6115542748,"Shape.STLength()":4905.8376285782351}},{"type":"Feature","id":24,"geometry":{"type":"Polygon","coordinates":[[[-111.90673937108818,40.347231842635345],[-111.90571250033156,40.347931694428809],[-111.90571040879416,40.34793312017981],[-111.90571027631577,40.347933210702593],[-111.90494017438807,40.348458179517635],[-111.90450933186419,40.348943106657323],[-111.90355078693433,40.350022298844102],[-111.90271584265348,40.351439342215201],[-111.90271571444842,40.351439560609037],[-111.9027541392463,40.35143761437471],[-111.90672517166082,40.351236417827138],[-111.90678282691597,40.350282576916811],[-111.90731744274269,40.349255041571567],[-111.9077622904128,40.34874557790161],[-111.90776704793959,40.34825161619186],[-111.90777341039303,40.34824826887283],[-111.9077734370865,40.348245241762108],[-111.90853885190388,40.347845593240088],[-111.90923300941994,40.347480409442248],[-111.90923426157983,40.347480163689958],[-111.90923242528908,40.347480165614982],[-111.90989463738121,40.347131770221523],[-111.91617863758592,40.347106584716244],[-111.91617869026449,40.34710885952213],[-111.91628029362356,40.347108449128143],[-111.91615676473585,40.344640335487306],[-111.91612584573555,40.34406445741746],[-111.91593335714535,40.34042751504839],[-111.91592119097146,40.340197493493385],[-111.9158718462029,40.339264524152412],[-111.91581292216024,40.338150388353959],[-111.9157675347904,40.33729219469933],[-111.91576194624326,40.337186527916465],[-111.9157404469256,40.336779983554557],[-111.9157053521125,40.33649146873308],[-111.9156825578072,40.336414799579735],[-111.91559979130909,40.336136410733239],[-111.91557942059086,40.33606789447969],[-111.91544794982838,40.335796163223094],[-111.91535082951678,40.335637707681435],[-111.91518066798467,40.3354091701976],[-111.91510787951714,40.335330746624898],[-111.91502560101952,40.335242098479384],[-111.91496140039199,40.335172928055968],[-111.91489863632813,40.335118420226515],[-111.91476424211882,40.335001702180676],[-111.91471107352827,40.334955527090237],[-111.91194846625946,40.332869011319382],[-111.91078822630701,40.331992659558189],[-111.90948280367438,40.330999585417452],[-111.90852903743522,40.329976709561095],[-111.90804708587669,40.329367936165625],[-111.90683398890602,40.327753345396665],[-111.90460705279219,40.32522875192813],[-111.90388084032836,40.324392541479995],[-111.90310913632415,40.323307892124873],[-111.90174656942411,40.321629920881861],[-111.90069334150441,40.320264723486751],[-111.89992635487906,40.319340140482716],[-111.89948687860306,40.318909930022464],[-111.89883215165045,40.318405205312359],[-111.89808295913863,40.317971590732881],[-111.89690549850255,40.317335308778716],[-111.89618899763984,40.316893294969901],[-111.89616912790162,40.316878540527249],[-111.89616172476042,40.316873043810922],[-111.89616186199696,40.316880290785413],[-111.89616310134308,40.316946242157776],[-111.89616060474619,40.316944841122606],[-111.89608457761392,40.3169020402214],[-111.89607191675402,40.316894588922672],[-111.89602019898341,40.31686415060345],[-111.89600729728973,40.316856556912363],[-111.89600417763793,40.316854637416178],[-111.89593346255778,40.316811149238717],[-111.89593130525374,40.316809821801975],[-111.89592078040059,40.316803061244116],[-111.89586439356509,40.316766838562188],[-111.8958566357424,40.316761854590823],[-111.89584251487673,40.316752383577324],[-111.89579557172402,40.316720895950517],[-111.89578331830121,40.316712677697282],[-111.8957727970281,40.316705310083293],[-111.89572536628656,40.31667209935631],[-111.89571139189309,40.316662314408461],[-111.89570595191122,40.316658338498065],[-111.89564088488625,40.316610787146878],[-111.89557655986641,40.316561721975141],[-111.89557183387946,40.316558117406387],[-111.89555895930498,40.31654786758979],[-111.89551361939462,40.316511775759508],[-111.89550426726107,40.316504331211945],[-111.89549295660706,40.316494934403259],[-111.89545064008847,40.316459775283782],[-111.89543821694369,40.316449453676057],[-111.89543105214358,40.316443240098515],[-111.89538383471884,40.316402288419368],[-111.89537371129943,40.316393508121777],[-111.89537143329628,40.316391446161703],[-111.89531278585349,40.316338335776031],[-111.8953107822506,40.316336521462731],[-111.89530175209951,40.3163279806326],[-111.89525600394141,40.316284711089629],[-111.89524945818417,40.31627851972398],[-111.89523815738781,40.316267353101459],[-111.89519982816196,40.316229473982581],[-111.89518976395217,40.316219528041792],[-111.89518152584057,40.31621101694644],[-111.89514277006093,40.316170978618317],[-111.89513173148096,40.316159574230475],[-111.8951276977307,40.316155216169797],[-111.89507538327908,40.316098685235488],[-111.89380388151788,40.314693094537041],[-111.89361822478755,40.314939650451556],[-111.89361741223863,40.314938705716401],[-111.89361642323161,40.314937560733128],[-111.89361543657249,40.314936414841277],[-111.89361420947205,40.314934990561277],[-111.89318256369884,40.315063215098263],[-111.89300763356511,40.315042410721098],[-111.89272722432717,40.314920341541132],[-111.89252052879957,40.314848832739592],[-111.89230683687417,40.314777347062702],[-111.89211416415672,40.314711142057554],[-111.88934845893074,40.313390275239435],[-111.88912469629683,40.313212299566239],[-111.88899369665997,40.313052550728408],[-111.88891786308521,40.312917993645328],[-111.88886654371326,40.312779492080843],[-111.88886481868747,40.312779862580967],[-111.888863093677,40.312780235782952],[-111.88886136866651,40.312780608984959],[-111.88885964367131,40.312780984888732],[-111.88885791985777,40.312781361689218],[-111.88885619605954,40.312781741191571],[-111.8888544734326,40.31278211978934],[-111.88885275082619,40.312782501989574],[-111.88885102821969,40.312782884189808],[-111.88884930679995,40.312783268187331],[-111.88884758656178,40.312783653081524],[-111.88884586633894,40.312784040677549],[-111.88884414612119,40.312784429174158],[-111.88884242707996,40.312784817666881],[-111.88884070805909,40.312785209762033],[-111.88883899021477,40.312785601853236],[-111.88883727238064,40.312785995745692],[-111.88883555573321,40.312786391435452],[-111.88883383909086,40.312786788025768],[-111.88883212244851,40.31278718461607],[-111.88883040700307,40.312787584804944],[-111.88882869273921,40.312787985890502],[-111.88882697847535,40.312788386976017],[-111.88882526422687,40.312788790763385],[-111.88882355116503,40.312789196348056],[-111.88882183810314,40.312789601932678],[-111.88882012622805,40.312790009314632],[-111.8888184155447,40.312790419394531],[-111.8888167048665,40.312790830375008],[-111.88881499418822,40.31279124135547],[-111.8888132846967,40.3127916541332],[-111.88881157521537,40.31279206871217],[-111.88880986574937,40.312792485992986],[-111.88880815863119,40.312792902365345],[-111.88880645152834,40.31279332143955],[-111.8888047432541,40.312793741418183],[-111.88880303734307,40.312794163190318],[-111.88880133143715,40.312794585862996],[-111.88879962672304,40.312795011233582],[-111.88879792082724,40.312795435707464],[-111.88879621729983,40.312795862875348],[-111.88879451495906,40.312796291840549],[-111.88879281262855,40.312796722606961],[-111.88879111029803,40.312797153373353],[-111.88878940797252,40.312797585040357],[-111.8887877068389,40.312798019405285],[-111.88878600571034,40.312798454670791],[-111.88878430694496,40.312798891729663],[-111.88878260700827,40.312799329693092],[-111.88878090943467,40.31279976944991],[-111.88877921069485,40.312800211011862],[-111.88877751313149,40.312800652569848],[-111.88877581675483,40.312801095925138],[-111.88877412039346,40.312801541982317],[-111.88877242520857,40.312801988035545],[-111.88877073003394,40.312802435889985],[-111.88876903604083,40.312802884641066],[-111.88876734205796,40.31280333519345],[-111.88876564925668,40.312803786642462],[-111.88876395647071,40.312804240793312],[-111.8887622648612,40.312804694940219],[-111.88876057443842,40.312805150884444],[-111.88875888402582,40.312805608629944],[-111.88875719361836,40.312806067275993],[-111.88875550439755,40.312806527719317],[-111.88875381517677,40.312806988162635],[-111.88875212832424,40.312807451300024],[-111.88875044030547,40.312807916242498],[-111.88874875346825,40.31280838208167],[-111.88874706781263,40.312808848817497],[-111.8887453821621,40.312809316453937],[-111.88874369769827,40.31280978588773],[-111.88874201442113,40.312810257118784],[-111.88874032997771,40.312810730154958],[-111.8887386478924,40.312811204083914],[-111.88873696581213,40.312811678913469],[-111.88873528374207,40.312812155544293],[-111.88873360285361,40.312812633071736],[-111.88873192315189,40.312813112396526],[-111.88873024346032,40.312813593522506],[-111.88872856495033,40.312814075545205],[-111.88872688644545,40.312814558468482],[-111.88872520912729,40.312815043189055],[-111.88872353181422,40.312815528810248],[-111.88872185568779,40.312816016228723],[-111.88872018074808,40.312816505444509],[-111.88871850581353,40.312816995560929],[-111.88871683206564,40.312817487474604],[-111.88871515831771,40.312817979388271],[-111.88871348576161,40.312818473999904],[-111.88871181321058,40.312818969512108],[-111.8887101418462,40.312819466821637],[-111.88870847166349,40.312819965027842],[-111.88870680149093,40.312820465035216],[-111.88870513131839,40.312820965042619],[-111.88870346351412,40.312821467744058],[-111.88870179453846,40.312821971349962],[-111.888700127926,40.312822476749304],[-111.88869846249511,40.312822983045237],[-111.88869679589797,40.312823491146425],[-111.88869513048233,40.312824000144246],[-111.88869346625349,40.312824510939365],[-111.88869180202967,40.31282502263511],[-111.88869013898744,40.312825535227546],[-111.88868847831351,40.312826050513941],[-111.88868681646309,40.312826565804258],[-111.88868515462286,40.312827082895801],[-111.88868349396932,40.312827601784655],[-111.88868183567388,40.312828121566262],[-111.888680176207,40.31282864225242],[-111.88867851910844,40.31282916563255],[-111.88867686201499,40.312829689913315],[-111.88867520492147,40.312830214194044],[-111.88867354901979,40.312830741172668],[-111.8886718942997,40.312831269048026],[-111.8886702407663,40.312831798720694],[-111.88866858606146,40.312832329297841],[-111.88866693371476,40.312832860767777],[-111.88866528137822,40.31283339403894],[-111.88866363022836,40.31283392910737],[-111.8886619802601,40.312834465072541],[-111.88866032912048,40.312835001942204],[-111.8886586815256,40.312835541501983],[-111.88865703157262,40.312836080168914],[-111.88865538516441,40.312836621525975],[-111.88865373759505,40.312837165588782],[-111.888652091197,40.31283770874704],[-111.88865044598568,40.312838253702552],[-111.8886488019662,40.312838801356051],[-111.88864715794664,40.312839349009508],[-111.88864551511382,40.31283989846029],[-111.88864387228602,40.312840448811684],[-111.88864223065009,40.312841001860981],[-111.88864059018549,40.312841554005715],[-111.88863894973619,40.31284210885233],[-111.88863730929714,40.312842665500106],[-111.88863567238752,40.312843222136159],[-111.88863403313509,40.312843780581268],[-111.88863239742749,40.312844341716449],[-111.88863076053825,40.312844901954961],[-111.88862912601726,40.312845464887403],[-111.88862749150142,40.312846028720507],[-111.88862585699577,40.312846594354816],[-111.88862422367681,40.312847161786465],[-111.8886225915343,40.312847729214155],[-111.88862095940198,40.312848298443001],[-111.88861932845637,40.312848869469242],[-111.88861769986886,40.312849441388231],[-111.8886160701099,40.312850014211733],[-111.88861444271926,40.312850589729258],[-111.88861281414702,40.312851164350022],[-111.88861118794813,40.312851742565478],[-111.88860956174925,40.312852320780891],[-111.88860793673705,40.312852900793601],[-111.88860631290646,40.312853481703016],[-111.88860468908602,40.312854064413628],[-111.8886030664472,40.312854648020917],[-111.88860144381343,40.312855232528847],[-111.88859982237148,40.312855819734693],[-111.88859820328251,40.312856406932653],[-111.88859658302724,40.312856995935825],[-111.88859496513514,40.312857586732335],[-111.88859334607167,40.312858178433395],[-111.88859172936624,40.31285877102718],[-111.88859011384748,40.312859365418312],[-111.88858849833898,40.312859961610684],[-111.88858688283038,40.312860557802964],[-111.88858527086664,40.312861156685429],[-111.88858365772634,40.31286175557176],[-111.88858204459626,40.312862356259288],[-111.88858043382932,40.31286295874024],[-111.8885788230675,40.312863562121784],[-111.88857721349237,40.312864167300624],[-111.88857560391723,40.312864772479458],[-111.88857399671039,40.312865380352285],[-111.88857239068506,40.312865989121811],[-111.88857078348839,40.3128665987959],[-111.88856917865488,40.31286721026332],[-111.88856757383157,40.312867823532017],[-111.88856597018986,40.312868437697333],[-111.88856436654808,40.31286905186272],[-111.88856276645116,40.312869668718157],[-111.8885611640063,40.312870286481996],[-111.8885595639246,40.312870906039308],[-111.8885579650194,40.312871525592598],[-111.88855636612945,40.312872147847813],[-111.88855476842113,40.31287277099964],[-111.88855317071787,40.312873395052137],[-111.88855157537785,40.312874020898001],[-111.88854998004284,40.312874647644477],[-111.88854838589455,40.312875276188251],[-111.88854679292272,40.312875904728102],[-111.88854519996625,40.312876535969785],[-111.88854360936777,40.312877168104258],[-111.88854201877444,40.312877801139344],[-111.88854042819128,40.312878435975605],[-111.88853883996617,40.312879071704664],[-111.88853725057479,40.312879709238857],[-111.88853566471798,40.312880347661917],[-111.88853407768976,40.312880986989512],[-111.88853249302471,40.312881628110475],[-111.88853090836989,40.312882271032677],[-111.88852932489148,40.312882913950929],[-111.88852774142842,40.312883559571091],[-111.88852615914692,40.312884206087894],[-111.88852457804698,40.312884853501366],[-111.88852299930517,40.312885501807642],[-111.88852141939188,40.312886151018404],[-111.8885198418469,40.312886802923245],[-111.88851826430701,40.312887455728635],[-111.88851668677221,40.31288810943466],[-111.88851511160063,40.31288876493403],[-111.88851353761058,40.312889421330141],[-111.88851196363075,40.312890079527435],[-111.88851039082734,40.312890737720849],[-111.88850881803926,40.312891398616067],[-111.88850724760414,40.312892059503447],[-111.88850567717923,40.312892722192053],[-111.88850410911752,40.312893386674098],[-111.88850253988437,40.312894052060571],[-111.8885009730093,40.312894718339891],[-111.88849940732092,40.312895386416507],[-111.88849784163762,40.312896055393722],[-111.88849627714097,40.312896726168297],[-111.88849471383105,40.312897398740105],[-111.88849315052107,40.31289807131192],[-111.8884915883978,40.312898745681061],[-111.88849002745103,40.312899420046215],[-111.88848846769598,40.312900097109356],[-111.88848690912768,40.312900775969787],[-111.88848535055934,40.312901454830282],[-111.88848379435414,40.312902135484059],[-111.88848223697759,40.312902817042406],[-111.88848068196417,40.312903500394107],[-111.88847912813236,40.312904184642541],[-111.88847757431073,40.312904870692222],[-111.88847602284208,40.312905556734052],[-111.88847447138873,40.312906245477691],[-111.88847292111186,40.312906934217423],[-111.88847137202673,40.312907625655058],[-111.88846982294157,40.312908317092727],[-111.88846827504317,40.312909010327672],[-111.8884667295028,40.3129097044554],[-111.8884651839726,40.312910400384318],[-111.88846363845262,40.31291109811449],[-111.8884620952856,40.312911795836833],[-111.88846055212366,40.312912494459795],[-111.88845901015863,40.312913196681286],[-111.88845746936492,40.312913897998236],[-111.88845592975794,40.312914601112475],[-111.88845439015604,40.312915305127348],[-111.8884528529173,40.312916010935602],[-111.88845131686521,40.31291671854116],[-111.88844978081318,40.312917426146754],[-111.8884482459478,40.312918135549587],[-111.88844671226909,40.31291884674976],[-111.88844517859035,40.312919557949904],[-111.88844364609831,40.312920270947387],[-111.88844211479292,40.312920985742167],[-111.88844058584567,40.312921701429758],[-111.88843905572693,40.312922418021785],[-111.88843752797145,40.312923136407292],[-111.88843600140261,40.312923856590075],[-111.88843447600512,40.31292457586833],[-111.88843294944643,40.312925297852289],[-111.88843142524578,40.312926020729094],[-111.88842990341347,40.312926746299908],[-111.88842838157606,40.312927470970074],[-111.88842685975389,40.312928198342057],[-111.88842534028471,40.312928925706224],[-111.88842382082566,40.312929654871603],[-111.88842230372477,40.312930384929807],[-111.88842078663912,40.312931117689807],[-111.88841926955341,40.312931850449814],[-111.88841775483094,40.312932585003217],[-111.88841624246145,40.312933319548804],[-111.8884147289256,40.312934055899483],[-111.88841321657647,40.312934794047486],[-111.88841170541403,40.312935533992842],[-111.88841019660453,40.312936273930312],[-111.88840868662868,40.312937015672915],[-111.88840717900585,40.312937757407703],[-111.88840567257481,40.312938501840414],[-111.88840416732532,40.312939247169851],[-111.88840266208605,40.312939994300493],[-111.88840115919973,40.312940741423255],[-111.8883996563185,40.312941489446651],[-111.88839815345254,40.312942240171893],[-111.88839665411605,40.312942990885404],[-111.88839515361323,40.312943743404013],[-111.88839365547359,40.312944497716053],[-111.88839215733904,40.312945252928692],[-111.88839066155749,40.312946008133466],[-111.88838916579121,40.312946766040135],[-111.8883876712065,40.31294752484348],[-111.88838617780337,40.312948284543488],[-111.8883846867583,40.312949045136293],[-111.88838319572342,40.312949807530337],[-111.88838170469874,40.312950571725587],[-111.88838021602193,40.312951335012379],[-111.88837872854199,40.312952101897778],[-111.888377241062,40.312952868783086],[-111.88837575476364,40.312953636565133],[-111.88837427082839,40.312954406140577],[-111.88837278689829,40.312955176616576],[-111.88837130532626,40.312955947985444],[-111.88836982259299,40.312956722060008],[-111.88836834221267,40.312957496126764],[-111.88836686301393,40.312958271090189],[-111.8883653838254,40.312959047854847],[-111.88836390700007,40.3129598264129],[-111.88836243135118,40.31296060496706],[-111.88836095571244,40.312961385322417],[-111.88835948243184,40.312962166570543],[-111.88835800916137,40.312962949619902],[-111.888356538249,40.3129637335621],[-111.88835506616009,40.312964517508121],[-111.88835359761599,40.312965304144278],[-111.88835212790555,40.312966092585576],[-111.88835066054297,40.312966880118452],[-111.88834919437215,40.312967670349202],[-111.88834772937787,40.312968460576094],[-111.88834626439881,40.312969253504761],[-111.88834480177279,40.312970046425619],[-111.88834333915689,40.312970841147695],[-111.88834187890417,40.31297163766321],[-111.88834041864632,40.312972433278055],[-111.88833896076193,40.312973232487536],[-111.88833750170095,40.312974031700946],[-111.88833604499801,40.312974831807118],[-111.88833459065833,40.312975633706714],[-111.88833313631855,40.312976435606259],[-111.88833168199407,40.312977240207701],[-111.88833023119908,40.312978044797369],[-111.88832877923777,40.312978851192142],[-111.88832733081615,40.31297965937646],[-111.88832588121795,40.312980467564657],[-111.88832443398297,40.312981277546214],[-111.8883229879347,40.31298208932516],[-111.88832154188636,40.312982901104036],[-111.88832009820121,40.312983714676356],[-111.8883186545211,40.312984529149254],[-111.88831721202769,40.312985345419477],[-111.88831577188726,40.312986161681827],[-111.88831433175703,40.312986979745489],[-111.88831289281346,40.312987799606418],[-111.88831145622285,40.312988619459546],[-111.88831001964243,40.312989441113842],[-111.88830858542008,40.312990263660936],[-111.88830715120788,40.312991088009269],[-111.88830571700082,40.312991913258209],[-111.88830428514665,40.312992738499325],[-111.88830285566081,40.312993566434422],[-111.88830142499842,40.312994394373462],[-111.88829999788084,40.312995225002588],[-111.88829857076325,40.312996055631722],[-111.88829714483229,40.312996888058159],[-111.88829572008295,40.312997721381294],[-111.88829429533355,40.312998554704414],[-111.88829287295754,40.312999391622199],[-111.88829145175291,40.313000227635435],[-111.8882900317349,40.31300106544596],[-111.88828861290364,40.313001905053824],[-111.8882871940672,40.313002743761018],[-111.88828577759907,40.313003585162285],[-111.88828436231761,40.313004428360848],[-111.8882829470361,40.313005271559369],[-111.88828153528918,40.31300611564685],[-111.88828012238106,40.313006962440021],[-111.88827871064427,40.313007808328656],[-111.88827786057192,40.313008320915486],[-111.88835123185459,40.313166760740742],[-111.88850423217808,40.313210757209376],[-111.88878830952265,40.313487632540337],[-111.88887792245396,40.313771650851884],[-111.88879640177444,40.314046242445876],[-111.88868771454892,40.314276577760097],[-111.88842054895242,40.314721972099214],[-111.88842011143133,40.314721999672138],[-111.88793827767437,40.31475206509824],[-111.88793844777666,40.314753430802796],[-111.88793861671267,40.314754798312492],[-111.88793879034458,40.314756164005338],[-111.88793896398164,40.31475753059879],[-111.88793913996666,40.314758896283841],[-111.88793931712819,40.314760261964977],[-111.88793949664282,40.314761627638305],[-111.88793967968698,40.314762993299887],[-111.88793986273123,40.314764358961455],[-111.88794004811828,40.314765722814009],[-111.88794023586863,40.314767088459945],[-111.88794042596699,40.314768453197487],[-111.88794061606529,40.314769817934987],[-111.88794080969322,40.314771182660813],[-111.8879410044977,40.314772547382688],[-111.88794120047359,40.314773911200028],[-111.8879413988026,40.314775275009623],[-111.88794160066116,40.314776638807466],[-111.88794180370138,40.314778003501985],[-111.88794200791304,40.314779367292061],[-111.88794221329609,40.31478073017751],[-111.88794242103226,40.314782093055214],[-111.88794263230315,40.314783456821822],[-111.88794284356382,40.314784818787118],[-111.88794305718774,40.314786182545895],[-111.88794327315965,40.3147875453962],[-111.88794349147958,40.314788907338134],[-111.88794370980457,40.314790270180652],[-111.88794393164895,40.314791631210198],[-111.8879441558566,40.314792994033184],[-111.88794438005411,40.314794355054893],[-111.88794460778628,40.314795716965541],[-111.88794483551337,40.314797077975548],[-111.88794506677517,40.314798439874501],[-111.88794529920328,40.314799799968249],[-111.88794553398959,40.314801160954829],[-111.88794577112894,40.314802521933593],[-111.88794600826326,40.314803882011745],[-111.88794624892712,40.314805242078144],[-111.88794649193896,40.31480660123615],[-111.88794673613756,40.314807962191445],[-111.88794698150254,40.314809321341649],[-111.88794722804401,40.314810680487909],[-111.88794747929163,40.314812039618531],[-111.88794772936275,40.314813398753081],[-111.88794798295828,40.314814756975267],[-111.88794823774064,40.314816116994791],[-111.88794849604241,40.314817475201394],[-111.88794875434418,40.314818833407941],[-111.88794901617044,40.314820190702171],[-111.88794927917834,40.314821548893136],[-111.88794954335768,40.314822906179565],[-111.887949809885,40.314824262557551],[-111.8879500787705,40.314825619828312],[-111.88795034765599,40.314826977099116],[-111.88795062007111,40.314828334358147],[-111.88795089483419,40.314829690708791],[-111.88795117077382,40.314831047055492],[-111.88795144906142,40.314832402493799],[-111.88795172734903,40.314833757932064],[-111.88795200917136,40.314835114259239],[-111.88795229333651,40.314836468777351],[-111.88795257868335,40.314837824192232],[-111.88795286520673,40.314839179603162],[-111.88795315524952,40.314840533201142],[-111.88795344647905,40.314841888596447],[-111.88795373887493,40.314843242186605],[-111.88795403362897,40.314844596669552],[-111.88795432954933,40.314845949347344],[-111.88795462783301,40.314847303818631],[-111.88795492845956,40.314848656480784],[-111.88795523026266,40.314850009139093],[-111.88795553442394,40.314851362690156],[-111.88795583975148,40.314852714436086],[-111.88795614860871,40.314854066170284],[-111.88795645746595,40.314855417904511],[-111.88795676985789,40.314856770527591],[-111.88795708342128,40.314858122246207],[-111.88795739815609,40.314859473060281],[-111.88795771642052,40.314860823862581],[-111.88795803468496,40.314862174664917],[-111.88795835529739,40.314863524558774],[-111.88795867826286,40.314864874444872],[-111.88795900240493,40.314866224327076],[-111.88795933007654,40.314867574197471],[-111.88795965774824,40.314868924067945],[-111.88795998776786,40.314870273029939],[-111.88796032014061,40.314871621984153],[-111.88796065486129,40.314872970029924],[-111.88796098958198,40.314874318075667],[-111.88796132666087,40.314875667014228],[-111.88796166726426,40.314877015040466],[-111.88796200903398,40.314878361261535],[-111.88796235199052,40.314879709279957],[-111.88796269728989,40.314881055489316],[-111.88796304494747,40.314882402591429],[-111.88796339259478,40.314883747892367],[-111.88796374378198,40.314885094982792],[-111.88796409613551,40.314886440268111],[-111.88796445084718,40.314887786446185],[-111.88796480790175,40.31488913081521],[-111.88796516496144,40.314890476084855],[-111.88796552555075,40.314891821342798],[-111.88796588730638,40.314893164795592],[-111.88796625142021,40.314894509141148],[-111.88796661670548,40.31489585258219],[-111.88796698434383,40.314897196015444],[-111.88796735315364,40.314898538544149],[-111.88796772432676,40.314899882866293],[-111.88796809784269,40.314901225379408],[-111.88796847370153,40.314902566083397],[-111.8879688495706,40.314903908588718],[-111.88796922896412,40.314905250181631],[-111.88796960835772,40.31490659177453],[-111.88796999245235,40.314907932451185],[-111.887970376547,40.314909273127853],[-111.88797076181308,40.314910612899993],[-111.88797115061388,40.31491195356103],[-111.88797153940958,40.314913293321425],[-111.88797193055331,40.314914632173448],[-111.88797232405516,40.314915971918211],[-111.88797271989992,40.314917309853968],[-111.88797311693149,40.314918649587],[-111.88797351630073,40.314919986610398],[-111.88797391803334,40.314921325427207],[-111.8879743197557,40.314922662442733],[-111.88797472500774,40.314923999446592],[-111.88797513143626,40.314925336446521],[-111.88797553904136,40.314926673442571],[-111.88797594899447,40.314928009530135],[-111.88797636129553,40.314929344709306],[-111.88797677477314,40.314930679884533],[-111.88797719178039,40.314932015048072],[-111.88797760878764,40.314933350211554],[-111.88797802814284,40.314934684466657],[-111.88797844985113,40.314936018713915],[-111.88797887273599,40.314937352957251],[-111.88797929679231,40.314938686296131],[-111.88797972437823,40.314940019623201],[-111.88798015313564,40.314941352045757],[-111.88798058424611,40.314942684460512],[-111.8879810165331,40.31494401687138],[-111.88798144999154,40.314945348377712],[-111.88798188580313,40.314946679876186],[-111.88798232396262,40.314948010466267],[-111.88798276448037,40.314949341949124],[-111.88798320498786,40.31495067163074],[-111.8879836490301,40.314952002201295],[-111.88798409306216,40.314953330970582],[-111.88798454062892,40.314954660628736],[-111.8879849905386,40.314955988477841],[-111.88798548473537,40.31495744947447],[-111.88800830654222,40.315024534335791],[-111.88800866668664,40.315025593191862],[-111.8880079016015,40.315025951484806],[-111.88800787109322,40.315025965996341],[-111.88800832335691,40.315027293837559],[-111.88800877327768,40.315028623487798],[-111.88800922319342,40.315029952237431],[-111.88800967075606,40.315031280994802],[-111.88801011831875,40.31503260975223],[-111.88801056471002,40.315033939414164],[-111.88801101110131,40.315035269076141],[-111.88801145513445,40.315036597845307],[-111.88801189800127,40.315037928419592],[-111.88801234086301,40.315039258093272],[-111.88801278255843,40.315040589572043],[-111.88801322306711,40.315041919253503],[-111.88801366240439,40.315043249839533],[-111.88801410174679,40.315044581326163],[-111.88801453990249,40.315045911015453],[-111.88801497572041,40.315047243414405],[-111.88801541152814,40.315048574012089],[-111.8880158473461,40.315049906411048],[-111.88801628080593,40.31505123791721],[-111.88801671308919,40.31505256942723],[-111.88801714420106,40.315053901841814],[-111.88801757531296,40.31505523425637],[-111.88801800524831,40.315056566674869],[-111.88801843518371,40.315057899093318],[-111.88801886159462,40.315059232424154],[-111.88801928918208,40.315060565751075],[-111.88801971441134,40.315061898185178],[-111.88802013965089,40.315063232420535],[-111.8880205648853,40.315064565755236],[-111.88802098777178,40.315065899998395],[-111.88802140948172,40.31506723424544],[-111.88802183001519,40.3150685684964],[-111.88802225054863,40.315069902747332],[-111.88802266872905,40.315071237006102],[-111.88802308691454,40.315072572165491],[-111.88802350509499,40.315073906424246],[-111.88802392092747,40.315075241591437],[-111.88802433558344,40.31507657676255],[-111.88802474906795,40.315077912838184],[-111.88802516372395,40.315079248009262],[-111.88802557485036,40.315080583192113],[-111.88802598715841,40.315081919271655],[-111.88802639594196,40.315083256263534],[-111.88802680589694,40.315084592350864],[-111.88802721467549,40.315085928442116],[-111.88802762110599,40.315087265441818],[-111.88802802753146,40.31508860154085],[-111.88802843279059,40.31508993944508],[-111.88802883686807,40.31509127645252],[-111.88802923976911,40.315092613463939],[-111.88802964267522,40.315093951375978],[-111.88803004322827,40.31509528929579],[-111.88803044378133,40.315096627215624],[-111.88803084433441,40.315097965135429],[-111.88803124253447,40.315099303063064],[-111.88803163956308,40.315100641895228],[-111.88803203541006,40.315101979830708],[-111.88803243126728,40.31510331956737],[-111.88803282593773,40.315104657506716],[-111.88803321944194,40.315105997251187],[-111.88803361176957,40.315107336999617],[-111.88803400291562,40.315108675851313],[-111.88803439406671,40.315110015603622],[-111.88803478404645,40.315111356260438],[-111.88803517166291,40.315112695123837],[-111.88803555928956,40.315114035788511],[-111.88803594573973,40.315115376457015],[-111.88803633218477,40.315116716224971],[-111.88803671628189,40.315118056901291],[-111.88803710037902,40.315119397577689],[-111.88803748212823,40.315120739162467],[-111.8880378638672,40.315122078946054],[-111.88803824561637,40.315123420530838],[-111.88803862383602,40.31512476212734],[-111.88803900323214,40.31512610371994],[-111.8880393814518,40.315127445316428],[-111.88803975732351,40.315128787821358],[-111.8880401331901,40.315130129425675],[-111.88804050906177,40.315131471930613],[-111.88804088258044,40.315132814443366],[-111.88804125492257,40.315134156960035],[-111.88804162726473,40.315135499476682],[-111.88804199608238,40.315136842905687],[-111.88804236724796,40.315138185426243],[-111.88804273606564,40.315139528855248],[-111.88804310370682,40.315140872288133],[-111.88804347017143,40.315142215724933],[-111.8880438366412,40.31514356006236],[-111.8880442007528,40.315144903506969],[-111.88804456604603,40.315146247848276],[-111.88804492898109,40.315147591296835],[-111.88804529074477,40.315148935649844],[-111.88804565016045,40.315150280911325],[-111.8880460107476,40.315151625268285],[-111.88804637015824,40.315152969629153],[-111.88804672721581,40.31515431399783],[-111.88804708546012,40.315155660163803],[-111.88804744016466,40.315157004540282],[-111.88804779487937,40.315158350717979],[-111.88804814841247,40.315159695999029],[-111.88804850194559,40.31516104128],[-111.8880488543073,40.315162387465556],[-111.88804920548741,40.315163732754336],[-111.88804955550115,40.315165079848313],[-111.88804990433329,40.315166426045572],[-111.88805025198891,40.315167772246724],[-111.88805059846798,40.315169118451777],[-111.88805094612874,40.315170465553585],[-111.88805129026495,40.31517181356768],[-111.888051634391,40.315173159780549],[-111.88805197734563,40.315174506897947],[-111.88805232030029,40.315175854015344],[-111.88805266090698,40.315177202041177],[-111.88805300033711,40.315178550070911],[-111.88805333976221,40.315179897200032],[-111.88805367919237,40.315181245229752],[-111.88805401509296,40.315182593271189],[-111.88805435099869,40.315183942213253],[-111.88805468571765,40.315185289357998],[-111.8880550216234,40.315186638300077],[-111.88805535399948,40.315187987253857],[-111.88805568519911,40.315189336211546],[-111.88805601639359,40.315190684268629],[-111.88805634759325,40.315192033226339],[-111.88805667644493,40.315193383092485],[-111.88805700411494,40.315194732061883],[-111.88805733296665,40.315196081928029],[-111.88805765828876,40.315197431805835],[-111.88805798361085,40.315198781683691],[-111.88805830775645,40.315200131565462],[-111.8880586307255,40.315201481451084],[-111.88805895251801,40.315202831340663],[-111.88805927431567,40.315204182130849],[-111.88805959376022,40.315205532928836],[-111.88805991319975,40.31520688282621],[-111.88806023264434,40.315208233624219],[-111.88806054973587,40.315209584430022],[-111.88806086565091,40.315210935239747],[-111.88806118039449,40.315212286953965],[-111.88806149396156,40.315213638672112],[-111.88806180870516,40.315214990386373],[-111.88806211991407,40.315216341211709],[-111.88806243112811,40.315217692937665],[-111.88806274234216,40.315219044663614],[-111.88806305237965,40.315220396393499],[-111.88806336006922,40.315221749031764],[-111.88806366658225,40.315223101673979],[-111.8880639742667,40.315224453411645],[-111.88806427960323,40.315225806057775],[-111.88806458376324,40.315227158707778],[-111.88806488674668,40.31522851136171],[-111.88806518973524,40.315229864916262],[-111.88806549036566,40.315231217577953],[-111.88806578981952,40.315232570243623],[-111.88806609045507,40.315233923805955],[-111.888066387561,40.315235277380033],[-111.88806668584348,40.31523663095021],[-111.88806698177288,40.315237984528153],[-111.88806727770744,40.315239339006801],[-111.88806757128374,40.315240692592589],[-111.88806786486522,40.31524204707901],[-111.88806815726508,40.31524340066867],[-111.88806844967,40.315244755158993],[-111.88806873854537,40.315246109661025],[-111.88806902859727,40.315247464159143],[-111.8880693162961,40.315248818665083],[-111.88806960517149,40.315250173167136],[-111.88806989051729,40.3152515276809],[-111.88807017586815,40.315252883095241],[-111.88807046004253,40.315254238513539],[-111.88807074421689,40.315255593931816],[-111.88807102603822,40.315256949357916],[-111.88807130785953,40.315258304783981],[-111.88807158850435,40.315259660214011],[-111.88807186797771,40.315261016548533],[-111.88807214626944,40.315262371986364],[-111.88807242338972,40.315263728328695],[-111.88807270050496,40.315265083770399],[-111.88807297527221,40.315266440120539],[-111.88807325004457,40.315267797371312],[-111.88807352363533,40.315269153725382],[-111.8880737960546,40.31527051098395],[-111.88807406728723,40.315271866445244],[-111.88807433853002,40.31527322370772],[-111.88807460741971,40.315274580978013],[-111.88807487630947,40.315275938248327],[-111.88807514284613,40.315277295526435],[-111.88807540938281,40.315278652804537],[-111.88807567474292,40.31528001008656],[-111.88807593892658,40.315281367372471],[-111.88807620311529,40.315282725559065],[-111.88807646494587,40.315284082852806],[-111.88807672678156,40.315285441047145],[-111.88807698626415,40.315286799249343],[-111.88807724692329,40.315288157447604],[-111.88807750522939,40.315289515653667],[-111.88807776353549,40.315290873859766],[-111.88807801948852,40.315292232073659],[-111.88807827426498,40.315293590291461],[-111.8880785290466,40.315294949409846],[-111.8880787826466,40.315296307631598],[-111.88807903507512,40.315297666757807],[-111.88807928749861,40.315299024983439],[-111.88807953640266,40.315300385022027],[-111.88807978647819,40.315301744156031],[-111.88808003420061,40.315303103297921],[-111.88808028192302,40.315304462439798],[-111.88808052965057,40.315305822482266],[-111.88808077502509,40.315307182532564],[-111.88808101921792,40.3153085416861],[-111.88808126223934,40.315309901744214],[-111.88808150407914,40.315311260905617],[-111.88808174592911,40.315312621868237],[-111.88808198659753,40.315313981934167],[-111.88808222608935,40.315315342003998],[-111.88808246440462,40.31531670207773],[-111.88808270154853,40.315318063056012],[-111.8880829386873,40.315319423133651],[-111.88808317348322,40.31532078502034],[-111.88808340826897,40.315322145105782],[-111.88808364187817,40.315323505195146],[-111.88808387432104,40.315324867089672],[-111.88808410558228,40.315326228087457],[-111.88808433567212,40.315327589989785],[-111.88808456575168,40.315328950090844],[-111.88808479348333,40.315330311100361],[-111.88808502122008,40.315331673010512],[-111.88808524660379,40.315333034928443],[-111.88808547316403,40.315334396842481],[-111.8880856985426,40.315335757859806],[-111.88808592040182,40.315337120690117],[-111.8880861434273,40.31533848171523],[-111.88808636528655,40.315339844545498],[-111.88808658478246,40.315341205582406],[-111.88808680546514,40.315342568416554],[-111.88808702261315,40.315343930361877],[-111.88808724094274,40.315345293203883],[-111.88808745691927,40.315346656053705],[-111.88808767289072,40.315348018002879],[-111.88808788769076,40.315349380856603],[-111.88808810131428,40.315350743714255],[-111.88808831258466,40.315352106579702],[-111.88808852386019,40.315353470345755],[-111.88808873512554,40.315354832310611],[-111.88808894404798,40.315356196084494],[-111.88808915179393,40.315357559862278],[-111.88808936071133,40.315358922735527],[-111.88808956609907,40.3153602856205],[-111.88808977149193,40.3153616494061],[-111.88808997571341,40.315363014096242],[-111.88809017992467,40.315364376985144],[-111.88809038178792,40.315365740782489],[-111.88809058247466,40.315367104583686],[-111.88809078434308,40.315368469281609],[-111.88809098267163,40.315369832190029],[-111.88809118101045,40.315371196899704],[-111.88809137816757,40.315372560712667],[-111.88809157532982,40.315373925426265],[-111.88809177013903,40.315375290147621],[-111.88809196494313,40.31537665396835],[-111.88809215739924,40.315378018697579],[-111.88809234985537,40.315379383426759],[-111.88809254231153,40.315380748155967],[-111.88809273123803,40.315382112896877],[-111.88809292134111,40.315383477633901],[-111.88809310909618,40.315384843279361],[-111.88809329684108,40.315386207123545],[-111.88809348224316,40.315387572776778],[-111.88809366764006,40.315388937529434],[-111.88809385304211,40.315390303182696],[-111.88809403609108,40.315391668843795],[-111.88809421913491,40.315393033604202],[-111.88809439865429,40.315394399277025],[-111.88809458052677,40.315395764942004],[-111.88809475886957,40.315397130618663],[-111.88809493721244,40.315398496295373],[-111.88809511556036,40.315399862872688],[-111.88809529155013,40.315401228557235],[-111.88809546636334,40.315402594245647],[-111.8880956411766,40.315403959934073],[-111.88809581364187,40.315405326530929],[-111.88809598610203,40.315406692227157],[-111.88809615739078,40.315408058827948],[-111.88809632750809,40.31540942633319],[-111.88809649761518,40.315410792037255],[-111.88809666537432,40.315412158649728],[-111.88809683195694,40.315413525266116],[-111.88809699853954,40.315414891882519],[-111.88809716394557,40.315416258502808],[-111.88809732817512,40.315417625127004],[-111.88809749122814,40.315418991755109],[-111.88809765310459,40.315420358387172],[-111.88809781499126,40.315421726820396],[-111.88809797451465,40.315423093460218],[-111.88809813403807,40.315424460100054],[-111.88809829239003,40.315425827644432],[-111.88809844838381,40.315427194295978],[-111.88809860555924,40.315428561844215],[-111.88809876038158,40.315429929400324],[-111.8880989140274,40.315431296960284],[-111.88809906767327,40.315432664520287],[-111.88809921896599,40.315434032088099],[-111.88809937144039,40.315435400552623],[-111.88809952038007,40.315436768128222],[-111.88809967049629,40.315438135699914],[-111.88809981825945,40.315439503279478],[-111.88809996485114,40.315440871763485],[-111.88810011143777,40.315442239346943],[-111.88810025684786,40.315443606934238],[-111.8881004010814,40.315444974525526],[-111.88810054297207,40.315446343925814],[-111.88810068602906,40.315447711520939],[-111.88810082556155,40.315449080028472],[-111.88810096627061,40.315450448532019],[-111.88810110580309,40.315451817039509],[-111.8881012429774,40.315453184654167],[-111.88810138133853,40.315454554066186],[-111.88810151734137,40.315455922585414],[-111.88810165099628,40.315457292013058],[-111.88810178581757,40.31545865963556],[-111.88810191829081,40.315460028166484],[-111.88810205076922,40.315461397598071],[-111.88810218206599,40.315462766132917],[-111.88810231100966,40.315464134675572],[-111.88810244113498,40.315465504114947],[-111.88810256890717,40.315466873562109],[-111.88810269550291,40.315468243013214],[-111.88810282209349,40.315469611563664],[-111.88810294633103,40.315470980121951],[-111.88810307057872,40.315472350481471],[-111.88810319246316,40.315473719047567],[-111.88810331553439,40.315475089411002],[-111.88810343624232,40.315476457981013],[-111.88810355578387,40.315477828356158],[-111.88810367531522,40.315479196930092],[-111.88810379250374,40.315480567313031],[-111.88810390968713,40.315481936795358],[-111.88810402569403,40.315483306281614],[-111.88810414052435,40.315484675771778],[-111.88810425418323,40.315486046166463],[-111.88810436783702,40.31548741566052],[-111.88810447914283,40.315488786063078],[-111.88810459044358,40.315490155564945],[-111.88810469939631,40.315491525975247],[-111.88810480834393,40.315492895484965],[-111.88810491612013,40.315494265899154],[-111.88810502271468,40.31549563541666],[-111.88810512813781,40.315497005838736],[-111.88810523355583,40.31549837536015],[-111.8881053378075,40.315499746686676],[-111.88810543970101,40.315501117120441],[-111.88810554158941,40.315502486653571],[-111.8881056423115,40.315503857991899],[-111.88810574302339,40.315505227528924],[-111.88810584138727,40.315506597974398],[-111.88810593857976,40.315507969324429],[-111.88810603576194,40.315509338873191],[-111.8881061317779,40.315510710227066],[-111.88810622661215,40.315512080684321],[-111.8881063202699,40.315513451145428],[-111.88810641275623,40.315514822511076],[-111.88810650406086,40.315516192979977],[-111.88810659418897,40.315517563452786],[-111.88810668431709,40.315518933925659],[-111.88810677327375,40.315520305302996],[-111.88810686105393,40.315521676684284],[-111.88810694765239,40.315523047168817],[-111.88810703307946,40.315524418557921],[-111.88810711732995,40.315525789950854],[-111.88810720157541,40.315527160443231],[-111.88810728464938,40.315528531840144],[-111.88810736537026,40.315529903244858],[-111.88810744490954,40.315531273752839],[-111.8881075256304,40.315532645157589],[-111.88810760399824,40.315534016570069],[-111.88810768118441,40.315535387085895],[-111.88810775837571,40.315536758502304],[-111.88810783439044,40.315538129922679],[-111.88810790923374,40.315539502247489],[-111.88810798171377,40.315540872778975],[-111.88810805419887,40.315542244211002],[-111.88810812551252,40.315543616547615],[-111.88810819681603,40.315544987082966],[-111.88810826577149,40.315546358526738],[-111.88810833473212,40.315547730871138],[-111.88810840132942,40.3155491014221],[-111.88810846793695,40.315550473774323],[-111.88810853336277,40.315551845229834],[-111.88810859879376,40.315553217585951],[-111.88810866068491,40.315554588152551],[-111.88810872376281,40.315555960516498],[-111.88810878448245,40.315557331987605],[-111.88810884638383,40.31555870435546],[-111.88810890474535,40.315560074933799],[-111.88810896311708,40.315561447313385],[-111.88810902031226,40.315562819696808],[-111.88810907750234,40.315564191179696],[-111.8881091323393,40.315565562670379],[-111.88810918718141,40.315566935061682],[-111.88810923967046,40.31556830746073],[-111.88810929333088,40.315569678955328],[-111.88810934346171,40.315571050461642],[-111.88810939359763,40.315572422868506],[-111.88810944373358,40.315573795275448],[-111.88810949269296,40.315575167686269],[-111.88810953929926,40.315576540104907],[-111.88810958589535,40.315577910722304],[-111.88810963014855,40.31557928314875],[-111.8881096744018,40.315580655575204],[-111.88810971865499,40.315582028001678],[-111.88810976055514,40.315583400435926],[-111.88810980245015,40.315584771969604],[-111.88810984199718,40.315586144411675],[-111.88810988036767,40.315587516857633],[-111.88810991873818,40.31558888930364],[-111.88810995593211,40.315590261753549],[-111.88810999194445,40.315591633306731],[-111.88811002796186,40.315593005760526],[-111.88811006280274,40.315594378218258],[-111.88811009529049,40.315595750683748],[-111.88811012777826,40.315597123149267],[-111.88811015790787,40.315598494722018],[-111.88811018804257,40.315599867195338],[-111.88811021700072,40.31560123967261],[-111.8881102447823,40.315602612153782],[-111.88811027255879,40.315603983734249],[-111.88811029799244,40.31560535712385],[-111.88811032342095,40.315606729612838],[-111.88811034767291,40.315608102105713],[-111.88811037074834,40.315609474602503],[-111.88811039382377,40.315610847099279],[-111.88811041336446,40.315612218707201],[-111.88811043408683,40.315613591211758],[-111.88811045245605,40.315614963724158],[-111.88811047083041,40.315616337137193],[-111.8881104880231,40.315617709653502],[-111.88811050403926,40.315619082173733],[-111.88811052450954,40.315621032889254],[-111.88811054052569,40.315622405409499],[-111.88811055772349,40.315623778826435],[-111.88811057609276,40.31562515133885],[-111.88811059798657,40.315626522938864],[-111.88811062106203,40.315627895435668],[-111.88811064766705,40.315629267920706],[-111.88811067544867,40.315630640401857],[-111.88811070440687,40.315632012879107],[-111.8881107380661,40.315633384440048],[-111.88811077055395,40.315634756905567],[-111.88811080774791,40.315636129355447],[-111.88811084611848,40.315637501801412],[-111.88811088684209,40.315638874239575],[-111.88811092991372,40.315640245769309],[-111.88811097416702,40.315641618195684],[-111.88811102194994,40.315642990610392],[-111.88811107090937,40.315644363021192],[-111.88811112104541,40.315645735428099],[-111.88811117470087,40.315647106021999],[-111.8881112307196,40.315648478409344],[-111.88811128791492,40.315649850792788],[-111.8881113474531,40.315651221367169],[-111.88811140935459,40.315652593734953],[-111.88811147360406,40.315653965194336],[-111.88811153903519,40.315655337550417],[-111.88811160680922,40.315656708097436],[-111.88811167812307,40.315658080433963],[-111.8881117506084,40.315659451865976],[-111.8881118254468,40.315660823290152],[-111.88811190145664,40.3156621938098],[-111.8881119798247,40.315663565222266],[-111.88811206172751,40.315664937523643],[-111.88811214479665,40.315666308019836],[-111.88811222904235,40.315667678512156],[-111.88811231681767,40.315669048992717],[-111.88811240695121,40.315670420366089],[-111.88811249826128,40.315671791735575],[-111.88811259191425,40.315673161295976],[-111.88811268793057,40.315674532649851],[-111.88811278629483,40.315675903095226],[-111.88811288583565,40.315677273536714],[-111.88811298772956,40.315678643970401],[-111.88811309314801,40.315680013491679],[-111.88811319740017,40.315681384818198],[-111.88811330752482,40.315682754323873],[-111.88811341765458,40.315684124730197],[-111.88811353012726,40.315685493327464],[-111.88811364613973,40.315686863714234],[-111.88811376214716,40.31568823320039],[-111.88811388168929,40.315689603575478],[-111.88811400357433,40.315690972141439],[-111.88811412546447,40.315692341608042],[-111.88811425088426,40.315693711062927],[-111.88811437865719,40.315695080509983],[-111.88811450877807,40.315696449048666],[-111.88811464007556,40.31569781758337],[-111.88811477490775,40.315699187006999],[-111.88811491090628,40.315700554625472],[-111.88811504808649,40.315701923140637],[-111.88811518997798,40.315703292540825],[-111.88811533303578,40.315704660135829],[-111.88811547609366,40.315706027730855],[-111.88811562268624,40.315707396214748],[-111.88811577280336,40.315708763786333],[-111.88811592292055,40.315710131357882],[-111.8881160753908,40.315711498921637],[-111.88811623139576,40.315712867374287],[-111.88811638856711,40.315714234021783],[-111.88811654692013,40.315715601565991],[-111.88811670879765,40.315716968197862],[-111.88811687302831,40.315718334821902],[-111.8881170384355,40.315719701442013],[-111.88811720620092,40.315721068954957],[-111.88811737748578,40.315722434654944],[-111.8881175487757,40.31572380125553],[-111.88811772241364,40.315725166947693],[-111.8881178984047,40.315726532632034],[-111.88811807793051,40.315727899205257],[-111.88811825744612,40.315729263977239],[-111.88811844049651,40.315730629638125],[-111.88811862589996,40.315731995291209],[-111.88811881246977,40.315733359139102],[-111.88811900140291,40.315734724780455],[-111.888119192684,40.315736089513351],[-111.88811938631825,40.315737454238459],[-111.88811958112898,40.31573881895963],[-111.8881197782878,40.315740182772387],[-111.88811997780479,40.31574154747792],[-111.88812017966464,40.315742910374411],[-111.88812038388272,40.315744274163698],[-111.88812058927735,40.315745637949071],[-111.88812079701999,40.315747000826015],[-111.88812100829229,40.31574836369122],[-111.88812122074623,40.315749727453152],[-111.88812143436657,40.31575108940995],[-111.8881216515216,40.315752452255616],[-111.88812186867159,40.315753814200647],[-111.88812209053283,40.315755177030688],[-111.88812231356046,40.315756538055595],[-111.88812253776972,40.315757899977172],[-111.88812276433211,40.315759261890982],[-111.88812299324248,40.315760622896299],[-111.88812322450596,40.315761983893843],[-111.88812345812768,40.315763345784191],[-111.88812369409226,40.31576470586544],[-111.88812393123341,40.315766065942803],[-111.88812417073279,40.315767426912949],[-111.88812441258013,40.315768786974672],[-111.88812465559894,40.315770146131889],[-111.88812490332396,40.31577150527346],[-111.88812515105917,40.315772866216271],[-111.88812539995568,40.315774224453278],[-111.88812565238689,40.31577558357921],[-111.88812590716616,40.315776941796699],[-111.88812616430361,40.315778300906999],[-111.88812642261253,40.315779659112721],[-111.88812668326942,40.315781016410106],[-111.888126945108,40.315782374604126],[-111.88812721164767,40.315783731881879],[-111.88812747818734,40.315785089159654],[-111.88812774590359,40.31578644643352],[-111.888128018326,40.315787803691755],[-111.88812829073828,40.315789159148764],[-111.88812856668524,40.315790515494655],[-111.88812884498537,40.315791871832694],[-111.88812912328551,40.315793228170755],[-111.88812940510509,40.315794582695844],[-111.88812968928291,40.315795938113773],[-111.88812997463722,40.315797293527751],[-111.88813026351613,40.315798648029428],[-111.88813055239507,40.315800002531077],[-111.8881308448036,40.315801357020987],[-111.88813113956017,40.315802710602462],[-111.88813143549332,40.315804064180043],[-111.88813173496122,40.315805418646505],[-111.88813203559546,40.315806771307827],[-111.88813233740629,40.315808123965205],[-111.88813264274674,40.315809476610902],[-111.88813294926375,40.315810829252619],[-111.88813325930533,40.315812180982093],[-111.88813356934692,40.315813532711495],[-111.88813388173651,40.315814883532489],[-111.88813419766089,40.315816235242337],[-111.88813451475669,40.3158175860477],[-111.88813483420562,40.315818936845226],[-111.88813515600765,40.315820287634935],[-111.88813547898117,40.315821637520109],[-111.88813580430779,40.315822987397489],[-111.88813613315891,40.315824336362489],[-111.88813646318667,40.315825685323567],[-111.88813679556746,40.315827034276886],[-111.88813712911974,40.315828382325627],[-111.88813746503027,40.315829731267179],[-111.88813780210715,40.31583107840359],[-111.88813814271877,40.315832426428862],[-111.88813848567838,40.315833773545727],[-111.88813882981461,40.315835120658683],[-111.88813917748048,40.315836467759915],[-111.8881395251361,40.315837813059886],[-111.88813987633166,40.315839160149395],[-111.88814022869356,40.315840505433734],[-111.88814058341364,40.315841851610855],[-111.88814094047663,40.315843195978943],[-111.88814129871619,40.315844540343136],[-111.88814166049056,40.315845885596183],[-111.88814202343634,40.31584722994473],[-111.88814238873013,40.315848573384834],[-111.88814275637706,40.315849916817086],[-111.88814312637197,40.315851259340953],[-111.88814349872511,40.315852602757559],[-111.88814387106807,40.315853944372989],[-111.8881442469458,40.315855286877294],[-111.88814462399496,40.315856628477],[-111.8881450045738,40.315857970065046],[-111.88814538632924,40.31585931164917],[-111.88814577042756,40.315860651424245],[-111.88814615688408,40.315861992092131],[-111.88814654451716,40.315863332756066],[-111.88814693449824,40.315864672511594],[-111.88814732682737,40.315866011358686],[-111.88814772150961,40.315867350197934],[-111.88814811854492,40.315868689029337],[-111.88814851558034,40.315870027860797],[-111.88814891731168,40.315871364875377],[-111.88814931904304,40.315872701889916],[-111.88814972548573,40.315874039789449],[-111.88815013074679,40.31587537679227],[-111.88815054070899,40.315876712878847],[-111.88815095184772,40.315878048961515],[-111.88815136415793,40.315879384139642],[-111.88815177882634,40.315880720210593],[-111.88815219701929,40.315882055369151],[-111.8881526152021,40.315883388726483],[-111.88815303691965,40.315884722972733],[-111.88815346099032,40.315886057211117],[-111.88815388623246,40.315887390545036],[-111.88815431265118,40.315888723874991],[-111.88815474259441,40.315890056292588],[-111.88815517370914,40.315891387805699],[-111.88815560718213,40.315892720211572],[-111.88815604417451,40.315894050804488],[-111.88815648234859,40.31589538229413],[-111.88815692051759,40.315896712883116],[-111.88815736221623,40.315898043460386],[-111.88815780743947,40.315899373125355],[-111.88815825265758,40.315900701889625],[-111.88815870141052,40.315902031542848],[-111.88815915133485,40.315903360291522],[-111.88815960360725,40.315904688131752],[-111.88816005705618,40.315906015968054],[-111.88816051285828,40.31590734379656],[-111.88816097218492,40.315908670712709],[-111.88816143268299,40.315909996724322],[-111.88816189436277,40.315911323632619],[-111.88816235956197,40.315912648728023],[-111.88816282594287,40.315913974720075],[-111.88816329466671,40.315915298903064],[-111.88816376574874,40.315916623978836],[-111.8881642380022,40.315917948150158],[-111.88816471260374,40.315919271412994],[-111.88816518955838,40.315920594668],[-111.88816566886101,40.315921917014535],[-111.88816614933515,40.315923238456591],[-111.8881666321726,40.315924561692071],[-111.88816711852439,40.315925882213925],[-111.8881676048813,40.315927203636384],[-111.88816809358114,40.315928523249816],[-111.8881685846392,40.315929843756059],[-111.88816907804528,40.315931163353852],[-111.88816957379935,40.315932482043216],[-111.88817006955853,40.31593380163315],[-111.88817057001378,40.315935119406262],[-111.88817107047414,40.315936438079959],[-111.88817157563051,40.315937754936769],[-111.88817207961031,40.315939071797501],[-111.88817258829638,40.315940388642609],[-111.8881730969722,40.31594170368642],[-111.88817360918286,40.315943019619183],[-111.88817412138845,40.315944334651284],[-111.88817463830021,40.315945649667739],[-111.88817515520688,40.315946963783603],[-111.88817567446162,40.31594827699103],[-111.88817619606944,40.315949590190634],[-111.88817672120695,40.315950903378472],[-111.88817724633937,40.315952215665718],[-111.88817777381978,40.315953527044485],[-111.88817830365332,40.315954838415486],[-111.88817883583492,40.315956148878037],[-111.8881793703696,40.315957459332743],[-111.88817990489926,40.315958768886823],[-111.88818044413506,40.315960078425292],[-111.88818098336586,40.315961387063105],[-111.88818152494972,40.315962695693095],[-111.88818207005816,40.315964003410777],[-111.88818261516663,40.31596531112843],[-111.88818316379967,40.315966617933718],[-111.88818371360416,40.315967923834492],[-111.88818426576691,40.315969230628035],[-111.88818482027254,40.315970535612522],[-111.88818537713132,40.315971840589228],[-111.88818593398499,40.315973144665321],[-111.88818649436836,40.315974448729641],[-111.88818705709971,40.315975751885503],[-111.88818762100769,40.315977055037514],[-111.88818818843512,40.315978356376476],[-111.88818875586769,40.315979658616129],[-111.88818932682477,40.315980959943381],[-111.88818989895336,40.31598226036612],[-111.8881904734402,40.315983561681684],[-111.88819104908823,40.315984860291437],[-111.88819162709967,40.3159861606946],[-111.88819220744888,40.315987458388122],[-111.88819279133288,40.315988756970498],[-111.88819337520671,40.315990053751634],[-111.88819396143873,40.315991351425609],[-111.8881945500188,40.315992648191084],[-111.88819513977033,40.315993944052046],[-111.8881957318699,40.315995239004607],[-111.88819632750423,40.315996534845993],[-111.88819692430494,40.315997828882239],[-111.88819752110565,40.315999122918484],[-111.88819812260746,40.316000416038506],[-111.88819872410424,40.316001708257836],[-111.88819932795926,40.316003001370007],[-111.88819993533373,40.316004292669241],[-111.88820054387965,40.316005583063905],[-111.88820115360723,40.316006874355274],[-111.88820176685944,40.316008164734292],[-111.88820238128308,40.316009454208775],[-111.88820299805479,40.316010742774807],[-111.88820361600301,40.31601203133696],[-111.88820423629927,40.31601331899062],[-111.88820485777215,40.316014606640429],[-111.88820548276445,40.316015892477203],[-111.88820611011499,40.316017179206781],[-111.88820673863707,40.316018465031867],[-111.88820736832542,40.316019749051769],[-111.8882080003669,40.316021033063855],[-111.88820863476668,40.316022317968795],[-111.88820927150938,40.316023601064565],[-111.88820991060007,40.316024883251949],[-111.8882105496908,40.316026165439325],[-111.88821119230603,40.316027446714379],[-111.88821183726938,40.316028727080933],[-111.88821248341438,40.316030008344221],[-111.88821313190226,40.316031287798424],[-111.88821378156678,40.316032567248755],[-111.88821443357415,40.316033844889972],[-111.88821508793981,40.316035123424022],[-111.88821574464838,40.316036400149009],[-111.88821640253859,40.316037677770701],[-111.88821706277177,40.31603895358333],[-111.88821772417637,40.316040228491424],[-111.88821838793926,40.316041504292279],[-111.88821905522671,40.316042779180819],[-111.88821972250395,40.316044052268133],[-111.88822039213436,40.316045325347567],[-111.88822106411786,40.316046598419227],[-111.88822173844429,40.316047869681796],[-111.88822241394729,40.31604914094045],[-111.88822309180345,40.316050412191274],[-111.88822377200253,40.31605168163307],[-111.88822445338329,40.316052951971507],[-111.88822513710693,40.316054220500931],[-111.88822582317862,40.316055488121918],[-111.88822651043198,40.31605675663959],[-111.88822720002827,40.316058023348241],[-111.88822789197773,40.316059290049012],[-111.88822858509859,40.316060555845254],[-111.88822928174409,40.316061820729175],[-111.8882299783896,40.31606308561306],[-111.88823067855455,40.316064348683987],[-111.88823137871957,40.316065611754873],[-111.88823208240915,40.316066873913449],[-111.88823278845189,40.316068136064182],[-111.88823349566604,40.316069397310415],[-111.88823420405683,40.316070658552654],[-111.88823491479052,40.316071917985873],[-111.88823562905387,40.316073177407382],[-111.88823634448873,40.316074435924342],[-111.88823706110011,40.316075694437373],[-111.8882377800596,40.316076952041954],[-111.88823850019047,40.316078208742013],[-111.888239223846,40.316079464529736],[-111.88823994867809,40.316080720313529],[-111.88824067585817,40.316081975188844],[-111.88824140420977,40.316083229159702],[-111.88824213490935,40.316084482222045],[-111.88824286796211,40.316085735276545],[-111.88824360100978,40.316086987430502],[-111.88824433758201,40.316088238672044],[-111.88824507533083,40.316089489909707],[-111.88824581659912,40.316090739334371],[-111.88824655787261,40.31609198965964],[-111.88824730266042,40.316093237271318],[-111.88824804862988,40.316094485779736],[-111.88824879694741,40.316095733379676],[-111.88824954761292,40.316096980071187],[-111.88825029945508,40.316098226758783],[-111.88825105364008,40.316099471637315],[-111.88825180899663,40.316100715611313],[-111.88825256670626,40.316101959577452],[-111.88825332559253,40.316103203539697],[-111.88825408799823,40.316104445688971],[-111.88825485040398,40.316105687838196],[-111.88825561633428,40.316106929075126],[-111.88825638344122,40.316108170308119],[-111.88825715289103,40.316109409732057],[-111.88825792351744,40.316110649152058],[-111.88825869766333,40.316111886759103],[-111.88825947298579,40.316113124362232],[-111.88826024948995,40.316114362862045],[-111.88826102833193,40.316115598652175],[-111.88826180952704,40.31611683443446],[-111.88826259071702,40.316118069316161],[-111.88826337542655,40.316119302384905],[-111.88826416249429,40.316120536346375],[-111.88826495073353,40.316121769403367],[-111.88826574131569,40.316123000651238],[-111.88826653307953,40.316124232795865],[-111.88826732718624,40.316125463131407],[-111.88826812364103,40.316126692558477],[-111.88826892127754,40.316127922882252],[-111.88826972125695,40.316129151396979],[-111.88827052240779,40.316130379007198],[-111.88827132590669,40.316131605708925],[-111.88827213175367,40.31613283150223],[-111.88827293877719,40.316134057291599],[-111.88827374932531,40.316135282168638],[-111.88827455986831,40.316136506145057],[-111.8882753727645,40.316137730113617],[-111.8882761880036,40.316138952273114],[-111.88827700441415,40.316140173528076],[-111.88827782317787,40.316141394775244],[-111.88827864428958,40.316142615113932],[-111.88827946774936,40.316143834544157],[-111.88828029120913,40.316145053974402],[-111.88828111819352,40.316146272492297],[-111.88828194634432,40.316147489205008],[-111.8882827756716,40.316148705913818],[-111.88828360734696,40.316149921714171],[-111.88828444137549,40.316151137506708],[-111.8882852777469,40.316152351490167],[-111.88828611528983,40.31615356456912],[-111.88828695518586,40.316154777640193],[-111.88828779625342,40.316155989806788],[-111.88828865035502,40.316157218141541],[-111.88853784686435,40.316057877036577],[-111.88888963388037,40.315953336855216],[-111.88924560288287,40.315902872235959],[-111.88963035145507,40.315911945459213],[-111.89125021694032,40.316158368454047],[-111.89181924355718,40.31617127275706],[-111.89185458943656,40.316176467096192],[-111.89224771965371,40.31623423535909],[-111.89225336257057,40.316235064817917],[-111.89229876266378,40.316315259284167],[-111.89232995535167,40.316401768078855],[-111.89237645519692,40.316530728402327],[-111.89237714296104,40.316532687683782],[-111.89239259489366,40.31652937818513],[-111.89251547604708,40.316508637153731],[-111.89255238980196,40.316505494206858],[-111.89260584359029,40.316653507501329],[-111.89271741772178,40.316860217299151],[-111.89262352373842,40.317135803089514],[-111.89229210005028,40.317500387779148],[-111.892033815388,40.318007368298986],[-111.89191825095918,40.318523037154364],[-111.89190865244917,40.318821964986164],[-111.89193263601079,40.319031897102761],[-111.89181318583167,40.319423937354095],[-111.8916173882797,40.319413263681973],[-111.89149868317411,40.319504130508882],[-111.89149739621782,40.31950417985248],[-111.89147873654871,40.319504898931839],[-111.89287035806818,40.320555181408089],[-111.89305576885862,40.320695110493894],[-111.89425430989542,40.321808666645957],[-111.89469041567317,40.322166996349232],[-111.89547356496253,40.322903358256873],[-111.89588788198995,40.323302749631502],[-111.89601047446209,40.323570502475334],[-111.89609883727498,40.324199017635067],[-111.89614365963858,40.325205824995578],[-111.89588082199097,40.326351621430447],[-111.89592731197372,40.326483060358484],[-111.89635571665124,40.327066155989307],[-111.89646597978975,40.327681040445015],[-111.89781872046214,40.329004242308983],[-111.89798909704346,40.329390385995218],[-111.89786728878101,40.329801887524724],[-111.8989108886951,40.331308855124277],[-111.89999082176656,40.332041209569212],[-111.90021686159238,40.332200580277032],[-111.90055281181243,40.332437443665775],[-111.90112587660882,40.332841478845815],[-111.9017898167188,40.333126407865542],[-111.90251922468943,40.333411110359485],[-111.9058495513427,40.334945802165265],[-111.90586000288121,40.334951470488569],[-111.90691389577792,40.33552304551511],[-111.90814833479263,40.335613921273229],[-111.90814893957118,40.335614487461278],[-111.90933527303643,40.336030637559055],[-111.90990427626502,40.336389310338291],[-111.90990909277636,40.33639234659497],[-111.91162809348437,40.337475927948823],[-111.91225975393695,40.338203404798818],[-111.91225996134848,40.338203644536357],[-111.91220080283793,40.338540577409155],[-111.91213450394582,40.338703304320489],[-111.91203454650277,40.33955316525067],[-111.9119941615203,40.339896636023688],[-111.91199409816929,40.33989706134566],[-111.91199407489027,40.339897104658057],[-111.91199402950383,40.339897190378139],[-111.91136735640275,40.341087487620499],[-111.91093659112889,40.342417038913375],[-111.91015736116178,40.343817628127105],[-111.91015625254759,40.343819620611278],[-111.91015461831441,40.343821504161994],[-111.91012910623215,40.34386736286509],[-111.90974120806263,40.344297956877128],[-111.90946022214827,40.344621785325351],[-111.90841092803711,40.345552652060647],[-111.90840959205877,40.345553837455263],[-111.90788933242655,40.346038414551856],[-111.9078893066706,40.346038438058123],[-111.90769509648288,40.346219326336929],[-111.9075040166351,40.346397297031821],[-111.90750227291747,40.346399200738894],[-111.9073130254091,40.346605750733431],[-111.90673937108818,40.347231842635345]]]},"properties":{"OBJECTID":24,"ID":1013,"NAME":"Saratoga Springs Development","RECORDEDUNITS":991,"DENSITY":" ","ACRE":596.74277658000005,"TYPE":"Subdivision","STATUS":"Recorded","NOTE":null,"GlobalID":"{D411DC0C-3B01-4606-A3ED-AE7B157F75C0}","PLANNEDUNITS":991,"EXISTINGUNITS":838,"PREVIOUSNAME":null,"ID_TEXT":"2055","ProjectLink":null,"PLANNER":null,"created_user":null,"created_date":null,"last_edited_user":"BRIANG","last_edited_date":1724700411000,"REMAININGUNITS":null,"DA_Exceptions":null,"ParentID":null,"ACTIVEDATE":null,"Shape.STArea()":25994115.347806573,"Shape.STLength()":39891.094477131715}},{"type":"Feature","id":26,"geometry":{"type":"Polygon","coordinates":[[[-111.9215319783389,40.390550548844494],[-111.92048749394318,40.390559297434372],[-111.92049353640057,40.390644553415363],[-111.92045380685302,40.390644885352046],[-111.92046217203345,40.39123056571961],[-111.92100640258145,40.391226001912436],[-111.92101219268704,40.391225952253961],[-111.92101229552233,40.391225819493059],[-111.9215319783389,40.390550548844494]]]},"properties":{"OBJECTID":26,"ID":994,"NAME":"Vet Clinic/Com","RECORDEDUNITS":null,"DENSITY":null,"ACRE":1.26611585,"TYPE":"Commercial","STATUS":"Recorded","NOTE":null,"GlobalID":"{1D1A59F1-81C5-4CFA-931B-908312EC6EB0}","PLANNEDUNITS":null,"EXISTINGUNITS":0,"PREVIOUSNAME":null,"ID_TEXT":"2057","ProjectLink":null,"PLANNER":null,"created_user":null,"created_date":null,"last_edited_user":"BRIANG","last_edited_date":1715889430000,"REMAININGUNITS":null,"DA_Exceptions":null,"ParentID":null,"ACTIVEDATE":null,"Shape.STArea()":55152.227236646067,"Shape.STLength()":985.18959544021857}},{"type":"Feature","id":27,"geometry":{"type":"Polygon","coordinates":[[[-111.89101121884617,40.289544036868776],[-111.89100911167645,40.289542671337941],[-111.89097371992838,40.286953754068826],[-111.89045384094118,40.287040291803578],[-111.89045394555173,40.287189448492498],[-111.89009557585784,40.28718954988755],[-111.89009479964415,40.285928204364978],[-111.89009342902067,40.285925016148354],[-111.88609268195609,40.285923199892785],[-111.88609465735408,40.289544819292772],[-111.89101121832945,40.28954435840123],[-111.89101121884617,40.289544036868776]]]},"properties":{"OBJECTID":27,"ID":132,"NAME":"South Springs","RECORDEDUNITS":0,"DENSITY":"2.6","ACRE":38.964836380000001,"TYPE":"Subdivision","STATUS":"Pending","NOTE":null,"GlobalID":"{0E837BB4-5A1A-4894-9EDA-70191AD469A5}","PLANNEDUNITS":78,"EXISTINGUNITS":0,"PREVIOUSNAME":"Utah Lake Hills","ID_TEXT":"2061","ProjectLink":null,"PLANNER":null,"created_user":null,"created_date":null,"last_edited_user":"BRIANG","last_edited_date":1764857074000,"REMAININGUNITS":78,"DA_Exceptions":null,"ParentID":null,"ACTIVEDATE":null,"Shape.STArea()":1697308.2726286924,"Shape.STLength()":5514.3339222582172}},{"type":"Feature","id":28,"geometry":{"type":"Polygon","coordinates":[[[-111.91168802295529,40.37671750652347],[-111.91144630913531,40.374338288693593],[-111.90604025699993,40.37436502032002],[-111.90507297609281,40.37516729929272],[-111.90506675380104,40.375182829552372],[-111.90510547243208,40.375529316849942],[-111.9051295900326,40.375529180170268],[-111.90518475416188,40.375969658746911],[-111.90775302851603,40.376725856659824],[-111.91168802295529,40.37671750652347]]]},"properties":{"OBJECTID":28,"ID":995,"NAME":"Riverwalk","RECORDEDUNITS":0,"DENSITY":null,"ACRE":32.401770059999997,"TYPE":"Subdivision","STATUS":"Approved","NOTE":null,"GlobalID":"{3FEE0F9D-504B-48B4-BC38-7DC55FD5C943}","PLANNEDUNITS":89,"EXISTINGUNITS":0,"PREVIOUSNAME":null,"ID_TEXT":"2068","ProjectLink":"https://www.saratogaspringscity.com/DocumentCenter/View/9361/Riverwalk-Rezone--Concept-Plan-Planner-K-Page-Updated-December-2021","PLANNER":"Kent Page","created_user":null,"created_date":null,"last_edited_user":"BRIANG","last_edited_date":1764857074000,"REMAININGUNITS":89,"DA_Exceptions":null,"ParentID":null,"ACTIVEDATE":null,"Shape.STArea()":1411421.1037376323,"Shape.STLength()":4936.6403033247934}},{"type":"Feature","id":30,"geometry":{"type":"Polygon","coordinates":[[[-111.88358568065019,40.304412230602686],[-111.88059734270493,40.304422005961925],[-111.88060206117802,40.304668168356336],[-111.88020478640597,40.304665672024996],[-111.880221338181,40.304699168855635],[-111.88040097065921,40.305329475315197],[-111.88051137500972,40.305520028324565],[-111.88051166248967,40.305520319196077],[-111.88051367491479,40.305522367004343],[-111.88051130369952,40.3055247668307],[-111.88131844676913,40.306345991333345],[-111.88158604994115,40.306618699041408],[-111.8818496747375,40.306860482105535],[-111.88203647660733,40.307076156738269],[-111.8821549455415,40.307212935097049],[-111.88608288687941,40.307200574769148],[-111.88608157002754,40.305152991729578],[-111.88608162532238,40.305147984879945],[-111.88608182135393,40.305148535424827],[-111.88608181225453,40.305131063907652],[-111.88608552104752,40.304795073571356],[-111.88608163394348,40.304794387519138],[-111.88608147112518,40.304486331639808],[-111.88600905828086,40.304486572722588],[-111.88584614382246,40.304487120801134],[-111.88581684279288,40.30440488269516],[-111.88358568065019,40.304412230602686]]]},"properties":{"OBJECTID":30,"ID":134,"NAME":"The Reserve on the Lake","RECORDEDUNITS":0,"DENSITY":" ","ACRE":33.286574629999997,"TYPE":"Subdivision","STATUS":"Pending","NOTE":null,"GlobalID":"{C7836F86-70F5-4193-92B6-694A3D13B617}","PLANNEDUNITS":86,"EXISTINGUNITS":0,"PREVIOUSNAME":null,"ID_TEXT":"2075","ProjectLink":"https://www.saratogaspringscity.com/DocumentCenter/View/9701/The-Reserve-on-the-Lake-Preliminary-Plat-Planner-G-Grandpre-Updated-March-2022","PLANNER":"Gina Grandpre","created_user":null,"created_date":null,"last_edited_user":"BRIANG","last_edited_date":1764857074000,"REMAININGUNITS":86,"DA_Exceptions":null,"ParentID":null,"ACTIVEDATE":null,"Shape.STArea()":1449963.19072966,"Shape.STLength()":4931.9344763272566}},{"type":"Feature","id":31,"geometry":{"type":"MultiPolygon","coordinates":[[[[-111.9498244774399,40.347454394802],[-111.96408814324064,40.347533207843178],[-111.96413223009367,40.343876964806668],[-111.95936606366062,40.34384996736479],[-111.95941729873867,40.33282646373533],[-111.95464727704673,40.332819957081334],[-111.95461794361425,40.340171957710375],[-111.94986141358818,40.340147057114606],[-111.9498244774399,40.347454394802]]],[[[-111.90617250547604,40.369682387684087],[-111.9060501066445,40.37008507983645],[-111.90689708602355,40.37045126446742],[-111.90782663377645,40.370996590707996],[-111.90829180116363,40.371412975612202],[-111.90835051954203,40.371804906383659],[-111.90823617761042,40.372102913747952],[-111.90871916704955,40.372150416940627],[-111.91068263412042,40.372482773178014],[-111.91102829525857,40.372526351280278],[-111.91130421028721,40.372547740065968],[-111.91156241006966,40.372556930366756],[-111.91156245460172,40.37185207109146],[-111.91156133858483,40.370278053714003],[-111.91156275508601,40.369376514429966],[-111.91296141598863,40.369367876623585],[-111.91611092816439,40.369357451497763],[-111.91610345363262,40.367902623941774],[-111.9160961238393,40.36740661839579],[-111.91607569742364,40.366911397879889],[-111.91604061270475,40.365749818187226],[-111.91602361201234,40.365273718086875],[-111.916016281973,40.364797474527862],[-111.91600907210619,40.363419259155172],[-111.91599918323553,40.363145260878603],[-111.91598480584591,40.362123124768253],[-111.915987545086,40.362124592050165],[-111.91598752778792,40.362123102475799],[-111.91650988320856,40.362117153210654],[-111.91651472434557,40.362119247034002],[-111.92112110577513,40.36210329524495],[-111.92296282113922,40.362096869266097],[-111.92350681277462,40.36209496596512],[-111.92350692205217,40.362092648256905],[-111.92350693188435,40.36208967165016],[-111.92351627390649,40.362094932597593],[-111.92877781618219,40.362085373621426],[-111.92876257869955,40.362101911870013],[-111.92928290060932,40.362104710319549],[-111.9292830063717,40.362086288507825],[-111.93149005565382,40.362087542146405],[-111.93149013571308,40.362087541850947],[-111.93310740108367,40.362086972650921],[-111.93516538749239,40.362070799086908],[-111.93641674833222,40.362060946731951],[-111.94506253732327,40.361992509232593],[-111.94509265919498,40.347419338569097],[-111.94507188835669,40.347431193414913],[-111.93917179508803,40.347440397887674],[-111.93912873119505,40.340682810935562],[-111.93912377381679,40.340131943335969],[-111.93912222750822,40.340122261025506],[-111.93899912483126,40.340122461340563],[-111.92631932507956,40.340142374992169],[-111.9263193135814,40.340142796530472],[-111.92632071063781,40.340230002867372],[-111.92632868171245,40.340316855379896],[-111.92634318138738,40.340402859196026],[-111.92636412704574,40.340487524279489],[-111.92639139934244,40.340570368221911],[-111.92642484288419,40.340650918991471],[-111.92646426711495,40.340728717622511],[-111.92650944740161,40.340803320830609],[-111.92655581120574,40.340866851630366],[-111.92636634190836,40.340938666783387],[-111.92649358857312,40.34116825398241],[-111.9256014047513,40.341461980675994],[-111.92548686540617,40.341352082732207],[-111.92454605772924,40.340449382916624],[-111.92454291377238,40.340144616456328],[-111.92261978505637,40.340148069377513],[-111.92261785619658,40.340146772234583],[-111.92261250680616,40.340146778065879],[-111.92244384388242,40.340033310844618],[-111.92129043895605,40.340227021763276],[-111.91951335785181,40.340227252836129],[-111.91951338894587,40.340229829435479],[-111.91951566377413,40.340415273305616],[-111.91952212905424,40.340463137716448],[-111.91953260759196,40.340510286437727],[-111.91954702474014,40.340556383590673],[-111.91958003611684,40.340549488738304],[-111.91960875228035,40.340638573326117],[-111.91964396588246,40.34072529520374],[-111.91968548479441,40.340809181208428],[-111.91973308248511,40.340889773650211],[-111.91978649925706,40.340966632809106],[-111.91984544366331,40.341039339334294],[-111.9199095940976,40.341107496532096],[-111.91996942400347,40.341168340886199],[-111.9200373234396,40.341238360132522],[-111.92010009406465,40.341313011836547],[-111.92015742071092,40.34139192117636],[-111.92020901554463,40.341474691952705],[-111.92025461951108,40.34156090857828],[-111.92029400363541,40.341650138164368],[-111.92032697017216,40.341741932694369],[-111.92035335359826,40.341835831273215],[-111.92037302144404,40.341931362441557],[-111.9203858749584,40.342028046542886],[-111.92039184960457,40.342125398131913],[-111.92040397192939,40.344113622547432],[-111.92040595924151,40.344121706240294],[-111.92040929056482,40.344129334987556],[-111.92041386910961,40.34413628714028],[-111.92041956184885,40.344142360707586],[-111.92042620338319,40.344147379225419],[-111.92043360074665,40.344151196883573],[-111.92044153901297,40.344153702762149],[-111.92044978754035,40.344154824054257],[-111.92045810667246,40.344154528181399],[-111.92045970837646,40.344415237323396],[-111.92045139779576,40.344415024674703],[-111.92044317195254,40.344416227369315],[-111.92043527012932,40.344418810421899],[-111.92042792218315,40.344422698693748],[-111.92042134185928,40.344427779078465],[-111.92041572057354,40.344433903792137],[-111.92041122184418,40.34444089467226],[-111.92040797653522,40.344448548360312],[-111.92040607904985,40.344456642217253],[-111.92013000052988,40.344457574432724],[-111.92012801513786,40.344449490412231],[-111.92012468520831,40.344441861209269],[-111.92012010755607,40.344434908636451],[-111.92011441527254,40.344428834833955],[-111.920107773856,40.344423816392435],[-111.92010037640006,40.344419999218836],[-111.92009243797946,40.344417494294248],[-111.92008418939709,40.344416374447235],[-111.92007587047345,40.344416672236399],[-111.91813492971099,40.344423631007878],[-111.9167313477039,40.344562911089838],[-111.91654753265398,40.344563566234918],[-111.9163061450872,40.344580506914681],[-111.91639521637239,40.34711139018453],[-111.91653830370787,40.348264802629856],[-111.91619611390634,40.348256245939673],[-111.91618652582767,40.348249994574431],[-111.91617863758592,40.347106584716244],[-111.90989463738121,40.347131770221523],[-111.90776704793959,40.34825161619186],[-111.9077622904128,40.34874557790161],[-111.90731744274269,40.349255041571567],[-111.90678282691597,40.350282576916811],[-111.90672503766282,40.351238630238463],[-111.90681358015668,40.352263696366599],[-111.90299746747441,40.352456571293452],[-111.90195709260867,40.354755420977142],[-111.91613261702031,40.354693207032625],[-111.91615187054884,40.352392167711486],[-111.91653496109495,40.352402169388562],[-111.91716824030325,40.352401571258888],[-111.9177953288291,40.354795915477922],[-111.91782232946873,40.35498225180099],[-111.91784536439739,40.355064531055589],[-111.91783876792596,40.355095705569106],[-111.91787601416021,40.355352746906796],[-111.91784248432134,40.35566132025194],[-111.91765856610309,40.356532935295277],[-111.91765172825434,40.35653289487626],[-111.91646842796217,40.356525800353168],[-111.91606632752332,40.356526873515207],[-111.91603622002926,40.356468411913454],[-111.91606649311537,40.356153135706052],[-111.91609738151614,40.355831451999251],[-111.91609590240849,40.355830019860683],[-111.9160999122214,40.355663149802567],[-111.91611042052028,40.35502179567753],[-111.91611088040571,40.35496752127014],[-111.91602176755319,40.35490477819252],[-111.91380863265209,40.354912101816801],[-111.91134404806488,40.354911110005517],[-111.91134366588525,40.354813458929655],[-111.9100599018291,40.354817302998356],[-111.91005806700269,40.354906180722757],[-111.91004775173697,40.355477231329502],[-111.91004476749205,40.355477247199595],[-111.90893426815687,40.35548513361821],[-111.90894606631076,40.35491127250026],[-111.9089479167053,40.354820621407228],[-111.90829470672986,40.354822563955182],[-111.90830684924265,40.356860264061503],[-111.90741881178323,40.357548515999099],[-111.90412228066252,40.357559957510524],[-111.90413038712637,40.358932486713968],[-111.9000352530233,40.358946569419096],[-111.89954997417146,40.360016806573398],[-111.89926332306004,40.360534283110731],[-111.89905922541263,40.360836518439292],[-111.89960431662601,40.361374560395056],[-111.89989552033616,40.361739804278649],[-111.90042807756143,40.361764158386535],[-111.9008839192056,40.361937778030324],[-111.90208123311156,40.361786838819924],[-111.90294359914701,40.361712429856659],[-111.90424159996662,40.362046211155622],[-111.90446036911099,40.362569259439368],[-111.90431012618176,40.36312827765169],[-111.90383960519875,40.363618988238507],[-111.90394109550141,40.364342713310286],[-111.90392434934881,40.364968945987144],[-111.90399520181377,40.36523517359548],[-111.9042312083704,40.365588193630956],[-111.90415273894351,40.365786361829862],[-111.90418495378351,40.366128020407103],[-111.90440692344949,40.36643722810259],[-111.90463729934191,40.366519017511521],[-111.90530628096022,40.366936834777952],[-111.90557198863465,40.367249742370653],[-111.90657547364232,40.368205496275998],[-111.90678214547698,40.368893744033159],[-111.90655899963676,40.369359461654106],[-111.90617250547604,40.369682387684087]]],[[[-111.92331056302011,40.3714344254956],[-111.92315631830614,40.370748900122756],[-111.91962491699992,40.370761525161896],[-111.91962491304126,40.370761647660949],[-111.91679578275085,40.370771742657226],[-111.91680690269156,40.371759443018775],[-111.91712031817156,40.372011338576328],[-111.91805568738866,40.37206532233575],[-111.91897386171139,40.372214928073923],[-111.91929597256571,40.372330174691932],[-111.91988677843747,40.372541548598996],[-111.92049608310172,40.37279054949461],[-111.92098158265982,40.373011612506218],[-111.91652443287313,40.373020147537012],[-111.9166241202207,40.383967344100576],[-111.92494582501537,40.383920377854871],[-111.93000164917058,40.383899222852783],[-111.93000209767756,40.383897502820339],[-111.93242645499784,40.383888565017315],[-111.93242587609313,40.383851580475778],[-111.93540328495311,40.383870546389424],[-111.93546541744023,40.38387100496108],[-111.93546612290739,40.383870264726298],[-111.93546931414983,40.383826538520964],[-111.93546938282857,40.383796814181494],[-111.93549442997154,40.372953122964539],[-111.93371443520087,40.372961474293689],[-111.93371434570865,40.372961474625583],[-111.92965874607334,40.372981120238009],[-111.92646636896318,40.372996503319413],[-111.9259654300124,40.372998906305284],[-111.92335136766009,40.373006846739777],[-111.92334687654181,40.37300686029581],[-111.92334751623504,40.373005002696033],[-111.92355877074448,40.372614489373134],[-111.92331056302011,40.3714344254956]]]]},"properties":{"OBJECTID":31,"ID":999,"NAME":"City Center","RECORDEDUNITS":2428,"DENSITY":null,"ACRE":2715.5684572099999,"TYPE":"MDA","STATUS":"Approved","NOTE":"Original entitled units 16,000 ","GlobalID":"{B36396D8-40FF-4745-B66A-2FC9C1D80DEB}","PLANNEDUNITS":16000,"EXISTINGUNITS":2224,"PREVIOUSNAME":null,"ID_TEXT":"2076","ProjectLink":null,"PLANNER":null,"created_user":null,"created_date":null,"last_edited_user":"SQLSERVICE","last_edited_date":1781076650000,"REMAININGUNITS":13635,"DA_Exceptions":null,"ParentID":null,"ACTIVEDATE":null,"Shape.STArea()":118290161.9962281,"Shape.STLength()":102140.98824133578}},{"type":"Feature","id":35,"geometry":{"type":"Polygon","coordinates":[[[-111.89100911167645,40.289542671337941],[-111.887335950289,40.28954412297],[-111.88720025038702,40.289543017482423],[-111.88707668277995,40.289562773067658],[-111.88695235011396,40.289576937277161],[-111.88682750526507,40.289585481302815],[-111.88670240215109,40.289588387767225],[-111.88609320872253,40.28958848830252],[-111.886092984169,40.28961708815919],[-111.88607595926206,40.294216610746687],[-111.88725865333608,40.294212695747689],[-111.8872729916222,40.29674842433235],[-111.89592351066695,40.296749995542761],[-111.8959242404415,40.293145275062344],[-111.89100885325458,40.293148766885778],[-111.89100911167645,40.289542671337941]]]},"properties":{"OBJECTID":35,"ID":1003,"NAME":"Westview Estates","RECORDEDUNITS":0,"DENSITY":null,"ACRE":116.99114363,"TYPE":"Subdivision","STATUS":"Approved","NOTE":null,"GlobalID":"{E27BDA65-8DD5-4E5B-BC58-72888A9C34A2}","PLANNEDUNITS":263,"EXISTINGUNITS":0,"PREVIOUSNAME":"Lake Mountain Estates","ID_TEXT":"2084","ProjectLink":"https://www.saratogaspringscity.com/DocumentCenter/View/4560/Westview-Estates-Final-Plat-Planner-Tippe-Extended-October-2021","PLANNER":"Tippe Morlan","created_user":null,"created_date":null,"last_edited_user":"BRIANG","last_edited_date":1764857074000,"REMAININGUNITS":263,"DA_Exceptions":null,"ParentID":null,"ACTIVEDATE":null,"Shape.STArea()":5096134.2166186869,"Shape.STLength()":10722.89040970612}},{"type":"Feature","id":38,"geometry":{"type":"Polygon","coordinates":[[[-111.92117656097592,40.36935787132915],[-111.92594482553905,40.369358582445066],[-111.92590355672156,40.362084269220261],[-111.92351627390649,40.362094932597593],[-111.92111398524199,40.362101031496962],[-111.92117656097592,40.36935787132915]]]},"properties":{"OBJECTID":38,"ID":803,"NAME":"Westlake High School","RECORDEDUNITS":null,"DENSITY":" ","ACRE":80.899666030000006,"TYPE":"School","STATUS":"Recorded","NOTE":null,"GlobalID":"{084C69DB-00BB-4F62-8F73-EE7320DF61BA}","PLANNEDUNITS":null,"EXISTINGUNITS":null,"PREVIOUSNAME":null,"ID_TEXT":"2094","ProjectLink":null,"PLANNER":null,"created_user":null,"created_date":null,"last_edited_user":"ALEFORS","last_edited_date":1746038355000,"REMAININGUNITS":null,"DA_Exceptions":null,"ParentID":null,"ACTIVEDATE":null,"Shape.STArea()":3523989.4520536577,"Shape.STLength()":7956.8772964322643}},{"type":"Feature","id":39,"geometry":{"type":"Polygon","coordinates":[[[-111.90412228065721,40.357559956609911],[-111.90741881178323,40.357548515999099],[-111.90830684924265,40.356860264061503],[-111.90829470672986,40.354822563955182],[-111.90345722071091,40.354841634282288],[-111.90189332849459,40.354848424664503],[-111.90140956509869,40.355912830820252],[-111.90077916317584,40.357280881168293],[-111.9000352530233,40.358946569419096],[-111.90413038712637,40.358932486713968],[-111.90412228065721,40.357559956609911]]]},"properties":{"OBJECTID":39,"ID":1037,"NAME":"Civic Center","RECORDEDUNITS":null,"DENSITY":null,"ACRE":55.984328840000003,"TYPE":"Minor Subdivision","STATUS":"Recorded","NOTE":null,"GlobalID":"{D2B6E677-B98F-4699-BA91-FD3C0F30C8DD}","PLANNEDUNITS":null,"EXISTINGUNITS":null,"PREVIOUSNAME":null,"ID_TEXT":"2096","ProjectLink":null,"PLANNER":null,"created_user":null,"created_date":null,"last_edited_user":"ALEFORS","last_edited_date":1746040015000,"REMAININGUNITS":null,"DA_Exceptions":null,"ParentID":null,"ACTIVEDATE":null,"Shape.STArea()":2438677.3641114254,"Shape.STLength()":7018.7029313200474}},{"type":"Feature","id":40,"geometry":{"type":"Polygon","coordinates":[[[-111.92184359765527,40.382973349354074],[-111.9218878677398,40.383032040710454],[-111.92192944909635,40.383091870225542],[-111.92196829181749,40.38315276693303],[-111.92200434951151,40.383214657152166],[-111.92203757814154,40.383277467193501],[-111.92206793718105,40.383341119752203],[-111.9220953920028,40.383405539303325],[-111.92211990797351,40.383470649421142],[-111.92214145514231,40.383536369159707],[-111.92216000947461,40.383602622054603],[-111.92217554690201,40.383669326237637],[-111.92218805044425,40.383736403417366],[-111.92219750309873,40.383803771699583],[-111.922203894929,40.383871349164473],[-111.92220694498732,40.383933499846179],[-111.92220721719272,40.383939056589448],[-111.92596166256207,40.383916145159986],[-111.93000164917058,40.383899222852783],[-111.92971905984872,40.383680638813154],[-111.92944611143403,40.383455005552619],[-111.92918310226844,40.383222572414958],[-111.92893032129793,40.382983595082649],[-111.92868804925601,40.382738336473238],[-111.9285598765704,40.38280868082439],[-111.92844894577716,40.382690482694187],[-111.92857711835539,40.382620138461768],[-111.9284927752793,40.382527570972471],[-111.92836832873915,40.382656340942269],[-111.92826440141548,40.382597606581356],[-111.92841579394002,40.382440953875573],[-111.92824929937269,40.382246025324406],[-111.92808926236373,40.382047959445799],[-111.92681537817784,40.380426082634855],[-111.92654448747298,40.380374395332744],[-111.92631996675605,40.380476055589241],[-111.92575177229297,40.380668291442852],[-111.92340079023846,40.381748097119882],[-111.923258477164,40.381566897565143],[-111.92261085103861,40.381864336752713],[-111.92250633157853,40.381910458679926],[-111.92239976770199,40.381953757245292],[-111.92237635389456,40.381958949219218],[-111.92222605434436,40.382012793609036],[-111.92207376129861,40.382060710216976],[-111.92161555087731,40.382195011616183],[-111.92160451566393,40.382197255282676],[-111.92159326255992,40.382197676737349],[-111.92159173924205,40.382197590364889],[-111.92158859652503,40.382197306289228],[-111.92157988335012,40.382195922160442],[-111.92157149071592,40.382193202064762],[-111.92156362214915,40.382189211966235],[-111.92155646846756,40.382184048627288],[-111.92155020315248,40.382177837262191],[-111.92155014261304,40.382177760026998],[-111.92141485235426,40.382199696730275],[-111.92140750603892,40.382200887700876],[-111.9214075286536,40.38220092634608],[-111.92140758069387,40.382200962183383],[-111.92126461694724,40.382224143097233],[-111.92126467384243,40.382224202333255],[-111.92126542901525,40.38222520020269],[-111.92126747131097,40.382228281975095],[-111.92125982732858,40.382229521741408],[-111.92126075469187,40.38223075045012],[-111.92126162567033,40.382232002778053],[-111.92126243907515,40.382233276928218],[-111.92126319607844,40.382234571995781],[-111.92126389314168,40.382235887092925],[-111.92126453142028,40.382237218612907],[-111.92126510855888,40.382238566564276],[-111.92126562572405,40.382239929141548],[-111.9212660805494,40.382241304552075],[-111.92126647302379,40.382242690994602],[-111.92126680195835,40.382244086672188],[-111.92126706969748,40.382245489775094],[-111.92126727270806,40.382246900316176],[-111.92126741214555,40.38224831468866],[-111.92126748918216,40.38224973198777],[-111.92126750027369,40.382251150425013],[-111.9212674489421,40.382252568186459],[-111.92126733399859,40.382253983475159],[-111.92126715425998,40.382255395394758],[-111.92126691089283,40.3822568021398],[-111.92126660505816,40.382258201004205],[-111.92126623675047,40.382259591087461],[-111.9212658059586,40.382260970588334],[-111.92126531267154,40.382262337705562],[-111.9212647580613,40.382263691534369],[-111.92126414329464,40.382265030269281],[-111.92126346835474,40.382266351208521],[-111.92126273441943,40.382267654347842],[-111.92126194146643,40.382268936084827],[-111.92126109185673,40.382270197311584],[-111.92126046821181,40.382271050644029],[-111.92126478385255,40.382266377940013],[-111.92126822591146,40.382261029001029],[-111.9212706905592,40.382255165177249],[-111.92127210344995,40.3822489633503],[-111.921271127607,40.382254071855151],[-111.92126940224055,40.382258978198166],[-111.92126696579182,40.382263573065828],[-111.921263872545,40.382267754084289],[-111.92126019141774,40.382271428100267],[-111.9212533628655,40.382276667949597],[-111.92124583894409,40.382280848350703],[-111.9212377827521,40.382283878683609],[-111.92122936892635,40.382285693258765],[-111.92122822608223,40.382285809952116],[-111.92141316710736,40.382470763430256],[-111.92141791334009,40.3824700024173],[-111.92141795335391,40.382469997770023],[-111.92142246266206,40.382469586150577],[-111.92142260863508,40.382469575717813],[-111.9214241710238,40.382469503442572],[-111.92142730114466,40.382469461543486],[-111.92142886418264,40.382469494638428],[-111.92143876486813,40.382470358681147],[-111.92144837823966,40.382472879242691],[-111.92145742918177,40.382476984189651],[-111.92146565867462,40.382482556046632],[-111.92147283120656,40.382489435358252],[-111.92168292388014,40.382757130518272],[-111.92168774307409,40.382763616523],[-111.92184359765527,40.382973349354074]]]},"properties":{"OBJECTID":40,"ID":1036,"NAME":"IHC Minor Subd.","RECORDEDUNITS":null,"DENSITY":null,"ACRE":42.554334410000003,"TYPE":"Commercial","STATUS":"Recorded","NOTE":null,"GlobalID":"{440E02B4-F750-4185-A2F3-6AA6D08F2BD0}","PLANNEDUNITS":null,"EXISTINGUNITS":null,"PREVIOUSNAME":null,"ID_TEXT":"2097","ProjectLink":null,"PLANNER":null,"created_user":null,"created_date":null,"last_edited_user":"SQLSERVICE","last_edited_date":1741643814000,"REMAININGUNITS":null,"DA_Exceptions":null,"ParentID":999,"ACTIVEDATE":null,"Shape.STArea()":1853666.8070638191,"Shape.STLength()":6444.1437270084662}},{"type":"Feature","id":41,"geometry":{"type":"Polygon","coordinates":[[[-111.9324046764411,40.391124856391855],[-111.93406344348618,40.391120110846472],[-111.93514242871404,40.391116997372741],[-111.93478556429264,40.389759584488772],[-111.93459810125866,40.389046619906381],[-111.93407854059441,40.387514607253593],[-111.93235380763531,40.387522216186454],[-111.93234833025139,40.389052920575125],[-111.93234697209667,40.389426100606443],[-111.93239393624404,40.389428355984066],[-111.9324046764411,40.391124856391855]]]},"properties":{"OBJECTID":41,"ID":1040,"NAME":"Dignity Care Neighborhood","RECORDEDUNITS":79,"DENSITY":null,"ACRE":19.06513395,"TYPE":"Subdivision","STATUS":"Pending","NOTE":null,"GlobalID":"{95F6FAAD-C371-4413-BD65-BC75A132B537}","PLANNEDUNITS":79,"EXISTINGUNITS":27,"PREVIOUSNAME":null,"ID_TEXT":"2099","ProjectLink":"https://www.saratogaspringscity.com/DocumentCenter/View/7433/Saratoga-Dignity-Senior-Community-Prelim-Plat--Site-Plan-Planner-Sarah-Updated-December-2020","PLANNER":"G. Grandpre","created_user":null,"created_date":null,"last_edited_user":"SQLSERVICE","last_edited_date":1781076648000,"REMAININGUNITS":null,"DA_Exceptions":null,"ParentID":null,"ACTIVEDATE":null,"Shape.STArea()":830477.23498208448,"Shape.STLength()":3913.6037302928312}},{"type":"Feature","id":42,"geometry":{"type":"Polygon","coordinates":[[[-111.90030872505211,40.322022601289021],[-111.90120090021449,40.321243508179947],[-111.90050879387668,40.320367145349366],[-111.90039460646751,40.320425191894977],[-111.9001171585371,40.320560173342869],[-111.90011719056926,40.320560218265072],[-111.90003626330378,40.320599589321247],[-111.89995705508943,40.320633299385818],[-111.89987561198588,40.320661180034293],[-111.8997923623684,40.320683084619752],[-111.89970774411418,40.320698897928246],[-111.89962220229914,40.320708536784757],[-111.89953618685702,40.320711950490747],[-111.89945015021267,40.320709121090765],[-111.89936454490253,40.320700063466916],[-111.89927982119427,40.320684825260578],[-111.89926710399347,40.320682016393071],[-111.89926074279593,40.320680570087994],[-111.89893972036803,40.321246731960947],[-111.90022560752456,40.321975017107903],[-111.90030872505211,40.322022601289021]]]},"properties":{"OBJECTID":42,"ID":1043,"NAME":"Talons Cove Minor Subdivision","RECORDEDUNITS":0,"DENSITY":null,"ACRE":4.8221724400000001,"TYPE":"Commercial","STATUS":"Recorded","NOTE":null,"GlobalID":"{C9F2195A-7EDF-4B01-9632-D84CBB3362AD}","PLANNEDUNITS":null,"EXISTINGUNITS":null,"PREVIOUSNAME":null,"ID_TEXT":"2101","ProjectLink":null,"PLANNER":null,"created_user":null,"created_date":null,"last_edited_user":"BRIANG","last_edited_date":1715889430000,"REMAININGUNITS":null,"DA_Exceptions":null,"ParentID":null,"ACTIVEDATE":null,"Shape.STArea()":210096.3574336165,"Shape.STLength()":1831.9287025355907}},{"type":"Feature","id":44,"geometry":{"type":"Polygon","coordinates":[[[-111.88249345308522,40.298918491732209],[-111.88139665297744,40.29724128710027],[-111.88001628968183,40.297805338509143],[-111.88007719557288,40.297881474395133],[-111.88041121782896,40.298305659234977],[-111.88041198410465,40.298306600613842],[-111.88041460152391,40.298309816393363],[-111.88049468848008,40.298392957380386],[-111.88057978146358,40.298470967177423],[-111.88066955233646,40.298543544960914],[-111.88076365492178,40.298610410854387],[-111.88086172633852,40.298671307007716],[-111.88096338840097,40.298725998591472],[-111.88106824907703,40.298774274702431],[-111.88117590400006,40.298815949176912],[-111.88128593802811,40.298850861308644],[-111.88139792684494,40.2988788764685],[-111.88151143859611,40.298899886623623],[-111.88162603555446,40.298913810754087],[-111.88174127580801,40.298920595165256],[-111.88185671496409,40.298920213694906],[-111.88220316318574,40.298919277042941],[-111.88220859869911,40.298919262861496],[-111.88249345308522,40.298918491732209]]]},"properties":{"OBJECTID":44,"ID":1041,"NAME":"Wellspring","RECORDEDUNITS":15,"DENSITY":null,"ACRE":5.2411502199999997,"TYPE":"Subdivision","STATUS":"Recorded","NOTE":null,"GlobalID":"{74341CBF-DF0A-4C40-ACB5-1186C9C50AAE}","PLANNEDUNITS":15,"EXISTINGUNITS":13,"PREVIOUSNAME":null,"ID_TEXT":"2103","ProjectLink":null,"PLANNER":null,"created_user":null,"created_date":null,"last_edited_user":"SQLSERVICE","last_edited_date":1781076648000,"REMAININGUNITS":null,"DA_Exceptions":null,"ParentID":null,"ACTIVEDATE":null,"Shape.STArea()":228304.50375031529,"Shape.STLength()":1991.9591616227713}},{"type":"Feature","id":45,"geometry":{"type":"Polygon","coordinates":[[[-111.94340748498119,40.364025730188182],[-111.94351147615068,40.363989848394631],[-111.94363349251883,40.363952197613315],[-111.94375741898929,40.363921411165805],[-111.94388286971576,40.363897584906006],[-111.94400945410619,40.363880793017216],[-111.94413677803884,40.363871087781149],[-111.94426444508937,40.363868499415148],[-111.94439205776519,40.363873035978116],[-111.94503916843294,40.363912743125965],[-111.94503917865451,40.363912866472965],[-111.94503895673705,40.363995318833176],[-111.94503900466975,40.363995447440423],[-111.94507256939274,40.363997513616013],[-111.94507345765986,40.363997410265419],[-111.9467339950279,40.363803318813751],[-111.94673396897466,40.363802213843613],[-111.94695144053783,40.363776784857173],[-111.94717955333903,40.363642200165486],[-111.94956743358479,40.362234093353372],[-111.94504350900463,40.362241621431956],[-111.94393054672955,40.362252536679861],[-111.94393050918897,40.362252557536856],[-111.94382588314518,40.362408293159675],[-111.94330554581214,40.363131940710886],[-111.94318508183564,40.363729660004829],[-111.94295002287227,40.364118905571239],[-111.94290067775128,40.364200559601173],[-111.94304475675487,40.364150884582109],[-111.94304639396853,40.36414807112444],[-111.94305057619049,40.364139440460598],[-111.94305371173603,40.364130376924145],[-111.94305575687115,40.364121006931548],[-111.94305576948989,40.364120955547989],[-111.94305971949953,40.364105299853378],[-111.94306596923957,40.364090412136989],[-111.94307437778581,40.364076628099113],[-111.94308475553552,40.36406425855342],[-111.9430968684828,40.364053582418443],[-111.94312233142904,40.364037824771245],[-111.94314999264654,40.364026356461714],[-111.94317913548799,40.36401947461102],[-111.94320900492016,40.364017357514264],[-111.9432388270853,40.364020060021218],[-111.94326782935022,40.364027512115292],[-111.94329526032375,40.364039520727502],[-111.94332040932379,40.364055774738524],[-111.94340748498119,40.364025730188182]]]},"properties":{"OBJECTID":45,"ID":1045,"NAME":"Rider's Station","RECORDEDUNITS":null,"DENSITY":null,"ACRE":18.382087259999999,"TYPE":"Commercial","STATUS":"Pending","NOTE":null,"GlobalID":"{2E0E2247-16D0-4E6E-81E2-70DC192A184B}","PLANNEDUNITS":null,"EXISTINGUNITS":null,"PREVIOUSNAME":null,"ID_TEXT":"2104","ProjectLink":null,"PLANNER":null,"created_user":null,"created_date":null,"last_edited_user":"BRIANG","last_edited_date":1747144599000,"REMAININGUNITS":null,"DA_Exceptions":null,"ParentID":null,"ACTIVEDATE":null,"Shape.STArea()":800786.57242157345,"Shape.STLength()":4478.4718711780479}},{"type":"Feature","id":46,"geometry":{"type":"MultiPolygon","coordinates":[[[[-111.91817957824054,40.405933354678091],[-111.91869361110754,40.406832769548821],[-111.91902556657385,40.406830946278966],[-111.92006551223021,40.406825163075233],[-111.92101314303804,40.40682007028321],[-111.92101460323671,40.406817087603123],[-111.92082807935701,40.40616305625494],[-111.92075926038513,40.40592166837309],[-111.91901981624603,40.405926272436147],[-111.91817957824054,40.405933354678091]]],[[[-111.92038616702368,40.408837464810844],[-111.91959560464791,40.408841770431223],[-111.91988091543298,40.409511626365195],[-111.92057728963545,40.40950789699167],[-111.92172989854809,40.409501706749786],[-111.92173000873404,40.409501615390859],[-111.92158399269454,40.408831135117573],[-111.92158393576027,40.40883107318043],[-111.92038616702368,40.408837464810844]]]]},"properties":{"OBJECTID":46,"ID":1008,"NAME":"The HUB","RECORDEDUNITS":null,"DENSITY":null,"ACRE":8.1514024799999998,"TYPE":"Commercial","STATUS":null,"NOTE":null,"GlobalID":"{53C41AB5-2976-4806-8038-2AC3D16C61BA}","PLANNEDUNITS":null,"EXISTINGUNITS":null,"PREVIOUSNAME":"Tims/The GOAT House","ID_TEXT":"2105","ProjectLink":null,"PLANNER":null,"created_user":null,"created_date":null,"last_edited_user":"BRIANG","last_edited_date":1715026678000,"REMAININGUNITS":null,"DA_Exceptions":null,"ParentID":null,"ACTIVEDATE":null,"Shape.STArea()":355076.51235938462,"Shape.STLength()":3629.8617765287636}},{"type":"Feature","id":47,"geometry":{"type":"Polygon","coordinates":[[[-111.87352829004419,40.366933970700622],[-111.87349293656436,40.365097992934402],[-111.87242738957629,40.365094041521289],[-111.87246966791741,40.366936405395904],[-111.87352829004419,40.366933970700622]]]},"properties":{"OBJECTID":47,"ID":1052,"NAME":"Mountain Sunrise Academy","RECORDEDUNITS":0,"DENSITY":null,"ACRE":4.5517989500000002,"TYPE":"School","STATUS":"Recorded","NOTE":"Annexation Application","GlobalID":"{D55D9C7F-E73E-44AB-91AD-D909E1DF61CF}","PLANNEDUNITS":null,"EXISTINGUNITS":null,"PREVIOUSNAME":null,"ID_TEXT":"2110","ProjectLink":null,"PLANNER":null,"created_user":null,"created_date":null,"last_edited_user":"BRIANG","last_edited_date":1724862134000,"REMAININGUNITS":null,"DA_Exceptions":null,"ParentID":null,"ACTIVEDATE":null,"Shape.STArea()":198276.36232395264,"Shape.STLength()":1932.04575575232}},{"type":"Feature","id":49,"geometry":{"type":"Polygon","coordinates":[[[-111.91660912544339,40.38277320887849],[-111.91660971062258,40.382813016001734],[-111.91661524698924,40.382812996281849],[-111.91673890593438,40.382809298901812],[-111.91686219361657,40.382799034752928],[-111.91698476156216,40.382782232846878],[-111.91707559650666,40.382765375627848],[-111.91716565382221,40.382744764153031],[-111.91725477841311,40.382720433919282],[-111.91734637321227,40.382691059965047],[-111.91743652829534,40.382657526438287],[-111.91763903221525,40.382576772630571],[-111.91764360015833,40.382574964986325],[-111.91764509930701,40.382574371528307],[-111.9176521205205,40.382571612174452],[-111.91766336826383,40.382567258940611],[-111.9176661200529,40.382566205295511],[-111.91766740078232,40.382565716188424],[-111.91766906574371,40.382565082510723],[-111.91767153087885,40.382564145168459],[-111.91770533649635,40.382551660731544],[-111.91774004284997,40.382539527912037],[-111.91775531605057,40.382534406473042],[-111.91775656779288,40.382533992220004],[-111.91776000925185,40.382532861357923],[-111.91783607637578,40.382509423890681],[-111.91783915070476,40.382508538405816],[-111.91796107271192,40.38247750056069],[-111.91808451412061,40.382453199484999],[-111.91820910298701,40.382435708400806],[-111.91833446390989,40.382425080010862],[-111.9184602191617,40.382421346339768],[-111.91953770213672,40.382417486460788],[-111.91971282034278,40.382416858195185],[-111.92093679047397,40.382412459678676],[-111.92106548911376,40.382408465219797],[-111.92119376989032,40.382397359457862],[-111.92132124016703,40.38237917638493],[-111.9213212966408,40.38237916717528],[-111.92132150958115,40.382379130383427],[-111.9212279165715,40.382285847091602],[-111.92122822844874,40.382285811744836],[-111.92122936892635,40.382285693258765],[-111.9212377827521,40.382283878683609],[-111.92124583894409,40.382280848350703],[-111.9212533628655,40.382276667949597],[-111.92126019141774,40.382271428100267],[-111.92126391341374,40.382267709172581],[-111.921267032389,40.382263471759387],[-111.92126947708742,40.38225881266861],[-111.92127119165745,40.382253838341832],[-111.92127213692801,40.382248662422505],[-111.92127119238395,40.382253737299663],[-111.92126950873325,40.382258617039604],[-111.92126712289826,40.382263194629914],[-111.92126408720021,40.382267369684293],[-111.92126046821181,40.382271050644029],[-111.92126109185673,40.382270197311584],[-111.92126194146643,40.382268936084827],[-111.92126273441943,40.382267654347842],[-111.92126346835474,40.382266351208521],[-111.92126414329464,40.382265030269281],[-111.9212647580613,40.382263691534369],[-111.92126531267154,40.382262337705562],[-111.9212658059586,40.382260970588334],[-111.92126623675047,40.382259591087461],[-111.92126660505816,40.382258201004205],[-111.92126691089283,40.3822568021398],[-111.92126715425998,40.382255395394758],[-111.92126733399859,40.382253983475159],[-111.9212674489421,40.382252568186459],[-111.92126750027369,40.382251150425013],[-111.92126748918216,40.38224973198777],[-111.92126741214555,40.38224831468866],[-111.92126727270806,40.382246900316176],[-111.92126706969748,40.382245489775094],[-111.92126680195835,40.382244086672188],[-111.92126647302379,40.382242690994602],[-111.9212660805494,40.382241304552075],[-111.92126562572405,40.382239929141548],[-111.92126510855888,40.382238566564276],[-111.92126453142028,40.382237218612907],[-111.92126389314168,40.382235887092925],[-111.92126319607844,40.382234571995781],[-111.92126243907515,40.382233276928218],[-111.92126162567033,40.382232002778053],[-111.92126075469187,40.38223075045012],[-111.92125982732858,40.382229521741408],[-111.92126747131097,40.382228281975095],[-111.92126542901525,40.38222520020269],[-111.92126467501457,40.382224201428457],[-111.92126461694724,40.382224143097233],[-111.92140758069387,40.382200962183383],[-111.9214075286536,40.38220092634608],[-111.92140750603892,40.382200887700876],[-111.92141485235426,40.382199696730275],[-111.92037657967586,40.380896790098603],[-111.91996208441762,40.380377854460761],[-111.91990676703604,40.380314538053987],[-111.91984710461118,40.380255298074808],[-111.91978339673608,40.380200431994929],[-111.91971596331781,40.380150215322665],[-111.91964514297121,40.380104900219457],[-111.91957129131842,40.380064714233683],[-111.91947919184499,40.380022344342166],[-111.91938993535001,40.379974273573325],[-111.91930387427786,40.379920691742718],[-111.91922134845521,40.379861810427258],[-111.91914268374926,40.379797862129791],[-111.91906819078088,40.379729099360972],[-111.91863913304701,40.379155318202116],[-111.918618884667,40.379163842107502],[-111.91861863681946,40.379163946566038],[-111.91850646483465,40.379211166797376],[-111.91849708228027,40.379201883087219],[-111.91848638860532,40.379194145845013],[-111.91847463612022,40.379188137626045],[-111.91846210211739,40.379184000190399],[-111.91844908232858,40.379181831158235],[-111.91843588394742,40.379181681706484],[-111.9184228183813,40.379183555361358],[-111.91841019390388,40.379187407915175],[-111.9182737490049,40.379232836544325],[-111.91813523140463,40.37927148683832],[-111.91799497761487,40.379303264900955],[-111.91785332836523,40.379328093531257],[-111.91771062777543,40.379345912411075],[-111.9175672225193,40.379356678251597],[-111.91742346098258,40.379360364898517],[-111.91696757992881,40.379361991051269],[-111.91679246245261,40.379362615232509],[-111.91677790095763,40.379363794188563],[-111.91676372428746,40.379367322516266],[-111.91673991066394,40.37937610818954],[-111.91671783402151,40.379388634105879],[-111.91669807710188,40.379404569627454],[-111.91668116141464,40.379423494115436],[-111.91666753347131,40.379444908033378],[-111.9166575529992,40.379468246133065],[-111.91665486296658,40.37948154708188],[-111.91665383822011,40.379495051942889],[-111.91665382518553,40.379495232113541],[-111.91661739009547,40.379495554637693],[-111.91661718518017,40.379495554466985],[-111.91661498813799,40.380328804172805],[-111.9166149885494,40.380328871717879],[-111.91661529709008,40.380328869718241],[-111.91660912544339,40.38277320887849]]]},"properties":{"OBJECTID":49,"ID":1058,"NAME":"Costco","RECORDEDUNITS":null,"DENSITY":null,"ACRE":27.15052648,"TYPE":"Commercial","STATUS":"Recorded","NOTE":null,"GlobalID":"{360FDA83-71CE-45AD-8B99-A89DBBF3303D}","PLANNEDUNITS":null,"EXISTINGUNITS":null,"PREVIOUSNAME":null,"ID_TEXT":"2116","ProjectLink":null,"PLANNER":null,"created_user":null,"created_date":null,"last_edited_user":"SQLSERVICE","last_edited_date":1741643814000,"REMAININGUNITS":null,"DA_Exceptions":null,"ParentID":999,"ACTIVEDATE":null,"Shape.STArea()":1182676.9336852867,"Shape.STLength()":4656.3810855472366}},{"type":"Feature","id":50,"geometry":{"type":"Polygon","coordinates":[[[-111.88971202613361,40.372425482263623],[-111.88660105877062,40.372433204204121],[-111.88658679068337,40.373659531531651],[-111.88661344995137,40.373659593806856],[-111.88660307881403,40.374725123457232],[-111.88916927510792,40.374731898442441],[-111.88912940592786,40.375408264309499],[-111.89224430564491,40.375421968314249],[-111.89223448116368,40.374572369517367],[-111.89222859115588,40.374572825172322],[-111.88970132929271,40.374568024809449],[-111.88971202613361,40.372425482263623]]]},"properties":{"OBJECTID":50,"ID":1060,"NAME":"Northshore Commercial","RECORDEDUNITS":0,"DENSITY":null,"ACRE":22.515932410000001,"TYPE":"Commercial","STATUS":"Recorded","NOTE":null,"GlobalID":"{9B5D31D6-1F93-4D55-8FF6-AF3239F7230B}","PLANNEDUNITS":null,"EXISTINGUNITS":null,"PREVIOUSNAME":null,"ID_TEXT":"2118","ProjectLink":null,"PLANNER":null,"created_user":null,"created_date":null,"last_edited_user":"ALEFORS","last_edited_date":1746035918000,"REMAININGUNITS":null,"DA_Exceptions":null,"ParentID":null,"ACTIVEDATE":null,"Shape.STArea()":980794.01591491257,"Shape.STLength()":5334.3891012748836}},{"type":"Feature","id":52,"geometry":{"type":"Polygon","coordinates":[[[-111.9184602191617,40.382421346339768],[-111.9183344639094,40.382425080005106],[-111.91820910298597,40.382435708392215],[-111.91808451411924,40.382453199476451],[-111.91796107271081,40.382477500555026],[-111.91783915070476,40.382508538405816],[-111.91783607519261,40.382509422994303],[-111.91776000806867,40.382532860461524],[-111.91775656779288,40.382533992220004],[-111.91775588844388,40.382534217099604],[-111.91775531605057,40.382534406473042],[-111.91774004284997,40.382539527912037],[-111.91770533649635,40.382551660731544],[-111.91767153087885,40.382564145168459],[-111.91766906574371,40.382565082510723],[-111.91766740078232,40.382565716188424],[-111.91766611887523,40.382566205299703],[-111.91766336826933,40.382567259841181],[-111.91766309685413,40.382567364381728],[-111.91765221333849,40.382571575818204],[-111.9176521205205,40.382571612174452],[-111.91764509931251,40.382574372428913],[-111.91764360015833,40.382574964986325],[-111.91763895007351,40.382576821557358],[-111.91743644733103,40.38265757536076],[-111.91732352233933,40.382698440611264],[-111.91720857794417,40.382733222912336],[-111.91709194155773,40.382761823188687],[-111.91697394541177,40.382784159974157],[-111.91685492561119,40.382800169643751],[-111.91673522117676,40.382809806594892],[-111.91661517307938,40.382813043377304],[-111.91660971326317,40.382813062824575],[-111.91661313189597,40.383046394087543],[-111.91660662151921,40.383764549040684],[-111.91660633642319,40.383877650783283],[-111.91662353827995,40.383877800257878],[-111.91662429087472,40.383877802980905],[-111.9166241202207,40.383967344100576],[-111.92196304668498,40.383934982495866],[-111.92220694498732,40.383933499846179],[-111.922203894929,40.383871349164473],[-111.92219750309873,40.383803771699583],[-111.92218805044425,40.383736403417366],[-111.92217554690201,40.383669326237637],[-111.92216000947461,40.383602622054603],[-111.92214145514231,40.383536369159707],[-111.92211990797351,40.383470649421142],[-111.9220953920028,40.383405539303325],[-111.92206793718105,40.383341119752203],[-111.92203757814154,40.383277467193501],[-111.92200434951151,40.383214657152166],[-111.92196829181749,40.38315276693303],[-111.92192944909635,40.383091870225542],[-111.9218878677398,40.383032040710454],[-111.92184359765527,40.382973349354074],[-111.92168774307409,40.382763616523],[-111.92147258407397,40.38248946596925],[-111.9214652104644,40.382482407738031],[-111.9214567271431,40.382476731295],[-111.92144738984211,40.38247260775811],[-111.92143748003701,40.382470161432536],[-111.92142729646163,40.382469466063441],[-111.92142416985166,40.382469504347412],[-111.92142260863508,40.382469575717813],[-111.92142246266206,40.382469586150577],[-111.92141795335391,40.382469997770023],[-111.92141791334009,40.3824700024173],[-111.92141316710736,40.382470763430256],[-111.9214129306351,40.382470803909527],[-111.92132129429093,40.382379168084363],[-111.92132124016703,40.38237917638493],[-111.92119376989152,40.382397359469223],[-111.92106548911454,40.382408465231201],[-111.92093679047397,40.382412459678676],[-111.91971282034278,40.382416858195185],[-111.91953770213672,40.382417486460788],[-111.9184602191617,40.382421346339768]]]},"properties":{"OBJECTID":52,"ID":1063,"NAME":"Welfare Complex","RECORDEDUNITS":null,"DENSITY":null,"ACRE":18.119034859999999,"TYPE":"Commercial","STATUS":"Recorded","NOTE":null,"GlobalID":"{B9790DC7-1359-4483-B6B4-EA2FCE18C6E4}","PLANNEDUNITS":null,"EXISTINGUNITS":null,"PREVIOUSNAME":null,"ID_TEXT":"2121","ProjectLink":null,"PLANNER":null,"created_user":null,"created_date":null,"last_edited_user":"SQLSERVICE","last_edited_date":1741643814000,"REMAININGUNITS":null,"DA_Exceptions":null,"ParentID":999,"ACTIVEDATE":null,"Shape.STArea()":789265.15860244888,"Shape.STLength()":3953.3838668304629}},{"type":"Feature","id":54,"geometry":{"type":"Polygon","coordinates":[[[-111.91621854581723,40.381833926851662],[-111.91622061737351,40.381017768219444],[-111.91622150853624,40.380664115642745],[-111.91622150097703,40.380664034613794],[-111.91622151453848,40.380663747267555],[-111.91622235321998,40.380334566503208],[-111.91615958073561,40.380334237793143],[-111.91459817425751,40.380326340417092],[-111.91413728584045,40.380323996123302],[-111.9138123839535,40.380322350576002],[-111.91356002708179,40.381227970518879],[-111.9128612125174,40.381813624295368],[-111.91284070897561,40.381816804708507],[-111.91307445819074,40.381817990497453],[-111.9142495749817,40.3818239736297],[-111.91584164399552,40.381832024342103],[-111.91621854581723,40.381833926851662]]]},"properties":{"OBJECTID":54,"ID":1071,"NAME":"River View","RECORDEDUNITS":0,"DENSITY":null,"ACRE":9.5120143899999992,"TYPE":"Mixed Use","STATUS":"Approved","NOTE":null,"GlobalID":"{0A00FD73-3B63-4381-BF04-18705C988013}","PLANNEDUNITS":15,"EXISTINGUNITS":null,"PREVIOUSNAME":null,"ID_TEXT":"2129","ProjectLink":null,"PLANNER":null,"created_user":null,"created_date":null,"last_edited_user":"BRIANG","last_edited_date":1764891186000,"REMAININGUNITS":15,"DA_Exceptions":null,"ParentID":null,"ACTIVEDATE":null,"Shape.STArea()":414343.3467203764,"Shape.STLength()":2790.5873493756717}},{"type":"Feature","id":55,"geometry":{"type":"Polygon","coordinates":[[[-111.91656104458018,40.37949478446324],[-111.9166171851637,40.37949555176521],[-111.91661739009547,40.379495554637693],[-111.91665382518553,40.379495232113541],[-111.91665383822011,40.379495051942889],[-111.91665486296658,40.37948154708188],[-111.9166575529992,40.379468246133065],[-111.91666753347131,40.379444908033378],[-111.91668116141464,40.379423494115436],[-111.91669807710188,40.379404569627454],[-111.91671783402151,40.379388634105879],[-111.91673991066394,40.37937610818954],[-111.91676372428746,40.379367322516266],[-111.91677790095763,40.379363794188571],[-111.91679246245261,40.379362615232509],[-111.91696757992881,40.379361991051269],[-111.91742346098258,40.379360364898517],[-111.91756722251931,40.379356678251611],[-111.91771062777543,40.379345912411097],[-111.91785332836523,40.379328093531285],[-111.91799497761488,40.379303264900983],[-111.91813523140463,40.379271486838348],[-111.9182737490049,40.37923283654434],[-111.91841019390388,40.379187407915175],[-111.9184228183813,40.379183555361344],[-111.91843588394744,40.379181681706442],[-111.91844908232859,40.379181831158185],[-111.9184621021174,40.379184000190342],[-111.91847463612025,40.379188137625988],[-111.91848638860534,40.37919414584497],[-111.91849708228028,40.379201883087191],[-111.91850646483465,40.379211166797376],[-111.91861863681946,40.379163946566038],[-111.91861891595423,40.379163566405417],[-111.918618884667,40.379163842107502],[-111.91863913304701,40.379155318202116],[-111.91873139714544,40.379116479150461],[-111.91873123697373,40.379116285189717],[-111.91872673573826,40.379109622636783],[-111.91872337473721,40.37910231822687],[-111.91872124297835,40.379094565399235],[-111.91872039691606,40.379086569468342],[-111.91872085895619,40.379078542186662],[-111.91872261686278,40.379070696136907],[-111.918725624082,40.379063239102322],[-111.91872980097509,40.379056368564029],[-111.91873503692734,40.379050266471253],[-111.91874119327753,40.379045094422843],[-111.9187481069899,40.379040989387718],[-111.9187555949719,40.379038060077583],[-111.92028237257408,40.378336875140057],[-111.92029520290509,40.378332022115835],[-111.92030863479607,40.378329237597335],[-111.9203223369925,40.378328590255755],[-111.92033597157371,40.37833009605572],[-111.9203492022865,40.378333717861494],[-111.92036170283782,40.378339366352868],[-111.92037316494171,40.378346902227925],[-111.92038330592213,40.378356139638505],[-111.92042331547984,40.378337764539793],[-111.92059557475535,40.378258650613581],[-111.92059132249575,40.378251961840114],[-111.92058819246597,40.378244680060391],[-111.92058626493569,40.378236992015822],[-111.92058558933648,40.378229094866455],[-111.92058618299409,40.378221191134877],[-111.92058803068416,40.378213483512432],[-111.92059108502264,40.378206169661269],[-111.92059526768094,40.378199437145263],[-111.92060047139471,40.378193458619918],[-111.9206065627146,40.378188387404649],[-111.92061338542858,40.378184353550886],[-111.92062076456801,40.378181460506887],[-111.92214753446002,40.377480236497739],[-111.92216036464625,40.377475383346209],[-111.92217379641973,40.377472598706269],[-111.92218749852044,40.377471951253881],[-111.92220113302143,40.377473456956785],[-111.92221436366293,40.377477078680712],[-111.9222268641453,40.377482727105182],[-111.92223832617641,40.377490262926386],[-111.92224846707485,40.377499500292743],[-111.92224850348067,40.377499483950082],[-111.92246073059158,40.377402007854393],[-111.92245649223688,40.377395954899164],[-111.92245329515079,40.377389293025686],[-111.92245122452869,40.377382199758337],[-111.92245033554811,40.377374864117179],[-111.92245065189844,40.377367481581025],[-111.92245216514965,40.377360248878318],[-111.9224548349769,40.377353358744791],[-111.92245859023514,40.37734699478743],[-111.92245945875902,40.377345758698645],[-111.92246131507862,40.377343340127567],[-111.92246230287428,40.377342157645273],[-111.92246549192342,40.377338729165949],[-111.92247173969662,40.377333283446113],[-111.92247858288773,40.377328607842415],[-111.9224859270934,40.377324766855864],[-111.9229750416675,40.377100159840978],[-111.9233048431106,40.376987094039457],[-111.92373553536802,40.376789269901046],[-111.92353294509603,40.376531294586812],[-111.92351884207855,40.376512675758384],[-111.92358641844361,40.376305572486203],[-111.92348606597663,40.376177784546528],[-111.92343312869097,40.376110800597097],[-111.92270428653184,40.375182677090997],[-111.92259415700194,40.375048598443492],[-111.9224793207226,40.374918528362301],[-111.92235992349008,40.374792631984533],[-111.92223611689118,40.374671069148334],[-111.92210805811092,40.374553994190009],[-111.92197590973282,40.374441555748021],[-111.92183983953258,40.374333896574328],[-111.92175141449728,40.374266952472794],[-111.92159336452389,40.37415495328294],[-111.92143182761949,40.374048044718577],[-111.92126696768673,40.373946335253962],[-111.92109895199998,40.373849928088134],[-111.92092795103555,40.373758921040157],[-111.92075413829875,40.373673406449903],[-111.92057769014787,40.373593471084348],[-111.92039878561516,40.373519196049529],[-111.92021760622528,40.373450656708258],[-111.92003433581104,40.373387922603655],[-111.91984916032688,40.373331057388583],[-111.91984904340208,40.373331384734541],[-111.91984886350477,40.373331044944827],[-111.91982630550577,40.373324420788414],[-111.91962338202761,40.373267415228447],[-111.91941891802853,40.373216209321249],[-111.91921307922949,40.37317084456992],[-111.91900603246576,40.37313135774324],[-111.91879794555167,40.373097780845846],[-111.91858898714463,40.373070141092285],[-111.91837932660837,40.373048460884959],[-111.91816913387575,40.373032757796004],[-111.91795857931093,40.373023044552973],[-111.9165925886748,40.373027107952765],[-111.91652443287313,40.373020147537012],[-111.91647467251366,40.374399184595589],[-111.91651924083443,40.376644054736651],[-111.91655363121224,40.378989286819127],[-111.91656104458018,40.37949478446324]]]},"properties":{"OBJECTID":55,"ID":1109,"NAME":"The Crossing","RECORDEDUNITS":null,"DENSITY":" ","ACRE":75.247983349999998,"TYPE":"Commercial","STATUS":"Approved","NOTE":" ","GlobalID":"{F294786F-D389-46DD-A7AE-EBA43A11E4E9}","PLANNEDUNITS":null,"EXISTINGUNITS":null,"PREVIOUSNAME":null,"ID_TEXT":"2136","ProjectLink":"https://www.saratogaspringscity.com/DocumentCenter/View/3779/The-Crossing-Community-Plan-Approved","PLANNER":"David Stroud","created_user":null,"created_date":null,"last_edited_user":"SQLSERVICE","last_edited_date":1741643814000,"REMAININGUNITS":null,"DA_Exceptions":null,"ParentID":999,"ACTIVEDATE":null,"Shape.STArea()":3277802.1545576649,"Shape.STLength()":7381.0585724665289}},{"type":"Feature","id":56,"geometry":{"type":"Polygon","coordinates":[[[-111.88028606902689,40.366805552669597],[-111.88024756563428,40.365134117888758],[-111.87891501748732,40.365133115429359],[-111.87892510699157,40.365977130068039],[-111.87891275676603,40.365977107044429],[-111.87890985793408,40.366390610661142],[-111.87687834562071,40.366401463654903],[-111.87687537129779,40.366823804280081],[-111.88028606902689,40.366805552669597]]]},"properties":{"OBJECTID":56,"ID":1082,"NAME":"North Lake Meadows","RECORDEDUNITS":22,"DENSITY":null,"ACRE":7.2778890599999997,"TYPE":"Subdivision","STATUS":"Pending","NOTE":null,"GlobalID":"{E3EC71CE-14D0-4018-AC4E-6703934C6581}","PLANNEDUNITS":22,"EXISTINGUNITS":13,"PREVIOUSNAME":null,"ID_TEXT":"2140","ProjectLink":"https://www.saratogaspringscity.com/DocumentCenter/View/7933/North-Lake-Meadows-RezoneConcept-Plan-Planner-Gina-Updated-April-2021","PLANNER":"Gina Grandpre","created_user":null,"created_date":null,"last_edited_user":"SQLSERVICE","last_edited_date":1781076648000,"REMAININGUNITS":null,"DA_Exceptions":null,"ParentID":null,"ACTIVEDATE":null,"Shape.STArea()":317024.84754668071,"Shape.STLength()":3112.1703501138718}},{"type":"Feature","id":57,"geometry":{"type":"Polygon","coordinates":[[[-111.8787115355177,40.299712871573178],[-111.88035065493322,40.298500884445744],[-111.88029380936374,40.298441457458345],[-111.8802400063494,40.298379262432427],[-111.87985336590442,40.297904197055573],[-111.87768373572467,40.29880382250532],[-111.87785970904613,40.299002255920904],[-111.87814147412973,40.299223335573856],[-111.87822523960368,40.29930615591423],[-111.87843058181295,40.299460725712613],[-111.8787115355177,40.299712871573178]]]},"properties":{"OBJECTID":57,"ID":1083,"NAME":"Water's Edge","RECORDEDUNITS":0,"DENSITY":null,"ACRE":5.2501942799999997,"TYPE":"Subdivision","STATUS":"Approved","NOTE":null,"GlobalID":"{5F454131-FDA8-4F5A-839D-CDD80431FB77}","PLANNEDUNITS":15,"EXISTINGUNITS":null,"PREVIOUSNAME":null,"ID_TEXT":"2141","ProjectLink":"https://www.saratogaspringscity.com/DocumentCenter/View/7914/Waters-Edge-RezoneConcept-Plan-Planner-Dave-Updated-March-2021","PLANNER":"Gina Grandpre","created_user":null,"created_date":null,"last_edited_user":"BRIANG","last_edited_date":1764857074000,"REMAININGUNITS":15,"DA_Exceptions":null,"ParentID":null,"ACTIVEDATE":null,"Shape.STArea()":228698.46293313144,"Shape.STLength()":2020.7833038574231}},{"type":"Feature","id":59,"geometry":{"type":"Polygon","coordinates":[[[-111.93997527626381,40.369445062193194],[-111.93997246829441,40.367802055364201],[-111.93851115138732,40.367809068229668],[-111.93851399121033,40.369452416175548],[-111.93997527626381,40.369445062193194]]]},"properties":{"OBJECTID":59,"ID":1085,"NAME":"West Ridge Estates","RECORDEDUNITS":15,"DENSITY":null,"ACRE":5.5952569499999996,"TYPE":"Subdivision","STATUS":"Approved","NOTE":null,"GlobalID":"{BE9E8ABA-B4A4-48A6-ABD2-D8F1EE66824E}","PLANNEDUNITS":15,"EXISTINGUNITS":9,"PREVIOUSNAME":null,"ID_TEXT":"2143","ProjectLink":"https://www.saratogaspringscity.com/DocumentCenter/View/9504/West-Ridge-Estates-Final-Plat-Planner-D-Stroud-Approved-March-2022","PLANNER":"T. Morlan","created_user":null,"created_date":null,"last_edited_user":"SQLSERVICE","last_edited_date":1781076648000,"REMAININGUNITS":null,"DA_Exceptions":null,"ParentID":null,"ACTIVEDATE":null,"Shape.STArea()":243729.39273125163,"Shape.STLength()":2011.5361603345868}},{"type":"Feature","id":60,"geometry":{"type":"MultiPolygon","coordinates":[[[[-111.94410417871512,40.378958195484373],[-111.94500136862798,40.378959232549107],[-111.94500467980524,40.37654870167011],[-111.94410893137389,40.376548792260472],[-111.94410417871512,40.378958195484373]]],[[[-111.94122719562802,40.383679362004585],[-111.94125339694959,40.383684854217698],[-111.94128007803016,40.383688767627604],[-111.9413070785421,40.383691078522162],[-111.94133423114349,40.383691771321345],[-111.94133426435776,40.383691808121526],[-111.94138486463173,40.383691589266164],[-111.94139420571877,40.383690923581248],[-111.94140325384247,40.383689026051073],[-111.94141173380089,40.38368595715523],[-111.94141938708391,40.383681808832158],[-111.94142598366747,40.383676707136487],[-111.94142832914518,40.383676799154209],[-111.94143783040646,40.383659528112197],[-111.94143838262325,40.38365019919717],[-111.94143833325829,40.383622477368696],[-111.9414382936973,40.383616712642997],[-111.94143817223997,40.383600265960666],[-111.94143605701744,40.383282197103561],[-111.94143656497742,40.383267106180504],[-111.94143756706403,40.383250657057097],[-111.94143901268589,40.383230302967654],[-111.94144291667561,40.383204177425917],[-111.94144595172972,40.383186482275264],[-111.9414497226702,40.383164742359348],[-111.94145788762856,40.383135140548085],[-111.94146734202909,40.383104417999512],[-111.94148053566309,40.383068760342134],[-111.94149236363897,40.383041394453038],[-111.94150552713549,40.383014390974722],[-111.94151975774683,40.382987403280133],[-111.94153379351411,40.382958147654236],[-111.94155369525762,40.382923193266187],[-111.94157389275219,40.38288498021069],[-111.94159027388142,40.382853985628934],[-111.94160441756961,40.382827226107672],[-111.94161744194271,40.382802583668088],[-111.94163305770765,40.382770342807412],[-111.94164312765028,40.382753986427971],[-111.94165279049645,40.382734773913441],[-111.94166381129374,40.38271009580339],[-111.94167437231737,40.382682429365502],[-111.94168125507686,40.382661111786696],[-111.94168713798923,40.382639618759377],[-111.94169200000221,40.382617972878684],[-111.94169737018287,40.382585290666164],[-111.94170002185167,40.382553652632495],[-111.94170100939698,40.382524567839965],[-111.94170109996386,40.382491175160112],[-111.94170144756242,40.382431930073388],[-111.94170159608156,40.382377602229418],[-111.94170177714163,40.38231098798429],[-111.94170190091259,40.382195015396007],[-111.94170545847341,40.382189494660885],[-111.94170191643438,40.382189394558942],[-111.9417025527179,40.38195436417201],[-111.94170267368976,40.381909448818945],[-111.9417026800229,40.381907146806341],[-111.9417026797321,40.38190710177637],[-111.94170667952777,40.380442153328495],[-111.9417084931019,40.379771200136339],[-111.94170872993112,40.379756081397787],[-111.94170867301443,40.379756021271028],[-111.94172620216183,40.379677671191786],[-111.94174974943513,40.379600914877095],[-111.94177917325156,40.379526213839945],[-111.94181429669442,40.379454017235545],[-111.94185490857684,40.3793847591607],[-111.94190076471162,40.379318856043717],[-111.94195158937939,40.379256704140509],[-111.94200707698646,40.379198677152075],[-111.94206689390228,40.379145123977509],[-111.94229819027812,40.379071493630647],[-111.94239817720268,40.379036371810031],[-111.94250015349944,40.37900753152114],[-111.94260372496002,40.378985084251482],[-111.94270849120967,40.378969116775174],[-111.94281404725491,40.37895969081746],[-111.94291998504917,40.378956842816145],[-111.94320706197695,40.378957171974406],[-111.9432118494518,40.376553354439373],[-111.94115019033234,40.376563755658772],[-111.94025085081246,40.376568523391768],[-111.94023470396337,40.383368776034885],[-111.94057774401564,40.383371089576663],[-111.94061002597489,40.383372035209916],[-111.94064217711735,40.38337442952573],[-111.94067409141066,40.383378266619403],[-111.94070565334283,40.383383531615699],[-111.94073675562818,40.383390206906768],[-111.94076729212389,40.383398269476828],[-111.94079715430831,40.383407692716673],[-111.94082624184556,40.383418440980151],[-111.94085444969441,40.383430479539463],[-111.94088168571035,40.383443764612146],[-111.94090785186569,40.383458253338588],[-111.94093285831258,40.383473892921522],[-111.94095661873045,40.383490629649906],[-111.94097905148581,40.38350840619254],[-111.94100007609376,40.383527160710649],[-111.94101962500632,40.383546828615046],[-111.94103762594136,40.383567341731769],[-111.94105297994972,40.383584481193687],[-111.94107003543958,40.383600651473429],[-111.94108868815131,40.383615756597081],[-111.94110882559846,40.383629703323521],[-111.94113032239144,40.383642406565912],[-111.94115304965389,40.383653788455547],[-111.941176869157,40.38366378196659],[-111.94120163562872,40.3836723237022],[-111.94122719562802,40.383679362004585]]]]},"properties":{"OBJECTID":60,"ID":1087,"NAME":"Hidden Landing","RECORDEDUNITS":0,"DENSITY":null,"ACRE":37.15256428,"TYPE":"Subdivision","STATUS":"Approved","NOTE":null,"GlobalID":"{6D64E73A-3712-41DD-84F1-4BA52352EAD0}","PLANNEDUNITS":100,"EXISTINGUNITS":null,"PREVIOUSNAME":null,"ID_TEXT":"2145","ProjectLink":"https://www.saratogaspringscity.com/DocumentCenter/View/9938/Hidden-Landing-Final-Plat-Planner-D-Stroud-Updated-April-2022","PLANNER":"D. Stroud","created_user":null,"created_date":null,"last_edited_user":"BRIANG","last_edited_date":1764892726000,"REMAININGUNITS":100,"DA_Exceptions":null,"ParentID":null,"ACTIVEDATE":null,"Shape.STArea()":1618365.6999840615,"Shape.STLength()":8827.1972328587053}},{"type":"Feature","id":61,"geometry":{"type":"Polygon","coordinates":[[[-111.91823974987923,40.394911082121503],[-111.91918712034337,40.394735747397988],[-111.91899452850994,40.39401899085631],[-111.91874790834993,40.394213963999711],[-111.91815029549876,40.39460116025176],[-111.91823974987923,40.394911082121503]]]},"properties":{"OBJECTID":61,"ID":1088,"NAME":"D2D","RECORDEDUNITS":null,"DENSITY":null,"ACRE":1.1710648299999999,"TYPE":"Commercial","STATUS":"Approved","NOTE":null,"GlobalID":"{23EC15E9-2003-4D45-942C-93F6AF6A1FEC}","PLANNEDUNITS":null,"EXISTINGUNITS":null,"PREVIOUSNAME":null,"ID_TEXT":"2146","ProjectLink":null,"PLANNER":null,"created_user":null,"created_date":null,"last_edited_user":"BRIANG","last_edited_date":1715889430000,"REMAININGUNITS":null,"DA_Exceptions":null,"ParentID":null,"ACTIVEDATE":null,"Shape.STArea()":51011.788054700723,"Shape.STLength()":970.65870983621892}},{"type":"Feature","id":62,"geometry":{"type":"Polygon","coordinates":[[[-111.91996414143865,40.392919886518321],[-111.91766981513753,40.392915536139959],[-111.91815201114579,40.394600677693205],[-111.91874790834993,40.394213963999711],[-111.91936588735571,40.393734514382871],[-111.91996414143865,40.392919886518321]]]},"properties":{"OBJECTID":62,"ID":1089,"NAME":"Redwood Square","RECORDEDUNITS":null,"DENSITY":null,"ACRE":5.10312331,"TYPE":"Commercial","STATUS":null,"NOTE":null,"GlobalID":"{2908FD27-2108-4B1F-B481-4C556AC0E0CC}","PLANNEDUNITS":null,"EXISTINGUNITS":null,"PREVIOUSNAME":"Stevenette Development (Redwood Square)","ID_TEXT":"2147","ProjectLink":null,"PLANNER":null,"created_user":null,"created_date":null,"last_edited_user":"KBLACK","last_edited_date":1727988024000,"REMAININGUNITS":null,"DA_Exceptions":"Yes","ParentID":null,"ACTIVEDATE":null,"Shape.STArea()":222292.05124711586,"Shape.STLength()":2070.7235989464361}},{"type":"Feature","id":64,"geometry":{"type":"Polygon","coordinates":[[[-111.92590307278758,40.362089370331773],[-111.92590242133281,40.362003630332126],[-111.92877813407338,40.362004588921806],[-111.92902304589313,40.362004661439485],[-111.92899118808221,40.358416115499885],[-111.92902860773324,40.358125483314495],[-111.92867626304866,40.358127420525356],[-111.9286727443972,40.358129723723309],[-111.92867346946713,40.358126881384557],[-111.92357760077991,40.358146644240783],[-111.9235820773067,40.358434260626346],[-111.92351849870845,40.358434744918291],[-111.92350693188435,40.36208967165016],[-111.92360391418075,40.362092722912053],[-111.92360434852624,40.362092515995649],[-111.92590307278758,40.362089370331773]]]},"properties":{"OBJECTID":64,"ID":1091,"NAME":"Viviano","RECORDEDUNITS":null,"DENSITY":null,"ACRE":49.966932659999998,"TYPE":"Subdivision","STATUS":"Pending","NOTE":null,"GlobalID":"{5D605D36-7D11-4BFC-A156-65FED9484D98}","PLANNEDUNITS":298,"EXISTINGUNITS":null,"PREVIOUSNAME":null,"ID_TEXT":"2149","ProjectLink":"https://www.saratogaspringscity.com/DocumentCenter/View/9371/Viviano-Community--Village-Plan-Planner-K-Page-Updated-December-2021","PLANNER":"Kent Page","created_user":null,"created_date":null,"last_edited_user":"BRIANG","last_edited_date":1744642335000,"REMAININGUNITS":null,"DA_Exceptions":null,"ParentID":999,"ACTIVEDATE":null,"Shape.STArea()":2176559.5868509677,"Shape.STLength()":5956.8743757756965}},{"type":"Feature","id":65,"geometry":{"type":"Polygon","coordinates":[[[-111.89224430564491,40.375421968314249],[-111.89698534267117,40.375447237657944],[-111.89698871213253,40.374987493184641],[-111.9017020283751,40.374970624299102],[-111.90168000454371,40.373138548332498],[-111.90148759190622,40.371679136031645],[-111.90108221436354,40.369416200338371],[-111.89694520078604,40.369459573900336],[-111.89694526051811,40.369503150351498],[-111.89221370440757,40.369536603766619],[-111.8922312553408,40.373145750580079],[-111.89222859115588,40.374572825172322],[-111.89224430564491,40.375421968314249]]]},"properties":{"OBJECTID":65,"ID":1092,"NAME":"Cliff Lake","RECORDEDUNITS":0,"DENSITY":null,"ACRE":123.87883144,"TYPE":"Subdivision","STATUS":"Approved","NOTE":null,"GlobalID":"{AAAC8B73-17A8-4FE1-8BBB-CF8553CEBD67}","PLANNEDUNITS":697,"EXISTINGUNITS":0,"PREVIOUSNAME":null,"ID_TEXT":"2150","ProjectLink":null,"PLANNER":null,"created_user":null,"created_date":null,"last_edited_user":"BRIANG","last_edited_date":1764857074000,"REMAININGUNITS":697,"DA_Exceptions":null,"ParentID":null,"ACTIVEDATE":null,"Shape.STArea()":5396161.8974675694,"Shape.STLength()":9466.5353424697878}},{"type":"Feature","id":67,"geometry":{"type":"Polygon","coordinates":[[[-111.8723943166238,40.366936545413708],[-111.8723843654677,40.365111764117117],[-111.87115220017152,40.36510921688815],[-111.8711620951113,40.366938809492417],[-111.8723943166238,40.366936545413708]]]},"properties":{"OBJECTID":67,"ID":1095,"NAME":"Freedom View Cove","RECORDEDUNITS":16,"DENSITY":null,"ACRE":5.2465036500000002,"TYPE":"Subdivision","STATUS":"Recorded","NOTE":null,"GlobalID":"{E923740D-C31C-4E85-B32C-3FB9E5CF3FC2}","PLANNEDUNITS":16,"EXISTINGUNITS":15,"PREVIOUSNAME":null,"ID_TEXT":"2153","ProjectLink":"https://www.saratogaspringscity.com/DocumentCenter/View/9537/Freedom-View-Cove-Prelim--Final-Plat-Planner-K-Black-Approved-May-2022","PLANNER":"G. Grandpre","created_user":null,"created_date":null,"last_edited_user":"SQLSERVICE","last_edited_date":1781076648000,"REMAININGUNITS":null,"DA_Exceptions":null,"ParentID":null,"ACTIVEDATE":null,"Shape.STArea()":228537.69894254548,"Shape.STLength()":2017.9474824456747}},{"type":"Feature","id":68,"geometry":{"type":"Polygon","coordinates":[[[-111.87250078724523,40.364957764047773],[-111.87247129920895,40.362299834910303],[-111.87172810099788,40.362302199979986],[-111.87149368680539,40.362294630409821],[-111.86990497496522,40.362292004608456],[-111.86962231547162,40.362291534919805],[-111.86962143004662,40.362291526911278],[-111.86949511798652,40.362290155499871],[-111.86949497793779,40.362307171435326],[-111.86823812559808,40.362296290457436],[-111.86823592378019,40.362296264969039],[-111.86823194524506,40.362296227063368],[-111.86823133063955,40.362296223595152],[-111.86822617002136,40.362296184908786],[-111.86822617024916,40.362296227237415],[-111.86822728845272,40.36236136405811],[-111.86773522304189,40.362362916220512],[-111.86710660781114,40.3625572134588],[-111.86710657724822,40.362557222561001],[-111.86701160243794,40.362557517100107],[-111.86701155770335,40.362557518141166],[-111.8670110584907,40.362557517006181],[-111.86701101524743,40.362679832687625],[-111.86701018347676,40.362854885071982],[-111.86701014932855,40.362854884278512],[-111.86700939812027,40.362854876729507],[-111.8670081574475,40.362992112289909],[-111.86700810753263,40.362994001054801],[-111.86699018471205,40.363888559512532],[-111.86699023571298,40.363897628632188],[-111.86698746601357,40.36405843916242],[-111.8669873936811,40.364062294958899],[-111.86698467037814,40.36418851508725],[-111.8669807555318,40.364370490244504],[-111.86698075452348,40.364370521769501],[-111.86698080044154,40.364370521625396],[-111.86697747546222,40.364524181121311],[-111.86697744645654,40.36452491972355],[-111.86697443851584,40.364665031039657],[-111.86697443435828,40.364665353475829],[-111.86697441725684,40.364666116357519],[-111.86697766902496,40.364762436826865],[-111.86697796780599,40.364771164730676],[-111.86697767698047,40.364771163842114],[-111.86697775968541,40.364853313939648],[-111.86697774410526,40.364853482405096],[-111.86696683724365,40.364957662911657],[-111.86827211348371,40.364967668490536],[-111.86827211625543,40.364967745935431],[-111.86881646701946,40.364970775660339],[-111.86950883378803,40.364972623721698],[-111.86950882533226,40.364972584120984],[-111.87107229114798,40.364964849285876],[-111.87250078724523,40.364957764047773]]]},"properties":{"OBJECTID":68,"ID":1097,"NAME":"North Cove","RECORDEDUNITS":0,"DENSITY":null,"ACRE":33.778844069999998,"TYPE":"Subdivision","STATUS":"Approved","NOTE":null,"GlobalID":"{430CE923-052A-465E-B6B4-A5DFB9BF61FB}","PLANNEDUNITS":192,"EXISTINGUNITS":null,"PREVIOUSNAME":null,"ID_TEXT":"2155","ProjectLink":null,"PLANNER":null,"created_user":null,"created_date":null,"last_edited_user":"BRIANG","last_edited_date":1776170809000,"REMAININGUNITS":192,"DA_Exceptions":null,"ParentID":null,"ACTIVEDATE":1772668800000,"Shape.STArea()":1471406.4475469408,"Shape.STLength()":4950.8904787305019}},{"type":"Feature","id":69,"geometry":{"type":"Polygon","coordinates":[[[-111.909514517007,40.37433776684999],[-111.90951534131312,40.373844029265847],[-111.90944069230821,40.373829590678994],[-111.90944047661255,40.37382955721052],[-111.90927693982191,40.373805835750836],[-111.90911298573366,40.373785194857334],[-111.9090263095981,40.373775551564719],[-111.90887384784615,40.373760661540615],[-111.90888754485876,40.373671731221378],[-111.90888735868313,40.373671711157975],[-111.90889842919589,40.373599837901089],[-111.90889491064422,40.373011184365694],[-111.90888783128715,40.373011202813522],[-111.90770062873086,40.373014374995279],[-111.90741253590133,40.373461987801832],[-111.90683213818623,40.373690076235512],[-111.90643133575522,40.373893297498839],[-111.90610149889166,40.37411262446021],[-111.90589968669711,40.374268515784507],[-111.90576146743201,40.374372955139464],[-111.90603250195855,40.374371452469418],[-111.90604025699993,40.37436502032002],[-111.90927023822499,40.374349079097485],[-111.909514517007,40.37433776684999]]]},"properties":{"OBJECTID":69,"ID":1098,"NAME":"Towns @ Riverside Crossing","RECORDEDUNITS":0,"DENSITY":null,"ACRE":7.2459273,"TYPE":"Subdivision","STATUS":"Approved","NOTE":null,"GlobalID":"{63A8CF4F-58DD-499E-8867-77DB8FA1BE6E}","PLANNEDUNITS":99,"EXISTINGUNITS":null,"PREVIOUSNAME":null,"ID_TEXT":"2156","ProjectLink":"https://www.saratogaspringscity.com/DocumentCenter/View/9669/The-Towns-at-Riverside-Crossing-Concept-Plan-Planner-K-Page-Updated-February-2022","PLANNER":"Kent Page","created_user":null,"created_date":null,"last_edited_user":"BRIANG","last_edited_date":1764857074000,"REMAININGUNITS":99,"DA_Exceptions":null,"ParentID":null,"ACTIVEDATE":null,"Shape.STArea()":315632.59323982685,"Shape.STLength()":2767.6690883917558}},{"type":"Feature","id":70,"geometry":{"type":"Polygon","coordinates":[[[-111.92230842384194,40.409547444499275],[-111.92380451129171,40.409542035344323],[-111.92392483556763,40.409541599476697],[-111.92392451276955,40.409489538061443],[-111.92395240537277,40.409489387470764],[-111.92390433535236,40.409377070669485],[-111.92386990758044,40.409231484445165],[-111.92391117791811,40.408948130211954],[-111.92401877442877,40.408382120656213],[-111.92397466475134,40.408379980329229],[-111.92397032839567,40.408382526762708],[-111.92393891716937,40.408384404874006],[-111.92394721234606,40.406532142207077],[-111.92394432784957,40.40652770363004],[-111.92394927057032,40.405848683745518],[-111.92402123318506,40.405848199624486],[-111.92404631152324,40.405636710481282],[-111.92137958517527,40.405649299766679],[-111.92142037680945,40.405792351247939],[-111.92142094733755,40.405860451757889],[-111.9214207812259,40.405860452356166],[-111.92142094819789,40.4058605913498],[-111.92142225902036,40.406073270014765],[-111.92175749161591,40.407258450287223],[-111.92222417507593,40.40777120162133],[-111.92233640128691,40.408167519112993],[-111.92215136916717,40.408549450278102],[-111.9222087189291,40.408750550016549],[-111.92223974754647,40.409026267656252],[-111.92237497998285,40.409497541820578],[-111.92229430170659,40.4094979753148],[-111.92230842384194,40.409547444499275]]]},"properties":{"OBJECTID":70,"ID":1101,"NAME":"Spring Heights","RECORDEDUNITS":null,"DENSITY":null,"ACRE":18.329682909999999,"TYPE":"Commercial","STATUS":"Approved","NOTE":null,"GlobalID":"{F5C2F377-72F5-4EC5-A6B2-780AEE718C25}","PLANNEDUNITS":null,"EXISTINGUNITS":null,"PREVIOUSNAME":null,"ID_TEXT":"2159","ProjectLink":null,"PLANNER":null,"created_user":null,"created_date":null,"last_edited_user":"BRIANG","last_edited_date":1724880090000,"REMAININGUNITS":null,"DA_Exceptions":null,"ParentID":null,"ACTIVEDATE":null,"Shape.STArea()":798440.98758721782,"Shape.STLength()":4186.206418364909}},{"type":"Feature","id":71,"geometry":{"type":"Polygon","coordinates":[[[-111.94995092094705,40.369279933399632],[-111.94995528983056,40.366875268159845],[-111.94503333923177,40.366865569995056],[-111.94502721933732,40.369258986843569],[-111.94667316442658,40.369270622195693],[-111.94995092094705,40.369279933399632]]]},"properties":{"OBJECTID":71,"ID":1102,"NAME":"Lakeview Heights","RECORDEDUNITS":null,"DENSITY":null,"ACRE":27.546597670000001,"TYPE":"Subdivision","STATUS":"Pending","NOTE":null,"GlobalID":"{ACE416EF-F67B-418B-9D74-96F612933E16}","PLANNEDUNITS":74,"EXISTINGUNITS":null,"PREVIOUSNAME":null,"ID_TEXT":"2160","ProjectLink":null,"PLANNER":null,"created_user":null,"created_date":null,"last_edited_user":"ALEFORS","last_edited_date":1746035335000,"REMAININGUNITS":null,"DA_Exceptions":null,"ParentID":null,"ACTIVEDATE":null,"Shape.STArea()":1199929.7947170443,"Shape.STLength()":4491.2785422190018}},{"type":"Feature","id":72,"geometry":{"type":"MultiPolygon","coordinates":[[[[-111.88649407327185,40.36229648863462],[-111.88568885068666,40.362300221884801],[-111.88279625261472,40.362336119265919],[-111.88280357354017,40.362723326087398],[-111.88278220200574,40.365037229512545],[-111.88386123506736,40.365034411902784],[-111.88648154657476,40.365008288815424],[-111.88649407327185,40.36229648863462]]],[[[-111.88649413684871,40.362296488424462],[-111.88649407274785,40.362296395871965],[-111.88649407327185,40.36229648863462],[-111.88649413684871,40.362296488424462]]]]},"properties":{"OBJECTID":72,"ID":1107,"NAME":"Harbor Springs","RECORDEDUNITS":0,"DENSITY":null,"ACRE":23.341901700000001,"TYPE":"Subdivision","STATUS":"Pending","NOTE":null,"GlobalID":"{F1C0AE93-6D5E-4EC8-AA65-97EE33B1AE86}","PLANNEDUNITS":206,"EXISTINGUNITS":0,"PREVIOUSNAME":null,"ID_TEXT":"2165","ProjectLink":null,"PLANNER":null,"created_user":null,"created_date":null,"last_edited_user":"BRIANG","last_edited_date":1764871484000,"REMAININGUNITS":206,"DA_Exceptions":null,"ParentID":null,"ACTIVEDATE":null,"Shape.STArea()":1016773.2381521332,"Shape.STLength()":4033.4170224560048}},{"type":"Feature","id":74,"geometry":{"type":"Polygon","coordinates":[[[-111.88405808414002,40.366034523426883],[-111.88405350333363,40.365251421759538],[-111.88154363608544,40.365246771857237],[-111.8814687713559,40.365246632444546],[-111.88148741022415,40.365734889828204],[-111.88155296734259,40.365734716463919],[-111.8815734372173,40.366805109153248],[-111.88162833383683,40.368730692659234],[-111.88163434221778,40.368762933358134],[-111.88386556833214,40.368746353114453],[-111.88386821926052,40.368390310163868],[-111.88417913172232,40.368389289137816],[-111.8841807374521,40.368675231644083],[-111.88425559770279,40.368829874803332],[-111.88465670213188,40.368828556115147],[-111.88465183539283,40.370040873295892],[-111.88554467103474,40.370051218204623],[-111.88554454916344,40.370201758559681],[-111.88554323290948,40.370470698668626],[-111.88554275378056,40.37056871228117],[-111.88597503022244,40.370570545684288],[-111.88639282427482,40.370572345186595],[-111.88641431011723,40.366937656217921],[-111.88409343582835,40.366941038921297],[-111.88405808414002,40.366034523426883]]]},"properties":{"OBJECTID":74,"ID":1011,"NAME":"Perelle Meadows","RECORDEDUNITS":112,"DENSITY":null,"ACRE":36.375670599999999,"TYPE":"Subdivision","STATUS":"Recorded","NOTE":null,"GlobalID":"{634A297F-41ED-4820-8B9A-3786DB00671D}","PLANNEDUNITS":152,"EXISTINGUNITS":112,"PREVIOUSNAME":null,"ID_TEXT":"2005","ProjectLink":null,"PLANNER":null,"created_user":null,"created_date":null,"last_edited_user":"SQLSERVICE","last_edited_date":1781076648000,"REMAININGUNITS":null,"DA_Exceptions":null,"ParentID":null,"ACTIVEDATE":null,"Shape.STArea()":1584524.2114520541,"Shape.STLength()":6836.220712201919}},{"type":"Feature","id":75,"geometry":{"type":"Polygon","coordinates":[[[-111.94145456993665,40.383847340770579],[-111.9442004655929,40.383833035319057],[-111.94471552821173,40.383830791733914],[-111.94473336201727,40.383832482839587],[-111.94473672937046,40.383830699414901],[-111.94499170856291,40.3838295873352],[-111.94499237316737,40.383428852515593],[-111.94498423560668,40.383281226619722],[-111.94499480932673,40.382375564724335],[-111.94499481145942,40.382375530492638],[-111.94499544077979,40.382046674224142],[-111.94499897171654,40.38019972385559],[-111.94500468695777,40.376543827469376],[-111.94410893858556,40.376548814748645],[-111.9432118494518,40.376553354439373],[-111.94228603191152,40.376558028317966],[-111.94115019033234,40.376563755658772],[-111.94025087671947,40.376568523294253],[-111.94024865903333,40.378196059797354],[-111.94024888552353,40.378196302112919],[-111.94170867301443,40.379756021271028],[-111.94170872993112,40.379756081397787],[-111.9417084931019,40.379771200136339],[-111.94170667952777,40.380442153328495],[-111.9417026797321,40.38190710177637],[-111.9417026800229,40.381907146806341],[-111.94170267368976,40.381909448818945],[-111.9417025527179,40.38195436417201],[-111.94170191643438,40.382189394558942],[-111.94170545847341,40.382189494660885],[-111.94170190091259,40.382195015396007],[-111.94170177714163,40.38231098798429],[-111.94170159608156,40.382377602229418],[-111.94170144756242,40.382431930073388],[-111.94170109996386,40.382491175160112],[-111.94170100939698,40.382524567839965],[-111.94170002185167,40.382553652632495],[-111.94169737018287,40.382585290666164],[-111.94169200000221,40.382617972878684],[-111.94168713798923,40.382639618759377],[-111.94168125507686,40.382661111786696],[-111.94167437231737,40.382682429365502],[-111.94166381129374,40.38271009580339],[-111.94165279049645,40.382734773913441],[-111.94164312765028,40.382753986427971],[-111.94163305770765,40.382770342807412],[-111.94161744194271,40.382802583668088],[-111.94160441756961,40.382827226107672],[-111.94159027388142,40.382853985628934],[-111.94157389275219,40.38288498021069],[-111.94155369525762,40.382923193266187],[-111.94153379351411,40.382958147654236],[-111.94151975774683,40.382987403280133],[-111.94150552713549,40.383014390974722],[-111.94149236363897,40.383041394453038],[-111.94148053566309,40.383068760342134],[-111.94146734202909,40.383104417999512],[-111.94145788762856,40.383135140548085],[-111.9414497226702,40.383164742359348],[-111.94144595172972,40.383186482275264],[-111.94144291667561,40.383204177425917],[-111.94143901268589,40.383230302967654],[-111.94143756706403,40.383250657057097],[-111.94143656497742,40.383267106180504],[-111.94143605701744,40.383282197103561],[-111.94143817223997,40.383600265960666],[-111.9414382936973,40.383616712642997],[-111.94143853009896,40.383654071310843],[-111.94145456993665,40.383847340770579]]]},"properties":{"OBJECTID":75,"ID":124,"NAME":"Sage Hill","RECORDEDUNITS":15,"DENSITY":null,"ACRE":64.656017399999996,"TYPE":"Subdivision","STATUS":"Recorded","NOTE":null,"GlobalID":"{0E1F29C4-21FF-425C-B3CA-2DEE1BDEFCA2}","PLANNEDUNITS":15,"EXISTINGUNITS":15,"PREVIOUSNAME":null,"ID_TEXT":"2007","ProjectLink":null,"PLANNER":null,"created_user":null,"created_date":null,"last_edited_user":"SQLSERVICE","last_edited_date":1781076648000,"REMAININGUNITS":null,"DA_Exceptions":null,"ParentID":null,"ACTIVEDATE":null,"Shape.STArea()":2816416.1181237763,"Shape.STLength()":7759.7520015227474}},{"type":"Feature","id":76,"geometry":{"type":"Polygon","coordinates":[[[-111.89507538327908,40.316098685235488],[-111.8951276977307,40.316155216169797],[-111.89513173148096,40.316159574230475],[-111.89514277006093,40.316170978618317],[-111.89518152584057,40.31621101694644],[-111.89518976395217,40.316219528041792],[-111.89519982816196,40.316229473982581],[-111.89523815738781,40.316267353101459],[-111.89524945818417,40.31627851972398],[-111.89525600394141,40.316284711089629],[-111.89530175209951,40.3163279806326],[-111.8953107822506,40.316336521462731],[-111.89531278585349,40.316338335776031],[-111.89537143329628,40.316391446161703],[-111.89537371129943,40.316393508121777],[-111.89538383471884,40.316402288419368],[-111.89543105214358,40.316443240098515],[-111.89543821694369,40.316449453676057],[-111.89545064008847,40.316459775283782],[-111.89549295660706,40.316494934403259],[-111.89550426726107,40.316504331211945],[-111.89551361939462,40.316511775759508],[-111.89555895930498,40.31654786758979],[-111.89557183387946,40.316558117406387],[-111.89557655986641,40.316561721975141],[-111.89564088488625,40.316610787146878],[-111.89570595191122,40.316658338498065],[-111.89571139189309,40.316662314408461],[-111.89572536628656,40.31667209935631],[-111.8957727970281,40.316705310083293],[-111.89578331830121,40.316712677697282],[-111.89579557172402,40.316720895950517],[-111.89584251487673,40.316752383577324],[-111.8958566357424,40.316761854590823],[-111.89586439356509,40.316766838562188],[-111.89592078040059,40.316803061244116],[-111.89593130525374,40.316809821801975],[-111.89593346255778,40.316811149238717],[-111.89600417763793,40.316854637416178],[-111.89600729728973,40.316856556912363],[-111.89602019898341,40.31686415060345],[-111.89607191675402,40.316894588922672],[-111.89608457761392,40.3169020402214],[-111.89616060474619,40.316944841122606],[-111.89616310134308,40.316946242157776],[-111.89616186199696,40.316880290785413],[-111.89616096650809,40.316832690561448],[-111.89616125500937,40.316832324824652],[-111.8961611204379,40.316832248726605],[-111.89612286811696,40.314813427616023],[-111.90576997903,40.314786018979923],[-111.90577187438761,40.311179764067418],[-111.89175519054216,40.311259774699423],[-111.89175386632563,40.311259247761726],[-111.89175432254233,40.311260024385142],[-111.89162533364156,40.311260751314798],[-111.89162621284241,40.311262254238201],[-111.89168576460938,40.311364065618719],[-111.89168650236505,40.311365315935923],[-111.89172364869222,40.311427775982601],[-111.89172439584047,40.31142902266545],[-111.89172461201959,40.311429382196721],[-111.89172514886593,40.311430268427969],[-111.89172590776344,40.311431512369516],[-111.89176452086754,40.311494316032203],[-111.89240520169523,40.312520025019289],[-111.89248132732399,40.31264345239267],[-111.89252737196094,40.312720083560357],[-111.89253768448405,40.312736971035569],[-111.89254313832431,40.312746323869504],[-111.89255583409167,40.312767452554532],[-111.89262872545366,40.312892013787895],[-111.89265543310366,40.31293889780266],[-111.89266520610042,40.312955655585384],[-111.89267438828095,40.312972172180082],[-111.89269999662984,40.313017124403473],[-111.89276963695218,40.313142771830982],[-111.89278213882163,40.313165966307714],[-111.89278772139639,40.313176008586431],[-111.89279292234124,40.313185974692729],[-111.89283764162977,40.31326894257986],[-111.89290400470541,40.313395624964514],[-111.89296870727506,40.313522806442279],[-111.89299604073642,40.313575943208249],[-111.89300910005309,40.313601325237741],[-111.89300924282141,40.313601601253851],[-111.89303344363904,40.313646405022247],[-111.89305183269258,40.313680396344253],[-111.89307600365915,40.313723064787062],[-111.89309620902584,40.313758643222329],[-111.89312069917607,40.313799927198936],[-111.89314235754279,40.313836313113633],[-111.89316732656182,40.3138765660375],[-111.89319024975313,40.313913361080132],[-111.89321595911818,40.313953042297385],[-111.8932398369692,40.313989708027258],[-111.89326656208593,40.314029243513055],[-111.893291120413,40.314065361154],[-111.89331859432197,40.314104360928155],[-111.89334419262291,40.314140453441176],[-111.89337232170271,40.314178799834146],[-111.89339888989289,40.31421475037078],[-111.89342774539831,40.314252558423512],[-111.89345530471461,40.314288376818013],[-111.89348489857778,40.314325675309732],[-111.89351330789833,40.314361167497893],[-111.89354376930899,40.314398120809329],[-111.89357296936423,40.314433209534613],[-111.89359109937035,40.314454391844528],[-111.89368684932596,40.314563679776029],[-111.89368792585263,40.314564904620859],[-111.89380388151788,40.314693094537041],[-111.89507538327908,40.316098685235488]]]},"properties":{"OBJECTID":76,"ID":100,"NAME":"Stillwater at Saratoga","RECORDEDUNITS":275,"DENSITY":"2.6","ACRE":115.36627995000001,"TYPE":"Subdivision","STATUS":"Recorded","NOTE":"1 ERU added for clubhouse","GlobalID":"{7BEBC5DD-43B3-400E-ABC8-91227DE08F5E}","PLANNEDUNITS":275,"EXISTINGUNITS":274,"PREVIOUSNAME":null,"ID_TEXT":"2008","ProjectLink":null,"PLANNER":null,"created_user":null,"created_date":null,"last_edited_user":"SQLSERVICE","last_edited_date":1781076648000,"REMAININGUNITS":null,"DA_Exceptions":null,"ParentID":null,"ACTIVEDATE":null,"Shape.STArea()":5025355.1545573054,"Shape.STLength()":11176.852854545323}},{"type":"Feature","id":77,"geometry":{"type":"Polygon","coordinates":[[[-111.95455350183629,40.394779119264612],[-111.95135777920912,40.394781412229364],[-111.95114074513924,40.394730554826651],[-111.9510118925301,40.39470059096007],[-111.95080768058709,40.394653102252192],[-111.95068374069999,40.394624279989557],[-111.95058443856601,40.394601186999189],[-111.95049807468432,40.394581103500663],[-111.9504486801995,40.394564420625038],[-111.95035644964088,40.394525274613819],[-111.95025514212833,40.394485063811274],[-111.95019519308138,40.39446294389181],[-111.95013728137583,40.394442714605184],[-111.95005589425983,40.394416498234797],[-111.94976152875157,40.394340153761107],[-111.9497310475726,40.391105657782283],[-111.94498171750979,40.391138242093191],[-111.94498167864101,40.39113824224107],[-111.94377634793349,40.391140698306771],[-111.94377640151814,40.391140606240398],[-111.94410023383774,40.388192197986925],[-111.9449856924663,40.388404129657495],[-111.94974868598389,40.388371509006909],[-111.95220830264566,40.385524383521343],[-111.95137340686651,40.385108221538857],[-111.95127611224672,40.384754713207307],[-111.95125924715036,40.384650529573676],[-111.95154332786207,40.384579778299994],[-111.95207951189929,40.384493756657101],[-111.95241469314779,40.384439980589491],[-111.95265861116849,40.384400846939592],[-111.9528118051,40.384376267733501],[-111.95325851689947,40.384304835738149],[-111.95365389547213,40.384241397818286],[-111.95410369928129,40.384169225592231],[-111.95447658791551,40.38411228101684],[-111.95449617457786,40.383683994477742],[-111.95449949297931,40.381933514836362],[-111.9535753836535,40.382257357955645],[-111.95230264872464,40.382290170782703],[-111.95052920144448,40.381578573009591],[-111.95040269843724,40.381647298555471],[-111.95014876573056,40.381785248137724],[-111.94966884236797,40.382045966288352],[-111.94963112764511,40.382063584243873],[-111.94966531840447,40.382122782168508],[-111.94966827395535,40.382127898946727],[-111.94970859579247,40.382200877813112],[-111.94974651669752,40.382275132580283],[-111.94974651567009,40.382275692770982],[-111.94979044328072,40.38237051714281],[-111.94983024237213,40.382467146997364],[-111.94986583895144,40.382565402684264],[-111.94989716683891,40.382665101530471],[-111.95024345944984,40.383869232041469],[-111.95024401655094,40.383869236201335],[-111.95024430944093,40.383870253676655],[-111.95026374436715,40.383938023569947],[-111.95031776767868,40.384125861721422],[-111.9506721319361,40.384299132757469],[-111.94976147982854,40.384445209894764],[-111.94998116571458,40.384182459798097],[-111.94989055996106,40.383867653922167],[-111.94986172536272,40.383767399582155],[-111.94974506353307,40.383362006586026],[-111.94974486710768,40.383361329173312],[-111.94956112167731,40.382722768050868],[-111.94955836837657,40.382713304993906],[-111.94952034732272,40.382596334311437],[-111.94947580070472,40.382481689905042],[-111.94942486985198,40.382369735497655],[-111.94940218049928,40.382324476371267],[-111.94939689857308,40.38231428091261],[-111.94895926649072,40.382881623139632],[-111.94858883505667,40.383213404118095],[-111.94674650326803,40.383739950000958],[-111.94674649699127,40.383739890583954],[-111.94646514842991,40.383425969861399],[-111.94499481378553,40.382375525980692],[-111.94499475251632,40.382375521710664],[-111.94499198789244,40.383829437670009],[-111.94090948961664,40.383847332531992],[-111.94058766937484,40.383549077043142],[-111.93800237971139,40.383535702998998],[-111.93695227277767,40.383574507187113],[-111.93608761415776,40.383627550169983],[-111.93557886643734,40.383658756553487],[-111.93546971290742,40.383654055570084],[-111.93547349691339,40.383870287707239],[-111.93546290104572,40.386906333024747],[-111.93535427184939,40.391116406391333],[-111.93544897973912,40.391157307608083],[-111.93548142634862,40.405754799776695],[-111.93553004584972,40.406345488076973],[-111.93439755450535,40.406349698087261],[-111.93452324335269,40.405763301112891],[-111.93345568039304,40.405776541722453],[-111.93345570486214,40.405781516622092],[-111.93160594518721,40.405799461021523],[-111.92970321737991,40.405823006816981],[-111.92803471577051,40.408367431136455],[-111.9240187942784,40.408382091764686],[-111.92401877442877,40.408382120656213],[-111.92392282487488,40.408886864392123],[-111.92386990758044,40.409231484445165],[-111.92390433535236,40.409377070669485],[-111.92394374154938,40.409469145181767],[-111.92395240537277,40.409489387470764],[-111.92588640430665,40.409479647987354],[-111.92590880888436,40.409495568516547],[-111.92591649404189,40.409501029774383],[-111.92591989387422,40.409915157588578],[-111.92593978467923,40.412289089535264],[-111.92594586193725,40.413084129689587],[-111.93552812880812,40.413048857550066],[-111.93555120611478,40.416671255103942],[-111.94146460615559,40.416649096476803],[-111.94385636933356,40.394957814503805],[-111.944978555452,40.393655909640792],[-111.94497269539188,40.398434449031392],[-111.95451105785291,40.398486204772922],[-111.95462525114561,40.398486819301176],[-111.95469386199343,40.402033351645613],[-111.95581297085971,40.402050505548083],[-111.96397757307561,40.402179826782117],[-111.96442415295654,40.402178113467905],[-111.96659597495746,40.402193798777418],[-111.96666677719473,40.40219925061654],[-111.96743316233353,40.40201435224121],[-111.96800364744809,40.401912519254708],[-111.96877777389177,40.401791374448315],[-111.97834121058067,40.400099225069049],[-111.97835948333383,40.398644495511668],[-111.9784008741086,40.394967929002682],[-111.96400836620988,40.394791491241179],[-111.96400836968284,40.394790787844208],[-111.95455350183629,40.394779119264612]]]},"properties":{"OBJECTID":77,"ID":993,"NAME":"Wildflower","RECORDEDUNITS":2441,"DENSITY":"2.46","ACRE":1347.24212427,"TYPE":"MDA","STATUS":"Approved","NOTE":null,"GlobalID":"{B24BAC90-3A27-419C-9C8C-E74F4D946615}","PLANNEDUNITS":3252,"EXISTINGUNITS":1839,"PREVIOUSNAME":null,"ID_TEXT":"2009","ProjectLink":null,"PLANNER":null,"created_user":null,"created_date":null,"last_edited_user":"SQLSERVICE","last_edited_date":1781076648000,"REMAININGUNITS":1193,"DA_Exceptions":null,"ParentID":null,"ACTIVEDATE":null,"Shape.STArea()":58685866.932990886,"Shape.STLength()":68237.18306294491}},{"type":"Feature","id":78,"geometry":{"type":"MultiPolygon","coordinates":[[[[-111.92151588999869,40.399961025522309],[-111.92152273980713,40.401074139129769],[-111.92152537638566,40.401074159350763],[-111.92273630039364,40.40108597428506],[-111.92319877745062,40.401090475136535],[-111.92376943573623,40.401096008041577],[-111.92434728589497,40.401103790633968],[-111.92435146348028,40.401103831319809],[-111.92434597249944,40.401097925190641],[-111.92433504960194,40.401030136807428],[-111.92432625792158,40.400962178581409],[-111.92432474154145,40.400903288375481],[-111.92432010604276,40.400837615242501],[-111.92431744807732,40.400771878197112],[-111.92431676667383,40.400706111466214],[-111.924318065573,40.400640349259668],[-111.92432134146416,40.40057462851464],[-111.92432441798145,40.400484373038068],[-111.92434032740391,40.40036498745463],[-111.92436279160007,40.400246218425849],[-111.92444563713769,40.399864883865412],[-111.92380674877499,40.399783706637443],[-111.92380624829629,40.399783545439064],[-111.92380541332361,40.399787385984872],[-111.92380540184509,40.399787434659679],[-111.92378657233157,40.399874100614454],[-111.92378653695826,40.399874095338951],[-111.92163022595724,40.399600249529961],[-111.92156346208932,40.399798423696168],[-111.92151588999869,40.399961025522309]]],[[[-111.92447838940529,40.399727075387766],[-111.92447998827164,40.399728831190068],[-111.92447852338954,40.399726456178996],[-111.92447838940529,40.399727075387766]]]]},"properties":{"OBJECTID":78,"ID":108,"NAME":"Daybreak at Harvest Hills","RECORDEDUNITS":108,"DENSITY":"12","ACRE":8.7996100800000008,"TYPE":"Subdivision","STATUS":"Recorded","NOTE":null,"GlobalID":"{65B02343-AE39-4DDD-9E67-5FC4F3E4B15B}","PLANNEDUNITS":108,"EXISTINGUNITS":108,"PREVIOUSNAME":null,"ID_TEXT":"2012","ProjectLink":null,"PLANNER":null,"created_user":null,"created_date":null,"last_edited_user":"SQLSERVICE","last_edited_date":1781076648000,"REMAININGUNITS":null,"DA_Exceptions":null,"ParentID":null,"ACTIVEDATE":null,"Shape.STArea()":383311.01527127979,"Shape.STLength()":2608.1489204025315}},{"type":"Feature","id":79,"geometry":{"type":"Polygon","coordinates":[[[-111.91814427714996,40.33814634949416],[-111.91837008893076,40.338297251379529],[-111.9186694078392,40.338710430506637],[-111.91878211512022,40.338649033157367],[-111.91878222013781,40.338649076912127],[-111.91878211573739,40.338649134026092],[-111.91878592633597,40.339272491928504],[-111.91886722774603,40.339272205116757],[-111.91887307976272,40.340227453249533],[-111.92074541654647,40.340234392249613],[-111.92129321005721,40.340227670138489],[-111.92180798492083,40.340140103102939],[-111.92244384388242,40.340033310844618],[-111.92261250680616,40.340146778065879],[-111.92571650976382,40.340143287724523],[-111.92545776795171,40.332838148696055],[-111.92300608227548,40.332840101979642],[-111.92158333912896,40.332836949536627],[-111.92167750516887,40.333946734457349],[-111.92188929164153,40.336353575390049],[-111.92192342604771,40.33649982685256],[-111.92191926493108,40.336500290389075],[-111.92181886231948,40.336511558554278],[-111.92171817924314,40.336521246131412],[-111.92135369414652,40.336553435277416],[-111.92070815472105,40.336610400279483],[-111.92036217375558,40.336620004772705],[-111.91963807480465,40.33664006819199],[-111.91856013799568,40.33666992736174],[-111.91828414730445,40.336686832264725],[-111.9170997474742,40.336759371587029],[-111.91598856051685,40.337117835453199],[-111.91604335766111,40.338153537461579],[-111.91614057518139,40.338153489495255],[-111.91640786388719,40.338152238570856],[-111.91698486739963,40.338150181563599],[-111.91723052237315,40.338149304943485],[-111.91788475252747,40.338146967803738],[-111.91814427714996,40.33814634949416]]]},"properties":{"OBJECTID":79,"ID":105,"NAME":"Saratoga Hills","RECORDEDUNITS":242,"DENSITY":"1.9","ACRE":99.25938859,"TYPE":"Subdivision","STATUS":"Recorded","NOTE":null,"GlobalID":"{FAF59B66-17B8-4EEE-81FC-FDC8FDA2415E}","PLANNEDUNITS":242,"EXISTINGUNITS":242,"PREVIOUSNAME":null,"ID_TEXT":"2014","ProjectLink":null,"PLANNER":null,"created_user":null,"created_date":null,"last_edited_user":"SQLSERVICE","last_edited_date":1781076648000,"REMAININGUNITS":null,"DA_Exceptions":null,"ParentID":null,"ACTIVEDATE":null,"Shape.STArea()":4323738.9669576772,"Shape.STLength()":10551.405302911095}},{"type":"Feature","id":80,"geometry":{"type":"Polygon","coordinates":[[[-111.88440315835231,40.300349731627321],[-111.88440241608117,40.300347631969238],[-111.88432358217909,40.30034758242877],[-111.88226636267562,40.300353171374951],[-111.88056950303684,40.300347767008319],[-111.87991919834529,40.300345689426074],[-111.87916120270349,40.300345682534775],[-111.87916150111353,40.30039958052874],[-111.87916350872085,40.300398880517818],[-111.87942410964945,40.301005846577027],[-111.87938765515355,40.301516215851706],[-111.87938291737285,40.301582547337411],[-111.87933861379979,40.302202078211359],[-111.87933865026555,40.302202078092968],[-111.87925808259722,40.303328617749486],[-111.87966526626479,40.303327298775393],[-111.88357952832115,40.303314509727869],[-111.88358038609009,40.30346743592893],[-111.88358313472494,40.303956670918467],[-111.88358568065019,40.304412230602686],[-111.88581684279288,40.30440488269516],[-111.88608136106097,40.30440400523338],[-111.88608133312506,40.304337706376188],[-111.88608122402695,40.304074857997719],[-111.88608120783218,40.304029211715736],[-111.88608118182422,40.3039484404283],[-111.88608183746777,40.303204249411117],[-111.88608269679463,40.302229948806108],[-111.88608295229355,40.301906788419522],[-111.88608295654213,40.301902325721599],[-111.88608318839667,40.301610233948729],[-111.8860832436324,40.301543873514426],[-111.88608283628022,40.301331822140028],[-111.88608316673835,40.300348638764554],[-111.8847504723073,40.300350851571658],[-111.88474882572901,40.300348592778306],[-111.88456771923749,40.300349189114399],[-111.88440315835231,40.300349731627321]]]},"properties":{"OBJECTID":80,"ID":143,"NAME":"Heron Hills","RECORDEDUNITS":129,"DENSITY":" ","ACRE":53.155037810000003,"TYPE":"Subdivision","STATUS":"Approved","NOTE":null,"GlobalID":"{0C9AD368-53D8-43AF-9666-0E50D805F2B1}","PLANNEDUNITS":128,"EXISTINGUNITS":124,"PREVIOUSNAME":null,"ID_TEXT":"2015","ProjectLink":null,"PLANNER":"Sarah Carroll","created_user":null,"created_date":null,"last_edited_user":"SQLSERVICE","last_edited_date":1781076648000,"REMAININGUNITS":null,"DA_Exceptions":null,"ParentID":null,"ACTIVEDATE":null,"Shape.STArea()":2315433.4470062978,"Shape.STLength()":6810.5940868423459}},{"type":"Feature","id":81,"geometry":{"type":"Polygon","coordinates":[[[-111.88249345308522,40.298918491732209],[-111.88247770428775,40.299075478579375],[-111.88247764809103,40.299077632201261],[-111.88361517789708,40.299073064641114],[-111.88355182679713,40.298825018442379],[-111.88327549201732,40.298286154519758],[-111.88314992393039,40.298059064794572],[-111.88278976532607,40.297488310735901],[-111.88235971310509,40.296841917649232],[-111.88187610895905,40.296092747138637],[-111.88140979099006,40.295363300693573],[-111.88090939859691,40.294576074452223],[-111.88046580219802,40.293820443778195],[-111.8800294611917,40.293053425132875],[-111.87979288454297,40.292641747878001],[-111.87979281410375,40.292641771523826],[-111.87966207334063,40.292686583932557],[-111.87928903932213,40.292814434597609],[-111.87924027599001,40.292816085297289],[-111.87884843139727,40.292950377585271],[-111.8785211222478,40.29306253053732],[-111.87819382731642,40.29317468251881],[-111.87786657992203,40.293286690219503],[-111.8775296075878,40.293390312804732],[-111.87717117402927,40.293522219103636],[-111.87700327973729,40.2936065183492],[-111.87687243376087,40.293440069164781],[-111.87684798086178,40.29340886146651],[-111.87635893061532,40.292786760723033],[-111.87584353606965,40.292131426854866],[-111.87567430193862,40.29192866869662],[-111.87526073249325,40.291504091194653],[-111.87519211227675,40.291433893797851],[-111.87516055259704,40.291447421083276],[-111.87490799389298,40.291555700560799],[-111.8749591733873,40.291614415045828],[-111.87384241959835,40.292038774121764],[-111.87387310940569,40.292073934337289],[-111.87407725580648,40.292307778909993],[-111.87413249885833,40.292460596303172],[-111.87435436081448,40.292714947144603],[-111.87437029237316,40.292736302606819],[-111.87454375332975,40.292968804540301],[-111.87472782104082,40.293215484347158],[-111.87490804526489,40.293457032604728],[-111.87503620046685,40.29362870914531],[-111.8751343677864,40.293694457989353],[-111.87543905291967,40.293898521593469],[-111.87556900163457,40.293975178292818],[-111.87560300146251,40.293995256913696],[-111.87587674656422,40.294206730280244],[-111.87614816231236,40.294416310138317],[-111.87630391224067,40.294621943442593],[-111.87634663193988,40.294678431115734],[-111.8764908319838,40.294952195469371],[-111.87662490591481,40.29520670228019],[-111.87673124661075,40.295408584573579],[-111.87675637334721,40.295456325028653],[-111.8769079154479,40.295744037720326],[-111.87694718711757,40.295836759280135],[-111.8782257260829,40.295297227860353],[-111.87841578592794,40.295642846903249],[-111.87841582934799,40.295642828749706],[-111.87882047766477,40.296378850042046],[-111.87884063295687,40.296415510230418],[-111.87835188858962,40.296616272535971],[-111.8788299435282,40.297298885414733],[-111.87923632516494,40.297132012309952],[-111.87985336590442,40.297904197055573],[-111.88001628968183,40.297805338509143],[-111.88139665297744,40.29724128710027],[-111.88249345308522,40.298918491732209]]]},"properties":{"OBJECTID":81,"ID":1002,"NAME":"Catalina Bay","RECORDEDUNITS":110,"DENSITY":null,"ACRE":54.441536669999998,"TYPE":"Subdivision","STATUS":"Recorded","NOTE":null,"GlobalID":"{659648B3-FE94-4BC2-B4E8-E0C61E0B2BE0}","PLANNEDUNITS":134,"EXISTINGUNITS":105,"PREVIOUSNAME":null,"ID_TEXT":"2016","ProjectLink":"https://www.saratogaspringscity.com/DocumentCenter/View/5813/Catalina-Bay-Plat-G-Final-Plat-Planner-Gina-Approved-June-2021","PLANNER":"Gina Grandpre","created_user":null,"created_date":null,"last_edited_user":"SQLSERVICE","last_edited_date":1781076648000,"REMAININGUNITS":null,"DA_Exceptions":null,"ParentID":null,"ACTIVEDATE":null,"Shape.STArea()":2371473.3372591664,"Shape.STLength()":9792.6861179398275}},{"type":"Feature","id":82,"geometry":{"type":"Polygon","coordinates":[[[-111.9277302717198,40.367467686983247],[-111.92771936917906,40.365555060308658],[-111.92682245017522,40.36555965792887],[-111.92592553103411,40.365564245967711],[-111.92593331129342,40.366934625642585],[-111.92593812671284,40.367782600759249],[-111.92594103626372,40.368684343572916],[-111.92591849829446,40.36869551191333],[-111.92589806208146,40.368710176601653],[-111.92588026516272,40.368727951909491],[-111.92586557565434,40.36874837028919],[-111.92585437993758,40.36877089467179],[-111.92584697249569,40.368794932593715],[-111.92584354816822,40.368819851780437],[-111.92584616759862,40.369282851586476],[-111.92694395048851,40.369277233060728],[-111.9269414299859,40.3688367476094],[-111.92694156118684,40.368836639055417],[-111.92684224593555,40.368837165523047],[-111.92684096840428,40.368837171987451],[-111.92683322784653,40.367472330980256],[-111.92683743096389,40.367472263402099],[-111.9277302717198,40.367467686983247]]]},"properties":{"OBJECTID":82,"ID":129,"NAME":"Mountain View Estates","RECORDEDUNITS":35,"DENSITY":null,"ACRE":12.0047154,"TYPE":"Subdivision","STATUS":"Recorded","NOTE":null,"GlobalID":"{92A85890-C363-434C-A62E-3CFA9B78A3AA}","PLANNEDUNITS":35,"EXISTINGUNITS":35,"PREVIOUSNAME":null,"ID_TEXT":"2018","ProjectLink":null,"PLANNER":null,"created_user":null,"created_date":null,"last_edited_user":"SQLSERVICE","last_edited_date":1781076648000,"REMAININGUNITS":null,"DA_Exceptions":null,"ParentID":null,"ACTIVEDATE":null,"Shape.STArea()":522925.4030258155,"Shape.STLength()":3802.2559664875998}},{"type":"Feature","id":83,"geometry":{"type":"Polygon","coordinates":[[[-111.92060651444226,40.396091000404354],[-111.92301322696423,40.394809766106974],[-111.92607733361439,40.393085800512047],[-111.92608049885868,40.393080731116477],[-111.92826444669662,40.391860274489474],[-111.92949231546497,40.391179989597511],[-111.92949233749411,40.391173931959372],[-111.92648460687812,40.39117911742229],[-111.92594763429572,40.391184522368874],[-111.92522099657468,40.391190542393289],[-111.92470239054295,40.391194837346902],[-111.92469358405231,40.391194908946566],[-111.92136387855861,40.391222455160396],[-111.92121122243898,40.391224273907042],[-111.92118795858045,40.391249753289109],[-111.91996517155515,40.39291481054476],[-111.91936588480138,40.393726990639195],[-111.91899452850994,40.39401899085631],[-111.91918718961345,40.394735710224531],[-111.91927049741439,40.394915130598328],[-111.91977176346737,40.396023708237159],[-111.91960320338137,40.396129341889505],[-111.91950504252003,40.396197586867977],[-111.91979937615682,40.396520745608854],[-111.92060651444226,40.396091000404354]]]},"properties":{"OBJECTID":83,"ID":158,"NAME":"Western Hills","RECORDEDUNITS":48,"DENSITY":null,"ACRE":60.388954079999998,"TYPE":"Subdivision","STATUS":"Pending","NOTE":null,"GlobalID":"{6A2C9B75-3FF5-498D-B090-145D38B471BE}","PLANNEDUNITS":52,"EXISTINGUNITS":48,"PREVIOUSNAME":null,"ID_TEXT":"2020","ProjectLink":"https://www.saratogaspringscity.com/DocumentCenter/View/7370/Western-Hills-Rezone--Concept-Plan-Planner-Kimber-Updated-April-2021","PLANNER":"David Stroud","created_user":null,"created_date":null,"last_edited_user":"SQLSERVICE","last_edited_date":1781076648000,"REMAININGUNITS":4,"DA_Exceptions":null,"ParentID":null,"ACTIVEDATE":null,"Shape.STArea()":2630542.8396506254,"Shape.STLength()":7836.5698383093322}},{"type":"Feature","id":84,"geometry":{"type":"Polygon","coordinates":[[[-111.87609615573531,40.29706873513301],[-111.8762488579446,40.297339876564884],[-111.87626745735163,40.29737293691835],[-111.87624462014706,40.297382314122544],[-111.87628738247062,40.297458243825744],[-111.87641313627061,40.297630161478708],[-111.87668311077857,40.297824085076449],[-111.87694834648903,40.298023140789851],[-111.87698926688975,40.298054642932946],[-111.87882927010315,40.297297924810685],[-111.87835212570434,40.29661661041002],[-111.877458146482,40.296982669065194],[-111.87743392329951,40.296948174328556],[-111.87694217259556,40.296247893253245],[-111.8767674962628,40.296319798575993],[-111.8765757055655,40.296398380340861],[-111.87612987690488,40.296581577425705],[-111.87595433526573,40.29665365182543],[-111.87594654610716,40.296656849861286],[-111.87609615573531,40.29706873513301]]]},"properties":{"OBJECTID":84,"ID":169,"NAME":"Lake Cove","RECORDEDUNITS":13,"DENSITY":null,"ACRE":6.4529843800000002,"TYPE":"Subdivision","STATUS":"Recorded","NOTE":null,"GlobalID":"{DAFB468E-7E9A-4FDC-9A0B-AA22ACCE2F17}","PLANNEDUNITS":13,"EXISTINGUNITS":13,"PREVIOUSNAME":null,"ID_TEXT":"2022","ProjectLink":null,"PLANNER":null,"created_user":null,"created_date":null,"last_edited_user":"SQLSERVICE","last_edited_date":1781076648000,"REMAININGUNITS":null,"DA_Exceptions":null,"ParentID":null,"ACTIVEDATE":null,"Shape.STArea()":281091.99946052936,"Shape.STLength()":2374.5726845132699}},{"type":"Feature","id":85,"geometry":{"type":"Polygon","coordinates":[[[-111.94212076964426,40.369587743123041],[-111.9418651017878,40.369589050790402],[-111.94190326389783,40.369931659338278],[-111.94179355674432,40.37025382128374],[-111.94180388154666,40.370285789592288],[-111.94193689302506,40.37068695225549],[-111.94209160895493,40.371128372557287],[-111.9420935031952,40.371133777250996],[-111.94209343847675,40.371136335270194],[-111.94209639749803,40.371136319580756],[-111.94502369234742,40.371121189816492],[-111.9450237003544,40.371118619402331],[-111.94502155370185,40.371118615863182],[-111.94502685239956,40.369360964268409],[-111.9444547546973,40.369363182367287],[-111.94336861815412,40.369367277479505],[-111.9433425768689,40.369394564290317],[-111.94332130984453,40.369384347164448],[-111.94330079861986,40.369377194699794],[-111.94328170122844,40.369372533405901],[-111.94325568467383,40.369368931353158],[-111.94323985343134,40.369368233032873],[-111.943225681263,40.369368440755871],[-111.94339406789146,40.367981514387786],[-111.94338603251596,40.367975652960865],[-111.94129021136602,40.367992338455323],[-111.9413396575799,40.367999156912987],[-111.94138801752767,40.368011515508513],[-111.94143467253329,40.368029256136531],[-111.94147902573228,40.36805215183854],[-111.94152050970754,40.368079909706402],[-111.94155859374837,40.368112174629545],[-111.94159279063993,40.368148533837996],[-111.94162266289628,40.368188522182955],[-111.94196990867714,40.368756474129846],[-111.94199490387216,40.368802988284934],[-111.94201534318587,40.368851676690667],[-111.94203103981673,40.368902094367904],[-111.94204185030813,40.368953780533104],[-111.94210087662496,40.369372499526818],[-111.94212076964426,40.369587743123041]]]},"properties":{"OBJECTID":85,"ID":138,"NAME":"Coyote Hills","RECORDEDUNITS":44,"DENSITY":" ","ACRE":17.34616694,"TYPE":"Subdivision","STATUS":"Pending","NOTE":null,"GlobalID":"{AA9F2EC3-C175-48FC-BCE4-4894BEC78FC0}","PLANNEDUNITS":44,"EXISTINGUNITS":44,"PREVIOUSNAME":"Saratoga Meadows","ID_TEXT":"2023","ProjectLink":"https://www.saratogaspringscity.com/DocumentCenter/View/5660/Coyote-Hills-Plat-A-Final-Plat-Planner-Rachel-Updated-Jan-2020","PLANNER":null,"created_user":null,"created_date":null,"last_edited_user":"SQLSERVICE","last_edited_date":1781076648000,"REMAININGUNITS":null,"DA_Exceptions":null,"ParentID":null,"ACTIVEDATE":null,"Shape.STArea()":755599.03198629688,"Shape.STLength()":4368.8954945035412}},{"type":"Feature","id":86,"geometry":{"type":"Polygon","coordinates":[[[-111.93508764412306,40.340135294816044],[-111.93507973235459,40.339627788277362],[-111.93507429652962,40.339282023609819],[-111.93507429864877,40.339281986675914],[-111.9350679731623,40.338878279381703],[-111.93505969330468,40.338350035999227],[-111.93505607547898,40.338119533011117],[-111.93505245881447,40.337889023696825],[-111.93504838066644,40.337658491765744],[-111.93504716776104,40.337614875849596],[-111.93504261717784,40.337521401285208],[-111.93503542451415,40.337428092831232],[-111.93503053646884,40.3373732515714],[-111.93503053036672,40.337373217369986],[-111.93501843997261,40.337257865974735],[-111.93500235883563,40.337143002929984],[-111.93500235382461,40.337142955215],[-111.93498947331884,40.337059053194025],[-111.93496235822194,40.33691577035755],[-111.9349623472749,40.336915714558899],[-111.93493835464203,40.336802580635975],[-111.93491049522683,40.336690336331294],[-111.93489574233922,40.336633094641158],[-111.9348720491684,40.336548642309587],[-111.93484623424405,40.336464814197768],[-111.93484621984663,40.336464771020843],[-111.9348102680333,40.33635324285531],[-111.93477060212837,40.336242980982597],[-111.9347705913532,40.336242952202369],[-111.93477059114727,40.336242919780261],[-111.93475077016016,40.336190235215398],[-111.93475075447725,40.336190174931154],[-111.93475073315584,40.336190153395243],[-111.93470739498461,40.336079812455466],[-111.93466045513341,40.335970954885923],[-111.93466044190735,40.335970910804015],[-111.9346604181293,40.335970873065762],[-111.93463504120284,40.335913390741297],[-111.93460317252884,40.33584480160097],[-111.93455832022507,40.335753976311295],[-111.93450420763384,40.335648033143087],[-111.93444672607197,40.33554387942273],[-111.9344203018793,40.33549675734055],[-111.93437265857422,40.33541550513926],[-111.9343230632562,40.335335429492744],[-111.9342570253891,40.335231676223955],[-111.93418784308412,40.335129992649314],[-111.93418782523102,40.335129961193395],[-111.93415397543468,40.335081592231532],[-111.93415394929779,40.335081553601292],[-111.93407756696067,40.334975584859833],[-111.9340055193389,40.334881672985524],[-111.93400549322499,40.334881637957729],[-111.93400547543482,40.334881616408516],[-111.93395866070109,40.334821667426567],[-111.93395661068297,40.334819091115371],[-111.93384606854805,40.334685869727679],[-111.93384602348451,40.334685815856837],[-111.93379343985262,40.334624377853899],[-111.93367494312515,40.334493663468947],[-111.93367489567385,40.334493604203118],[-111.9335930384504,40.334407716399653],[-111.93350973978019,40.33432322585962],[-111.93343676772548,40.334251479885253],[-111.93343671439025,40.334251420641102],[-111.93330963398604,40.334132481092048],[-111.9331980455067,40.334033022921972],[-111.93308400412459,40.333936387113482],[-111.93298068131577,40.333851839057516],[-111.93287518582275,40.33377001804832],[-111.93278879991269,40.333704513663989],[-111.93270108945406,40.333640793767024],[-111.93265720851629,40.333609921212393],[-111.93258351392679,40.333558221914849],[-111.93242997950578,40.333456139228339],[-111.93241619942481,40.33344719286216],[-111.93222680008545,40.333328652421123],[-111.9320337717544,40.333216117940523],[-111.93187662670877,40.333129837069926],[-111.93171756553545,40.333047141863673],[-111.93155667003698,40.332968074850534],[-111.93144125181301,40.332913870204223],[-111.93121974449971,40.332837150141835],[-111.92545776795171,40.332838148696055],[-111.92571650976382,40.340143287724523],[-111.93508764412306,40.340135294816044]]]},"properties":{"OBJECTID":86,"ID":103,"NAME":"The Benches","RECORDEDUNITS":365,"DENSITY":"2.3","ACRE":148.53875212,"TYPE":"Subdivision","STATUS":"Recorded","NOTE":null,"GlobalID":"{49482701-AAE7-40BF-BAA9-5E40D79B8C5C}","PLANNEDUNITS":365,"EXISTINGUNITS":365,"PREVIOUSNAME":null,"ID_TEXT":"2024","ProjectLink":null,"PLANNER":null,"created_user":null,"created_date":null,"last_edited_user":"SQLSERVICE","last_edited_date":1781076648000,"REMAININGUNITS":null,"DA_Exceptions":null,"ParentID":null,"ACTIVEDATE":null,"Shape.STArea()":6470348.0423737401,"Shape.STLength()":9937.6945975509243}},{"type":"Feature","id":87,"geometry":{"type":"Polygon","coordinates":[[[-111.94022149728774,40.362288489070075],[-111.93651480702435,40.362318246557905],[-111.93654745122585,40.362470521130298],[-111.9365737722181,40.362624015086723],[-111.9365937249955,40.362778465971999],[-111.93660727544139,40.362933609694743],[-111.9366144003862,40.363089180978896],[-111.93661508764718,40.363244913817319],[-111.93660933604922,40.363400541926637],[-111.936611251324,40.363517956466978],[-111.93660741023511,40.363635323790355],[-111.93659782201298,40.363752361854921],[-111.93658250969875,40.363868789410049],[-111.93656151008898,40.363984326672224],[-111.93668493262591,40.364744919618936],[-111.93672108574282,40.364978606237528],[-111.93675138512839,40.365213123679958],[-111.93677581184085,40.365448325336601],[-111.93679435060969,40.365684064170104],[-111.93680698984535,40.365920192807273],[-111.93681372164633,40.36615656363125],[-111.93681454180425,40.366393028873752],[-111.93680944980635,40.366629440707477],[-111.93679844883593,40.366865651338529],[-111.93745966110409,40.366535468835956],[-111.93745967568807,40.366542721522549],[-111.94025606170339,40.365111449902102],[-111.9402573626453,40.362288154996641],[-111.94022149728774,40.362288489070075]]]},"properties":{"OBJECTID":87,"ID":142,"NAME":"Lexington Green","RECORDEDUNITS":100,"DENSITY":" ","ACRE":30.956095090000002,"TYPE":"Subdivision","STATUS":"Recorded","NOTE":null,"GlobalID":"{B22259DF-E12E-4A08-AED1-CE36D89A1302}","PLANNEDUNITS":352,"EXISTINGUNITS":100,"PREVIOUSNAME":null,"ID_TEXT":"2025","ProjectLink":"none","PLANNER":"David Stroud","created_user":null,"created_date":null,"last_edited_user":"SQLSERVICE","last_edited_date":1781076648000,"REMAININGUNITS":null,"DA_Exceptions":null,"ParentID":null,"ACTIVEDATE":null,"Shape.STArea()":1348447.5019620755,"Shape.STLength()":4894.3399319758591}},{"type":"Feature","id":88,"geometry":{"type":"Polygon","coordinates":[[[-111.93157602273985,40.365535269064459],[-111.92875078532462,40.365549821338455],[-111.92875491240507,40.366271882013088],[-111.92875757546794,40.366717485579116],[-111.92876168470301,40.367454524336061],[-111.92876591284666,40.36818910376843],[-111.92877172268634,40.369213423532862],[-111.92877247767034,40.369345156947809],[-111.93000478824341,40.369339038871537],[-111.9300047833129,40.369338254445459],[-111.93159786921629,40.369330005260352],[-111.93157602273985,40.365535269064459]]]},"properties":{"OBJECTID":88,"ID":116,"NAME":"Sunset Haven","RECORDEDUNITS":66,"DENSITY":"2.6","ACRE":24.985783869999999,"TYPE":"Subdivision","STATUS":"Recorded","NOTE":null,"GlobalID":"{2734E0BF-C1E7-4843-BDA0-8C6233791FE1}","PLANNEDUNITS":66,"EXISTINGUNITS":66,"PREVIOUSNAME":null,"ID_TEXT":"2026","ProjectLink":null,"PLANNER":null,"created_user":null,"created_date":null,"last_edited_user":"SQLSERVICE","last_edited_date":1781076648000,"REMAININGUNITS":null,"DA_Exceptions":null,"ParentID":null,"ACTIVEDATE":null,"Shape.STArea()":1088380.7454753025,"Shape.STLength()":4339.8096555270768}},{"type":"Feature","id":89,"geometry":{"type":"Polygon","coordinates":[[[-111.91949233839307,40.397973101865063],[-111.91940333842096,40.397981818296806],[-111.91916937787445,40.39802015572252],[-111.91903195564555,40.398053126911613],[-111.91936551565958,40.399226735717598],[-111.91939607060803,40.399217863203091],[-111.91939479326204,40.399213382718841],[-111.92064652867657,40.398852309121636],[-111.9205005663156,40.398556387300502],[-111.92041622396512,40.398389666792944],[-111.92029440030203,40.398238021185385],[-111.92020943679206,40.398167329971251],[-111.92011358069161,40.398106433277171],[-111.92000239067674,40.398053556597922],[-111.91991781569156,40.398023413087493],[-111.91983488826271,40.398001051225783],[-111.91977590016958,40.397989090177617],[-111.91972132954415,40.397980775154153],[-111.91967334411335,40.397975569724089],[-111.91960355597762,40.397971428648965],[-111.91953355803439,40.397971297824867],[-111.91949233839307,40.397973101865063]]]},"properties":{"OBJECTID":89,"ID":507,"NAME":"American Car Care","RECORDEDUNITS":11,"DENSITY":"0","ACRE":3.0781762700000002,"TYPE":"Commercial","STATUS":"Recorded","NOTE":null,"GlobalID":"{6E870BC0-46B3-4B12-A5F1-C2C9B07970A0}","PLANNEDUNITS":11,"EXISTINGUNITS":11,"PREVIOUSNAME":null,"ID_TEXT":"2027","ProjectLink":null,"PLANNER":null,"created_user":null,"created_date":null,"last_edited_user":"SQLSERVICE","last_edited_date":1781076648000,"REMAININGUNITS":null,"DA_Exceptions":null,"ParentID":null,"ACTIVEDATE":null,"Shape.STArea()":134085.35835706632,"Shape.STLength()":1450.9248304424675}},{"type":"Feature","id":90,"geometry":{"type":"Polygon","coordinates":[[[-111.9287616836385,40.367454542352483],[-111.92875493074489,40.365551463290359],[-111.92771936917906,40.365555060308658],[-111.92772810498361,40.366377206853841],[-111.92800612001732,40.366376189593986],[-111.92810217791184,40.366364856635663],[-111.92855857610614,40.366363184861534],[-111.92856458682003,40.36741407746581],[-111.92856468483112,40.367415626182101],[-111.92856476755489,40.367416802095597],[-111.92856492447551,40.36741816866968],[-111.92856514260022,40.367419531417006],[-111.92856541837966,40.36742088764862],[-111.92856575298006,40.367422235559033],[-111.92856614640141,40.36742357514823],[-111.92856659744935,40.367424903718749],[-111.92856710611257,40.367426219469358],[-111.92856767239111,40.367427522400021],[-111.928568295085,40.367428808912663],[-111.92856897302234,40.367430079912232],[-111.92856970735814,40.367431331791984],[-111.92857049456569,40.367432565465414],[-111.92857133580546,40.367433778226463],[-111.92857222871129,40.367434968282495],[-111.92857317327764,40.367436134732962],[-111.928574168327,40.367437277582063],[-111.92857521265938,40.367438393231843],[-111.92857630510295,40.367439482587137],[-111.9285774444634,40.367440542950426],[-111.92857862838027,40.367441573429815],[-111.92857985802529,40.367442573120293],[-111.92858112868305,40.367443541138606],[-111.92858244270846,40.367444477476063],[-111.92858379536926,40.367445378547515],[-111.92858518784277,40.367446244348592],[-111.92858661659677,40.367447074892382],[-111.92858808161999,40.367447868377553],[-111.9285895793744,40.367448623916466],[-111.92859110984882,40.36744933970791],[-111.92859266952216,40.367450017566078],[-111.92859425837746,40.367450654789138],[-111.92859587405997,40.367451251385667],[-111.92859751538649,40.367451806459464],[-111.92859918117395,40.367452319114179],[-111.92860086671271,40.367452789367078],[-111.92860257199138,40.367453215416987],[-111.92860429466641,40.367453599073684],[-111.92860603354345,40.367453937639759],[-111.92860778745069,40.367454232020009],[-111.92860955049534,40.36745448133555],[-111.92861132503218,40.367454685577627],[-111.92861310752899,40.367454844759244],[-111.92861489562523,40.367454957988443],[-111.92861668814908,40.367455026170106],[-111.92861870881318,40.36745504848426],[-111.92866231746062,40.367454888633937],[-111.9287616836385,40.367454542352483]]]},"properties":{"OBJECTID":90,"ID":156,"NAME":"Just 6 Lots","RECORDEDUNITS":6,"DENSITY":"2.4","ACRE":2.4631076200000002,"TYPE":"Subdivision","STATUS":"Recorded","NOTE":null,"GlobalID":"{F0BAD465-1CF8-4228-9B69-6F0F7C01A07E}","PLANNEDUNITS":6,"EXISTINGUNITS":6,"PREVIOUSNAME":null,"ID_TEXT":"2028","ProjectLink":null,"PLANNER":null,"created_user":null,"created_date":null,"last_edited_user":"SQLSERVICE","last_edited_date":1781076648000,"REMAININGUNITS":null,"DA_Exceptions":null,"ParentID":null,"ACTIVEDATE":null,"Shape.STArea()":107292.96793752725,"Shape.STLength()":1959.2890305088501}},{"type":"Feature","id":91,"geometry":{"type":"Polygon","coordinates":[[[-111.88608188237427,40.30561255116686],[-111.88608185637216,40.305612529637408],[-111.88608187756957,40.306308597486449],[-111.88608236990612,40.307200481910229],[-111.88606168572738,40.307200635822021],[-111.88605974610165,40.307198810327421],[-111.88216346515385,40.307211451793641],[-111.88216365205929,40.307212901214072],[-111.88220518285785,40.307535083098429],[-111.88470455053799,40.311032102157974],[-111.88429039603662,40.311439008774919],[-111.88391561488802,40.311807225403108],[-111.88432900138896,40.311972836842003],[-111.88507433093669,40.313175850024528],[-111.88564954588171,40.31361864802998],[-111.88608545540468,40.314239660883459],[-111.88608610514423,40.313926529043087],[-111.88609136518824,40.311388922062143],[-111.88608429316407,40.311291670921193],[-111.88669581970102,40.311288232783532],[-111.88903539952828,40.31127504704282],[-111.89138983825747,40.311261730453516],[-111.8913708556025,40.31122880809562],[-111.89135643942869,40.311204000517414],[-111.89128048641599,40.311073291914035],[-111.89124951041376,40.311020341633977],[-111.89114313691816,40.310838473958889],[-111.89104912273547,40.310682239335243],[-111.89095141617138,40.310528286902638],[-111.89085007259759,40.310376703908126],[-111.89080271914041,40.310308847748267],[-111.89075445585046,40.310241314338249],[-111.89075442748195,40.310241291016517],[-111.8906256375064,40.310068492611059],[-111.89049198735623,40.30989942521596],[-111.89045256751182,40.309851375394423],[-111.89033125807669,40.309708230658586],[-111.89020661602274,40.309567978197506],[-111.89007871028578,40.309430695580609],[-111.88994761160662,40.309296458734806],[-111.88994758084486,40.309296428215703],[-111.8893892894925,40.308736980323964],[-111.88938925990252,40.308736948900119],[-111.88934813164597,40.30869253937302],[-111.8892984475642,40.308638893447913],[-111.88909142840788,40.308415360426963],[-111.88909139999467,40.308415328999168],[-111.88909056962115,40.308415777581743],[-111.88903372010257,40.308353205735266],[-111.88845911251373,40.307732759461757],[-111.88841780673764,40.307688158350715],[-111.88836139844273,40.307627249084391],[-111.88836134993922,40.307627201511693],[-111.88824528450573,40.307501882091536],[-111.88824523718904,40.307501836316071],[-111.88759944831351,40.306804494904732],[-111.88755769739926,40.306759407710018],[-111.88706513139253,40.306227510631807],[-111.88691090874586,40.306057176658051],[-111.88676100036379,40.305883033715773],[-111.88661550028597,40.305705191047331],[-111.88647449978671,40.305523760215969],[-111.88643686694488,40.305473731574722],[-111.88629297136839,40.305275100851894],[-111.88615473208743,40.30507249285062],[-111.8861478884625,40.305065234172183],[-111.88613995133645,40.305059190527182],[-111.88613113380849,40.305054524177891],[-111.88612167261526,40.30505136040837],[-111.88611182177476,40.305049784160808],[-111.88610184576642,40.305049837754943],[-111.8860920124302,40.305051519751864],[-111.88608177203723,40.305054658105483],[-111.88608182135393,40.305148535424827],[-111.88608191073926,40.305612574489793],[-111.88608188237427,40.30561255116686]]]},"properties":{"OBJECTID":91,"ID":145,"NAME":"Mallard Bay","RECORDEDUNITS":176,"DENSITY":" ","ACRE":73.492454249999994,"TYPE":"Subdivision","STATUS":"Recorded","NOTE":null,"GlobalID":"{105A5B6C-C6E0-4ED9-9714-811180FEE5DF}","PLANNEDUNITS":179,"EXISTINGUNITS":176,"PREVIOUSNAME":null,"ID_TEXT":"2030","ProjectLink":null,"PLANNER":"Gina Grandpre","created_user":null,"created_date":null,"last_edited_user":"SQLSERVICE","last_edited_date":1781076648000,"REMAININGUNITS":null,"DA_Exceptions":null,"ParentID":null,"ACTIVEDATE":null,"Shape.STArea()":3201331.3071804643,"Shape.STLength()":10172.994194716852}},{"type":"Feature","id":92,"geometry":{"type":"Polygon","coordinates":[[[-111.92545859250976,40.329228697546938],[-111.92545843015364,40.32922870444245],[-111.92545660993581,40.329215687865059],[-111.92309010251867,40.329214362970298],[-111.92309010690711,40.329228972177184],[-111.92309066844105,40.331138139456854],[-111.92309112973878,40.332837447985455],[-111.92309136815473,40.332840034647724],[-111.92545776795171,40.332838148696055],[-111.92545859250976,40.329228697546938]]]},"properties":{"OBJECTID":92,"ID":127,"NAME":"Landrock Estates","RECORDEDUNITS":31,"DENSITY":"1.7","ACRE":20.004186449999999,"TYPE":"Subdivision","STATUS":"Recorded","NOTE":null,"GlobalID":"{FD9480B1-052B-42B5-B892-4EF27FE9B200}","PLANNEDUNITS":31,"EXISTINGUNITS":31,"PREVIOUSNAME":null,"ID_TEXT":"2032","ProjectLink":null,"PLANNER":null,"created_user":null,"created_date":null,"last_edited_user":"SQLSERVICE","last_edited_date":1781076648000,"REMAININGUNITS":null,"DA_Exceptions":null,"ParentID":null,"ACTIVEDATE":null,"Shape.STArea()":871382.36169437401,"Shape.STLength()":3959.9308431920131}},{"type":"Feature","id":93,"geometry":{"type":"Polygon","coordinates":[[[-111.94025085081246,40.376568523391768],[-111.94500467980524,40.37654870167011],[-111.94500468695777,40.376543827469376],[-111.945073332649,40.376544538025584],[-111.94520422666328,40.376547865672919],[-111.94534394619893,40.376547279682079],[-111.94541231852615,40.376547964962221],[-111.94548958811325,40.375838789923655],[-111.94558693710361,40.374945496577467],[-111.94580260485938,40.372967963134315],[-111.94593447201994,40.371754149647344],[-111.94600376310024,40.371120205695497],[-111.94502155370185,40.371118615863182],[-111.94502155477379,40.371118418622224],[-111.94502069399446,40.371118417394761],[-111.9354886297609,40.371167429166427],[-111.93549018250377,40.372951269986764],[-111.94025639913757,40.372928728393411],[-111.94025085081246,40.376568523391768]]]},"properties":{"OBJECTID":93,"ID":166,"NAME":"Talus Ridge","RECORDEDUNITS":215,"DENSITY":"2.43","ACRE":88.795553490000003,"TYPE":"Subdivision","STATUS":"Recorded","NOTE":null,"GlobalID":"{283D23BC-E353-453B-9531-C35E1815B4C1}","PLANNEDUNITS":215,"EXISTINGUNITS":215,"PREVIOUSNAME":null,"ID_TEXT":"2034","ProjectLink":null,"PLANNER":null,"created_user":null,"created_date":null,"last_edited_user":"SQLSERVICE","last_edited_date":1781076648000,"REMAININGUNITS":null,"DA_Exceptions":null,"ParentID":null,"ACTIVEDATE":null,"Shape.STArea()":3867934.3101983955,"Shape.STLength()":9657.5908509226174}},{"type":"Feature","id":94,"geometry":{"type":"Polygon","coordinates":[[[-111.93507493723924,40.368374689261472],[-111.93272885165183,40.368386448451268],[-111.93273432311641,40.369324993004305],[-111.93548223479939,40.369311191450151],[-111.935480803174,40.368322136475243],[-111.93507382765006,40.367847865352296],[-111.93507493723924,40.368374689261472]]]},"properties":{"OBJECTID":94,"ID":1005,"NAME":"Madison Ridge","RECORDEDUNITS":9,"DENSITY":"3.22","ACRE":6.2873198199999996,"TYPE":"Subdivision","STATUS":"Recorded","NOTE":null,"GlobalID":"{CD7FF29E-0C1B-4A41-8576-69F6F82FD0F9}","PLANNEDUNITS":9,"EXISTINGUNITS":9,"PREVIOUSNAME":null,"ID_TEXT":"2035","ProjectLink":null,"PLANNER":null,"created_user":null,"created_date":null,"last_edited_user":"SQLSERVICE","last_edited_date":1781076648000,"REMAININGUNITS":null,"DA_Exceptions":null,"ParentID":null,"ACTIVEDATE":null,"Shape.STArea()":273875.65137273527,"Shape.STLength()":2520.1720906353125}},{"type":"Feature","id":95,"geometry":{"type":"Polygon","coordinates":[[[-111.88136003816558,40.285934976023967],[-111.88121310472837,40.285936395073996],[-111.87662601503934,40.285943678253993],[-111.87662544044804,40.286197231946048],[-111.87662486878342,40.286457949351032],[-111.87662430541614,40.286718679317154],[-111.87662385785889,40.286994269553787],[-111.87662336989905,40.287320691472559],[-111.87662219514651,40.287510443412224],[-111.8766976627013,40.287614907365047],[-111.87670512533079,40.287625238025605],[-111.87674426791264,40.287683412402693],[-111.87678207222318,40.287742451200018],[-111.87681817748528,40.287801764759053],[-111.87685282819021,40.28786175668246],[-111.87691172820135,40.28796673957617],[-111.87691758258082,40.287977174483217],[-111.87691996356001,40.287978560099127],[-111.87692115376217,40.287980269287125],[-111.87744815469551,40.289074680580278],[-111.87752425230033,40.289232098993175],[-111.87759161398057,40.289344273732659],[-111.87771371851088,40.289494452488512],[-111.87790170588376,40.289713613677662],[-111.87790112041891,40.289713657902197],[-111.87850364072415,40.290411730128604],[-111.87952110464724,40.291591604587836],[-111.87968708841433,40.291785972880312],[-111.88011018562804,40.292446187251926],[-111.88060605633697,40.293298325352083],[-111.88122866577103,40.294375153784813],[-111.8819990782696,40.295594243848335],[-111.88322492845455,40.297470679565706],[-111.88357591434024,40.298046016071012],[-111.88406526668463,40.298999732418835],[-111.884232034805,40.299328605092875],[-111.88475045688479,40.300348106462742],[-111.88475045958675,40.300348587397167],[-111.8847504723073,40.300350851571658],[-111.88608403454448,40.300348375610675],[-111.88608304784114,40.29961750608642],[-111.88608320302851,40.299563867766423],[-111.88609138052558,40.296746275315414],[-111.88609264732635,40.296746272929653],[-111.88609264694374,40.296744118590411],[-111.88609271398498,40.294210933543667],[-111.88609897980163,40.289590757767385],[-111.88609539505289,40.289590769617064],[-111.88609268195609,40.285923199892785],[-111.88136101296573,40.285936004982325],[-111.88136003816558,40.285934976023967]]]},"properties":{"OBJECTID":95,"ID":970,"NAME":"Lake Mountain Estates","RECORDEDUNITS":410,"DENSITY":" ","ACRE":191.49772702999999,"TYPE":"Subdivision","STATUS":"Recorded","NOTE":null,"GlobalID":"{E61FFEED-FB1C-4DB1-B37D-2F0283E47E56}","PLANNEDUNITS":410,"EXISTINGUNITS":410,"PREVIOUSNAME":null,"ID_TEXT":"2036","ProjectLink":null,"PLANNER":null,"created_user":null,"created_date":null,"last_edited_user":"SQLSERVICE","last_edited_date":1781076648000,"REMAININGUNITS":null,"DA_Exceptions":null,"ParentID":null,"ACTIVEDATE":null,"Shape.STArea()":8341640.9895451637,"Shape.STLength()":14053.259504381987}},{"type":"Feature","id":96,"geometry":{"type":"Polygon","coordinates":[[[-111.90576520618102,40.311179789927259],[-111.90577391362271,40.309023435749552],[-111.90577439120769,40.308353400939836],[-111.90577495412261,40.307565151950072],[-111.90577495365295,40.307565072695226],[-111.90577633230558,40.305480139923169],[-111.90577660100101,40.30507423653502],[-111.90577734497084,40.303949080838471],[-111.91069959923591,40.303949720429166],[-111.91068148130998,40.300351157247739],[-111.91559199452537,40.300344328643817],[-111.91561923775704,40.303945376818312],[-111.9198009432683,40.303943580910811],[-111.92044158506155,40.303943292726359],[-111.9204436582325,40.303945658461032],[-111.92053381183861,40.303942434802728],[-111.92050635502012,40.296752700643125],[-111.92027588359022,40.296752665447578],[-111.91556221194587,40.296752717879748],[-111.9155328639434,40.293160293643233],[-111.91553256020663,40.293146870589588],[-111.91552786134615,40.293146869292336],[-111.91053179528767,40.293145764949664],[-111.90580228579518,40.293144521791817],[-111.90580228562976,40.293144493872404],[-111.90576217537956,40.293144482805069],[-111.90576011179267,40.289536824610877],[-111.90084065790303,40.289536441004152],[-111.89592079951636,40.289535853371817],[-111.89591988140745,40.293795135204419],[-111.89591930000124,40.296487774559871],[-111.89591924462268,40.296745349166727],[-111.88726866975719,40.296743786833893],[-111.88691943196174,40.296744528028832],[-111.88608718730585,40.296746290975967],[-111.8860859205051,40.296746293361636],[-111.88607774278343,40.299563885812262],[-111.88607758759173,40.299617524132252],[-111.88607857423678,40.300348393656556],[-111.88607548646739,40.300348399358057],[-111.88607548676353,40.300348660543548],[-111.8860777064307,40.300348656810378],[-111.88607737589413,40.301331840185846],[-111.8860777832294,40.301543891560279],[-111.88607772798842,40.301610251994546],[-111.8860774961106,40.301902343767395],[-111.88607749186158,40.301906806465325],[-111.88607723633693,40.302229966851911],[-111.88607637693238,40.303204267456884],[-111.88607572122953,40.303948458474011],[-111.88607647507898,40.30408154474658],[-111.88607792266562,40.304338722763099],[-111.88608088962462,40.304342086762603],[-111.88608133548907,40.304342924687404],[-111.88608300012845,40.304346066929568],[-111.88618854526796,40.304537542685495],[-111.88629909614164,40.304726172603338],[-111.88641457607098,40.304911825848656],[-111.88653490495865,40.305094373651634],[-111.88665999934406,40.305273689396387],[-111.88678977246126,40.305449648708823],[-111.88680649820553,40.305471686971892],[-111.88684849992092,40.305526412284827],[-111.88715907282536,40.305905119179307],[-111.88720082681121,40.305952968783274],[-111.88732040230745,40.306086313173694],[-111.88866765216322,40.307527457367037],[-111.8887541938231,40.307615115235521],[-111.88965077730514,40.308583702104364],[-111.88988420160743,40.308817723142774],[-111.88996078228858,40.308894499367604],[-111.8902053096438,40.309139648832513],[-111.89036601820943,40.309304840291247],[-111.89052197127964,40.309474528537741],[-111.89067304308351,40.309648576724122],[-111.89081911178668,40.309826844486359],[-111.89096005958969,40.310009188057499],[-111.89098591418406,40.310043881572724],[-111.89100135699888,40.310057556554803],[-111.89116590377265,40.310289350290461],[-111.89126339311376,40.310435846254968],[-111.89131360352437,40.310514392265951],[-111.8917538286064,40.311259235279252],[-111.89189371738377,40.311258450933927],[-111.89207972743773,40.31125794126541],[-111.89225493503956,40.311256423725531],[-111.90576520618102,40.311179789927259]]]},"properties":{"OBJECTID":96,"ID":990,"NAME":"The Villages at Saratoga","RECORDEDUNITS":1148,"DENSITY":"3.0","ACRE":1073.49618928,"TYPE":"MDA","STATUS":"Approved","NOTE":"ERUs: Fox Hollow-174, N-8 -25, N-9 -27","GlobalID":"{3CB2C07F-7856-4DE7-9777-399A64A75A8F}","PLANNEDUNITS":2967,"EXISTINGUNITS":1138,"PREVIOUSNAME":null,"ID_TEXT":"2037","ProjectLink":null,"PLANNER":null,"created_user":null,"created_date":null,"last_edited_user":"SQLSERVICE","last_edited_date":1781076648000,"REMAININGUNITS":1819,"DA_Exceptions":null,"ParentID":null,"ACTIVEDATE":null,"Shape.STArea()":46761494.005056448,"Shape.STLength()":36496.613703797193}},{"type":"Feature","id":97,"geometry":{"type":"Polygon","coordinates":[[[-111.91466981130668,40.3833342706899],[-111.91477228633217,40.383335303306197],[-111.91627336092634,40.383342151559653],[-111.91627336241029,40.383342008355804],[-111.91628390234439,40.382295767388833],[-111.91611742594384,40.382294944002275],[-111.91473385744364,40.382288096915659],[-111.91473385597109,40.382288630988633],[-111.91473382181803,40.382288631109724],[-111.91473382362369,40.382288151973412],[-111.91356851965271,40.382282540658892],[-111.91356851863686,40.382282762215027],[-111.91091681806918,40.382270588859789],[-111.91091510679786,40.38227058046197],[-111.91073258114496,40.382360839555993],[-111.91011117348147,40.382707635936818],[-111.90958640303595,40.383084758488742],[-111.90931230192786,40.383306187889026],[-111.90930733236087,40.38331020222919],[-111.9135482545163,40.383329699131934],[-111.91354826132192,40.383328876842043],[-111.91444766654075,40.383333209064958],[-111.91444766060307,40.383333200980395],[-111.91466981130668,40.3833342706899]]]},"properties":{"OBJECTID":97,"ID":122,"NAME":"River Bend","RECORDEDUNITS":100,"DENSITY":"7.8","ACRE":15.22005465,"TYPE":"Mixed Use","STATUS":"Recorded","NOTE":null,"GlobalID":"{9C5F7C9E-4B87-409B-8474-B9C041BB4E24}","PLANNEDUNITS":100,"EXISTINGUNITS":100,"PREVIOUSNAME":null,"ID_TEXT":"2038","ProjectLink":null,"PLANNER":null,"created_user":null,"created_date":null,"last_edited_user":"SQLSERVICE","last_edited_date":1781076648000,"REMAININGUNITS":null,"DA_Exceptions":null,"ParentID":null,"ACTIVEDATE":null,"Shape.STArea()":662985.58041380846,"Shape.STLength()":4406.7677598321088}},{"type":"Feature","id":98,"geometry":{"type":"Polygon","coordinates":[[[-111.92434847579005,40.401103802529228],[-111.92434728589497,40.401103790633968],[-111.92152547699379,40.401076338475654],[-111.92153566680773,40.40230753987106],[-111.92326118198942,40.402301311141834],[-111.92326612017844,40.402297084706163],[-111.92365685743594,40.402083593800427],[-111.92390588159292,40.401935631367763],[-111.92418850919017,40.401794216516038],[-111.92451512432787,40.401653989593044],[-111.92434847579005,40.401103802529228]]]},"properties":{"OBJECTID":98,"ID":107,"NAME":"Springs at Harvest Hills","RECORDEDUNITS":108,"DENSITY":"17.1","ACRE":7.3234507000000004,"TYPE":"Subdivision","STATUS":"Recorded","NOTE":null,"GlobalID":"{56A88491-0F4F-41DB-8A6A-664714ADE54E}","PLANNEDUNITS":108,"EXISTINGUNITS":108,"PREVIOUSNAME":null,"ID_TEXT":"2041","ProjectLink":null,"PLANNER":null,"created_user":null,"created_date":null,"last_edited_user":"SQLSERVICE","last_edited_date":1781076648000,"REMAININGUNITS":null,"DA_Exceptions":null,"ParentID":null,"ACTIVEDATE":null,"Shape.STArea()":319009.5123174162,"Shape.STLength()":2343.1424497721819}},{"type":"Feature","id":99,"geometry":{"type":"Polygon","coordinates":[[[-111.92158333912896,40.332836949536627],[-111.91952671480347,40.332839680955104],[-111.91834031548403,40.332836811270035],[-111.91780662659779,40.332449400950125],[-111.91748724354696,40.332297154158383],[-111.91714416575833,40.332179632196898],[-111.91677966933568,40.332106189746952],[-111.91640648964999,40.332079166117886],[-111.91562120875322,40.332079125198],[-111.91561960588211,40.332079125494154],[-111.91514129543899,40.332079709544551],[-111.91514374169631,40.332836606271073],[-111.91562127963455,40.332836234824633],[-111.91562140887677,40.332837556497182],[-111.91562914554869,40.332837549699398],[-111.91691231097953,40.332839611823786],[-111.91844872592876,40.333956255560025],[-111.91844907780956,40.33395625430024],[-111.91844884177436,40.333954221511945],[-111.91876235888058,40.333955327708622],[-111.9189468545961,40.333954781817852],[-111.91953350742263,40.33395485524634],[-111.9196980910161,40.333953859075187],[-111.92167750516887,40.333946734457349],[-111.92158333912896,40.332836949536627]]]},"properties":{"OBJECTID":99,"ID":123,"NAME":"Parkside Estates","RECORDEDUNITS":25,"DENSITY":"1.69","ACRE":14.81086751,"TYPE":"Subdivision","STATUS":"Recorded","NOTE":null,"GlobalID":"{CD62DA94-D93E-4740-89A1-041C2941F61A}","PLANNEDUNITS":25,"EXISTINGUNITS":25,"PREVIOUSNAME":null,"ID_TEXT":"2045","ProjectLink":null,"PLANNER":null,"created_user":null,"created_date":null,"last_edited_user":"SQLSERVICE","last_edited_date":1781076648000,"REMAININGUNITS":null,"DA_Exceptions":null,"ParentID":null,"ACTIVEDATE":null,"Shape.STArea()":645161.38891621237,"Shape.STLength()":4547.1090178399618}},{"type":"Feature","id":100,"geometry":{"type":"Polygon","coordinates":[[[-111.90732210146278,40.389884175668783],[-111.90741436573536,40.390714411755333],[-111.90746161303561,40.390944691705428],[-111.90753994385389,40.391315381203739],[-111.90760978188494,40.391646354173247],[-111.90957205099939,40.391639520091829],[-111.90956939126406,40.391308294160012],[-111.90956830191713,40.390882312356936],[-111.90956638518648,40.390131910280601],[-111.90956625116434,40.390078848169395],[-111.90956624721557,40.390078778835679],[-111.90956627981384,40.390078518443126],[-111.90944433080769,40.390068237013075],[-111.90885633331592,40.390018662157019],[-111.90885515744743,40.389958506820534],[-111.90884954571146,40.38967155636589],[-111.90730345552049,40.389401299762511],[-111.90732210146278,40.389884175668783]]]},"properties":{"OBJECTID":100,"ID":131,"NAME":"Jordan View Landing","RECORDEDUNITS":91,"DENSITY":"8.9","ACRE":9.6746157700000008,"TYPE":"Subdivision","STATUS":"Recorded","NOTE":null,"GlobalID":"{B0A1D9CC-3D35-405A-99A9-5166ADE7345C}","PLANNEDUNITS":91,"EXISTINGUNITS":91,"PREVIOUSNAME":null,"ID_TEXT":"2047","ProjectLink":null,"PLANNER":null,"created_user":null,"created_date":null,"last_edited_user":"SQLSERVICE","last_edited_date":1781076648000,"REMAININGUNITS":null,"DA_Exceptions":null,"ParentID":null,"ACTIVEDATE":null,"Shape.STArea()":421426.26286471717,"Shape.STLength()":2705.7825352910563}},{"type":"Feature","id":101,"geometry":{"type":"MultiPolygon","coordinates":[[[[-111.94502973545495,40.366865632344023],[-111.94646370049819,40.366868460098303],[-111.94670242633249,40.364677356672367],[-111.94623959167328,40.364907901132035],[-111.945488069994,40.365628145637849],[-111.94503265045979,40.365626925728321],[-111.94502973545495,40.366865632344023]]],[[[-111.94502373682346,40.369360976125002],[-111.94501843804564,40.371118627719589],[-111.94600064744418,40.371120217578103],[-111.94620234194106,40.369267327498626],[-111.94502408613903,40.369259004170949],[-111.94502373682346,40.369360976125002]]],[[[-111.96399114593447,40.372872694978511],[-111.96398005253822,40.371549262425788],[-111.96397834157106,40.371296646360186],[-111.96390323692052,40.369228080712993],[-111.96388051709128,40.369242309776574],[-111.96388009742036,40.369228172505551],[-111.96172200553168,40.369236712457152],[-111.96075448946604,40.368611590486772],[-111.96075062121092,40.368613480832614],[-111.96074556517794,40.368610171137433],[-111.9603039481263,40.368430698831482],[-111.96028755133904,40.366275211937577],[-111.96028674576179,40.366146373174963],[-111.95933384182075,40.366139945798032],[-111.95930732904475,40.362192870199799],[-111.95451188991046,40.362158464704954],[-111.95291233968689,40.362161213895845],[-111.95291239067394,40.361998703459918],[-111.95291240842029,40.361980218899099],[-111.95268897468144,40.361980619421075],[-111.94998434195435,40.361986410190546],[-111.94717643802365,40.363642212079398],[-111.94717647853902,40.363648410942538],[-111.94718163326138,40.364437075905087],[-111.94693161915509,40.366869377220716],[-111.94995528983056,40.366875268159845],[-111.94994783176546,40.369280019137179],[-111.94981906860879,40.369292821556549],[-111.94667004765384,40.369270630498171],[-111.94629577966532,40.372707791093063],[-111.94604230750437,40.375033869020314],[-111.94590168332707,40.376324010071805],[-111.94587676710317,40.376552697699339],[-111.94540920262278,40.376547976829038],[-111.94533957224004,40.376551396875712],[-111.94507021674571,40.376544549883363],[-111.9450015710545,40.376543839325308],[-111.94499584382919,40.380199729451952],[-111.9449916976459,40.382375542339318],[-111.94646203221338,40.383425981756226],[-111.94674338076044,40.383739902486283],[-111.94674338703724,40.383739961903281],[-111.9485857188502,40.383213416069516],[-111.94895615029942,40.382881635100929],[-111.94939378240771,40.382314292885575],[-111.94939906433346,40.382324488344331],[-111.94942175368409,40.382369747471344],[-111.94947268453173,40.382481701880188],[-111.9495172311445,40.382596346287777],[-111.94955525219299,40.382713316971163],[-111.94955800549332,40.382722780028182],[-111.94974175089469,40.383361341155528],[-111.94974194732005,40.383362018568235],[-111.94985860913123,40.38376741156749],[-111.949887443725,40.383867665908255],[-111.94997804946419,40.384182471786588],[-111.94975836356618,40.384445221877407],[-111.95066901568053,40.384299144764356],[-111.95031465143096,40.38412587371888],[-111.95026062812796,40.383938035565983],[-111.95024119320479,40.383870265672165],[-111.95024090031482,40.383869248196831],[-111.95024034321378,40.383869244036966],[-111.9498940506576,40.382665113516715],[-111.9498627227747,40.382565414669784],[-111.94982712619986,40.382467158981967],[-111.94978732711286,40.382370529126327],[-111.94974339950654,40.382275704753241],[-111.94974340053399,40.382275144562549],[-111.9497054796323,40.382200889794376],[-111.94966515779846,40.382127910926897],[-111.94966220224781,40.382122794148607],[-111.9496280114912,40.382063596223034],[-111.94966572621489,40.382045978268522],[-111.95014564958937,40.381785260130712],[-111.95039958230245,40.38164731055523],[-111.95052608414105,40.381578585917786],[-111.95229953256087,40.382290182833053],[-111.95357226749145,40.382257370039916],[-111.9544963768322,40.381933526945261],[-111.95449495844053,40.382846959533957],[-111.95449362531797,40.383687977025481],[-111.9553473470118,40.383550967406897],[-111.95693726315598,40.381725883275408],[-111.95691318658426,40.381640101188786],[-111.95701583232497,40.381622867523689],[-111.96113932806121,40.376905796346321],[-111.96113982637146,40.376703884369022],[-111.9612883183691,40.376705225213584],[-111.96128297799441,40.376006891444007],[-111.96377842560713,40.373109191898742],[-111.96399114593447,40.372872694978511]]]]},"properties":{"OBJECTID":101,"ID":128,"NAME":"Mt. Saratoga","RECORDEDUNITS":2116,"DENSITY":"3.52","ACRE":687.93326002000003,"TYPE":"MDA","STATUS":"Approved","NOTE":null,"GlobalID":"{FCE302A2-9A3F-4442-A183-7DEA894993DA}","PLANNEDUNITS":2400,"EXISTINGUNITS":1717,"PREVIOUSNAME":null,"ID_TEXT":"2049","ProjectLink":"https://www.saratogaspringscity.com/DocumentCenter/View/3703/Mt-Saratoga-Amended-Community-Plan-Approved-August-2019","PLANNER":"Sarah Carroll","created_user":null,"created_date":null,"last_edited_user":"SQLSERVICE","last_edited_date":1781076648000,"REMAININGUNITS":306,"DA_Exceptions":null,"ParentID":null,"ACTIVEDATE":null,"Shape.STArea()":29966372.806532487,"Shape.STLength()":32353.779932050442}},{"type":"Feature","id":102,"geometry":{"type":"Polygon","coordinates":[[[-111.92378653695826,40.399874095338951],[-111.92378657233157,40.399874100614454],[-111.92380540184509,40.399787434659679],[-111.92380541332361,40.399787385984872],[-111.92380624829629,40.399783545439064],[-111.92380674877499,40.399783706637443],[-111.92444563713769,40.399864883865412],[-111.92447998827164,40.399728831190068],[-111.92447838940529,40.399727075387766],[-111.92468222310981,40.398788946381153],[-111.92468274002231,40.398786443495489],[-111.92468299781575,40.398785085332122],[-111.92468324028434,40.398783725423201],[-111.92468346742805,40.398782363768653],[-111.92468367924691,40.398781000368473],[-111.92468387456846,40.398779636127593],[-111.92468405574881,40.398778271037429],[-111.92468422042631,40.39877690420596],[-111.92468436978453,40.398775536529428],[-111.92468450382347,40.398774168007932],[-111.92468462253763,40.398772797740804],[-111.92468472476006,40.398771427533553],[-111.92468481166327,40.398770056481325],[-111.92468488443079,40.398768685480356],[-111.92468493952308,40.398767313642999],[-111.9246849792961,40.398765940960566],[-111.9246850037611,40.398764569234338],[-111.92468501408474,40.398763196658834],[-111.92468500673887,40.398761824147499],[-111.92468498525722,40.398760451687444],[-111.92468494728402,40.398759079287267],[-111.92468489399714,40.398757706942639],[-111.92468482422419,40.39875633555851],[-111.92468473914316,40.398754965130564],[-111.92468463992647,40.398753594753934],[-111.92468452421819,40.398752224437132],[-111.92468439202946,40.39875085598144],[-111.92468424452701,40.398749487581298],[-111.9246840829001,40.398748121033677],[-111.92468390478719,40.398746755446496],[-111.92468371136621,40.398745390815535],[-111.9246835014592,40.398744027145021],[-111.92468327625532,40.398742666231811],[-111.92468303809369,40.398741305365711],[-111.92468278227929,40.398739947265518],[-111.92468250997888,40.398738590125767],[-111.92468222355953,40.398737235739119],[-111.92468192183219,40.39873588230865],[-111.92468160480793,40.398734531635583],[-111.92468127248125,40.398733182819285],[-111.92468092485208,40.398731835859778],[-111.92468056192608,40.398730491657609],[-111.92468018252525,40.398729150217093],[-111.92467978899992,40.398727810629111],[-111.92467938018332,40.398726474699089],[-111.92467895606427,40.398725140625807],[-111.92467851665397,40.398723810210541],[-111.92467806194676,40.398722482552586],[-111.92467759312073,40.398721157647799],[-111.92467710900343,40.3987198364009],[-111.9246766084113,40.398718517915704],[-111.9246760937059,40.398717203084175],[-111.92467556488155,40.398715891005743],[-111.92467501959366,40.398714583490147],[-111.9246744613704,40.398713279623941],[-111.92467388667227,40.398711978519465],[-111.92467329787215,40.398710682869812],[-111.92467269377511,40.398709389977512],[-111.92467207674838,40.398708101635229],[-111.92467144325241,40.398706816955176],[-111.92467079564875,40.398705536829411],[-111.92467013393744,40.39870426125799],[-111.92466945694039,40.398702990245077],[-111.92466876583012,40.398701722885839],[-111.92466806061218,40.398700460080896],[-111.92466734129772,40.398699203631431],[-111.92466660786997,40.398697950835647],[-111.92466585915659,40.398696702598464],[-111.92466509634667,40.398695460716688],[-111.92466432060709,40.398694223384965],[-111.92466352958188,40.398692990611735],[-111.92466272563247,40.3986917632892],[-111.92466190640863,40.398690542326314],[-111.92466107425511,40.39868932591348],[-111.92466022799947,40.398688114955519],[-111.9246593688253,40.398686910348765],[-111.92465849437113,40.398685711201161],[-111.92465760817076,40.398684517499873],[-111.92465670670158,40.398683331058933],[-111.92465579348621,40.398682150064261],[-111.92465486499083,40.398680974528801],[-111.92465392476042,40.398679806240843],[-111.9246529704224,40.398678642507122],[-111.92465200317706,40.398677486925834],[-111.92465181213645,40.398677264266574],[-111.92465101948483,40.398676338609143],[-111.92465083079465,40.398676115040736],[-111.92465002875278,40.398675194821038],[-111.92464983301151,40.398674973980086],[-111.92464902391866,40.398674056487842],[-111.92464800383244,40.398672928116753],[-111.92464697199448,40.398671804291396],[-111.92464592606568,40.398670687722095],[-111.92464486840744,40.398669579300929],[-111.92464379783077,40.398668477230885],[-111.92464271551908,40.398667382408419],[-111.92464162147249,40.39866629483339],[-111.92464051333499,40.398665214514473],[-111.92463939346257,40.398664141443057],[-111.92463826186074,40.398663076519739],[-111.92463711734604,40.398662018848185],[-111.92463596227431,40.398660968419868],[-111.92463479429533,40.398659926143949],[-111.92463361458132,40.398658891115538],[-111.92463242431599,40.398657864230955],[-111.92463121996533,40.398656845502977],[-111.92463000624127,40.398655834914571],[-111.92462877960988,40.398654832478549],[-111.92462754242713,40.398653838186377],[-111.92462629350943,40.398652851141684],[-111.92462503522948,40.398651874037718],[-111.92462376285867,40.398650904189836],[-111.92462248112,40.398649943382019],[-111.92462118882999,40.39864899071808],[-111.92461988599418,40.398648047098582],[-111.92461857143455,40.398647112527733],[-111.92461724632365,40.398646186100713],[-111.9246159118448,40.398645268713857],[-111.92461456563667,40.398644359475057],[-111.92461321006634,40.398643460177034],[-111.92461184394456,40.398642569022783],[-111.92461046728828,40.398641688714179],[-111.92460908125288,40.398640815644505],[-111.92460768468291,40.398639953420449],[-111.92460627991754,40.398639099331646],[-111.92460486461192,40.398638255187855],[-111.92460343876617,40.398637420989104],[-111.9246020047249,40.398636594925549],[-111.9246005601491,40.398635779707661],[-111.92459910738336,40.398634973525596],[-111.92459764525543,40.398634177284279],[-111.92459617494328,40.398633390979384],[-111.92459469526328,40.398632613714682],[-111.92459320504868,40.39863184729554],[-111.9245917078222,40.398631089907965],[-111.92459020241144,40.398630342456869],[-111.92458868764409,40.39862960584712],[-111.9245871646924,40.398628879173827],[-111.92458563355653,40.398628162436928],[-111.92458409423635,40.398627455636536],[-111.92458254791551,40.398626759668872],[-111.92458099222682,40.398626072741386],[-111.9245794295486,40.398625398447884],[-111.92457785867499,40.398624732289584],[-111.92457628198419,40.398624077860376],[-111.92457469593121,40.398623433371959],[-111.92457310405547,40.398622799711966],[-111.92457150517902,40.398622176884786],[-111.92456989812391,40.398621564894633],[-111.92456828406247,40.398620962836674],[-111.92456666300038,40.398620371611457],[-111.92456503612112,40.398619792115326],[-111.92456340341353,40.398619222547076],[-111.9245617625329,40.398618664716572],[-111.92456011700187,40.398618116809565],[-111.92455846447574,40.398617580635992],[-111.9245568061269,40.398617055290899],[-111.92455514195528,40.39861654077432],[-111.9245534707886,40.398616037991054],[-111.92455179497152,40.398615545131435],[-111.92455011451528,40.398615063996665],[-111.9245484270639,40.39861459459523],[-111.92454673496776,40.398614136018004],[-111.92454503704893,40.398613688269272],[-111.92454333567446,40.398613253141662],[-111.92454162847164,40.39861282794196],[-111.92453991545167,40.398612414471373],[-111.92453820014848,40.39861201271701],[-111.92453647902249,40.398611621791161],[-111.924534753263,40.398611243490706],[-111.92453302403105,40.398610875109576],[-111.9245312901711,40.398610520254486],[-111.92452955166087,40.398610175323007],[-111.92452780968934,40.398609842112045],[-111.92452606543455,40.398609520617377],[-111.92452431654064,40.398609210847454],[-111.9245225630131,40.398608913702958],[-111.92452080836912,40.39860862646934],[-111.92451904909156,40.39860835186105],[-111.9245172875307,40.398608088969063],[-111.92451552250864,40.398607837797577],[-111.92451375402536,40.398607598346629],[-111.9245119844368,40.398607370607664],[-111.92451021138703,40.398607154589243],[-111.92450843605403,40.398606950287082],[-111.92450665843776,40.398606757701181],[-111.9245048785438,40.398606577732096],[-111.92450309753899,40.39860640857448],[-111.92450131307854,40.398606252037958],[-111.92449952869077,40.398606107209119],[-111.92449774201978,40.398605974096576],[-111.92449595424345,40.398605852695987],[-111.92449416300592,40.39860574301597],[-111.92449237301905,40.398605645039346],[-111.92356524170027,40.398558298914558],[-111.92347514565456,40.398554606524137],[-111.92341528618714,40.398553156143294],[-111.9233554022185,40.398552504666448],[-111.92329551259414,40.398552652025366],[-111.92323563498707,40.398553599056704],[-111.92317578823157,40.398555343891147],[-111.92311599000062,40.398557887365392],[-111.92305626031774,40.398561229407086],[-111.92299661447207,40.398565366358646],[-111.92293707249267,40.398570299048359],[-111.92287765321383,40.398576025607099],[-111.92281837193055,40.398582543277819],[-111.92275924984418,40.398589851984212],[-111.92270030342213,40.398597948064477],[-111.92264155031519,40.398606828753252],[-111.92258300818551,40.39861649308645],[-111.92252469702888,40.398626936489094],[-111.92246663214029,40.398638156204392],[-111.92240883234318,40.398650148562254],[-111.92235131528871,40.398662910797526],[-111.92229409861679,40.398676438343834],[-111.92223719880069,40.398690728440315],[-111.9221806346473,40.398705774715268],[-111.92212442144084,40.398721572610867],[-111.92186238967129,40.398797207601987],[-111.92182589720208,40.398807653031874],[-111.92045350977912,40.399200464819458],[-111.92039708202338,40.399216559853556],[-111.92040222303966,40.399804074730902],[-111.92156346790713,40.399798411967247],[-111.92163022595724,40.399600249529961],[-111.92378653695826,40.399874095338951]]]},"properties":{"OBJECTID":102,"ID":130,"NAME":"Harvest Village","RECORDEDUNITS":94,"DENSITY":"14","ACRE":9.9625046899999994,"TYPE":"Subdivision","STATUS":"Recorded","NOTE":null,"GlobalID":"{96AC7867-EF1D-4F08-AAE7-DC108BA34B95}","PLANNEDUNITS":120,"EXISTINGUNITS":94,"PREVIOUSNAME":null,"ID_TEXT":"2054","ProjectLink":null,"PLANNER":null,"created_user":null,"created_date":null,"last_edited_user":"SQLSERVICE","last_edited_date":1781076648000,"REMAININGUNITS":null,"DA_Exceptions":null,"ParentID":null,"ACTIVEDATE":null,"Shape.STArea()":433966.7045004851,"Shape.STLength()":3109.7050151089579}},{"type":"Feature","id":103,"geometry":{"type":"Polygon","coordinates":[[[-111.8699690283334,40.289545244031117],[-111.86997792920961,40.289545245558507],[-111.87002894694253,40.289545254166647],[-111.87067793278891,40.289545233625994],[-111.87114041428917,40.289545190713511],[-111.87156958595008,40.289545183491001],[-111.8728054174682,40.289545136306216],[-111.87342844061644,40.289545124805407],[-111.87380831637617,40.28954510123279],[-111.87411160424827,40.289545042558373],[-111.87456065104311,40.289545005716711],[-111.87494435393974,40.289544986891187],[-111.87524361611892,40.289544955312465],[-111.87540742168991,40.289545026974288],[-111.87560987017598,40.289544946224929],[-111.8760588009262,40.289544975147713],[-111.8760354083696,40.289496642559591],[-111.8758787109258,40.289172871257875],[-111.87571922344137,40.288843197754545],[-111.87569290088605,40.288788715897724],[-111.87609130690829,40.288643924815688],[-111.87661785953078,40.288452554817582],[-111.87661739262299,40.288324003520486],[-111.87657427306168,40.288234963285419],[-111.87633145548479,40.287802019077233],[-111.87612755763699,40.287537222124286],[-111.87589420597209,40.287296771296454],[-111.87563873403505,40.28705269037853],[-111.87547974139991,40.286900785239681],[-111.87492138841017,40.286871957829803],[-111.87464948200909,40.286857869705386],[-111.8740717237622,40.286828037717584],[-111.87363277772042,40.286814360508295],[-111.87323609715997,40.28680298824569],[-111.87291022018024,40.286793632104803],[-111.87253121754021,40.286782717075525],[-111.87232975205909,40.286776928876016],[-111.87195777214436,40.286766268799191],[-111.87161735694588,40.286756479809235],[-111.87127693014756,40.28674670157266],[-111.87092733328383,40.286736642545499],[-111.87059299855856,40.28672704831574],[-111.87025254383737,40.28671726898407],[-111.86991213742658,40.286707487606641],[-111.86955377559634,40.286697184737015],[-111.86887466764847,40.286677663771393],[-111.86877425777102,40.286541026795497],[-111.86854390941967,40.286540973013487],[-111.86685272080251,40.286549673740154],[-111.86685276678415,40.286549695211242],[-111.86601960610456,40.286554002380733],[-111.86973141356292,40.289540461969146],[-111.86973676934028,40.289544769914549],[-111.86973731271335,40.289545206808761],[-111.86973738122855,40.289545262431865],[-111.86973746090668,40.28954520724028],[-111.8699690283334,40.289545244031117]]]},"properties":{"OBJECTID":103,"ID":950,"NAME":"Pelican Bay","RECORDEDUNITS":103,"DENSITY":"2.0","ACRE":53.386716610000001,"TYPE":"Subdivision","STATUS":"Recorded","NOTE":null,"GlobalID":"{6A689D8B-1FF4-49FA-BC07-EA2691D82404}","PLANNEDUNITS":103,"EXISTINGUNITS":97,"PREVIOUSNAME":null,"ID_TEXT":"2058","ProjectLink":null,"PLANNER":null,"created_user":null,"created_date":null,"last_edited_user":"SQLSERVICE","last_edited_date":1781076648000,"REMAININGUNITS":null,"DA_Exceptions":null,"ParentID":null,"ACTIVEDATE":null,"Shape.STArea()":2325525.3756321571,"Shape.STLength()":7176.3247201659833}},{"type":"Feature","id":104,"geometry":{"type":"Polygon","coordinates":[[[-111.91069192298112,40.331748378322629],[-111.91213478531273,40.332838914512791],[-111.91224090652774,40.3328388725905],[-111.91224077893872,40.332842699837855],[-111.91226782511724,40.33284026549039],[-111.91317082969762,40.332839578731097],[-111.91514259655358,40.332837955887165],[-111.91514374169631,40.332836606271073],[-111.91514176603268,40.332079297183341],[-111.91561960588211,40.332079125494154],[-111.91562120875322,40.332079125198],[-111.91640648964999,40.332079166117886],[-111.91677966933568,40.332106189746952],[-111.91714416575833,40.332179632196898],[-111.91748934617941,40.332297279941635],[-111.91780662659779,40.332449400950125],[-111.91834031548403,40.332836811270035],[-111.91952671480347,40.332839680955104],[-111.92158333912896,40.332836949536627],[-111.92300608227548,40.332840101979642],[-111.92300607589591,40.332840021846231],[-111.92309112273895,40.332837457917819],[-111.9230902276699,40.329654062176026],[-111.92309010690711,40.329228972177184],[-111.92309010251867,40.329214362970298],[-111.92545660993581,40.329215687865059],[-111.9254585681321,40.329215687040843],[-111.92545187444426,40.325616652384099],[-111.92546088699646,40.318397507688672],[-111.92543724155978,40.318397487504825],[-111.90586162883579,40.318393202154198],[-111.90577670086063,40.318393236819915],[-111.90577670050301,40.318393176478345],[-111.9057765087131,40.318393176243717],[-111.89945797915033,40.318392799414084],[-111.89945364499802,40.318392885380781],[-111.8994505982715,40.318391595273972],[-111.89923113888484,40.318572508982513],[-111.89930699896556,40.318627568787342],[-111.89952580998261,40.318799502952324],[-111.89966409554026,40.318919529164042],[-111.89973087783835,40.318981094426491],[-111.89979605058571,40.319043659461506],[-111.89985959130418,40.319107203633955],[-111.89992147276173,40.319171698219151],[-111.89998167129258,40.319237120784763],[-111.90004016084578,40.319303443502697],[-111.90009692244556,40.319370641222569],[-111.90013023109859,40.319421868050576],[-111.9017405718905,40.321358211919915],[-111.90322912157522,40.323337960239314],[-111.90344392366748,40.323251696154898],[-111.90527953664758,40.322356232560651],[-111.90555246823139,40.322684504718914],[-111.9066221728477,40.323971069335002],[-111.9065793288388,40.324053989606014],[-111.90654260134372,40.324139794451732],[-111.90651218317235,40.324228033418713],[-111.90648823401233,40.324318243275037],[-111.90647087959059,40.324409950442096],[-111.90646021101337,40.324502673480787],[-111.906456284288,40.324595925618944],[-111.90645912002874,40.324689217306776],[-111.90646870334872,40.324782058786845],[-111.90648498393794,40.324873962665208],[-111.90650787632751,40.324964446470076],[-111.90653726033823,40.325053035184695],[-111.90657298171159,40.325139263741036],[-111.90661485291956,40.325222679461305],[-111.90666265414902,40.325302844434361],[-111.9066659616975,40.325309878386733],[-111.90666810246084,40.325317350568163],[-111.90666902139549,40.325325068853083],[-111.9066686948737,40.325332834788092],[-111.90666713129103,40.325340448694597],[-111.90666437085051,40.32534771480298],[-111.90666048452886,40.325354446286255],[-111.90665557225165,40.325360470063778],[-111.90664976032389,40.325365631251493],[-111.90664319818251,40.325369797144383],[-111.90663605455403,40.325372860628526],[-111.90575273347967,40.325797877333613],[-111.90573888013319,40.325803147201171],[-111.90572433069114,40.325805975707723],[-111.90570951198016,40.325806279875401],[-111.90569485872621,40.325804050781052],[-111.90568080080135,40.325799353818027],[-111.90566775061291,40.32579232677778],[-111.90565609100496,40.325783175807587],[-111.90539319110505,40.325926430084095],[-111.90568920870052,40.326250504701967],[-111.90573347020729,40.32629861164628],[-111.90574133456533,40.326293668668868],[-111.90574138279516,40.32629366579954],[-111.90574146805341,40.326293755567193],[-111.90624259792074,40.326819121979099],[-111.9064067976233,40.326730570623731],[-111.9072307679828,40.326286204042461],[-111.90746781537891,40.325990653477461],[-111.90758946731827,40.326044518233623],[-111.9077136800788,40.326092181599343],[-111.90784013777053,40.326133522360209],[-111.90796851879439,40.326168435381042],[-111.90809849665995,40.326196831873283],[-111.90822974081584,40.326218639620791],[-111.90836191749034,40.326233803163504],[-111.90849469054018,40.326242283938463],[-111.90862772230545,40.32624406037791],[-111.90876067446828,40.326239127964115],[-111.90889320891326,40.326227499240886],[-111.90902498858726,40.32620920378163],[-111.90915567835665,40.326184288114206],[-111.9092849458596,40.326152815602526],[-111.90941246235126,40.326114866285479],[-111.91006044013716,40.327409978408191],[-111.91018688781155,40.32787169254776],[-111.91020290646726,40.328116635471808],[-111.91025603666714,40.328483948111973],[-111.9103970384478,40.328945610784153],[-111.91070861742099,40.329946786015938],[-111.91132280352193,40.330451328100416],[-111.91120830111052,40.330769116749202],[-111.91157031346216,40.330970449409165],[-111.91079258937212,40.331612110602293],[-111.91069192298112,40.331748378322629]]]},"properties":{"OBJECTID":104,"ID":102,"NAME":"Jacobs Ranch","RECORDEDUNITS":490,"DENSITY":"2.6","ACRE":609.15657234000003,"TYPE":"Subdivision","STATUS":"Recorded","NOTE":null,"GlobalID":"{AAC5CE35-1AC7-43DE-A7BB-4B43FCE54B8A}","PLANNEDUNITS":1605,"EXISTINGUNITS":487,"PREVIOUSNAME":null,"ID_TEXT":"2059","ProjectLink":null,"PLANNER":null,"created_user":null,"created_date":null,"last_edited_user":"SQLSERVICE","last_edited_date":1781076648000,"REMAININGUNITS":null,"DA_Exceptions":null,"ParentID":null,"ACTIVEDATE":null,"Shape.STArea()":26534860.291221187,"Shape.STLength()":25382.290547978519}},{"type":"Feature","id":105,"geometry":{"type":"Polygon","coordinates":[[[-111.90989463738121,40.347131770221523],[-111.90923242528908,40.347480165614982],[-111.90923426157983,40.347480163689958],[-111.90923300941994,40.347480409442248],[-111.90776704793959,40.34825161619186],[-111.9077622904128,40.34874557790161],[-111.90731744274269,40.349255041571567],[-111.90678282691597,40.350282576916811],[-111.90672503766282,40.351238630238463],[-111.90681358015668,40.352263696366599],[-111.90299746747441,40.352456571293452],[-111.90195709260867,40.354755420977142],[-111.91613261702031,40.354693207032625],[-111.91618903366171,40.347950266623116],[-111.9161875558691,40.347472100070988],[-111.91618752500727,40.347472057851213],[-111.91618700708149,40.347472058794452],[-111.91618714989798,40.347471928595191],[-111.91617863758592,40.347106584716244],[-111.90989463738121,40.347131770221523]]]},"properties":{"OBJECTID":105,"ID":168,"NAME":"Legacy Farms","RECORDEDUNITS":856,"DENSITY":null,"ACRE":181.83696301000001,"TYPE":"Subdivision","STATUS":"Recorded","NOTE":null,"GlobalID":"{C9CD0A34-AFD1-4F1A-BF30-70AF58C7D047}","PLANNEDUNITS":856,"EXISTINGUNITS":856,"PREVIOUSNAME":null,"ID_TEXT":"2060","ProjectLink":null,"PLANNER":null,"created_user":null,"created_date":null,"last_edited_user":"SQLSERVICE","last_edited_date":1781076648000,"REMAININGUNITS":null,"DA_Exceptions":null,"ParentID":999,"ACTIVEDATE":null,"Shape.STArea()":7920818.1088079335,"Shape.STLength()":12667.826476007818}},{"type":"Feature","id":106,"geometry":{"type":"Polygon","coordinates":[[[-111.94339304284125,40.367973056894492],[-111.94339306035116,40.367973033411815],[-111.94336865908002,40.364207807672649],[-111.94062099157439,40.365155091378803],[-111.94062584009298,40.36798732348938],[-111.94339304284125,40.367973056894492]]]},"properties":{"OBJECTID":106,"ID":996,"NAME":"West Lake Estates","RECORDEDUNITS":4,"DENSITY":null,"ACRE":21.212735590000001,"TYPE":"Minor Subdivision","STATUS":"Recorded","NOTE":null,"GlobalID":"{38EA37D4-834D-4FA0-BC6B-CF730BDCEA56}","PLANNEDUNITS":4,"EXISTINGUNITS":2,"PREVIOUSNAME":null,"ID_TEXT":"2062","ProjectLink":null,"PLANNER":null,"created_user":null,"created_date":null,"last_edited_user":"SQLSERVICE","last_edited_date":1781076648000,"REMAININGUNITS":null,"DA_Exceptions":null,"ParentID":null,"ACTIVEDATE":null,"Shape.STArea()":924026.76219329122,"Shape.STLength()":4014.2784538351807}},{"type":"Feature","id":107,"geometry":{"type":"Polygon","coordinates":[[[-111.91857929243325,40.335080068243592],[-111.91857902094134,40.33507685755341],[-111.91856691828738,40.334969954154353],[-111.91853712717119,40.334713744754765],[-111.91850778321961,40.33446114707197],[-111.91844907780956,40.33395625430024],[-111.91844872592876,40.333956255560025],[-111.91691231097953,40.332839611823786],[-111.91562914554869,40.332837549699398],[-111.91562140887677,40.332837556497182],[-111.91317082969762,40.332839578731097],[-111.91226782511724,40.33284026549039],[-111.91224549208609,40.332842276126883],[-111.9142076742809,40.33432392571153],[-111.91420748126944,40.334323925494914],[-111.91420762389912,40.334323962816079],[-111.91482586928544,40.33479078277248],[-111.9149319026491,40.33487384459243],[-111.91503446018464,40.334961161784577],[-111.91513337123226,40.335052589049653],[-111.91522847120005,40.335147974249068],[-111.91531960183791,40.335247158658056],[-111.91534764432168,40.335279601627128],[-111.91601559695742,40.335238360113031],[-111.91731050918563,40.335158343733831],[-111.91857929243325,40.335080068243592]]]},"properties":{"OBJECTID":107,"ID":104,"NAME":"Lake View Terrace","RECORDEDUNITS":68,"DENSITY":"2.8","ACRE":23.656459099999999,"TYPE":"Subdivision","STATUS":"Recorded","NOTE":null,"GlobalID":"{C91FDCD0-B7F4-431C-9B83-4520D9B6242D}","PLANNEDUNITS":69,"EXISTINGUNITS":68,"PREVIOUSNAME":null,"ID_TEXT":"2063","ProjectLink":null,"PLANNER":null,"created_user":null,"created_date":null,"last_edited_user":"SQLSERVICE","last_edited_date":1781076648000,"REMAININGUNITS":null,"DA_Exceptions":null,"ParentID":null,"ACTIVEDATE":null,"Shape.STArea()":1030475.3582465916,"Shape.STLength()":4447.7050190482914}},{"type":"Feature","id":108,"geometry":{"type":"Polygon","coordinates":[[[-111.89453871182792,40.367252147165615],[-111.89451197829162,40.365062726496923],[-111.89451306211289,40.365062013148204],[-111.89691053671181,40.365058105801104],[-111.8968872182099,40.362230608016759],[-111.89379948662533,40.362244027149941],[-111.89165183498093,40.362268586488483],[-111.89076537105257,40.362271552344367],[-111.8873468294689,40.362282926877668],[-111.88734632148007,40.362192365315948],[-111.88734376244773,40.360543897287691],[-111.88545175675139,40.360474317056479],[-111.88301074640577,40.360091843585174],[-111.8821513431772,40.360038276432924],[-111.88225517855538,40.362265673670457],[-111.88654681668764,40.362285577034676],[-111.88662932405826,40.362285301547132],[-111.88663245503601,40.362834160793497],[-111.88664517905055,40.365090959232539],[-111.88664463096053,40.365102105367178],[-111.88671151158249,40.365099762334104],[-111.88894827548512,40.365098585932394],[-111.88899776698091,40.36506874393298],[-111.88971517704668,40.36505856204559],[-111.88972868220144,40.365606955708799],[-111.88901359484019,40.36561746406246],[-111.889018863416,40.365939182742594],[-111.88902127364061,40.366057423941776],[-111.88665663925048,40.366057715915304],[-111.8866498610942,40.366844473631765],[-111.88664921722899,40.366853467586267],[-111.88664631474039,40.367315143082905],[-111.88801312395194,40.367310519445361],[-111.88801695791432,40.367790744336745],[-111.88907645689046,40.367796647187824],[-111.88908001014902,40.368735723310451],[-111.88902425497757,40.36873547200296],[-111.88902300854659,40.368705538537419],[-111.88849609818485,40.368707291125212],[-111.88849658375494,40.368733081555405],[-111.88741270452233,40.368728180017477],[-111.88741259835018,40.368710886606074],[-111.88741227678362,40.368653269412484],[-111.88663798415666,40.368655848238461],[-111.88662608802699,40.370467062392592],[-111.88659370472388,40.370467169451146],[-111.88659437591869,40.370588027160487],[-111.88659887209764,40.371383864300007],[-111.88660503671974,40.372263839015616],[-111.88971257117934,40.372244588712896],[-111.88970132929271,40.374568024809449],[-111.89223448116368,40.374572369517367],[-111.89217497909182,40.371454096303445],[-111.89220112140858,40.371452865741887],[-111.89219625813008,40.370604569481763],[-111.89212873605386,40.370609926761269],[-111.89141114936298,40.370612330747235],[-111.89139812040962,40.370053175916794],[-111.89219075140944,40.370050495119365],[-111.89218473086908,40.369542955765311],[-111.89453755490139,40.369526351319827],[-111.89508756503731,40.369516313130887],[-111.89508147239873,40.368839536982534],[-111.89506992921984,40.36755714934116],[-111.8946715667056,40.367561394527428],[-111.89467569018009,40.367280955200783],[-111.89453871182792,40.367252147165615]]]},"properties":{"OBJECTID":108,"ID":1010,"NAME":"Northshore","RECORDEDUNITS":1778,"DENSITY":null,"ACRE":210.02332443,"TYPE":"MDA","STATUS":"Approved","NOTE":null,"GlobalID":"{BB0801A3-99D2-4B38-9F89-BF7811F361FD}","PLANNEDUNITS":1778,"EXISTINGUNITS":1557,"PREVIOUSNAME":null,"ID_TEXT":"2064","ProjectLink":"https://www.saratogaspringscity.com/DocumentCenter/View/3765/Northshore-Neighborhood-Plan-Approved-April-16-2019","PLANNER":"Sarah Carroll","created_user":null,"created_date":null,"last_edited_user":"SQLSERVICE","last_edited_date":1781076648000,"REMAININGUNITS":null,"DA_Exceptions":null,"ParentID":null,"ACTIVEDATE":null,"Shape.STArea()":9148616.0121609904,"Shape.STLength()":22561.796952815679}},{"type":"Feature","id":109,"geometry":{"type":"Polygon","coordinates":[[[-111.91878211512022,40.338649033157367],[-111.91866943482071,40.338710415999856],[-111.91837001565806,40.338297202106958],[-111.9181455968274,40.338147170654146],[-111.91814502100341,40.338146352236954],[-111.91814434779886,40.338146354645239],[-111.91788475252747,40.338146967803738],[-111.91723052237315,40.338149304943485],[-111.91698486739963,40.338150181563599],[-111.91640786388719,40.338152238570856],[-111.91614057518139,40.338153489495255],[-111.91604335766111,40.338153537461579],[-111.91604278802085,40.33815353858855],[-111.91610571304642,40.3392822313834],[-111.91610525480814,40.339282747276179],[-111.91610573995278,40.339282785176977],[-111.91615287986242,40.34022155784713],[-111.91887307976272,40.340227453249533],[-111.91886715946639,40.339272202659529],[-111.91885870426546,40.33927223475964],[-111.91878584418639,40.339272530950062],[-111.91878592633597,40.339272491928504],[-111.91878211575943,40.338649137628543],[-111.91878211512022,40.338649033157367]]]},"properties":{"OBJECTID":109,"ID":126,"NAME":"Hillside Ridge","RECORDEDUNITS":35,"DENSITY":null,"ACRE":12.74956175,"TYPE":"Subdivision","STATUS":"Recorded","NOTE":null,"GlobalID":"{F99913DA-A1E5-4E20-8D0D-9E7DFD82E76A}","PLANNEDUNITS":35,"EXISTINGUNITS":35,"PREVIOUSNAME":null,"ID_TEXT":"2065","ProjectLink":null,"PLANNER":null,"created_user":null,"created_date":null,"last_edited_user":"SQLSERVICE","last_edited_date":1781076648000,"REMAININGUNITS":null,"DA_Exceptions":null,"ParentID":null,"ACTIVEDATE":null,"Shape.STArea()":555370.90992304869,"Shape.STLength()":2990.3016451810049}},{"type":"Feature","id":110,"geometry":{"type":"Polygon","coordinates":[[[-111.92652610520497,40.33284051243578],[-111.92672125066684,40.332036858243683],[-111.92673984078878,40.331364356740629],[-111.92662759904037,40.331325180861576],[-111.92651618796931,40.331284634677829],[-111.92640564757565,40.331242715344025],[-111.92629600734634,40.331199432661897],[-111.92608084474553,40.33110941424907],[-111.92586872491523,40.331013734662619],[-111.92576230239716,40.330962998699675],[-111.92565865444909,40.330911794110698],[-111.92546153276314,40.330809201715688],[-111.92545776795171,40.332838148696055],[-111.92652610520497,40.33284051243578]]]},"properties":{"OBJECTID":110,"ID":157,"NAME":"Landrock Connection","RECORDEDUNITS":12,"DENSITY":null,"ACRE":4.9393108799999998,"TYPE":"Subdivision","STATUS":"Recorded","NOTE":null,"GlobalID":"{7D4EAD25-01F7-4B00-BE82-853E82613550}","PLANNEDUNITS":11,"EXISTINGUNITS":12,"PREVIOUSNAME":null,"ID_TEXT":"2066","ProjectLink":null,"PLANNER":null,"created_user":null,"created_date":null,"last_edited_user":"SQLSERVICE","last_edited_date":1781076648000,"REMAININGUNITS":null,"DA_Exceptions":null,"ParentID":null,"ACTIVEDATE":null,"Shape.STArea()":215156.38177553023,"Shape.STLength()":1990.1380225810358}},{"type":"Feature","id":111,"geometry":{"type":"Polygon","coordinates":[[[-111.90851558874111,40.383939143843392],[-111.91032171164724,40.383930149695466],[-111.91063436981548,40.383928590441705],[-111.91403690305421,40.383911562060817],[-111.91475289902857,40.383907966253084],[-111.91475290090702,40.383907693358687],[-111.91475290287826,40.383907435774482],[-111.91475741746798,40.383335308299266],[-111.91475701371944,40.38333514942066],[-111.91466981130668,40.3833342706899],[-111.91444766298579,40.383333205475061],[-111.91354826132192,40.383328876842043],[-111.9135482545163,40.383329699131934],[-111.90930733236087,40.38331020222919],[-111.90931230310021,40.383306186984278],[-111.90929929584378,40.383306125328041],[-111.90851558874111,40.383939143843392]]]},"properties":{"OBJECTID":111,"ID":160,"NAME":"Jordan Ridge Condos","RECORDEDUNITS":72,"DENSITY":null,"ACRE":8.1886988400000007,"TYPE":"Subdivision","STATUS":"Recorded","NOTE":null,"GlobalID":"{8313C357-BFF9-485A-BAE4-A570E598576C}","PLANNEDUNITS":72,"EXISTINGUNITS":72,"PREVIOUSNAME":null,"ID_TEXT":"2067","ProjectLink":null,"PLANNER":null,"created_user":null,"created_date":null,"last_edited_user":"SQLSERVICE","last_edited_date":1781076648000,"REMAININGUNITS":null,"DA_Exceptions":null,"ParentID":null,"ACTIVEDATE":null,"Shape.STArea()":356699.72144494264,"Shape.STLength()":3787.9855371279878}},{"type":"Feature","id":112,"geometry":{"type":"Polygon","coordinates":[[[-111.91989254622831,40.392915071247714],[-111.91996517155515,40.39291481054476],[-111.91996520075314,40.392914769912124],[-111.92033941132964,40.3924052184217],[-111.92033943826554,40.392405193107649],[-111.92058679578422,40.392068368363766],[-111.92118795858045,40.391249753289109],[-111.92116679035394,40.39124982950446],[-111.92115080582228,40.391249887053604],[-111.92099318427552,40.39125045442173],[-111.91730078375197,40.391263680168763],[-111.91710409183558,40.391264381666311],[-111.9170986925928,40.391264400917933],[-111.91709583042876,40.391264411123217],[-111.91709584007121,40.391264447113542],[-111.91732128148924,40.39208006440802],[-111.91741409418158,40.392415676082898],[-111.91741405186637,40.392415690643766],[-111.91755434326311,40.392923438793531],[-111.91755440097894,40.39292343858753],[-111.91757047071167,40.392923381227135],[-111.91989254622831,40.392915071247714]]]},"properties":{"OBJECTID":112,"ID":220,"NAME":"Sergeant Court","RECORDEDUNITS":96,"DENSITY":" ","ACRE":12.577875730000001,"TYPE":"Mixed Use","STATUS":"Recorded","NOTE":"5 ERUs added for commercial","GlobalID":"{AE47D8F3-F9D3-46B3-AD09-43EA937D745A}","PLANNEDUNITS":96,"EXISTINGUNITS":96,"PREVIOUSNAME":null,"ID_TEXT":"2070","ProjectLink":null,"PLANNER":null,"created_user":null,"created_date":null,"last_edited_user":"SQLSERVICE","last_edited_date":1781076648000,"REMAININGUNITS":null,"DA_Exceptions":null,"ParentID":null,"ACTIVEDATE":null,"Shape.STArea()":547892.26660882705,"Shape.STLength()":3124.726477024964}},{"type":"Feature","id":113,"geometry":{"type":"Polygon","coordinates":[[[-111.92315386423701,40.369446950403514],[-111.92314987095564,40.36946344898211],[-111.92301986105063,40.37000061219976],[-111.92301071356179,40.370038406662616],[-111.92301455338041,40.370056683550565],[-111.92316008233425,40.370749390852083],[-111.92316088892701,40.370753006640754],[-111.92331322582102,40.371435442568028],[-111.9234991027995,40.372315996559685],[-111.92356270622213,40.372616027794336],[-111.92335128032619,40.373007005565654],[-111.92646634647222,40.372996484488326],[-111.92965874490709,40.372981122043527],[-111.93371434570865,40.372961474625583],[-111.93376102602015,40.372687671235582],[-111.93440104976766,40.369888745114892],[-111.93468215636098,40.369315719958749],[-111.93160193303966,40.369331731169602],[-111.92964380444892,40.369342884745635],[-111.92888229615409,40.369346577101332],[-111.92645200372264,40.369358328100596],[-111.92315425140536,40.369360486354324],[-111.92315386423701,40.369446950403514]]]},"properties":{"OBJECTID":113,"ID":121,"NAME":"Sierra Estates","RECORDEDUNITS":188,"DENSITY":" ","ACRE":92.102961730000004,"TYPE":"Subdivision","STATUS":"Pending","NOTE":null,"GlobalID":"{C8929D2C-D4A4-4810-A94F-100E0885B6B4}","PLANNEDUNITS":242,"EXISTINGUNITS":188,"PREVIOUSNAME":null,"ID_TEXT":"2071","ProjectLink":"https://www.saratogaspringscity.com/DocumentCenter/View/7561/Sierra-Estates-Phase-3-Preliminary-Plat-Planner-Sarah-Updated-January-2021","PLANNER":"Sarah Carroll","created_user":null,"created_date":null,"last_edited_user":"SQLSERVICE","last_edited_date":1781076648000,"REMAININGUNITS":54,"DA_Exceptions":null,"ParentID":null,"ACTIVEDATE":null,"Shape.STArea()":4012005.0128898183,"Shape.STLength()":8814.3698962655035}},{"type":"Feature","id":114,"geometry":{"type":"Polygon","coordinates":[[[-111.90772629630824,40.392478917784544],[-111.90864737736818,40.392495988406147],[-111.90957471081276,40.392455370601198],[-111.90957474613798,40.392455368676259],[-111.91162424292314,40.392347437406158],[-111.91162427276608,40.392344763369614],[-111.91162314102669,40.392344994307344],[-111.91163304187567,40.391000879428432],[-111.91163373583656,40.390912262547637],[-111.91163373670005,40.390912210308805],[-111.91163874877375,40.390232026577024],[-111.91164217020827,40.389988157920051],[-111.91163887298508,40.389988283000818],[-111.91163892830029,40.389984753285759],[-111.90988024308633,40.390055374339639],[-111.90956264690519,40.390074318074227],[-111.90956830427284,40.390882312348687],[-111.9095693948084,40.391308295948861],[-111.90957205454373,40.39163952188067],[-111.9076097854292,40.391646355962088],[-111.90768708587029,40.392020772919011],[-111.90772629630824,40.392478917784544]]]},"properties":{"OBJECTID":114,"ID":162,"NAME":"River Heights","RECORDEDUNITS":53,"DENSITY":"10.0","ACRE":15.105487630000001,"TYPE":"Mixed Use","STATUS":"Recorded","NOTE":"5 ERUs calced for commercial but not added here","GlobalID":"{D3ABD6FA-FA0E-4AA7-9F92-1E283B09DD66}","PLANNEDUNITS":89,"EXISTINGUNITS":53,"PREVIOUSNAME":null,"ID_TEXT":"2072","ProjectLink":null,"PLANNER":null,"created_user":null,"created_date":null,"last_edited_user":"SQLSERVICE","last_edited_date":1781076648000,"REMAININGUNITS":null,"DA_Exceptions":null,"ParentID":null,"ACTIVEDATE":null,"Shape.STArea()":657995.04109674902,"Shape.STLength()":3951.0750212799539}},{"type":"Feature","id":115,"geometry":{"type":"Polygon","coordinates":[[[-111.91163892475598,40.389984751496982],[-111.91166384359173,40.388408197998963],[-111.91166747843414,40.388408212225414],[-111.91167587546275,40.387643179549798],[-111.90962361948382,40.387668437198165],[-111.90965372222966,40.389386934210712],[-111.90965369859062,40.389387117118886],[-111.90986759229699,40.389384671994797],[-111.90988024308633,40.390055374339639],[-111.91163892475598,40.389984751496982]]]},"properties":{"OBJECTID":115,"ID":114,"NAME":"Summer Village","RECORDEDUNITS":112,"DENSITY":"10.0","ACRE":10.773056739999999,"TYPE":"Mixed Use","STATUS":"Recorded","NOTE":"5 ERUs calced for commercial but not added here","GlobalID":"{154D5E13-FBCB-462C-B7AE-7E1B82192CED}","PLANNEDUNITS":112,"EXISTINGUNITS":112,"PREVIOUSNAME":null,"ID_TEXT":"2073","ProjectLink":null,"PLANNER":null,"created_user":null,"created_date":null,"last_edited_user":"SQLSERVICE","last_edited_date":1781076648000,"REMAININGUNITS":null,"DA_Exceptions":null,"ParentID":null,"ACTIVEDATE":null,"Shape.STArea()":469274.35139928095,"Shape.STLength()":2846.4766825519177}},{"type":"Feature","id":116,"geometry":{"type":"Polygon","coordinates":[[[-111.91159054519619,40.384968655685292],[-111.91158977025705,40.383983229591955],[-111.91158016352017,40.383922577855962],[-111.91148494156155,40.383926269493145],[-111.90883402690754,40.383938695889775],[-111.90853336847472,40.384113338970181],[-111.90824243222531,40.384381152409588],[-111.90812600554592,40.384488324407805],[-111.90807730086085,40.384533157843897],[-111.90783817825482,40.38472758262899],[-111.90768155352117,40.384847812801063],[-111.90768230397076,40.384850220241901],[-111.9075379482517,40.385021980495281],[-111.90727604184704,40.385382117181315],[-111.90690495819757,40.385710474684871],[-111.90667446819096,40.385881501306159],[-111.90656118607599,40.385926291101221],[-111.90720070334611,40.386228785429211],[-111.90720319761549,40.386230519442933],[-111.90745663154424,40.386230654597895],[-111.90745662610389,40.386229741389613],[-111.91158887691948,40.386215275803195],[-111.91159185951487,40.386213980125127],[-111.91159054519619,40.384968655685292]]]},"properties":{"OBJECTID":116,"ID":136,"NAME":"The Cove At Jordan River","RECORDEDUNITS":181,"DENSITY":"8.2","ACRE":21.414417709999999,"TYPE":"Subdivision","STATUS":"Recorded","NOTE":"1 ERU added for the clubhouse","GlobalID":"{379A72DA-97D2-4634-BA5A-3556DF4D0C58}","PLANNEDUNITS":181,"EXISTINGUNITS":181,"PREVIOUSNAME":null,"ID_TEXT":"2074","ProjectLink":null,"PLANNER":null,"created_user":null,"created_date":null,"last_edited_user":"SQLSERVICE","last_edited_date":1781076648000,"REMAININGUNITS":null,"DA_Exceptions":null,"ParentID":null,"ACTIVEDATE":null,"Shape.STArea()":932812.03545185016,"Shape.STLength()":4004.8790919797148}},{"type":"Feature","id":117,"geometry":{"type":"Polygon","coordinates":[[[-111.86323917628529,40.360517992161711],[-111.86266102850867,40.360530577182224],[-111.86147385543396,40.360585825799227],[-111.86100714701998,40.36058329323658],[-111.86096545254381,40.364920052987621],[-111.86432395437885,40.364960654858969],[-111.86432492084889,40.364915955720441],[-111.86456208101973,40.364914978802176],[-111.86456126646578,40.364980425125765],[-111.86706144028672,40.364972603629482],[-111.86706138883171,40.364960159879047],[-111.86696664186894,40.364959433249524],[-111.86697775236632,40.364853485981655],[-111.86698002040679,40.364832257476387],[-111.8669779630771,40.364771161143018],[-111.86697440900058,40.364666113681551],[-111.86698739955834,40.36406229313917],[-111.86699022508759,40.363897623261821],[-111.86698938774774,40.363743931765505],[-111.86699041538265,40.363595724610121],[-111.86699940116048,40.363293901894359],[-111.8670036292484,40.363145760323761],[-111.8670081515897,40.362992117712054],[-111.86701017762383,40.362854891394711],[-111.86701281155098,40.362290608864242],[-111.86701854671159,40.361063060688402],[-111.86602335728007,40.360887311723815],[-111.86546534525588,40.360825384836993],[-111.8646626635788,40.36063268240499],[-111.86431235338621,40.360548516796136],[-111.863897468535,40.360503583292129],[-111.86323917628529,40.360517992161711]]]},"properties":{"OBJECTID":117,"ID":120,"NAME":"Loch Lomond","RECORDEDUNITS":217,"DENSITY":"4.1","ACRE":60.05537897,"TYPE":"Subdivision","STATUS":"Recorded","NOTE":null,"GlobalID":"{FD253673-B42B-475D-B5EB-0C10F36FFF61}","PLANNEDUNITS":217,"EXISTINGUNITS":217,"PREVIOUSNAME":null,"ID_TEXT":"2078","ProjectLink":null,"PLANNER":null,"created_user":null,"created_date":null,"last_edited_user":"SQLSERVICE","last_edited_date":1781076648000,"REMAININGUNITS":null,"DA_Exceptions":null,"ParentID":null,"ACTIVEDATE":null,"Shape.STArea()":2616012.3078900231,"Shape.STLength()":6470.7954117631589}},{"type":"Feature","id":118,"geometry":{"type":"Polygon","coordinates":[[[-111.86954102097545,40.36694304480077],[-111.86954101632411,40.366943055622961],[-111.87116208516932,40.366939364307648],[-111.87115215690096,40.365109271062877],[-111.86950059813091,40.365105896072542],[-111.86954102097545,40.36694304480077]]]},"properties":{"OBJECTID":118,"ID":1007,"NAME":"Willow Glen","RECORDEDUNITS":19,"DENSITY":"2.72","ACRE":6.9917483200000001,"TYPE":"Subdivision","STATUS":"Recorded","NOTE":null,"GlobalID":"{5658EEF6-C344-4E7C-AB16-86F98325F860}","PLANNEDUNITS":19,"EXISTINGUNITS":19,"PREVIOUSNAME":null,"ID_TEXT":"2081","ProjectLink":null,"PLANNER":null,"created_user":null,"created_date":null,"last_edited_user":"SQLSERVICE","last_edited_date":1781076648000,"REMAININGUNITS":null,"DA_Exceptions":null,"ParentID":null,"ACTIVEDATE":null,"Shape.STArea()":304560.55678150139,"Shape.STLength()":2247.942217621659}},{"type":"Feature","id":119,"geometry":{"type":"Polygon","coordinates":[[[-111.9057765087131,40.318393176243717],[-111.90576997903,40.314786018979923],[-111.89612286811696,40.314813427616023],[-111.8961611204379,40.316832248726605],[-111.89616125500937,40.316832324824652],[-111.89623356564047,40.31687295423054],[-111.89630707273604,40.316912530289407],[-111.89638160751365,40.316950961706439],[-111.89866643837946,40.318103959653769],[-111.89874030176968,40.318142018086128],[-111.89881285718404,40.318180941946096],[-111.89888512586248,40.318221326674617],[-111.89895603695744,40.318262543679957],[-111.8990259081163,40.318304788219173],[-111.89909950275823,40.318351170140879],[-111.89916244080007,40.318392289963349],[-111.89916285025876,40.318392692951242],[-111.8994505982715,40.318391595273972],[-111.9057765087131,40.318393176243717]]]},"properties":{"OBJECTID":119,"ID":101,"NAME":"Summerhill","RECORDEDUNITS":188,"DENSITY":"2.6","ACRE":75.065171329999998,"TYPE":"Subdivision","STATUS":"Recorded","NOTE":null,"GlobalID":"{073EA0EC-89E3-4C25-A164-20D9EF40D18E}","PLANNEDUNITS":188,"EXISTINGUNITS":187,"PREVIOUSNAME":null,"ID_TEXT":"2082","ProjectLink":null,"PLANNER":null,"created_user":null,"created_date":null,"last_edited_user":"SQLSERVICE","last_edited_date":1781076648000,"REMAININGUNITS":null,"DA_Exceptions":null,"ParentID":null,"ACTIVEDATE":null,"Shape.STArea()":3269838.8631468001,"Shape.STLength()":7596.0767449674649}},{"type":"Feature","id":121,"geometry":{"type":"Polygon","coordinates":[[[-111.87841582934799,40.295642828749706],[-111.87841578592794,40.295642846903249],[-111.8782257260829,40.295297227860353],[-111.87694718711757,40.295836759280135],[-111.8769079154479,40.295744037720326],[-111.87675637334721,40.295456325028653],[-111.87673124661075,40.295408584573579],[-111.87662490591481,40.29520670228019],[-111.8764908319838,40.294952195469371],[-111.87634663193988,40.294678431115734],[-111.87630391224067,40.294621943442593],[-111.87614816231236,40.294416310138317],[-111.87587674656422,40.294206730280244],[-111.87560300146251,40.293995256913696],[-111.87556900163457,40.293975178292818],[-111.87543905291967,40.293898521593469],[-111.8751343677864,40.293694457989353],[-111.87503620046685,40.29362870914531],[-111.87490804526489,40.293457032604728],[-111.87472782104082,40.293215484347158],[-111.87454375332975,40.292968804540301],[-111.87437029237316,40.292736302606819],[-111.87435436081448,40.292714947144603],[-111.87413249885833,40.292460596303172],[-111.87407725580648,40.292307778909993],[-111.87387310940569,40.292073934337289],[-111.87384241959835,40.292038774121764],[-111.8749591733873,40.291614415045828],[-111.87490799389298,40.291555700560799],[-111.87516055259704,40.291447421083276],[-111.87519211227675,40.291433893797851],[-111.87526073249325,40.291504091194653],[-111.87567430193862,40.29192866869662],[-111.87584353606965,40.292131426854866],[-111.87635893061532,40.292786760723033],[-111.87684798086178,40.29340886146651],[-111.87687243376087,40.293440069164781],[-111.87700327973729,40.2936065183492],[-111.87717117402927,40.293522219103636],[-111.8775296075878,40.293390312804732],[-111.87786657992203,40.293286690219503],[-111.87819382731642,40.29317468251881],[-111.8785211222478,40.29306253053732],[-111.87884843139727,40.292950377585271],[-111.87924027599001,40.292816085297289],[-111.87928903932213,40.292814434597609],[-111.87966207334063,40.292686583932557],[-111.87979281410375,40.292641771523826],[-111.87979281968983,40.292641718367584],[-111.87959835554383,40.292337314663001],[-111.87933799593247,40.291931761531096],[-111.87910783544547,40.291661895536208],[-111.87880717698256,40.291310559293059],[-111.87858460180622,40.291049575010341],[-111.87855031486855,40.291009150792213],[-111.87798069707617,40.290357124224975],[-111.87743251284213,40.289729576223365],[-111.87740736987726,40.289700793576138],[-111.87735800694195,40.289699100438192],[-111.87381079659906,40.289700008826095],[-111.87376143937671,40.289712492111384],[-111.87375123814554,40.289718394261151],[-111.8737347945287,40.289733004911021],[-111.87372412305012,40.289751015940112],[-111.87363002129833,40.290068356791821],[-111.87151711398359,40.291004578508343],[-111.87133324334822,40.291086054629986],[-111.87140538015345,40.29113989639955],[-111.87140451118803,40.291142754207193],[-111.87148102610556,40.291201002373725],[-111.87218093902192,40.291854547361062],[-111.87259806592274,40.292281309283013],[-111.87277048462175,40.292533684505024],[-111.87290689842195,40.29281026665042],[-111.87305732953611,40.293034532242643],[-111.87323269307919,40.293210646967452],[-111.87353373554438,40.293512977585429],[-111.87375284735853,40.293864065683394],[-111.87386160496034,40.294038330955026],[-111.87403437635101,40.2942321521925],[-111.8743617489084,40.294478060999573],[-111.87497457988638,40.294888489486148],[-111.87511602830759,40.295020067955029],[-111.87516584432183,40.295096483427777],[-111.87563840567505,40.295943488394791],[-111.87595433526573,40.29665365182543],[-111.87612987690488,40.296581577425705],[-111.8765757055655,40.296398380340861],[-111.8767674962628,40.296319798575993],[-111.87694217259556,40.296247893253245],[-111.87743392329951,40.296948174328556],[-111.877458146482,40.296982669065194],[-111.87835189328453,40.296616270719468],[-111.87884063295687,40.296415510230418],[-111.87882047766477,40.296378850042046],[-111.87841582934799,40.295642828749706]]]},"properties":{"OBJECTID":121,"ID":117,"NAME":"Harbor Bay","RECORDEDUNITS":144,"DENSITY":"3.2","ACRE":60.259491220000001,"TYPE":"Subdivision","STATUS":"Recorded","NOTE":null,"GlobalID":"{F3CA385D-5AAB-4154-9BBB-84F1F8181A50}","PLANNEDUNITS":120,"EXISTINGUNITS":143,"PREVIOUSNAME":null,"ID_TEXT":"2087","ProjectLink":null,"PLANNER":null,"created_user":null,"created_date":null,"last_edited_user":"SQLSERVICE","last_edited_date":1781076648000,"REMAININGUNITS":null,"DA_Exceptions":null,"ParentID":null,"ACTIVEDATE":null,"Shape.STArea()":2624903.4376959815,"Shape.STLength()":11416.622372469523}},{"type":"Feature","id":122,"geometry":{"type":"Polygon","coordinates":[[[-111.92607733361439,40.393085800512047],[-111.929207942818,40.393070410557712],[-111.92920951012984,40.393093794743869],[-111.92921070447919,40.393093787659886],[-111.92925368025836,40.393752853074631],[-111.92925368679224,40.393752955721034],[-111.92932487776528,40.394815160591882],[-111.93399712262962,40.394842390316448],[-111.9341726209005,40.394553929766204],[-111.93423907503109,40.3942092744376],[-111.93435041665366,40.393325504803684],[-111.93466473120613,40.392915278569866],[-111.93479587593401,40.392233986207323],[-111.9354531493845,40.391828079785355],[-111.93544959657766,40.391269170218358],[-111.93544890452351,40.391157334006017],[-111.93345839094306,40.391162878626588],[-111.93107903281491,40.391169534759342],[-111.92950080311101,40.391175286928409],[-111.92948957936603,40.391175315528514],[-111.9294181664598,40.391215301262406],[-111.92607733361439,40.393085800512047]]]},"properties":{"OBJECTID":122,"ID":118,"NAME":"Aspen Hills","RECORDEDUNITS":144,"DENSITY":"2.7","ACRE":52.697522040000003,"TYPE":"Subdivision","STATUS":"Recorded","NOTE":null,"GlobalID":"{2E9A4C36-58A3-4354-8E07-072B0276E481}","PLANNEDUNITS":144,"EXISTINGUNITS":144,"PREVIOUSNAME":null,"ID_TEXT":"2089","ProjectLink":null,"PLANNER":null,"created_user":null,"created_date":null,"last_edited_user":"SQLSERVICE","last_edited_date":1781076648000,"REMAININGUNITS":null,"DA_Exceptions":null,"ParentID":null,"ACTIVEDATE":null,"Shape.STArea()":2295504.0600161604,"Shape.STLength()":7118.0866043299711}},{"type":"Feature","id":123,"geometry":{"type":"Polygon","coordinates":[[[-111.92182589720208,40.398807653031874],[-111.92186238967129,40.398797207601987],[-111.92212442144084,40.398721572610867],[-111.9221806346473,40.398705774715268],[-111.92223719880069,40.398690728440315],[-111.92229409861679,40.398676438343834],[-111.92235131528871,40.398662910797526],[-111.92240883234318,40.398650148562254],[-111.92246663214029,40.398638156204392],[-111.92252469702888,40.398626936489094],[-111.92258300818551,40.39861649308645],[-111.92264155031519,40.398606828753252],[-111.92270030342213,40.398597948064477],[-111.92275924984418,40.398589851984212],[-111.92281837193055,40.398582543277819],[-111.92287765321383,40.398576025607099],[-111.92293707249267,40.398570299048359],[-111.92299661447207,40.398565366358646],[-111.92305626031774,40.398561229407086],[-111.92311599000062,40.398557887365392],[-111.92317578823157,40.398555343891147],[-111.92323563498707,40.398553599056704],[-111.92329551259414,40.398552652025366],[-111.9233554022185,40.398552504666448],[-111.92341528618714,40.398553156143294],[-111.92347514565456,40.398554606524137],[-111.92356524170027,40.398558298914558],[-111.92449237301905,40.398605645039346],[-111.92449416300592,40.39860574301597],[-111.92449595424345,40.398605852695987],[-111.92449774201978,40.398605974096576],[-111.92449952869077,40.398606107209119],[-111.92450131307854,40.398606252037958],[-111.92450309753899,40.39860640857448],[-111.9245048785438,40.398606577732096],[-111.92450665843776,40.398606757701181],[-111.92450843605403,40.398606950287082],[-111.92451021138703,40.398607154589243],[-111.9245119844368,40.398607370607664],[-111.92451375402536,40.398607598346629],[-111.92451552250864,40.398607837797577],[-111.9245172875307,40.398608088969063],[-111.92451904909156,40.39860835186105],[-111.92452080836912,40.39860862646934],[-111.9245225630131,40.398608913702958],[-111.92452431654064,40.398609210847454],[-111.92452606543455,40.398609520617377],[-111.92452780968934,40.398609842112045],[-111.92452955166087,40.398610175323007],[-111.9245312901711,40.398610520254486],[-111.92453302403105,40.398610875109576],[-111.924534753263,40.398611243490706],[-111.92453647902249,40.398611621791161],[-111.92453820014848,40.39861201271701],[-111.92453991545167,40.398612414471373],[-111.92454162847164,40.39861282794196],[-111.92454333567446,40.398613253141662],[-111.92454503704893,40.398613688269272],[-111.92454673496776,40.398614136018004],[-111.9245484270639,40.39861459459523],[-111.92455011451528,40.398615063996665],[-111.92455179497152,40.398615545131435],[-111.9245534707886,40.398616037991054],[-111.92455514195528,40.39861654077432],[-111.9245568061269,40.398617055290899],[-111.92455846447574,40.398617580635992],[-111.92456011700187,40.398618116809565],[-111.9245617625329,40.398618664716572],[-111.92456340341353,40.398619222547076],[-111.92456503612112,40.398619792115326],[-111.92456666300038,40.398620371611457],[-111.92456828406247,40.398620962836674],[-111.92456989812391,40.398621564894633],[-111.92457150517902,40.398622176884786],[-111.92457310405547,40.398622799711966],[-111.92457469593121,40.398623433371959],[-111.92457628198419,40.398624077860376],[-111.92457785867499,40.398624732289584],[-111.9245794295486,40.398625398447884],[-111.92458099222682,40.398626072741386],[-111.92458254791551,40.398626759668872],[-111.92458409423635,40.398627455636536],[-111.92458563355653,40.398628162436928],[-111.9245871646924,40.398628879173827],[-111.92458868764409,40.39862960584712],[-111.92459020241144,40.398630342456869],[-111.9245917078222,40.398631089907965],[-111.92459320504868,40.39863184729554],[-111.92459469526328,40.398632613714682],[-111.92459617494328,40.398633390979384],[-111.92459764525543,40.398634177284279],[-111.92459910738336,40.398634973525596],[-111.9246005601491,40.398635779707661],[-111.9246020047249,40.398636594925549],[-111.92460343876617,40.398637420989104],[-111.92460486461192,40.398638255187855],[-111.92460627991754,40.398639099331646],[-111.92460768468291,40.398639953420449],[-111.92460908125288,40.398640815644505],[-111.92461046728828,40.398641688714179],[-111.92461184394456,40.398642569022783],[-111.92461321006634,40.398643460177034],[-111.92461456563667,40.398644359475057],[-111.9246159118448,40.398645268713857],[-111.92461724632365,40.398646186100713],[-111.92461857143455,40.398647112527733],[-111.92461988599418,40.398648047098582],[-111.92462118882999,40.39864899071808],[-111.92462248112,40.398649943382019],[-111.92462376285867,40.398650904189836],[-111.92462503522948,40.398651874037718],[-111.92462629350943,40.398652851141684],[-111.92462754242713,40.398653838186377],[-111.92462877960988,40.398654832478549],[-111.92463000624127,40.398655834914571],[-111.92463121996533,40.398656845502977],[-111.92463242431599,40.398657864230955],[-111.92463361458132,40.398658891115538],[-111.92463479429533,40.398659926143949],[-111.92463596227431,40.398660968419868],[-111.92463711734604,40.398662018848185],[-111.92463826186074,40.398663076519739],[-111.92463939346257,40.398664141443057],[-111.92464051333499,40.398665214514473],[-111.92464162147249,40.39866629483339],[-111.92464271551908,40.398667382408419],[-111.92464379783077,40.398668477230885],[-111.92464486840744,40.398669579300929],[-111.92464592606568,40.398670687722095],[-111.92464697199448,40.398671804291396],[-111.92464800383244,40.398672928116753],[-111.92464902391866,40.398674056487842],[-111.92464983301151,40.398674973980086],[-111.92465002875278,40.398675194821038],[-111.92465083079465,40.398676115040736],[-111.92465101948483,40.398676338609143],[-111.92465181213645,40.398677264266574],[-111.92465200317706,40.398677486925834],[-111.9246529704224,40.398678642507122],[-111.92465392476042,40.398679806240843],[-111.92465486499083,40.398680974528801],[-111.92465579348621,40.398682150064261],[-111.92465670670158,40.398683331058933],[-111.92465760817076,40.398684517499873],[-111.92465849437113,40.398685711201161],[-111.9246593688253,40.398686910348765],[-111.92466022799947,40.398688114955519],[-111.92466107425511,40.39868932591348],[-111.92466190640863,40.398690542326314],[-111.92466272563247,40.3986917632892],[-111.92466352958188,40.398692990611735],[-111.92466432060709,40.398694223384965],[-111.92466509634667,40.398695460716688],[-111.92466585915659,40.398696702598464],[-111.92466660786997,40.398697950835647],[-111.92466734129772,40.398699203631431],[-111.92466806061218,40.398700460080896],[-111.92466876583012,40.398701722885839],[-111.92466945694039,40.398702990245077],[-111.92467013393744,40.39870426125799],[-111.92467079564875,40.398705536829411],[-111.92467144325241,40.398706816955176],[-111.92467207674838,40.398708101635229],[-111.92467269377511,40.398709389977512],[-111.92467329787215,40.398710682869812],[-111.92467388667227,40.398711978519465],[-111.9246744613704,40.398713279623941],[-111.92467501959366,40.398714583490147],[-111.92467556488155,40.398715891005743],[-111.9246760937059,40.398717203084175],[-111.9246766084113,40.398718517915704],[-111.92467710900343,40.3987198364009],[-111.92467759312073,40.398721157647799],[-111.92467806194676,40.398722482552586],[-111.92467851665397,40.398723810210541],[-111.92467895606427,40.398725140625807],[-111.92467938018332,40.398726474699089],[-111.92467978899992,40.398727810629111],[-111.92468018252525,40.398729150217093],[-111.92468056192608,40.398730491657609],[-111.92468092485208,40.398731835859778],[-111.92468127248125,40.398733182819285],[-111.92468160480793,40.398734531635583],[-111.92468192183219,40.39873588230865],[-111.92468222355953,40.398737235739119],[-111.92468250997888,40.398738590125767],[-111.92468278227929,40.398739947265518],[-111.92468303809369,40.398741305365711],[-111.92468327625532,40.398742666231811],[-111.9246835014592,40.398744027145021],[-111.92468371136621,40.398745390815535],[-111.92468390478719,40.398746755446496],[-111.9246840829001,40.398748121033677],[-111.92468424452701,40.398749487581298],[-111.92468439202946,40.39875085598144],[-111.92468452421819,40.398752224437132],[-111.92468463992647,40.398753594753934],[-111.92468473914316,40.398754965130564],[-111.92468482422419,40.39875633555851],[-111.92468489399714,40.398757706942639],[-111.92468494728402,40.398759079287267],[-111.92468498525722,40.398760451687444],[-111.92468500673887,40.398761824147499],[-111.92468501408474,40.398763196658834],[-111.9246850037611,40.398764569234338],[-111.9246849792961,40.398765940960566],[-111.92468493952308,40.398767313642999],[-111.92468488443079,40.398768685480356],[-111.92468481166327,40.398770056481325],[-111.92468472476006,40.398771427533553],[-111.92468462253763,40.398772797740804],[-111.92468450382347,40.398774168007932],[-111.92468436978453,40.398775536529428],[-111.92468422042631,40.39877690420596],[-111.92468405574881,40.398778271037429],[-111.92468387456846,40.398779636127593],[-111.92468367924691,40.398781000368473],[-111.92468346742805,40.398782363768653],[-111.92468324028434,40.398783725423201],[-111.92468299781575,40.398785085332122],[-111.92468274002231,40.398786443495489],[-111.92468222310981,40.398788946381153],[-111.92447852338954,40.399726456178996],[-111.92447998827164,40.399728831190068],[-111.92444564862694,40.399864836991703],[-111.92444563713769,40.399864883865412],[-111.92436279160007,40.400246218425849],[-111.92434032740391,40.40036498745463],[-111.92432441798145,40.400484373038068],[-111.92432134146416,40.40057462851464],[-111.924318065573,40.400640349259668],[-111.92431676667383,40.400706111466214],[-111.92431744807732,40.400771878197112],[-111.92432010604276,40.400837615242501],[-111.92432474154145,40.400903288375481],[-111.92432625792158,40.400962178581409],[-111.92433504960194,40.401030136807428],[-111.92434596775387,40.401097919804172],[-111.92451512315546,40.40165399049792],[-111.9244616027507,40.401674991579526],[-111.92418850331683,40.401794219239179],[-111.92390587454707,40.401935634995716],[-111.92362099600275,40.402104291883703],[-111.92326118198942,40.402301311141834],[-111.92415084560537,40.402293883375442],[-111.92444723353681,40.402277857411072],[-111.92402337494347,40.405852558035903],[-111.92394432784957,40.40652770363004],[-111.92393891716937,40.408384404874006],[-111.92523167894561,40.4083800407994],[-111.92627210516481,40.408374455645593],[-111.92803471102977,40.40836742665077],[-111.9285293396494,40.407623640017938],[-111.92970321737991,40.405823006816981],[-111.93547830346299,40.405759103725401],[-111.9354830008746,40.404703294637677],[-111.93547938242651,40.404704512226644],[-111.93547693888409,40.403477889959532],[-111.93546879509192,40.399461216181948],[-111.93384509133395,40.399464763827353],[-111.93383854973119,40.397777119278437],[-111.9338872815113,40.397764641540114],[-111.9339332396176,40.397757811026587],[-111.93397954253116,40.397752412997001],[-111.93402609246725,40.397748445111816],[-111.93407281407396,40.397745913054131],[-111.93411962964332,40.397744822515719],[-111.93546528685334,40.397734181733171],[-111.93546462433798,40.397416300835303],[-111.93546462398241,40.397416244998396],[-111.93546130328544,40.395769129383766],[-111.93546082892794,40.395532772325538],[-111.93546038348588,40.395312239883502],[-111.93545801083035,40.394135672395336],[-111.93545767786891,40.393970909268013],[-111.93545734480016,40.393806129020085],[-111.93545697515546,40.393641338992104],[-111.93545628654287,40.393298443086628],[-111.93545353530084,40.391936786562958],[-111.93545336041534,40.39184919849594],[-111.93545331716389,40.39182797649034],[-111.9354531493845,40.391828079785355],[-111.93479587593401,40.392233986207323],[-111.93466473120613,40.392915278569866],[-111.93435041665366,40.393325504803684],[-111.93423907503109,40.3942092744376],[-111.9341726209005,40.394553929766204],[-111.93399712262962,40.394842390316448],[-111.92932487776528,40.394815160591882],[-111.92925368679224,40.393752955721034],[-111.92925368025836,40.393752853074631],[-111.92920951012984,40.393093794743869],[-111.929207942818,40.393070410557712],[-111.92606415799327,40.393085864711303],[-111.92602183444343,40.393109826670781],[-111.92299860281831,40.394821363991227],[-111.92195168251521,40.398472531646767],[-111.92195256803328,40.398475341075056],[-111.92190452296498,40.398489193797396],[-111.92190444795274,40.398489446240248],[-111.92120255537951,40.398691918280484],[-111.92064768427102,40.398854411505816],[-111.92064652867657,40.398852309121636],[-111.91939479326204,40.399213382718841],[-111.91939607060803,40.399217863203091],[-111.91947194558212,40.399483941785064],[-111.91947589910343,40.399482423582775],[-111.92039708202338,40.399216559853556],[-111.92039716584281,40.399216589272662],[-111.92182589720208,40.398807653031874]]]},"properties":{"OBJECTID":123,"ID":109,"NAME":"Harvest Hills","RECORDEDUNITS":1020,"DENSITY":"3.15","ACRE":352.26323744000001,"TYPE":"Subdivision","STATUS":"Recorded","NOTE":null,"GlobalID":"{70A69E3D-0A4C-42A3-A9A8-1FA9A7BC7215}","PLANNEDUNITS":1020,"EXISTINGUNITS":1020,"PREVIOUSNAME":null,"ID_TEXT":"2090","ProjectLink":null,"PLANNER":null,"created_user":null,"created_date":null,"last_edited_user":"SQLSERVICE","last_edited_date":1781076648000,"REMAININGUNITS":null,"DA_Exceptions":null,"ParentID":null,"ACTIVEDATE":null,"Shape.STArea()":15344586.622799031,"Shape.STLength()":22676.086868312712}},{"type":"Feature","id":124,"geometry":{"type":"Polygon","coordinates":[[[-111.91960355597762,40.397971428648965],[-111.91967334411335,40.397975569724089],[-111.91972132954415,40.397980775154153],[-111.91977590016958,40.397989090177617],[-111.91983488826271,40.398001051225783],[-111.91991781569156,40.398023413087493],[-111.92000239067674,40.398053556597922],[-111.92011358069161,40.398106433277171],[-111.92020943679206,40.398167329971251],[-111.92029440030203,40.398238021185385],[-111.92041622396512,40.398389666792944],[-111.9205005663156,40.398556387300502],[-111.92064652867657,40.398852309121636],[-111.92064768427102,40.398854411505816],[-111.92120255537951,40.398691918280484],[-111.92190545551108,40.398486069801841],[-111.92195169310024,40.398472528906751],[-111.92299860281831,40.394821363991227],[-111.91875552167704,40.397080482800057],[-111.91903195564555,40.398053126911613],[-111.91916937787445,40.39802015572252],[-111.91940333842096,40.397981818296806],[-111.91949233839307,40.397973101865063],[-111.91953355803439,40.397971297824867],[-111.91960355597762,40.397971428648965]]]},"properties":{"OBJECTID":124,"ID":111,"NAME":"Hillcrest Condominiums","RECORDEDUNITS":228,"DENSITY":"10.0","ACRE":19.204088460000001,"TYPE":"Subdivision","STATUS":"Recorded","NOTE":"2 ERUs include for commerical area","GlobalID":"{16B69247-8B48-4D53-9FC3-6412E3D88D0F}","PLANNEDUNITS":228,"EXISTINGUNITS":228,"PREVIOUSNAME":null,"ID_TEXT":"2091","ProjectLink":null,"PLANNER":null,"created_user":null,"created_date":null,"last_edited_user":"SQLSERVICE","last_edited_date":1781076648000,"REMAININGUNITS":null,"DA_Exceptions":null,"ParentID":null,"ACTIVEDATE":null,"Shape.STArea()":836530.09320424311,"Shape.STLength()":4184.1597141787934}},{"type":"Feature","id":125,"geometry":{"type":"Polygon","coordinates":[[[-111.93411962964332,40.397744822515719],[-111.93407281407396,40.397745913054131],[-111.93402609246725,40.397748445111816],[-111.93397954253116,40.397752412997001],[-111.9339332396176,40.397757811026587],[-111.9338872815113,40.397764641540114],[-111.93383854973119,40.397777119278437],[-111.93384509133395,40.399464763827353],[-111.93546879509192,40.399461216181948],[-111.93546879547725,40.399460721742393],[-111.93546528685334,40.397734181733171],[-111.93411962964332,40.397744822515719]]]},"properties":{"OBJECTID":125,"ID":106,"NAME":"Saratoga Chase","RECORDEDUNITS":88,"DENSITY":"13.5","ACRE":6.5142984400000001,"TYPE":"Subdivision","STATUS":"Recorded","NOTE":"1 ERU added for the club house","GlobalID":"{D917C856-90CE-40AD-8210-79C9C8B1C9B4}","PLANNEDUNITS":88,"EXISTINGUNITS":88,"PREVIOUSNAME":null,"ID_TEXT":"2093","ProjectLink":null,"PLANNER":null,"created_user":null,"created_date":null,"last_edited_user":"SQLSERVICE","last_edited_date":1781076648000,"REMAININGUNITS":null,"DA_Exceptions":null,"ParentID":null,"ACTIVEDATE":null,"Shape.STArea()":283762.84016391361,"Shape.STLength()":2150.5024385926508}},{"type":"Feature","id":126,"geometry":{"type":"Polygon","coordinates":[[[-111.90617250547604,40.369682387684087],[-111.9060501066445,40.37008507983645],[-111.90689708602355,40.37045126446742],[-111.90782663377645,40.370996590707996],[-111.90829180116363,40.371412975612202],[-111.90835051954203,40.371804906383659],[-111.90823617761042,40.372102913747952],[-111.90871916704955,40.372150416940627],[-111.91068263412042,40.372482773178014],[-111.91102829525857,40.372526351280278],[-111.91130421028721,40.372547740065968],[-111.91156241006966,40.372556930366756],[-111.91156245460172,40.37185207109146],[-111.91156133858483,40.370278053714003],[-111.91156275508601,40.369376514429966],[-111.91296141598863,40.369367876623585],[-111.91611092816439,40.369357451497763],[-111.91610345363262,40.367902623941774],[-111.9160961238393,40.36740661839579],[-111.91607569742364,40.366911397879889],[-111.91604061270475,40.365749818187226],[-111.91602361201234,40.365273718086875],[-111.916016281973,40.364797474527862],[-111.91600907210619,40.363419259155172],[-111.91599918323553,40.363145260878603],[-111.91598290225882,40.361987798926442],[-111.91597461903855,40.361574854263431],[-111.91597414340067,40.361263266201398],[-111.91597330344102,40.360741863106604],[-111.91598916298341,40.360070601039332],[-111.91601463747352,40.358520048341141],[-111.91602203018704,40.356967954254237],[-111.91603622002926,40.356468411913454],[-111.91609738151614,40.355831451999251],[-111.91609590240849,40.355830019860683],[-111.9160999122214,40.355663149802567],[-111.91611042052028,40.35502179567753],[-111.91611088040571,40.35496752127014],[-111.91602176755319,40.35490477819252],[-111.91380863265209,40.354912101816801],[-111.91134404806488,40.354911110005517],[-111.91134366588525,40.354813458929655],[-111.9100599018291,40.354817302998356],[-111.91005806700269,40.354906180722757],[-111.91004775173697,40.355477231329502],[-111.91004476749205,40.355477247199595],[-111.90893426815687,40.35548513361821],[-111.90894606631076,40.35491127250026],[-111.9089479167053,40.354820621407228],[-111.90829470672986,40.354822563955182],[-111.90830684924265,40.356860264061503],[-111.90741881178323,40.357548515999099],[-111.90412228066785,40.357559958411102],[-111.90413038712637,40.358932486713968],[-111.9000352530233,40.358946569419096],[-111.89954997417146,40.360016806573398],[-111.89926332306004,40.360534283110731],[-111.89905922541263,40.360836518439292],[-111.89960431662601,40.361374560395056],[-111.89989552033616,40.361739804278649],[-111.90042807756143,40.361764158386535],[-111.9008839192056,40.361937778030324],[-111.90208123311156,40.361786838819924],[-111.90294359914701,40.361712429856659],[-111.90424159996662,40.362046211155622],[-111.90446036911099,40.362569259439368],[-111.90431012618176,40.36312827765169],[-111.90383960519875,40.363618988238507],[-111.90394109550141,40.364342713310286],[-111.90392434934881,40.364968945987144],[-111.90399520181377,40.36523517359548],[-111.9042312083704,40.365588193630956],[-111.90415273894351,40.365786361829862],[-111.90418495378351,40.366128020407103],[-111.90440692344949,40.36643722810259],[-111.90463729934191,40.366519017511521],[-111.90530628096022,40.366936834777952],[-111.90557198863465,40.367249742370653],[-111.90657547364232,40.368205496275998],[-111.90678214547698,40.368893744033159],[-111.90655899963676,40.369359461654106],[-111.90617250547604,40.369682387684087]]]},"properties":{"OBJECTID":126,"ID":1038,"NAME":"Wander","RECORDEDUNITS":1298,"DENSITY":null,"ACRE":421.80298971000002,"TYPE":"MDA","STATUS":"Approved","NOTE":null,"GlobalID":"{9D43AE0B-DE6D-47FE-9308-B9AB4CC7F24E}","PLANNEDUNITS":1900,"EXISTINGUNITS":1154,"PREVIOUSNAME":"Jordan Promenade","ID_TEXT":"2095","ProjectLink":"https://www.saratogaspringscity.com/DocumentCenter/View/3639/Wildflower-Community-Plan-Major-Amendment-Approved-April-2020","PLANNER":"Gina Grandpre","created_user":null,"created_date":null,"last_edited_user":"SQLSERVICE","last_edited_date":1781076648000,"REMAININGUNITS":665,"DA_Exceptions":null,"ParentID":999,"ACTIVEDATE":null,"Shape.STArea()":18373738.231708497,"Shape.STLength()":21760.450816107194}},{"type":"Feature","id":127,"geometry":{"type":"Polygon","coordinates":[[[-111.9310765594705,40.391128639597767],[-111.93107963708169,40.390109440815827],[-111.93108180792535,40.389429631488817],[-111.93108698741909,40.387712995724868],[-111.9310868469415,40.387658754647624],[-111.93021356657164,40.387668978369227],[-111.92950743479248,40.387665872404362],[-111.92950837694087,40.387667169439005],[-111.92831470742567,40.387661804358615],[-111.92831123790225,40.38930826181538],[-111.92830969323057,40.390004433862231],[-111.92830724485606,40.391136715358336],[-111.9310765594705,40.391128639597767]]]},"properties":{"OBJECTID":127,"ID":1034,"NAME":"Arcadia Springs","RECORDEDUNITS":66,"DENSITY":null,"ACRE":22.382595800000001,"TYPE":"Subdivision","STATUS":"Approved","NOTE":null,"GlobalID":"{D733255C-C167-4AF9-8DEE-87FC0C13E098}","PLANNEDUNITS":63,"EXISTINGUNITS":66,"PREVIOUSNAME":null,"ID_TEXT":"2098","ProjectLink":"none","PLANNER":"David Stroud","created_user":null,"created_date":null,"last_edited_user":"SQLSERVICE","last_edited_date":1781076648000,"REMAININGUNITS":null,"DA_Exceptions":null,"ParentID":null,"ACTIVEDATE":null,"Shape.STArea()":974985.87306380656,"Shape.STLength()":4074.3483568899314}},{"type":"Feature","id":128,"geometry":{"type":"Polygon","coordinates":[[[-111.92129244486,40.3402266894051],[-111.91951335785181,40.340227252836129],[-111.91951566377413,40.340415273305616],[-111.91952212905419,40.340463137716462],[-111.91953260759192,40.340510286437741],[-111.91954702474014,40.340556383590673],[-111.91958003611684,40.340549488738304],[-111.91960875228035,40.340638573326117],[-111.91964396588244,40.340725295203747],[-111.9196854847944,40.340809181208435],[-111.91973308248511,40.340889773650211],[-111.91978649925706,40.340966632809113],[-111.91984544366331,40.341039339334294],[-111.9199095940976,40.341107496532096],[-111.91996942400347,40.341168340886199],[-111.9200373234396,40.341238360132529],[-111.92010009406465,40.341313011836547],[-111.92015742071092,40.341391921176353],[-111.92020901554464,40.341474691952698],[-111.9202546195111,40.341560908578273],[-111.92029400363542,40.341650138164368],[-111.92032697017217,40.341741932694362],[-111.92035335359826,40.341835831273208],[-111.92037302144405,40.341931362441549],[-111.92038587495841,40.342028046542886],[-111.92039184960457,40.342125398131913],[-111.92040397192939,40.344113622547432],[-111.92040595924148,40.344121706240308],[-111.92040929056478,40.344129334987592],[-111.92041386910957,40.344136287140323],[-111.92041956184879,40.344142360707636],[-111.92042620338316,40.344147379225475],[-111.92043360074662,40.344151196883622],[-111.92044153901296,40.344153702762192],[-111.92044978754033,40.344154824054286],[-111.92045810667246,40.344154528181399],[-111.92045970837646,40.344415237323396],[-111.92045139779574,40.344415024674667],[-111.92044317195251,40.344416227369251],[-111.92043527012927,40.344418810421821],[-111.92042792218308,40.34442269869367],[-111.92042134185921,40.344427779078387],[-111.92041572057347,40.344433903792073],[-111.92041122184411,40.344440894672218],[-111.92040797653517,40.34444854836029],[-111.92040607904985,40.344456642217253],[-111.92013000052988,40.344457574432724],[-111.92012801513782,40.344449490412259],[-111.92012468520822,40.344441861209333],[-111.92012010755599,40.344434908636543],[-111.92011441527244,40.344428834834062],[-111.92010777385593,40.344423816392556],[-111.9201003764,40.34441999921895],[-111.92009243797943,40.344417494294341],[-111.92008418939707,40.344416374447292],[-111.92007587047345,40.344416672236399],[-111.91813492971099,40.344423631007878],[-111.9167313477039,40.344562911089838],[-111.91654753265398,40.344563566234918],[-111.9163061450872,40.344580506914681],[-111.91639521637239,40.34711139018453],[-111.91653830370787,40.348264802629856],[-111.92580609945873,40.348279071932481],[-111.92593188696611,40.348280395745888],[-111.9260574110027,40.348288639879186],[-111.92618229112938,40.348303779345997],[-111.92630614885861,40.348325768261518],[-111.92642860880153,40.348354539981592],[-111.9265492998057,40.348390007304701],[-111.92666785608,40.348432062736229],[-111.92678391830324,40.348480578814289],[-111.92689713471327,40.348535408496012],[-111.92700716217298,40.34859638560323],[-111.92802308286262,40.349188401677779],[-111.92817798646051,40.349056773739122],[-111.92832382137084,40.348933568545441],[-111.92847396573333,40.348815653274016],[-111.92862822776665,40.348703178539537],[-111.92878641042995,40.348596288007428],[-111.92894831167446,40.348495118210323],[-111.92911372470166,40.348399798373705],[-111.92928243822739,40.348310450250828],[-111.92945423675167,40.34822718796719],[-111.92962890083406,40.348150117874773],[-111.92980620737387,40.348079338416184],[-111.92998592989522,40.348014939998947],[-111.93016783883621,40.34795700487998],[-111.93035170184223,40.347905607060554],[-111.93053728406268,40.347860812191755],[-111.93072434845105,40.347822677490655],[-111.93091265606758,40.347791251667182],[-111.93110196638453,40.34776657486195],[-111.93129203759342,40.347748678594968],[-111.93148262691386,40.347737585725348],[-111.93167349090366,40.347733310422164],[-111.93879020612897,40.347754472498188],[-111.93899858466344,40.346252446628959],[-111.93900601647599,40.340129122664671],[-111.93541046901305,40.340135214934939],[-111.93021838973664,40.340139627293766],[-111.92631932792045,40.340142264203898],[-111.92632068653279,40.340229537742175],[-111.92632862977119,40.340316459668493],[-111.92634311230145,40.340402533895926],[-111.92636405146784,40.340487269175604],[-111.9263913277649,40.340570181900375],[-111.92642478551942,40.340650798864928],[-111.92646423377894,40.340728659966459],[-111.92650944740161,40.340803320830609],[-111.92655581120574,40.340866851630366],[-111.92636634190836,40.340938666783387],[-111.92649358857312,40.34116825398241],[-111.9256014047513,40.341461980675994],[-111.92454605772924,40.340449382916624],[-111.92454291375559,40.340144613754482],[-111.92261978505637,40.340148069377513],[-111.92245112092937,40.340034600369854],[-111.92129244486,40.3402266894051]]]},"properties":{"OBJECTID":128,"ID":1039,"NAME":"Beacon Pointe","RECORDEDUNITS":274,"DENSITY":null,"ACRE":377.57834505,"TYPE":"CommunityPlan","STATUS":"Approved","NOTE":null,"GlobalID":"{66DB28E6-8533-4DA8-ABCC-6DC4FD083B5D}","PLANNEDUNITS":1909,"EXISTINGUNITS":214,"PREVIOUSNAME":null,"ID_TEXT":"2100","ProjectLink":"https://www.saratogaspringscity.com/DocumentCenter/View/3782/Beacon-Pointe-Community-Plan-Approved-December-4-2018","PLANNER":"David Stroud","created_user":null,"created_date":null,"last_edited_user":"SQLSERVICE","last_edited_date":1781076648000,"REMAININGUNITS":1635,"DA_Exceptions":null,"ParentID":999,"ACTIVEDATE":null,"Shape.STArea()":16447312.710395005,"Shape.STLength()":19612.674569917639}},{"type":"Feature","id":129,"geometry":{"type":"Polygon","coordinates":[[[-111.87991919834529,40.300345689426074],[-111.8811478575674,40.298964570698963],[-111.88103690045183,40.298928988479034],[-111.88092828984604,40.298886782884885],[-111.88082242071519,40.298838107398225],[-111.88071967805503,40.298783139028671],[-111.88062043549181,40.298722077670078],[-111.88052505392359,40.298655145373601],[-111.88043388020782,40.298582585540203],[-111.88034724590001,40.29850466203554],[-111.87870813811145,40.29971665177743],[-111.87874610087971,40.299750724310655],[-111.87906395112969,40.300102037440226],[-111.87921338204494,40.300293357846392],[-111.8793030742724,40.300347342992403],[-111.87991919834529,40.300345689426074]]]},"properties":{"OBJECTID":129,"ID":1047,"NAME":"Utah Lake Estates","RECORDEDUNITS":12,"DENSITY":null,"ACRE":5.2512781300000002,"TYPE":"Subdivision","STATUS":"Pending","NOTE":null,"GlobalID":"{49AE0939-3B8A-4B71-86AE-AC37ED659DF2}","PLANNEDUNITS":14,"EXISTINGUNITS":6,"PREVIOUSNAME":null,"ID_TEXT":"2108","ProjectLink":"https://www.saratogaspringscity.com/DocumentCenter/View/7342/Utah-Lake-Estates-Final-Plat-Planner-Gina-Updated-November-2020","PLANNER":"Gina Grandpre","created_user":null,"created_date":null,"last_edited_user":"SQLSERVICE","last_edited_date":1781076648000,"REMAININGUNITS":2,"DA_Exceptions":null,"ParentID":null,"ACTIVEDATE":null,"Shape.STArea()":228745.67524163373,"Shape.STLength()":1983.639537009374}},{"type":"Feature","id":130,"geometry":{"type":"Polygon","coordinates":[[[-111.92595355555899,40.388492474270308],[-111.92595351427435,40.38849246451381],[-111.92595207750183,40.389161208806684],[-111.92595214412093,40.389161314837089],[-111.92595216791828,40.389161353476993],[-111.92596066290336,40.389174661604265],[-111.92598919557673,40.38922144878628],[-111.92601459509679,40.389270008216172],[-111.92602678525623,40.389296596009686],[-111.92602755899645,40.389298281851367],[-111.92604550106915,40.389343453048703],[-111.926060537712,40.389389672681034],[-111.92607229228177,40.389430340593997],[-111.92608169456113,40.389471615843206],[-111.92608738135547,40.389504351522419],[-111.9260874489616,40.389539024185211],[-111.92608745617481,40.389539236704891],[-111.92608831792523,40.389552779767669],[-111.92608933555317,40.389592287992137],[-111.92608842289793,40.390010507855557],[-111.92608810843892,40.390155140187922],[-111.92608587812732,40.391183130898398],[-111.92608587597027,40.391184108076743],[-111.92667879872137,40.391182507081474],[-111.92740991375258,40.391180506317333],[-111.92830716562057,40.391178041407613],[-111.92830939678537,40.390158903606199],[-111.92831080525555,40.389505868121098],[-111.92831124496912,40.389308261789481],[-111.92831313621262,40.388446823848817],[-111.92831346696588,40.388295389874955],[-111.9283141274115,40.387993105508706],[-111.92831400256593,40.387993105965862],[-111.92831470693029,40.387661913335343],[-111.92738368000711,40.387657720222251],[-111.92657841143539,40.387654086952665],[-111.92657839081946,40.387654180692238],[-111.92656718056557,40.387705756795306],[-111.9262160380767,40.387962485649624],[-111.92604378373562,40.388228872287577],[-111.92595355555899,40.388492474270308]]]},"properties":{"OBJECTID":130,"ID":1072,"NAME":"Starhaven","RECORDEDUNITS":55,"DENSITY":null,"ACRE":18.29278051,"TYPE":"Subdivision","STATUS":"Approved","NOTE":null,"GlobalID":"{8837C730-3DC8-4434-8790-A5F4D58428D0}","PLANNEDUNITS":61,"EXISTINGUNITS":51,"PREVIOUSNAME":null,"ID_TEXT":"2130","ProjectLink":null,"PLANNER":null,"created_user":null,"created_date":null,"last_edited_user":"SQLSERVICE","last_edited_date":1781076648000,"REMAININGUNITS":null,"DA_Exceptions":null,"ParentID":null,"ACTIVEDATE":null,"Shape.STArea()":796833.51917484507,"Shape.STLength()":3732.0515978676258}},{"type":"Feature","id":131,"geometry":{"type":"Polygon","coordinates":[[[-111.88432358217909,40.30034758242877],[-111.88425972274013,40.300223022830814],[-111.88420470500493,40.300115726460447],[-111.88369334921501,40.299118456113419],[-111.88368498392892,40.299107064736688],[-111.8836749835155,40.299097078085239],[-111.88366358062987,40.29908872849397],[-111.88365104055494,40.299082210212298],[-111.88363765502983,40.299077674885091],[-111.88362373546269,40.29907522802467],[-111.8836096056859,40.299074926556109],[-111.88219596630046,40.299078761273066],[-111.88219564518096,40.299078762323688],[-111.88226600559554,40.30034673114578],[-111.8822663290735,40.300346730087291],[-111.88263805062806,40.300347102760313],[-111.882967094533,40.300347241300663],[-111.88296709674458,40.300347216075451],[-111.88329431037867,40.300347364197449],[-111.88354222904506,40.300347469153728],[-111.88374897345176,40.300347564743824],[-111.88412031157489,40.300347728613353],[-111.88432358217909,40.30034758242877]]]},"properties":{"OBJECTID":131,"ID":1073,"NAME":"Secret Springs","RECORDEDUNITS":14,"DENSITY":null,"ACRE":5.2352518200000002,"TYPE":"Subdivision","STATUS":null,"NOTE":null,"GlobalID":"{BEADF9F8-CA8C-41B1-9CA3-F216BF21E569}","PLANNEDUNITS":14,"EXISTINGUNITS":14,"PREVIOUSNAME":"Cicada Springs","ID_TEXT":"2131","ProjectLink":null,"PLANNER":null,"created_user":null,"created_date":null,"last_edited_user":"SQLSERVICE","last_edited_date":1781076648000,"REMAININGUNITS":null,"DA_Exceptions":null,"ParentID":null,"ACTIVEDATE":null,"Shape.STArea()":228047.56941722141,"Shape.STLength()":1941.5661914077004}},{"type":"Feature","id":132,"geometry":{"type":"Polygon","coordinates":[[[-111.86954567840721,40.367838857825589],[-111.86953642596019,40.366733225911631],[-111.86715456221705,40.366729181827125],[-111.86715130524236,40.367846587295915],[-111.86954567840721,40.367838857825589]]]},"properties":{"OBJECTID":132,"ID":1076,"NAME":"Drywood Meadows","RECORDEDUNITS":18,"DENSITY":null,"ACRE":6.1854899699999999,"TYPE":"Subdivision","STATUS":"Recorded","NOTE":null,"GlobalID":"{1FF4DE8C-F3DE-436E-A62F-967AF6BB214E}","PLANNEDUNITS":18,"EXISTINGUNITS":18,"PREVIOUSNAME":null,"ID_TEXT":"2134","ProjectLink":"https://www.saratogaspringscity.com/DocumentCenter/View/7430/Drywood-Meadows-Final-Plat-Planner-Gina-Updated-December-2020","PLANNER":"Gina Grandpre","created_user":null,"created_date":null,"last_edited_user":"SQLSERVICE","last_edited_date":1781076648000,"REMAININGUNITS":null,"DA_Exceptions":null,"ParentID":null,"ACTIVEDATE":null,"Shape.STArea()":269439.94321741589,"Shape.STLength()":2140.6934520721975}},{"type":"Feature","id":133,"geometry":{"type":"Polygon","coordinates":[[[-111.93485507167064,40.365785530889674],[-111.93453241104862,40.364043428464434],[-111.93450340746496,40.363984562310698],[-111.93149775175831,40.363982926003857],[-111.93149821252506,40.363499282440827],[-111.92990532382245,40.363498384196831],[-111.92991704827489,40.365543566916955],[-111.93157602273985,40.365535269064459],[-111.93157743584537,40.36581471908233],[-111.93442857625523,40.365804133494301],[-111.93469350999679,40.365795513416174],[-111.93485507167064,40.365785530889674]]]},"properties":{"OBJECTID":133,"ID":1081,"NAME":"Alpine Springs","RECORDEDUNITS":62,"DENSITY":null,"ACRE":21.063647540000002,"TYPE":"Subdivision","STATUS":"Recorded","NOTE":null,"GlobalID":"{60A851BC-CAF0-4074-9DB6-CABC0E0E6964}","PLANNEDUNITS":63,"EXISTINGUNITS":62,"PREVIOUSNAME":null,"ID_TEXT":"2139","ProjectLink":"https://www.saratogaspringscity.com/DocumentCenter/View/9374/Alpine-Springs-Final-Plat-Phases-1--2-Planner-D-Stroud-Updated-December-2021","PLANNER":"T. Morlan","created_user":null,"created_date":null,"last_edited_user":"SQLSERVICE","last_edited_date":1781076648000,"REMAININGUNITS":null,"DA_Exceptions":null,"ParentID":null,"ACTIVEDATE":null,"Shape.STArea()":917532.48683156923,"Shape.STLength()":4344.1140615893719}},{"type":"Feature","id":134,"geometry":{"type":"Polygon","coordinates":[[[-111.93234697209667,40.389426100606443],[-111.93108180792535,40.389429631488817],[-111.9310798112805,40.390109421260881],[-111.9310765594705,40.391128639597767],[-111.9324046764411,40.391124856391855],[-111.93239393624404,40.389428355984066],[-111.93234697209667,40.389426100606443]]]},"properties":{"OBJECTID":134,"ID":1100,"NAME":"Dignity Subdivision","RECORDEDUNITS":14,"DENSITY":null,"ACRE":5.2242490699999999,"TYPE":"Subdivision","STATUS":"Pending","NOTE":null,"GlobalID":"{D850DE4B-782D-4B52-A00C-887F5375E6C6}","PLANNEDUNITS":14,"EXISTINGUNITS":9,"PREVIOUSNAME":null,"ID_TEXT":"2158","ProjectLink":"https://www.saratogaspringscity.com/DocumentCenter/View/7433/Saratoga-Dignity-Senior-Community-Prelim-Plat--Site-Plan-Planner-Sarah-Updated-December-2020","PLANNER":"G. Grandpre","created_user":null,"created_date":null,"last_edited_user":"SQLSERVICE","last_edited_date":1781076648000,"REMAININGUNITS":null,"DA_Exceptions":null,"ParentID":null,"ACTIVEDATE":null,"Shape.STArea()":227568.28957074657,"Shape.STLength()":1972.4232925935401}},{"type":"Feature","id":138,"geometry":{"type":"Polygon","coordinates":[[[-111.9443862665597,40.332834432729086],[-111.94440089611099,40.31840536343703],[-111.93023059710623,40.318400286409279],[-111.93018514121349,40.311165919673087],[-111.92550505991447,40.311179167510474],[-111.92546014316063,40.30395043552565],[-111.92053381183861,40.303942434802728],[-111.92052378100811,40.311165904907284],[-111.91562076495664,40.311175402523865],[-111.91561974699718,40.3075659779822],[-111.90578041453074,40.307565053728744],[-111.90586162883579,40.318393202154198],[-111.92546088699646,40.318397507688672],[-111.92546152575449,40.330805612706591],[-111.92546153276314,40.330809201715688],[-111.92555610375936,40.330859311934873],[-111.92565865444909,40.330911794110698],[-111.92576230239716,40.330962998699675],[-111.92586872491523,40.331013734662619],[-111.92607963747207,40.331108872864938],[-111.92608209192396,40.331109938375576],[-111.92629243693234,40.331197938920901],[-111.92629600734634,40.331199432661897],[-111.92630233663191,40.331201929555135],[-111.92639313997536,40.331237777757657],[-111.92640564757565,40.331242715344025],[-111.92641887589166,40.331247731356633],[-111.92641902571145,40.331247789351387],[-111.92649740005618,40.331277509861081],[-111.92651618796931,40.331284634677829],[-111.9265367268469,40.331292108852573],[-111.92660442271558,40.331316741841739],[-111.92662759904037,40.331325180861576],[-111.9267407628349,40.331364449742019],[-111.92673264280072,40.332037079635093],[-111.92653989883114,40.332837800719027],[-111.9443862665597,40.332834432729086]]]},"properties":{"OBJECTID":138,"ID":1121,"NAME":"Three Canyons","RECORDEDUNITS":0,"DENSITY":null,"ACRE":1208.9743031999999,"TYPE":"MDA","STATUS":"Pending","NOTE":null,"GlobalID":"{73AD835D-BDC6-4AF2-A621-4489A7FFD671}","PLANNEDUNITS":2950,"EXISTINGUNITS":0,"PREVIOUSNAME":null,"ID_TEXT":"2176","ProjectLink":null,"PLANNER":null,"created_user":"BGALLEGOS","created_date":1708698486000,"last_edited_user":"BRIANG","last_edited_date":1764878375000,"REMAININGUNITS":2950,"DA_Exceptions":null,"ParentID":null,"ACTIVEDATE":null,"Shape.STArea()":52662920.647236876,"Shape.STLength()":45071.286163817247}},{"type":"Feature","id":140,"geometry":{"type":"Polygon","coordinates":[[[-111.90624259792074,40.326819121979099],[-111.90637090793345,40.326953635332565],[-111.90645856913031,40.327045995045218],[-111.90654321961237,40.327141121791414],[-111.90662477208716,40.327238917475427],[-111.90670314245688,40.327339281249294],[-111.90705470173233,40.327804992972709],[-111.9071350568432,40.327911438436047],[-111.9071027888527,40.32792537380557],[-111.90793633892453,40.329060049597366],[-111.90804566578952,40.329208869052088],[-111.90851593877258,40.329849008307164],[-111.90863295218435,40.330001455690287],[-111.9087548805487,40.330150001363812],[-111.90888159385625,40.33029448693695],[-111.90901295699557,40.330434758348105],[-111.90914882989718,40.330570666029139],[-111.90928906768298,40.330702065064855],[-111.9094335208207,40.33082881534753],[-111.90958203528332,40.330950781726294],[-111.90969040376197,40.331035699261747],[-111.90974965664836,40.331036170619718],[-111.91069192298112,40.331748378322629],[-111.91079258937212,40.331612110602293],[-111.91157031346216,40.330970449409165],[-111.91120830111052,40.330769116749202],[-111.91132280352193,40.330451328100416],[-111.91070861742099,40.329946786015938],[-111.9103970384478,40.328945610784153],[-111.91025603666714,40.328483948111973],[-111.91020290646726,40.328116635471808],[-111.91018688781155,40.32787169254776],[-111.91006044013716,40.327409978408191],[-111.90941246235126,40.326114866285479],[-111.9092849458596,40.326152815602519],[-111.90915567835665,40.326184288114192],[-111.90902498858726,40.326209203781616],[-111.90889320891326,40.326227499240865],[-111.90876067446828,40.326239127964094],[-111.90862772230545,40.326244060377881],[-111.90849469054018,40.326242283938434],[-111.90836191749034,40.326233803163475],[-111.90822974081586,40.326218639620762],[-111.90809849665995,40.326196831873261],[-111.90796851879439,40.326168435381021],[-111.90784013777053,40.326133522360195],[-111.9077136800788,40.326092181599336],[-111.90758946731827,40.326044518233616],[-111.90746781537891,40.325990653477461],[-111.9072307679828,40.326286204042461],[-111.9064067976233,40.326730570623731],[-111.90624259792074,40.326819121979099]]]},"properties":{"OBJECTID":140,"ID":1123,"NAME":"Jacobs Ranch Marketplace","RECORDEDUNITS":null,"DENSITY":null,"ACRE":31.495510459999998,"TYPE":"Commercial","STATUS":null,"NOTE":null,"GlobalID":"{5F52A99B-FC7F-412C-9590-7E194867D571}","PLANNEDUNITS":null,"EXISTINGUNITS":null,"PREVIOUSNAME":null,"ID_TEXT":"2178","ProjectLink":null,"PLANNER":null,"created_user":"BGALLEGOS","created_date":1709152711000,"last_edited_user":"ALEFORS","last_edited_date":1746038756000,"REMAININGUNITS":null,"DA_Exceptions":null,"ParentID":null,"ACTIVEDATE":null,"Shape.STArea()":1371984.9924573929,"Shape.STLength()":5563.8006725276891}},{"type":"Feature","id":141,"geometry":{"type":"Polygon","coordinates":[[[-111.91545761574694,40.335272818980123],[-111.91551836017962,40.335348739963187],[-111.91551046018327,40.335338562060691],[-111.91551930416267,40.335349920040663],[-111.91551836017962,40.335348739963187],[-111.9155960620038,40.335451352380971],[-111.9156684575548,40.335557774962986],[-111.91573536035216,40.335667733580074],[-111.91579659806396,40.335780944994774],[-111.91585201295075,40.335897117590882],[-111.9159014622718,40.33601595212464],[-111.91594481865283,40.336137142495502],[-111.91598197041409,40.336260376534639],[-111.91601282185802,40.336385336809016],[-111.91603729351577,40.336511701439086],[-111.91605532235189,40.336639144927872],[-111.91606686192674,40.336767338999415],[-111.91607173663056,40.336859472699174],[-111.9160717802966,40.336859492357654],[-111.91607467797488,40.336914294616314],[-111.91609477601692,40.336907825869091],[-111.91614482141689,40.336891718191545],[-111.91614495718306,40.336894690700383],[-111.91614497144838,40.336894714066041],[-111.91702730480277,40.336610037485862],[-111.91729251177711,40.336593795487765],[-111.91722973731439,40.335993054413059],[-111.91834547240866,40.335924668245639],[-111.91851290761832,40.335914417643743],[-111.91859444038055,40.335596013549527],[-111.91860659207708,40.335412246029115],[-111.91860217450693,40.335484693566734],[-111.91860695984322,40.335412339278548],[-111.91859230273784,40.335233578920089],[-111.91858099726333,40.335100193119445],[-111.91857929243325,40.335080068243592],[-111.91545761574694,40.335272818980123]]]},"properties":{"OBJECTID":141,"ID":1124,"NAME":"Israel Canyon Church","RECORDEDUNITS":null,"DENSITY":null,"ACRE":null,"TYPE":"Minor Subdivision","STATUS":null,"NOTE":null,"GlobalID":"{E94B29D9-AA69-438B-914A-272371C95FAC}","PLANNEDUNITS":null,"EXISTINGUNITS":null,"PREVIOUSNAME":null,"ID_TEXT":"2179","ProjectLink":null,"PLANNER":null,"created_user":"BRIANG","created_date":1712754639000,"last_edited_user":"BRIANG","last_edited_date":1712754639000,"REMAININGUNITS":null,"DA_Exceptions":null,"ParentID":null,"ACTIVEDATE":null,"Shape.STArea()":330408.1023554561,"Shape.STLength()":2814.211162795285}},{"type":"Feature","id":144,"geometry":{"type":"Polygon","coordinates":[[[-111.93508764410015,40.340135291213613],[-111.93873763511036,40.340129480070068],[-111.93871031441957,40.339849772746774],[-111.93869031901113,40.339722466932663],[-111.93866570417116,40.339595973073848],[-111.93862505349404,40.339396030540499],[-111.93857847802164,40.339197384575115],[-111.93852601890859,40.339000210703496],[-111.93846772250832,40.338804683150684],[-111.93840364033221,40.338610974687015],[-111.93833382900398,40.338419256475454],[-111.93825835020971,40.338229697920369],[-111.93816981644906,40.338027791891925],[-111.93807564286051,40.337828453972001],[-111.93797590385181,40.337631841659977],[-111.93787067822797,40.33743811030169],[-111.93776004912907,40.337247412966697],[-111.93763511444759,40.337050991819751],[-111.93750486862271,40.336858051500727],[-111.93736940857437,40.336668735582464],[-111.93722883510257,40.336483184940775],[-111.93708325281239,40.336301537649618],[-111.93701121637815,40.336217249090083],[-111.93692853686299,40.336125716835319],[-111.93677802196918,40.335961857656088],[-111.93665573710727,40.335830061701344],[-111.93643477361063,40.335605699381993],[-111.93628586074098,40.335462747217854],[-111.93608089623658,40.335285364799432],[-111.93587146995084,40.335113272959767],[-111.93565771840703,40.334946583884083],[-111.93543978094797,40.334785406235582],[-111.93521779964529,40.334629845084628],[-111.93499191920669,40.33448000184022],[-111.93476228688176,40.334335974183908],[-111.93452905236587,40.334197856006128],[-111.93429236770267,40.334065737344943],[-111.93405238718486,40.333939704327406],[-111.93380926725376,40.333819839113374],[-111.93380907148942,40.333819961425768],[-111.93380890034771,40.333820069236602],[-111.93380887430845,40.333820045916752],[-111.93375944271055,40.33377508051737],[-111.93373670554345,40.333755054605888],[-111.93345822295889,40.333628310975207],[-111.93317705941257,40.333507631407592],[-111.93289334693321,40.333393072571717],[-111.93260721874645,40.333284688262111],[-111.93231880921233,40.33318252937385],[-111.93202825376214,40.333086643878687],[-111.93173568883483,40.332997076802513],[-111.93144125181301,40.332913870204223],[-111.93155667003698,40.332968074850534],[-111.93171756553546,40.333047141863652],[-111.93187662670879,40.333129837069912],[-111.9320337717544,40.333216117940523],[-111.93222680008545,40.333328652421123],[-111.93241619942481,40.33344719286216],[-111.93242997950578,40.333456139228339],[-111.93258351392679,40.333558221914849],[-111.93265720851629,40.333609921212393],[-111.93270108945406,40.333640793767024],[-111.9327887999127,40.333704513663974],[-111.93287518582275,40.33377001804832],[-111.93298068131577,40.333851839057509],[-111.93308400412459,40.333936387113482],[-111.9331980455067,40.334033022921986],[-111.93330963398604,40.334132481092048],[-111.93343671439025,40.334251420641102],[-111.93343676772548,40.334251479885253],[-111.93350973978019,40.33432322585962],[-111.9335930384504,40.334407716399653],[-111.93367489567385,40.334493604203118],[-111.93367494312515,40.334493663468947],[-111.93379343985262,40.334624377853899],[-111.93384602348451,40.334685815856837],[-111.93384606854805,40.334685869727679],[-111.93395661068297,40.334819091115371],[-111.93395866070109,40.334821667426567],[-111.93400547543482,40.334881616408516],[-111.93400549322499,40.334881637957729],[-111.9340055193389,40.334881672985524],[-111.93407756696067,40.334975584859833],[-111.93415394929779,40.335081553601292],[-111.93415397543468,40.335081592231532],[-111.93418782523102,40.335129961193395],[-111.93418784308412,40.335129992649314],[-111.93425702539098,40.335231676222726],[-111.9343230632562,40.335335429492744],[-111.93437265857273,40.335415505140155],[-111.9344203018793,40.33549675734055],[-111.93444672607197,40.33554387942273],[-111.93450420763384,40.335648033143087],[-111.93455832022507,40.335753976311295],[-111.93460317252884,40.33584480160097],[-111.93463504120284,40.335913390741297],[-111.9346604181293,40.335970873065762],[-111.93466044190735,40.335970910804015],[-111.93466045513341,40.335970954885923],[-111.93470739498537,40.336079812455154],[-111.93475073315584,40.336190153395243],[-111.93475075447725,40.336190174931154],[-111.93475077016016,40.336190235215398],[-111.93477059114727,40.336242919780261],[-111.9347705913532,40.336242952202369],[-111.93477060212837,40.336242980982597],[-111.93481026803332,40.336353242855303],[-111.93484621984663,40.336464771020843],[-111.93484623424405,40.336464814197768],[-111.9348720491684,40.336548642309587],[-111.93489574233922,40.336633094641158],[-111.93491049522683,40.336690336331294],[-111.93493835464203,40.336802580635975],[-111.9349623472749,40.336915714558899],[-111.93496235822194,40.33691577035755],[-111.93498947331884,40.337059053194025],[-111.93500235382461,40.337142955215],[-111.93500235883563,40.337143002929984],[-111.93501843997261,40.337257865974735],[-111.93503053036672,40.337373217369986],[-111.93503053646884,40.3373732515714],[-111.93503542451415,40.337428092831232],[-111.93504261717784,40.337521401285208],[-111.93504716776104,40.337614875849596],[-111.93504838066644,40.337658491765744],[-111.93505245881447,40.337889023696825],[-111.93505607547898,40.338119533011117],[-111.93505969330468,40.338350035999227],[-111.9350679731623,40.338878279381703],[-111.93507429864877,40.339281986675914],[-111.93507429652962,40.339282023609819],[-111.93508764410015,40.340135291213613]]]},"properties":{"OBJECTID":144,"ID":1129,"NAME":"Canton Ridge","RECORDEDUNITS":102,"DENSITY":null,"ACRE":38.345224430000002,"TYPE":"Subdivision","STATUS":"Approved","NOTE":null,"GlobalID":"{3AB38E34-5376-410E-8B81-6F59C1F01674}","PLANNEDUNITS":102,"EXISTINGUNITS":79,"PREVIOUSNAME":null,"ID_TEXT":"2182","ProjectLink":null,"PLANNER":null,"created_user":"BRIANG","created_date":1718141629000,"last_edited_user":"SQLSERVICE","last_edited_date":1781076648000,"REMAININGUNITS":null,"DA_Exceptions":"Yes","ParentID":null,"ACTIVEDATE":null,"Shape.STArea()":1670317.9761653845,"Shape.STLength()":7527.5031302363186}},{"type":"Feature","id":145,"geometry":{"type":"Polygon","coordinates":[[[-111.93000164917058,40.383899222852783],[-111.91758981561811,40.383961500228878],[-111.91662406725455,40.383967156059725],[-111.91656739964732,40.386502656160701],[-111.91750921962421,40.386507657806973],[-111.91775625184744,40.386599701663691],[-111.91775652453821,40.386599803360326],[-111.91775972544926,40.38726673349823],[-111.91776392263122,40.387266843694121],[-111.91789676270378,40.387267308526724],[-111.91811019714626,40.387279480496503],[-111.91833710798747,40.387291059006678],[-111.9183371162228,40.387292405402256],[-111.91887516198696,40.387323114724275],[-111.91925975846824,40.3873450466713],[-111.92170670660714,40.387356107382786],[-111.92170819538478,40.387356112822857],[-111.92170824489585,40.387356119849343],[-111.92219004257885,40.387358301369375],[-111.92219005397305,40.387358239185545],[-111.9222235587111,40.387358389337457],[-111.92382258172017,40.387365577266358],[-111.92393675568862,40.387366335231214],[-111.92418203509546,40.387367176106729],[-111.92418209078032,40.387375394953835],[-111.9270961530069,40.387374589960039],[-111.92721223239013,40.387368530111971],[-111.92732774220518,40.387355544442975],[-111.92744226959798,40.387335679366302],[-111.92755540522582,40.387309005883516],[-111.92766674472045,40.387275619330723],[-111.92777589013332,40.387235639037819],[-111.92788245135795,40.387189207901969],[-111.92798604752424,40.387136491876895],[-111.92808630835979,40.387077679379708],[-111.9281828755133,40.387012980617456],[-111.92827540383536,40.38694262683584],[-111.92836356261215,40.38686686949265],[-111.92844703674741,40.386785979359061],[-111.92852552788872,40.386700245551808],[-111.92859875549379,40.386609974499812],[-111.92866645783323,40.386515488849021],[-111.92872839292599,40.386417126309112],[-111.92878433940425,40.386315238446528],[-111.92928823819237,40.385081731418957],[-111.92933827583046,40.38497189782958],[-111.9293941000754,40.384864889249279],[-111.92945555202346,40.384761010278062],[-111.9295224567516,40.384660556607486],[-111.92959462381549,40.384563814178996],[-111.92967184779152,40.384471058369982],[-111.9297539088616,40.38438255320991],[-111.92984057343881,40.384298550628785],[-111.92993159483241,40.384219289740017],[-111.93001075126062,40.384152197052344],[-111.93001031240634,40.384151893355487],[-111.93001521274098,40.3838974546046],[-111.93000209767756,40.383897502820339],[-111.93000164917058,40.383899222852783]]]},"properties":{"OBJECTID":145,"ID":1131,"NAME":"SS Commercial","RECORDEDUNITS":0,"DENSITY":null,"ACRE":96.801842190000002,"TYPE":"Mixed Use","STATUS":"Approved","NOTE":null,"GlobalID":"{46158BE4-3BD6-4335-A97A-06E467477F8F}","PLANNEDUNITS":254,"EXISTINGUNITS":null,"PREVIOUSNAME":null,"ID_TEXT":"2184","ProjectLink":null,"PLANNER":null,"created_user":"BRIANG","created_date":1725402917000,"last_edited_user":"BRIANG","last_edited_date":1764892711000,"REMAININGUNITS":254,"DA_Exceptions":null,"ParentID":null,"ACTIVEDATE":null,"Shape.STArea()":4216688.2455818653,"Shape.STLength()":9446.8521084228832}},{"type":"Feature","id":146,"geometry":{"type":"Polygon","coordinates":[[[-111.94393050918897,40.362252557536856],[-111.94025813484845,40.362288497029404],[-111.94025675756289,40.365194337347958],[-111.94283601686685,40.364307692707733],[-111.94318508183564,40.363729660004829],[-111.94330554581214,40.363131940710886],[-111.94382589497123,40.362408301220434],[-111.94393050918897,40.362252557536856]]]},"properties":{"OBJECTID":146,"ID":1132,"NAME":"Quailhill (temp)","RECORDEDUNITS":null,"DENSITY":null,"ACRE":17.27267488,"TYPE":"Subdivision","STATUS":"Pending","NOTE":null,"GlobalID":"{888BA9BB-70E4-4EDB-9DB1-9FAC39080126}","PLANNEDUNITS":14,"EXISTINGUNITS":null,"PREVIOUSNAME":null,"ID_TEXT":"2185","ProjectLink":null,"PLANNER":null,"created_user":"BRIANG","created_date":1729257236000,"last_edited_user":"ALEFORS","last_edited_date":1746035335000,"REMAININGUNITS":null,"DA_Exceptions":null,"ParentID":null,"ACTIVEDATE":null,"Shape.STArea()":752397.71780923498,"Shape.STLength()":3686.8554849960547}},{"type":"Feature","id":147,"geometry":{"type":"Polygon","coordinates":[[[-111.92142461649973,40.408160605369162],[-111.92123358183305,40.407490270290367],[-111.92101578980383,40.406820369669717],[-111.91871027787198,40.406832709006771],[-111.91888989054914,40.407137423344963],[-111.91931913414192,40.408172048598296],[-111.92142461649973,40.408160605369162]]]},"properties":{"OBJECTID":147,"ID":1133,"NAME":"Skyline Properties","RECORDEDUNITS":null,"DENSITY":null,"ACRE":6.8526536699999996,"TYPE":"Commercial","STATUS":"Pending","NOTE":null,"GlobalID":"{E21941D6-A571-41A8-902E-D74E680E188B}","PLANNEDUNITS":null,"EXISTINGUNITS":null,"PREVIOUSNAME":null,"ID_TEXT":"2186","ProjectLink":null,"PLANNER":null,"created_user":"BRIANG","created_date":1736283147000,"last_edited_user":"BRIANG","last_edited_date":1736283147000,"REMAININGUNITS":null,"DA_Exceptions":null,"ParentID":null,"ACTIVEDATE":null,"Shape.STArea()":298501.59380694287,"Shape.STLength()":2246.9392280531479}},{"type":"Feature","id":148,"geometry":{"type":"Polygon","coordinates":[[[-111.94986141358818,40.340147057114606],[-111.94837540421923,40.340140213699847],[-111.94837531275829,40.340140266287499],[-111.94837531360483,40.340140215848713],[-111.94245740453508,40.34012717617594],[-111.94246107374008,40.340696022564295],[-111.93921856709647,40.340708314394057],[-111.93915408998116,40.344683372520919],[-111.93917179508803,40.347440397887674],[-111.9498244774399,40.347454394802],[-111.94986141358818,40.340147057114606]]]},"properties":{"OBJECTID":148,"ID":1134,"NAME":"Proposed High School","RECORDEDUNITS":null,"DENSITY":null,"ACRE":177.45905008,"TYPE":"School","STATUS":"Pending","NOTE":null,"GlobalID":"{741E9051-D56E-491B-AC0B-13E477E51E15}","PLANNEDUNITS":null,"EXISTINGUNITS":null,"PREVIOUSNAME":null,"ID_TEXT":"2187","ProjectLink":null,"PLANNER":null,"created_user":"BRIANG","created_date":1740000472000,"last_edited_user":"BRIANG","last_edited_date":1763649805000,"REMAININGUNITS":null,"DA_Exceptions":null,"ParentID":null,"ACTIVEDATE":null,"Shape.STArea()":7730116.2214285526,"Shape.STLength()":11258.616261734263}},{"type":"Feature","id":149,"geometry":{"type":"Polygon","coordinates":[[[-111.94062584009298,40.36798732348938],[-111.94339478790887,40.367972883661949],[-111.94339841554942,40.367783189988828],[-111.94502931413875,40.367775426660629],[-111.94502973545495,40.366865632344023],[-111.94505015198524,40.3649733535404],[-111.94396448435015,40.364964577312705],[-111.94395776051078,40.363929115106309],[-111.94336816051019,40.364128146402287],[-111.94336865908002,40.364207807672649],[-111.9406215743862,40.365163864887997],[-111.94062313756652,40.366006420254365],[-111.94156717507809,40.366001473133061],[-111.9411969408895,40.366541074972503],[-111.94062513039296,40.366525358087401],[-111.94062584009298,40.36798732348938]],[[-111.94338254043211,40.366354174459005],[-111.94254549185081,40.366351391258242],[-111.94254567964497,40.365541642726889],[-111.94337721450779,40.365532356784584],[-111.94338254043211,40.366354174459005]]]},"properties":{"OBJECTID":149,"ID":1135,"NAME":"Stout Development","RECORDEDUNITS":0,"DENSITY":null,"ACRE":30.782325610000001,"TYPE":"Subdivision","STATUS":"Pending","NOTE":null,"GlobalID":"{A152315F-7F31-4DCF-9CC5-C3F97E0524E4}","PLANNEDUNITS":74,"EXISTINGUNITS":0,"PREVIOUSNAME":null,"ID_TEXT":"2188","ProjectLink":null,"PLANNER":null,"created_user":"BRIANG","created_date":1752155099000,"last_edited_user":"BRIANG","last_edited_date":1764871591000,"REMAININGUNITS":74,"DA_Exceptions":null,"ParentID":null,"ACTIVEDATE":null,"Shape.STArea()":1340878.1035855953,"Shape.STLength()":6588.5496133505922}},{"type":"Feature","id":151,"geometry":{"type":"Polygon","coordinates":[[[-111.8789117346834,40.366392295049813],[-111.87891195473514,40.365972181431616],[-111.87891503522312,40.365133128881254],[-111.87688726177254,40.365127045519962],[-111.87687834562071,40.366401463654903],[-111.8789117346834,40.366392295049813]]]},"properties":{"OBJECTID":151,"ID":1137,"NAME":"North Lake Meadows Ph. 2 ","RECORDEDUNITS":null,"DENSITY":null,"ACRE":5.9929475600000002,"TYPE":"Subdivision","STATUS":"Pending","NOTE":null,"GlobalID":"{0FEF7467-DFB3-4A4D-8BCD-E3EB04089B2F}","PLANNEDUNITS":19,"EXISTINGUNITS":0,"PREVIOUSNAME":null,"ID_TEXT":"2190","ProjectLink":null,"PLANNER":null,"created_user":"BRIANG","created_date":1752608003000,"last_edited_user":"BRIANG","last_edited_date":1752608081000,"REMAININGUNITS":null,"DA_Exceptions":null,"ParentID":null,"ACTIVEDATE":null,"Shape.STArea()":261052.79557359713,"Shape.STLength()":2054.6036424782792}},{"type":"Feature","id":152,"geometry":{"type":"Polygon","coordinates":[[[-111.94023469791114,40.383371129380357],[-111.94025639914337,40.372928729294017],[-111.9397868816099,40.37293114254242],[-111.93833746776642,40.372938581779238],[-111.93573307058837,40.372951906226717],[-111.93550203910564,40.372953085622591],[-111.93549456774814,40.372953123352126],[-111.93549446058729,40.372953122850511],[-111.93549847664197,40.375509528805964],[-111.93550018138933,40.376594319280883],[-111.9354909997616,40.379241724151996],[-111.9354896955826,40.379612335856692],[-111.93547596444543,40.383513113973095],[-111.93792182472737,40.383363530326108],[-111.93803554713548,40.383356574086704],[-111.94012982897583,40.383370436090985],[-111.94023469791114,40.383371129380357]]]},"properties":{"OBJECTID":152,"ID":1140,"NAME":"Sunrise Meadows","RECORDEDUNITS":289,"DENSITY":"2.7","ACRE":115.87077936999999,"TYPE":"Subdivision","STATUS":"Recorded","NOTE":null,"GlobalID":"{965F7FE7-0B47-4C60-A814-AF06183CF974}","PLANNEDUNITS":289,"EXISTINGUNITS":289,"PREVIOUSNAME":null,"ID_TEXT":"2193","ProjectLink":null,"PLANNER":null,"created_user":"BGIBSON","created_date":1755639736000,"last_edited_user":"BGIBSON","last_edited_date":1755649247000,"REMAININGUNITS":null,"DA_Exceptions":null,"ParentID":null,"ACTIVEDATE":null,"Shape.STArea()":5047331.149501266,"Shape.STLength()":10305.711577335418}},{"type":"Feature","id":171,"geometry":{"type":"Polygon","coordinates":[[[-111.90988024308633,40.390055374339639],[-111.90986759229699,40.389384671994797],[-111.90884628733714,40.389395835564805],[-111.90884464425527,40.390015495012548],[-111.90956261055982,40.390074346120613],[-111.90988024308633,40.390055374339639]]]},"properties":{"OBJECTID":171,"ID":1143,"NAME":"Canyon Hollow","RECORDEDUNITS":null,"DENSITY":null,"ACRE":1.5831585800000001,"TYPE":"Subdivision","STATUS":null,"NOTE":null,"GlobalID":"{947005C2-B4AF-47D8-A24E-CA2AFEF2FC91}","PLANNEDUNITS":13,"EXISTINGUNITS":null,"PREVIOUSNAME":null,"ID_TEXT":"2196","ProjectLink":null,"PLANNER":null,"created_user":"BRIANG","created_date":1768257962000,"last_edited_user":"BRIANG","last_edited_date":1768258043000,"REMAININGUNITS":null,"DA_Exceptions":null,"ParentID":null,"ACTIVEDATE":null,"Shape.STArea()":68962.387946951698,"Shape.STLength()":1044.4850284125557}},{"type":"Feature","id":172,"geometry":{"type":"Polygon","coordinates":[[[-111.90785156708449,40.307563795135543],[-111.9057764760759,40.305396603036499],[-111.90577495412261,40.307565151950072],[-111.90785156708449,40.307563795135543]]]},"properties":{"OBJECTID":172,"ID":1144,"NAME":"Jumbers Substation","RECORDEDUNITS":null,"DENSITY":null,"ACRE":5.2512836800000002,"TYPE":"Minor Subdivision","STATUS":"Pending","NOTE":null,"GlobalID":"{9067AC65-0E54-4317-B80C-AB1D767E2A77}","PLANNEDUNITS":null,"EXISTINGUNITS":null,"PREVIOUSNAME":null,"ID_TEXT":"2197","ProjectLink":null,"PLANNER":null,"created_user":"BRIANG","created_date":1769550231000,"last_edited_user":"BRIANG","last_edited_date":1769550426000,"REMAININGUNITS":null,"DA_Exceptions":null,"ParentID":null,"ACTIVEDATE":null,"Shape.STArea()":228745.91697807386,"Shape.STLength()":2347.9559287654483}},{"type":"Feature","id":177,"geometry":{"type":"Polygon","coordinates":[[[-111.92108119478995,40.358136476327431],[-111.91887265265026,40.358127437030355],[-111.91887255155856,40.358141886161668],[-111.91649573728148,40.358132111384833],[-111.9164957363632,40.358132347352537],[-111.91647587538816,40.361264244198985],[-111.91647786859855,40.36164063234051],[-111.91647787072012,40.361640980875393],[-111.91660230997961,40.36174489136009],[-111.91660272440228,40.361744889883539],[-111.91722646754282,40.361742754131349],[-111.91722680563625,40.361742785347481],[-111.91722691869359,40.361742790347805],[-111.91742749744756,40.361761269510147],[-111.91820111003261,40.361758621351953],[-111.9189349411206,40.361783543698451],[-111.92066294450267,40.361777583789376],[-111.92084443376946,40.361779893069965],[-111.92102573900027,40.361788384242907],[-111.92104802371624,40.361789845871904],[-111.92105619636416,40.361718767807233],[-111.92108119478995,40.358136476327431]]]},"properties":{"OBJECTID":177,"ID":1149,"NAME":"West Lake Commons","RECORDEDUNITS":null,"DENSITY":null,"ACRE":38.80424893,"TYPE":"CommunityPlan","STATUS":"Pending","NOTE":null,"GlobalID":"{071F6DE4-3320-4784-BD06-6B34C5130DAB}","PLANNEDUNITS":186,"EXISTINGUNITS":0,"PREVIOUSNAME":null,"ID_TEXT":"2202","ProjectLink":null,"PLANNER":null,"created_user":"BRIANG","created_date":1777918222000,"last_edited_user":"BRIANG","last_edited_date":1777918560000,"REMAININGUNITS":null,"DA_Exceptions":null,"ParentID":null,"ACTIVEDATE":1775692800000,"Shape.STArea()":1690313.0833622292,"Shape.STLength()":5183.290113930334}}]}