{"type":"FeatureCollection","features":[{"type":"Feature","id":1,"geometry":{"type":"Polygon","coordinates":[[[-111.91117256585872,40.362122399022418],[-111.91118451938731,40.36212128080458],[-111.91119609713844,40.362118103866521],[-111.91120694732801,40.362112964737911],[-111.9112167402785,40.362106019568557],[-111.91122517843608,40.362097479383927],[-111.91123200541158,40.36208760367321],[-111.91123701377082,40.362076692504871],[-111.91124005133732,40.362065077409241],[-111.91124102581618,40.36205311130513],[-111.91123990759833,40.362041157776545],[-111.91123673066028,40.362029580025414],[-111.91123159153166,40.362018729835839],[-111.91122464636231,40.362008936885346],[-111.91121610617769,40.362000498727767],[-111.91120623046697,40.361993671752266],[-111.91119531929863,40.361988663393035],[-111.911183704203,40.361985625826534],[-111.91117173809889,40.361984651347676],[-111.9111597845703,40.361985769565514],[-111.91114820681916,40.361988946503573],[-111.9111373566296,40.361994085632183],[-111.9111275636791,40.362001030801537],[-111.91111912552152,40.362009570986167],[-111.91111229854603,40.362019446696884],[-111.91110729018679,40.362030357865223],[-111.91110425262029,40.362041972960853],[-111.91110327814143,40.362053939064964],[-111.91110439635928,40.362065892593549],[-111.91110757329733,40.36207747034468],[-111.91111271242595,40.362088320534255],[-111.91111965759529,40.362098113484748],[-111.91112819777992,40.362106551642327],[-111.91113807349063,40.362113378617828],[-111.91114898465898,40.362118386977059],[-111.91116059975461,40.36212142454356],[-111.91117256585872,40.362122399022418]]]},"properties":{"GlobalID":"{1D3EB5D1-53F3-4279-A4D7-12026A93B7FD}","OBJECTID":1,"PARKID":200,"TYPE":"Landscape","NAME":null,"COMMONNAME":null,"ADDRESS":null,"USE_":"Landscape","STATUS":"Constructed","RESERVABLE":null,"PATH":null,"BATHROOM":null,"DRINKINGFNTN":null,"PAVILION":null,"TABLES":null,"BBQGRILLS":null,"FIREPIT":null,"BENCHES":null,"PLAYGRNDTOT":null,"PLAYGRNDSCHL":null,"SWINGSET":null,"BBALLCOURT":null,"TENNISCOURT":null,"VBALLCOURT":null,"HORSESHOES":null,"ADDAMENITIES":null,"OWNEDBY":null,"MAINTBY":"City","AREA_SQFT":1967.6507622900001,"AREA_ACRES":0.045171049999999997,"LASTUPDATE":null,"LASTEDITOR":null,"NOTES":null,"FACILITYID":"100","PARKINGTYPE":null,"PARKINGNUMSTALLS":null,"BOATING":null,"HASPAVILION":null,"HASTABLES":null,"HASBBQGRILLS":null,"HASFIREPIT":null,"HASBENCHES":null,"BASEBALL":null,"FISHING":null,"URL":null,"PICURL":null,"created_user":null,"created_date":null,"last_edited_user":"BGIBSON","last_edited_date":1767747226000,"YEARBUILT":2015,"PHRAGMITES":null,"HASPICKLE":null,"TRAILHEAD":null,"Shape.STArea()":1967.650762287826,"Shape.STLength()":157.44582407195449}},{"type":"Feature","id":2,"geometry":{"type":"Polygon","coordinates":[[[-111.93561572195267,40.374353555450185],[-111.9355999470156,40.377269503967092],[-111.93560095174783,40.37882626389451],[-111.9356013976152,40.379479171811219],[-111.93560114077651,40.379486182308639],[-111.93560231092373,40.379493137957141],[-111.93560487989907,40.379499870445215],[-111.93560878659366,40.379506215186609],[-111.9356139346437,40.379512019434273],[-111.93562019948506,40.379517140453224],[-111.93569925999931,40.379523243076953],[-111.93570325344945,40.378691256924135],[-111.93570979134078,40.377319175720281],[-111.93572639668312,40.37434390905986],[-111.93571489880077,40.374341138349884],[-111.9356866077282,40.374341925522003],[-111.93568821524946,40.374127100995516],[-111.93568765159721,40.374117920337014],[-111.93568521086767,40.374108921392398],[-111.93568095218394,40.374100327295992],[-111.9356749828853,40.374092351095499],[-111.9356674490783,40.374085191284195],[-111.93565853912315,40.374079024582947],[-111.93564847302456,40.374074004178574],[-111.9356375012312,40.374070256125805],[-111.9356287249158,40.374080451454539],[-111.93562233832174,40.374091637573365],[-111.93561852426049,40.374103489577131],[-111.93561739478181,40.374115665712466],[-111.93561572195267,40.374353555450185]]]},"properties":{"GlobalID":"{00093511-EC5B-4F3F-833D-BB9B53B6CBFB}","OBJECTID":2,"PARKID":42,"TYPE":"Frontage","NAME":null,"COMMONNAME":" ","ADDRESS":" ","USE_":"Landscape","STATUS":"Constructed","RESERVABLE":" ","PATH":null,"BATHROOM":" ","DRINKINGFNTN":null,"PAVILION":null,"TABLES":null,"BBQGRILLS":null,"FIREPIT":null,"BENCHES":null,"PLAYGRNDTOT":null,"PLAYGRNDSCHL":null,"SWINGSET":null,"BBALLCOURT":null,"TENNISCOURT":null,"VBALLCOURT":null,"HORSESHOES":null,"ADDAMENITIES":" ","OWNEDBY":"City","MAINTBY":"City","AREA_SQFT":58368.146066660003,"AREA_ACRES":1.3399482599999999,"LASTUPDATE":null,"LASTEDITOR":null,"NOTES":null,"FACILITYID":"6103","PARKINGTYPE":null,"PARKINGNUMSTALLS":null,"BOATING":null,"HASPAVILION":null,"HASTABLES":null,"HASBBQGRILLS":null,"HASFIREPIT":null,"HASBENCHES":null,"BASEBALL":null,"FISHING":null,"URL":null,"PICURL":null,"created_user":null,"created_date":null,"last_edited_user":"BGIBSON","last_edited_date":1767747226000,"YEARBUILT":2001,"PHRAGMITES":null,"HASPICKLE":null,"TRAILHEAD":null,"Shape.STArea()":58368.146066663598,"Shape.STLength()":4012.2117046083426}},{"type":"Feature","id":3,"geometry":{"type":"Polygon","coordinates":[[[-111.86147386012421,40.360585822182223],[-111.86100681241297,40.360586817512171],[-111.86099944705855,40.360586833047407],[-111.86099268707997,40.36166872062622],[-111.86100123456117,40.361668694237082],[-111.86138386616884,40.361667505970857],[-111.86149389690736,40.361662072821389],[-111.86168846666429,40.361619226452866],[-111.86182186472335,40.36159116187838],[-111.86192371177823,40.361574430100504],[-111.86202679451753,40.36156294594695],[-111.86213064935578,40.361556760384651],[-111.86223481258918,40.36155590186695],[-111.86233881802612,40.36156037363898],[-111.86290331647027,40.361596259166895],[-111.86459181565768,40.361707757949411],[-111.86467705868728,40.361705305406225],[-111.86476221837451,40.361709084479529],[-111.86484651868362,40.361719061566106],[-111.8649291903299,40.361735144503065],[-111.86500947786631,40.361757187049221],[-111.86508665145635,40.361784988847724],[-111.86516000569573,40.361818295429742],[-111.86522887258643,40.361856802676499],[-111.86529262155551,40.361900160421875],[-111.8653506735828,40.361947972407215],[-111.86540249770239,40.361999802596813],[-111.86544762161357,40.362055177846024],[-111.86548563289148,40.36211359420129],[-111.86551229803356,40.362174671330415],[-111.86554736314093,40.362233211252494],[-111.86559042433271,40.362288541556055],[-111.86564098607754,40.362340025239668],[-111.86569846594514,40.362387068802896],[-111.86576220407319,40.362429131223621],[-111.86583146672776,40.362465729351008],[-111.8659054545647,40.362496441483081],[-111.86598331796908,40.362520913623023],[-111.86606416061231,40.362538863972212],[-111.86614705242802,40.362550087392712],[-111.86623103784518,40.362554453580763],[-111.86701153588366,40.362563546986785],[-111.867011966257,40.362471259592901],[-111.86701198329573,40.362467631825801],[-111.86701855729788,40.361063058853937],[-111.86681678037529,40.361027360844488],[-111.86602337256603,40.360887308073472],[-111.86546532636096,40.360825374088535],[-111.86459676348035,40.360616842387067],[-111.86431236513543,40.360548512256422],[-111.86389748028904,40.360503579653013],[-111.86316853234537,40.360519526513862],[-111.86266103791296,40.360530574451211],[-111.86147386012421,40.360585822182223]]]},"properties":{"GlobalID":"{9AFF1D0D-7A4C-4E49-88D9-4D8906236E0B}","OBJECTID":3,"PARKID":14,"TYPE":"Public Park","NAME":"Shoreline Park","COMMONNAME":"Loch Lomond Pond","ADDRESS":"2182 E LAKEVIEW DR","USE_":"OpenSpace","STATUS":"Constructed","RESERVABLE":"No","PATH":"Yes","BATHROOM":"No","DRINKINGFNTN":"No","PAVILION":0,"TABLES":0,"BBQGRILLS":0,"FIREPIT":0,"BENCHES":0,"PLAYGRNDTOT":"No","PLAYGRNDSCHL":"No","SWINGSET":"No","BBALLCOURT":"No","TENNISCOURT":"No","VBALLCOURT":"No","HORSESHOES":"No","ADDAMENITIES":"Fishing","OWNEDBY":"City","MAINTBY":"City","AREA_SQFT":736650.17763707996,"AREA_ACRES":16.911161100000001,"LASTUPDATE":null,"LASTEDITOR":null,"NOTES":null,"FACILITYID":"624","PARKINGTYPE":"None","PARKINGNUMSTALLS":0,"BOATING":null,"HASPAVILION":null,"HASTABLES":null,"HASBBQGRILLS":null,"HASFIREPIT":null,"HASBENCHES":null,"BASEBALL":null,"FISHING":null,"URL":null,"PICURL":null,"created_user":null,"created_date":null,"last_edited_user":"BGIBSON","last_edited_date":1767747226000,"YEARBUILT":2001,"PHRAGMITES":null,"HASPICKLE":null,"TRAILHEAD":null,"Shape.STArea()":736650.17763708311,"Shape.STLength()":4462.3444979912465}},{"type":"Feature","id":4,"geometry":{"type":"Polygon","coordinates":[[[-111.91027313938582,40.323519947730752],[-111.91027123450218,40.323521355810243],[-111.91026998485133,40.323522339190376],[-111.91026876593985,40.323523346779801],[-111.91026758128156,40.323524375864253],[-111.91026643088736,40.32352542824497],[-111.91026531356962,40.323526502124857],[-111.91026423168728,40.323527598396275],[-111.91026318757194,40.323528713448461],[-111.91026218005244,40.323529848186162],[-111.91026120912873,40.323531002609421],[-111.91026027714341,40.323532174908756],[-111.91025938291432,40.323533364187611],[-111.9102585276236,40.323534571342506],[-111.91025771243179,40.323535793667446],[-111.91025693733877,40.323537031162452],[-111.91025620351591,40.323538282922783],[-111.91025550979197,40.323539549853173],[-111.9102548584986,40.323540828342864],[-111.91025424846458,40.323542119296647],[-111.91025368203253,40.323543420904969],[-111.91025315684901,40.32354473317622],[-111.91025267526206,40.323546055201341],[-111.91025223726621,40.323547386079824],[-111.91025184286148,40.323548725811634],[-111.91025149203173,40.323550071694974],[-111.91025118595363,40.323551423725618],[-111.91025092345045,40.323552781907772],[-111.91025070568269,40.323554143535432],[-111.91025053148455,40.323555510413954],[-111.91025040436436,40.323556878928464],[-111.91025031962096,40.323558249996168],[-111.91025028077347,40.323559621803341],[-111.91025028664521,40.323560994354168],[-111.91025033840751,40.323562366743879],[-111.91025043251956,40.323563737183662],[-111.91025057368805,40.323565105656961],[-111.91025075837754,40.323566471275583],[-111.91025098657185,40.323567831337634],[-111.91025126064055,40.32356918853673],[-111.91025157820869,40.323570539278663],[-111.91025194044751,40.323571882658612],[-111.91025234736787,40.32357322047794],[-111.9102527954181,40.323574549146478],[-111.91025328930496,40.323575868647758],[-111.91025382432166,40.323577178998264],[-111.91025440280542,40.323578477487843],[-111.91025502359039,40.323579765921899],[-111.91025568547828,40.323581040702116],[-111.91025638965657,40.323582303625599],[-111.91025713492695,40.323583551093947],[-111.91025792012894,40.323584785813203],[-111.91025874641764,40.323586004176711],[-111.91025961144516,40.323587207093382],[-111.91026051519519,40.323588391861371],[-111.91026145649654,40.323589559385432],[-111.91026243769717,40.323590708756605],[-111.91026345525617,40.323591838186154],[-111.91026451152699,40.323592947665709],[-111.91026485249456,40.32359329411473],[-111.91026533073439,40.323593769773616],[-111.91026559946025,40.323594039021394],[-111.91026659382045,40.323595028032905],[-111.91029121840513,40.323619512769938],[-111.91030117619002,40.323629804516855],[-111.91031062720015,40.323639571169366],[-111.91031336943729,40.32364240485331],[-111.91031802617536,40.323647397848099],[-111.91033267618731,40.323663104861119],[-111.91033499271529,40.323665588790796],[-111.91033895404738,40.323669997010867],[-111.91035411346586,40.323686862253382],[-111.91035608584771,40.32368905828649],[-111.9103594118918,40.323692899533803],[-111.91037508831234,40.323711012142162],[-111.91037664054886,40.323712805264066],[-111.91037926821659,40.323715959075052],[-111.91039545737068,40.323735392015656],[-111.91039664972067,40.323736823444342],[-111.91039867824124,40.323739354316636],[-111.91041522772215,40.323760005451994],[-111.91041610861268,40.323761105639051],[-111.91041759934028,40.323763041277182],[-111.91043446813785,40.323784939571674],[-111.91043501129269,40.323785643763721],[-111.9104359271284,40.323786880724754],[-111.91045310389765,40.323810096467881],[-111.91045335183892,40.323810431534795],[-111.91045377312602,40.323811024475738],[-111.91047112431369,40.323835459967057],[-111.91048832160776,40.323860720980072],[-111.91050494251162,40.323886209174425],[-111.91052097872851,40.323911914672514],[-111.9105364266901,40.323937831182661],[-111.91055128163514,40.323963949715434],[-111.91056553880767,40.323990262182015],[-111.91057919228587,40.324016762298982],[-111.9105922396564,40.324043440168019],[-111.91060467852198,40.324070288592566],[-111.91061650294456,40.324097298587418],[-111.91062770817354,40.324124462964321],[-111.91063829414884,40.324151771816545],[-111.91064825377174,40.324179218864856],[-111.9106575881589,40.324206794198403],[-111.91066629020622,40.324234490637274],[-111.9106743622069,40.324262298266447],[-111.91068179588015,40.324290209910068],[-111.91068859470136,40.324318216549756],[-111.91069475156081,40.324346310104765],[-111.91070026757517,40.324374480664254],[-111.91070514152362,40.324402721027617],[-111.91070527222864,40.324402735879104],[-111.91080574917498,40.324413774875097],[-111.91080646377259,40.324418535833217],[-111.91119173044537,40.324456180258466],[-111.91156005213365,40.324496657054588],[-111.91192761243019,40.32453705161543],[-111.91230024791903,40.324577956690277],[-111.91231795165665,40.324579899947743],[-111.9123645725933,40.324463330786323],[-111.91260703291715,40.324310337525247],[-111.91262617477668,40.324301776929076],[-111.91292687420845,40.324167297990037],[-111.91293251144323,40.324161377094811],[-111.91301267520885,40.323817313294015],[-111.91305144006652,40.323550207508028],[-111.91305940960025,40.323499452729095],[-111.91342758398464,40.323461253464174],[-111.91340694248051,40.323376918730297],[-111.91303123190215,40.323446543497418],[-111.9130235871677,40.323447960200546],[-111.91291478432304,40.323239585002163],[-111.91273887606471,40.32307469354177],[-111.91249564293561,40.322952576595988],[-111.91224043936154,40.322896373112961],[-111.91223424055266,40.322895007998049],[-111.91222795181935,40.322895123848404],[-111.9119633731532,40.322899989949782],[-111.91193741462129,40.322900467831872],[-111.91191265092642,40.322907090150132],[-111.91170955530239,40.322961399202391],[-111.91167989732008,40.322969330228474],[-111.91165624256689,40.322982500724386],[-111.91143625408536,40.323104983128417],[-111.91143637438847,40.323104442322297],[-111.91143585251733,40.323104735065591],[-111.91143586520633,40.323104692690968],[-111.91115310063432,40.322893194155611],[-111.91115293308997,40.3228933145299],[-111.91027313938582,40.323519947730752]]]},"properties":{"GlobalID":"{C1C6F690-098F-49FB-8DBD-54198058966C}","OBJECTID":4,"PARKID":10,"TYPE":"RegionalPark","NAME":"Israel Canyon Trailhead","COMMONNAME":"Grasslands Park","ADDRESS":"260 W WEATHERBY DR","USE_":"Recreation","STATUS":"Constructed","RESERVABLE":"No","PATH":"Yes","BATHROOM":"No","DRINKINGFNTN":"No","PAVILION":0,"TABLES":0,"BBQGRILLS":0,"FIREPIT":0,"BENCHES":3,"PLAYGRNDTOT":"No","PLAYGRNDSCHL":"No","SWINGSET":"No","BBALLCOURT":"No","TENNISCOURT":"No","VBALLCOURT":"No","HORSESHOES":"No","ADDAMENITIES":" ","OWNEDBY":"City","MAINTBY":"City","AREA_SQFT":358954.77842721,"AREA_ACRES":8.2404678199999992,"LASTUPDATE":null,"LASTEDITOR":null,"NOTES":null,"FACILITYID":"61","PARKINGTYPE":"Lot","PARKINGNUMSTALLS":35,"BOATING":"No","HASPAVILION":null,"HASTABLES":null,"HASBBQGRILLS":null,"HASFIREPIT":null,"HASBENCHES":null,"BASEBALL":null,"FISHING":null,"URL":null,"PICURL":null,"created_user":null,"created_date":null,"last_edited_user":"BGIBSON","last_edited_date":1767747226000,"YEARBUILT":2008,"PHRAGMITES":null,"HASPICKLE":null,"TRAILHEAD":null,"Shape.STArea()":358954.77842721029,"Shape.STLength()":2539.8562903090387}},{"type":"Feature","id":5,"geometry":{"type":"Polygon","coordinates":[[[-111.90133201121728,40.31974750458533],[-111.90115068995071,40.319831053441753],[-111.90113414128196,40.319839421339182],[-111.90111916921398,40.319849379752981],[-111.90110603394254,40.319860754868103],[-111.90108254203022,40.319889430761577],[-111.90107586188529,40.31990001637319],[-111.90106706882705,40.319909655460584],[-111.9010563873307,40.319918102279402],[-111.90104408676818,40.319925142453343],[-111.90103048142902,40.319930596577017],[-111.90091128857607,40.319991055614203],[-111.90090710514784,40.319993187366926],[-111.90090346129581,40.319995836035787],[-111.90090046363895,40.319998923800306],[-111.90089820106242,40.320002358490399],[-111.90089674121967,40.320006039002536],[-111.9008961270129,40.320009857113043],[-111.90089637660361,40.320013699279215],[-111.90089748226262,40.320017451146605],[-111.90089941157774,40.320021002948451],[-111.90090210745437,40.320024249505977],[-111.90090549048938,40.320027093822667],[-111.90090946018485,40.320029453384528],[-111.90091389846198,40.320031257446196],[-111.90091867557604,40.320032452414495],[-111.90092364894481,40.320033002753092],[-111.90092867257759,40.320032893652019],[-111.90093359704854,40.320032126524552],[-111.90093827777041,40.320030725283345],[-111.90094257496253,40.320028730936833],[-111.90094636189264,40.320026202461321],[-111.90107673974386,40.319961892598741],[-111.90109662585354,40.319951993877993],[-111.90111414376528,40.319939751716937],[-111.9011288282658,40.319925492843922],[-111.90116102098183,40.319893927545955],[-111.9011680378226,40.319884779993181],[-111.90117670234463,40.319876501302787],[-111.90118683317993,40.319869264119049],[-111.90119821940807,40.319863217770923],[-111.90121062409143,40.319858489160971],[-111.90136462843192,40.319788378797419],[-111.90136928212176,40.319786385011717],[-111.90137343003801,40.319783820157291],[-111.90137695376482,40.319780756691905],[-111.90137975262527,40.319777282323301],[-111.90138174601381,40.319773496398703],[-111.90138287691515,40.31976950809112],[-111.90138311422082,40.319765430087202],[-111.90138245038644,40.319761380396471],[-111.90138090373719,40.319757474237697],[-111.90137851846275,40.319753823138157],[-111.90137536342472,40.319750532235894],[-111.90137152977165,40.319747694884157],[-111.90136712623804,40.31974539356812],[-111.90136227793047,40.319743693604579],[-111.90135712514598,40.319742642245494],[-111.90135181515143,40.319742271407868],[-111.90134649861692,40.319742591381953],[-111.9013413284442,40.319743591735516],[-111.90133645272839,40.319745244940783],[-111.90133201121728,40.31974750458533]]]},"properties":{"GlobalID":"{05C0D226-85E1-4675-95E4-E8779916F629}","OBJECTID":5,"PARKID":201,"TYPE":"Frontage","NAME":null,"COMMONNAME":" ","ADDRESS":" ","USE_":"Landscape","STATUS":"Constructed","RESERVABLE":" ","PATH":null,"BATHROOM":" ","DRINKINGFNTN":null,"PAVILION":null,"TABLES":null,"BBQGRILLS":null,"FIREPIT":null,"BENCHES":null,"PLAYGRNDTOT":null,"PLAYGRNDSCHL":null,"SWINGSET":null,"BBALLCOURT":null,"TENNISCOURT":null,"VBALLCOURT":null,"HORSESHOES":null,"ADDAMENITIES":" ","OWNEDBY":"City","MAINTBY":"City","AREA_SQFT":2805.9503459399998,"AREA_ACRES":0.064415760000000002,"LASTUPDATE":null,"LASTEDITOR":null,"NOTES":null,"FACILITYID":"68","PARKINGTYPE":null,"PARKINGNUMSTALLS":null,"BOATING":null,"HASPAVILION":null,"HASTABLES":null,"HASBBQGRILLS":null,"HASFIREPIT":null,"HASBENCHES":null,"BASEBALL":null,"FISHING":null,"URL":null,"PICURL":null,"created_user":null,"created_date":null,"last_edited_user":"BGIBSON","last_edited_date":1767747226000,"YEARBUILT":2001,"PHRAGMITES":null,"HASPICKLE":null,"TRAILHEAD":null,"Shape.STArea()":2805.9503459370412,"Shape.STLength()":353.94116238230447}},{"type":"Feature","id":7,"geometry":{"type":"Polygon","coordinates":[[[-111.91652889692364,40.389653897730831],[-111.91648536301497,40.389401741910902],[-111.9164742546818,40.389344849122942],[-111.9164586565922,40.389289020062513],[-111.91643866757242,40.38923460845092],[-111.91642195408768,40.38919031070958],[-111.91636547845546,40.389037531853852],[-111.91635845002452,40.38903825575057],[-111.91638087476576,40.389195346396818],[-111.91639010307469,40.389271250986873],[-111.91640550697338,40.389346146837106],[-111.91642698330106,40.389419532365828],[-111.91645438822958,40.389490916106062],[-111.9165222900008,40.389655185724216],[-111.91652889692364,40.389653897730831]]]},"properties":{"GlobalID":"{80D25FCB-A746-4AC0-BA57-A16A2B8FA127}","OBJECTID":7,"PARKID":202,"TYPE":"Island","NAME":null,"COMMONNAME":"Crossroad Islands","ADDRESS":null,"USE_":"Landscape","STATUS":"Constructed","RESERVABLE":null,"PATH":null,"BATHROOM":null,"DRINKINGFNTN":null,"PAVILION":null,"TABLES":null,"BBQGRILLS":null,"FIREPIT":null,"BENCHES":null,"PLAYGRNDTOT":null,"PLAYGRNDSCHL":null,"SWINGSET":null,"BBALLCOURT":null,"TENNISCOURT":null,"VBALLCOURT":null,"HORSESHOES":null,"ADDAMENITIES":null,"OWNEDBY":"UDOT","MAINTBY":"City","AREA_SQFT":2628.8106116200001,"AREA_ACRES":0.060349189999999997,"LASTUPDATE":null,"LASTEDITOR":null,"NOTES":null,"FACILITYID":"5332","PARKINGTYPE":null,"PARKINGNUMSTALLS":null,"BOATING":null,"HASPAVILION":null,"HASTABLES":null,"HASBBQGRILLS":null,"HASFIREPIT":null,"HASBENCHES":null,"BASEBALL":null,"FISHING":null,"URL":null,"PICURL":null,"created_user":null,"created_date":null,"last_edited_user":"BGIBSON","last_edited_date":1767747273000,"YEARBUILT":null,"PHRAGMITES":null,"HASPICKLE":null,"TRAILHEAD":null,"Shape.STArea()":2628.8106116234685,"Shape.STLength()":463.71493434652865}},{"type":"Feature","id":9,"geometry":{"type":"Polygon","coordinates":[[[-111.87897150367854,40.290301030511934],[-111.87896819176935,40.289702447859433],[-111.87896822781127,40.289699396354855],[-111.8785646122038,40.289699410077525],[-111.87807410962176,40.289699461407594],[-111.87804747533039,40.289699491776744],[-111.87803263303809,40.289700410739641],[-111.87802616427555,40.289701672765524],[-111.87801821519108,40.289703223285443],[-111.8780046046156,40.289707822799805],[-111.877992173449,40.289714083789661],[-111.87798126768629,40.289721832211619],[-111.87797218606026,40.28973085454718],[-111.87797207403419,40.289731014323976],[-111.87797097627849,40.289732640839794],[-111.87796519434856,40.28974093288096],[-111.87796045418106,40.289751731650213],[-111.87795810488207,40.289762922569324],[-111.87795810036155,40.289762955907847],[-111.87795809697735,40.28976298203753],[-111.87795821249971,40.289774112743231],[-111.87796078120455,40.289785418341701],[-111.87796084311236,40.289785554138859],[-111.87796291324358,40.289790057873461],[-111.87796575714547,40.289796245112711],[-111.87797297740309,40.289806268450157],[-111.87797299753599,40.289806293603064],[-111.87798288534246,40.289817613343111],[-111.87800924650681,40.289847787924529],[-111.87807083767694,40.289918293763392],[-111.87807789313999,40.289926369531003],[-111.87808813961793,40.289938100596522],[-111.87814109415879,40.289998718245286],[-111.87816815734915,40.290029697495335],[-111.87817548152202,40.290038082208902],[-111.87821170589066,40.290079549525643],[-111.87849912844401,40.290408636623141],[-111.87897150367854,40.290301030511934]]]},"properties":{"GlobalID":"{AA84A717-F8A6-46AB-A79D-FA64711E36B0}","OBJECTID":9,"PARKID":2,"TYPE":"RegionalPark","NAME":"Reid & Ursula Wayman Park","COMMONNAME":"Corner Park","ADDRESS":"12 W HARBOR PKWY","USE_":"Recreation","STATUS":"Constructed","RESERVABLE":"No","PATH":"Yes","BATHROOM":"No","DRINKINGFNTN":"Yes","PAVILION":1,"TABLES":14,"BBQGRILLS":1,"FIREPIT":0,"BENCHES":2,"PLAYGRNDTOT":"No","PLAYGRNDSCHL":"No","SWINGSET":"No","BBALLCOURT":"Yes","TENNISCOURT":"No","VBALLCOURT":"No","HORSESHOES":"Yes","ADDAMENITIES":null,"OWNEDBY":"City","MAINTBY":"City","AREA_SQFT":53181.623321990002,"AREA_ACRES":1.22088208,"LASTUPDATE":null,"LASTEDITOR":null,"NOTES":null,"FACILITYID":"631","PARKINGTYPE":"Lot","PARKINGNUMSTALLS":10,"BOATING":null,"HASPAVILION":null,"HASTABLES":null,"HASBBQGRILLS":null,"HASFIREPIT":null,"HASBENCHES":null,"BASEBALL":null,"FISHING":null,"URL":null,"PICURL":null,"created_user":null,"created_date":null,"last_edited_user":"BGIBSON","last_edited_date":1767747226000,"YEARBUILT":2000,"PHRAGMITES":null,"HASPICKLE":null,"TRAILHEAD":null,"Shape.STArea()":53181.623321990257,"Shape.STLength()":931.43188435129036}},{"type":"Feature","id":11,"geometry":{"type":"Polygon","coordinates":[[[-111.93101915777216,40.398106759414716],[-111.9308789550615,40.398202362003694],[-111.93080715858586,40.398251310105657],[-111.93073984091134,40.39829766771193],[-111.93060107212621,40.398393255673064],[-111.93046228763949,40.398488843522756],[-111.93044700695681,40.398499368504851],[-111.93032283932685,40.398583833834842],[-111.93018330281662,40.398678722530846],[-111.93004375652367,40.398773615594969],[-111.93001641893365,40.398792205721875],[-111.9298981906251,40.398862946790331],[-111.9297537756657,40.398949343869866],[-111.92974910360027,40.398952139431337],[-111.9297501251347,40.398953109244459],[-111.92962688615577,40.399026840470185],[-111.92962684038439,40.399026867656723],[-111.92938877799835,40.399163557180991],[-111.92938873104312,40.399163583471214],[-111.92906743588141,40.399333954596209],[-111.92906738656995,40.399333980894887],[-111.92894588338103,40.399396011430596],[-111.92914859187215,40.399455853345735],[-111.92916736225702,40.399446269488777],[-111.92949274111123,40.399273716224322],[-111.92960442478488,40.399209606528302],[-111.92973494712578,40.399134653462397],[-111.92985138168576,40.399064991791668],[-111.93007234869231,40.398932780781358],[-111.93007238272902,40.39893276084269],[-111.9301360369205,40.398894676650791],[-111.9301360685956,40.398894655820143],[-111.93025459282045,40.398814059786069],[-111.93043362723412,40.398692310730517],[-111.93043365186388,40.398692293528228],[-111.93057122789895,40.398598719442319],[-111.93057126542959,40.398598693186379],[-111.93061250848345,40.398570284567583],[-111.930612546014,40.398570258311622],[-111.93077458447888,40.398458649167345],[-111.93093147447676,40.398350574761203],[-111.93110436185781,40.398232715438667],[-111.93110440760535,40.398232684649166],[-111.93128794578243,40.398107542145553],[-111.93130250146369,40.398100141259334],[-111.93130256369687,40.398100109508384],[-111.93131597394415,40.398090400061285],[-111.93131603844235,40.398090353892094],[-111.93127837477502,40.398055268748955],[-111.93127831145479,40.398055314913833],[-111.9312726463549,40.398057158644569],[-111.93119626584003,40.397986025838257],[-111.93101915777216,40.398106759414716]]]},"properties":{"GlobalID":"{66DDC26D-32EE-4ABA-B2C6-0A2FCD47AC4A}","OBJECTID":11,"PARKID":50,"TYPE":"Trail","NAME":null,"COMMONNAME":" ","ADDRESS":" ","USE_":"Trail","STATUS":"Constructed","RESERVABLE":" ","PATH":null,"BATHROOM":" ","DRINKINGFNTN":null,"PAVILION":null,"TABLES":null,"BBQGRILLS":null,"FIREPIT":null,"BENCHES":null,"PLAYGRNDTOT":null,"PLAYGRNDSCHL":null,"SWINGSET":null,"BBALLCOURT":null,"TENNISCOURT":null,"VBALLCOURT":null,"HORSESHOES":null,"ADDAMENITIES":" ","OWNEDBY":"City","MAINTBY":"City","AREA_SQFT":39727.009446689997,"AREA_ACRES":0.91200663999999998,"LASTUPDATE":null,"LASTEDITOR":null,"NOTES":null,"FACILITYID":"617","PARKINGTYPE":null,"PARKINGNUMSTALLS":null,"BOATING":null,"HASPAVILION":null,"HASTABLES":null,"HASBBQGRILLS":null,"HASFIREPIT":null,"HASBENCHES":null,"BASEBALL":null,"FISHING":null,"URL":null,"PICURL":null,"created_user":null,"created_date":null,"last_edited_user":"BGIBSON","last_edited_date":1767747226000,"YEARBUILT":2003,"PHRAGMITES":null,"HASPICKLE":null,"TRAILHEAD":null,"Shape.STArea()":39727.009446686759,"Shape.STLength()":1707.3080262332326}},{"type":"Feature","id":14,"geometry":{"type":"Polygon","coordinates":[[[-111.89069355986152,40.303658026208936],[-111.89071417150492,40.30364369830847],[-111.89062353089227,40.303524856563264],[-111.89052732519542,40.303410473238607],[-111.89042577339546,40.303300808691048],[-111.89031910664215,40.303196112536384],[-111.89020756772776,40.303096623081458],[-111.89009141053447,40.303002566781771],[-111.88997089945646,40.302914157725994],[-111.88984630879814,40.302831597148675],[-111.88971792214977,40.302755072972204],[-111.88969320831463,40.302775751305418],[-111.8898100007152,40.302842491217511],[-111.88992365492004,40.302914445386385],[-111.89003393829826,40.302991466534046],[-111.89014062511845,40.303073397011246],[-111.89024349701077,40.303160069120182],[-111.89034234341389,40.303251305457728],[-111.89043696200595,40.30334691927856],[-111.89052715911873,40.303446714877374],[-111.89061275013403,40.303550487989497],[-111.89069355986152,40.303658026208936]]]},"properties":{"GlobalID":"{B84257AD-D6E9-4699-8F7B-B867B4EFA5C6}","OBJECTID":14,"PARKID":206,"TYPE":"Frontage","NAME":null,"COMMONNAME":null,"ADDRESS":null,"USE_":"Landscape","STATUS":"Unlandscaped","RESERVABLE":null,"PATH":null,"BATHROOM":null,"DRINKINGFNTN":null,"PAVILION":null,"TABLES":null,"BBQGRILLS":null,"FIREPIT":null,"BENCHES":null,"PLAYGRNDTOT":null,"PLAYGRNDSCHL":null,"SWINGSET":null,"BBALLCOURT":null,"TENNISCOURT":null,"VBALLCOURT":null,"HORSESHOES":null,"ADDAMENITIES":null,"OWNEDBY":"City","MAINTBY":"City","AREA_SQFT":3476.5760522800001,"AREA_ACRES":0.079811199999999999,"LASTUPDATE":null,"LASTEDITOR":null,"NOTES":null,"FACILITYID":"699","PARKINGTYPE":null,"PARKINGNUMSTALLS":null,"BOATING":null,"HASPAVILION":null,"HASTABLES":null,"HASBBQGRILLS":null,"HASFIREPIT":null,"HASBENCHES":null,"BASEBALL":null,"FISHING":null,"URL":null,"PICURL":null,"created_user":null,"created_date":null,"last_edited_user":"BGIBSON","last_edited_date":1767747226000,"YEARBUILT":2016,"PHRAGMITES":null,"HASPICKLE":null,"TRAILHEAD":null,"Shape.STArea()":3476.5760522819041,"Shape.STLength()":876.98129309142678}},{"type":"Feature","id":15,"geometry":{"type":"Polygon","coordinates":[[[-111.92776035345987,40.381249366387976],[-111.92816045209865,40.381762067856599],[-111.92832327711301,40.381969935857541],[-111.92849070895356,40.382174111443462],[-111.92866266391346,40.382374492537586],[-111.9288390560245,40.382570978960217],[-111.92886571419781,40.382598284402761],[-111.92893462411827,40.382655221126953],[-111.92911472845184,40.382803491637858],[-111.92912093840845,40.382799894291452],[-111.928912378682,40.382586198979368],[-111.92873787222034,40.382395376684116],[-111.92856844131131,40.38220003385576],[-111.92840420301211,40.382000305453666],[-111.92824527079247,40.381796329467122],[-111.92814947238335,40.381675153098456],[-111.92806935309004,40.38156940724339],[-111.92803480837651,40.381526641594732],[-111.92776976804873,40.381248811396809],[-111.92776035345987,40.381249366387976]]]},"properties":{"GlobalID":"{B013750E-F37E-4EDB-A2B5-75B28B45BA2F}","OBJECTID":15,"PARKID":207,"TYPE":"Island","NAME":null,"COMMONNAME":"Pioneer Xing","ADDRESS":null,"USE_":"Landscape","STATUS":"Constructed","RESERVABLE":null,"PATH":null,"BATHROOM":null,"DRINKINGFNTN":null,"PAVILION":null,"TABLES":null,"BBQGRILLS":null,"FIREPIT":null,"BENCHES":null,"PLAYGRNDTOT":null,"PLAYGRNDSCHL":null,"SWINGSET":null,"BBALLCOURT":null,"TENNISCOURT":null,"VBALLCOURT":null,"HORSESHOES":null,"ADDAMENITIES":null,"OWNEDBY":"UDOT","MAINTBY":"City","AREA_SQFT":7892.06602226,"AREA_ACRES":0.18117691,"LASTUPDATE":null,"LASTEDITOR":null,"NOTES":null,"FACILITYID":"5373","PARKINGTYPE":null,"PARKINGNUMSTALLS":null,"BOATING":null,"HASPAVILION":null,"HASTABLES":null,"HASBBQGRILLS":null,"HASFIREPIT":null,"HASBENCHES":null,"BASEBALL":null,"FISHING":null,"URL":null,"PICURL":null,"created_user":null,"created_date":null,"last_edited_user":"BGIBSON","last_edited_date":1767747273000,"YEARBUILT":null,"PHRAGMITES":null,"HASPICKLE":null,"TRAILHEAD":null,"Shape.STArea()":7892.0660222582583,"Shape.STLength()":1366.3970264257696}},{"type":"Feature","id":18,"geometry":{"type":"Polygon","coordinates":[[[-111.89573279615526,40.365664400894772],[-111.89572660365643,40.365455679645315],[-111.89560828590611,40.365466565064516],[-111.89560793868257,40.365406516208665],[-111.89534377967435,40.365409316229972],[-111.895344143184,40.3654722236124],[-111.89522825733681,40.365472615356012],[-111.89528171077464,40.365665926604237],[-111.89573279615526,40.365664400894772]]]},"properties":{"GlobalID":"{31718BC7-58B1-4106-8258-C63180EDA143}","OBJECTID":18,"PARKID":208,"TYPE":"Landscape","NAME":"Public Works","COMMONNAME":"Public Works","ADDRESS":"213 N 900 E","USE_":"City Facility","STATUS":"Constructed","RESERVABLE":null,"PATH":null,"BATHROOM":null,"DRINKINGFNTN":null,"PAVILION":null,"TABLES":null,"BBQGRILLS":null,"FIREPIT":null,"BENCHES":null,"PLAYGRNDTOT":null,"PLAYGRNDSCHL":null,"SWINGSET":null,"BBALLCOURT":null,"TENNISCOURT":null,"VBALLCOURT":null,"HORSESHOES":null,"ADDAMENITIES":null,"OWNEDBY":"City","MAINTBY":"City","AREA_SQFT":11161.320749779999,"AREA_ACRES":0.25622866999999999,"LASTUPDATE":null,"LASTEDITOR":null,"NOTES":null,"FACILITYID":"6120","PARKINGTYPE":null,"PARKINGNUMSTALLS":null,"BOATING":null,"HASPAVILION":null,"HASTABLES":null,"HASBBQGRILLS":null,"HASFIREPIT":null,"HASBENCHES":null,"BASEBALL":null,"FISHING":null,"URL":null,"PICURL":null,"created_user":null,"created_date":null,"last_edited_user":"BGIBSON","last_edited_date":1767747226000,"YEARBUILT":2021,"PHRAGMITES":null,"HASPICKLE":null,"TRAILHEAD":null,"Shape.STArea()":11161.320749784336,"Shape.STLength()":457.632131371821}},{"type":"Feature","id":19,"geometry":{"type":"Polygon","coordinates":[[[-111.92418092248418,40.395037173842717],[-111.92420945224237,40.39497225301217],[-111.92420945003569,40.394971897276569],[-111.92420713880735,40.394598545991869],[-111.92442476811944,40.394496040064553],[-111.92442478104279,40.394496034613958],[-111.92442342998352,40.39449433014493],[-111.92442251917277,40.394493147337009],[-111.92442162245773,40.39449195817366],[-111.92442074337208,40.394490762641993],[-111.92441987719862,40.394489559858606],[-111.92441902982698,40.394488349801982],[-111.92441819537865,40.394487134294799],[-111.92441737855417,40.394485911518743],[-111.92441657818678,40.394484683279309],[-111.92441579427094,40.394483448675835],[-111.92441502445635,40.394482208617454],[-111.92441427227116,40.394480962190819],[-111.92441353772099,40.39447971029653],[-111.92441281727213,40.394478452947318],[-111.92441211563617,40.394477190126189],[-111.92441142810148,40.394475921850187],[-111.92441075937964,40.394474648102225],[-111.92441010594263,40.394473369795719],[-111.92440947014619,40.394472086922129],[-111.92440885080687,40.394470798585125],[-111.92440824910811,40.394469505681045],[-111.92440766268848,40.394468207317814],[-111.92440709509299,40.394466905283849],[-111.92440654396016,40.394465598687063],[-111.92440600929559,40.394464288428061],[-111.9244054934551,40.394462974498268],[-111.92440499289931,40.394461656009931],[-111.92440451116767,40.394460333850915],[-111.92440404708773,40.394459008925935],[-111.92440359828699,40.394457678541869],[-111.92440316832145,40.394456346288187],[-111.92440275600768,40.394455011268626],[-111.9244023613345,40.394453671681958],[-111.92440198431864,40.394452330230038],[-111.92440162377105,40.394450985115888],[-111.92440128205867,40.394449638132166],[-111.92440095682011,40.394448288386883],[-111.92440065041121,40.394446935871386],[-111.92440036165965,40.394445581490587],[-111.92440008938195,40.394444224348192],[-111.92439983593941,40.394442865336231],[-111.92439960015986,40.394441505359559],[-111.92439938320986,40.39444014261273],[-111.92439918274495,40.394438778905489],[-111.92439900111525,40.394437413328674],[-111.92439883714842,40.394436046787156],[-111.92439869082777,40.394434676579166],[-111.92439867434277,40.3944346775396],[-111.92402146053261,40.394456792906773],[-111.92402142167307,40.394456794848836],[-111.92394597862712,40.394292940764821],[-111.92301042642266,40.394822619027003],[-111.92300366872473,40.394826444064449],[-111.92272084154206,40.395804841513687],[-111.92272090639462,40.395804852086762],[-111.92272599456089,40.395805711801913],[-111.92300868457927,40.395853479962668],[-111.92304477531798,40.39628202838891],[-111.92304477789115,40.396282063503662],[-111.92304478161437,40.396282094111136],[-111.92304777047985,40.396281966222816],[-111.92304956414613,40.39628190750085],[-111.92305135789601,40.396281862287793],[-111.92305315291294,40.396281831479975],[-111.92305494919138,40.396281814176831],[-111.92305674320311,40.396281811291686],[-111.92305853847076,40.396281821010653],[-111.92306033382752,40.396281845139072],[-111.92306212808997,40.39628188278067],[-111.923063922436,40.396281933931228],[-111.92306571568766,40.396281998594908],[-111.92306750785052,40.396282077672396],[-111.92306929891906,40.396282170263028],[-111.92307108889321,40.396282276366833],[-111.9230728765951,40.396282395988081],[-111.92307466320261,40.396282529122544],[-111.92307644872136,40.396282676670729],[-111.92307823078995,40.396282837740607],[-111.92308001176414,40.39628301232365],[-111.92308179046049,40.396283199523531],[-111.92308356571223,40.396283401145759],[-111.92308533869726,40.396283617185972],[-111.92308710822087,40.396283844946694],[-111.92308887666137,40.396284088021773],[-111.92309063929018,40.396284343726485],[-111.92309239964676,40.396284612948598],[-111.92309415654756,40.396284894791854],[-111.92309591000927,40.396285191957965],[-111.92309765883175,40.396285500848855],[-111.92309940303161,40.39628582416627],[-111.92310114377021,40.396286159204209],[-111.92310287989176,40.396286509569308],[-111.92310461137964,40.396286872559756],[-111.92310633705591,40.396287248179817],[-111.923108059282,40.396287637321578],[-111.92310977570199,40.396288039993536],[-111.92311148630479,40.396288454394529],[-111.92311319228502,40.396288883222098],[-111.92311489127574,40.396289324683515],[-111.92311490289902,40.396289299424254],[-111.92329056779369,40.395900247073641],[-111.92329061732228,40.395900255900585],[-111.92355472515722,40.395944474002505],[-111.92355474516521,40.395944471228198],[-111.9235548934946,40.395944456281313],[-111.92374479484067,40.39592414505416],[-111.92374479640452,40.395923827130908],[-111.92374747820747,40.395541662462449],[-111.92374747814608,40.395541652555877],[-111.92374860573376,40.395381065850579],[-111.92393659821455,40.39519218561189],[-111.92393671085313,40.395192114055],[-111.92393671437013,40.395192111340414],[-111.92418078194021,40.395037494071232],[-111.92418091783399,40.39503718376632],[-111.92418092248418,40.395037173842717]]]},"properties":{"GlobalID":"{C9FC9459-3FCA-48CC-932E-4BD83AB8C4A3}","OBJECTID":19,"PARKID":75,"TYPE":"Open Space","NAME":null,"COMMONNAME":" ","ADDRESS":" ","USE_":"NativeOpen","STATUS":"Unconstructed","RESERVABLE":"No","PATH":null,"BATHROOM":"No","DRINKINGFNTN":null,"PAVILION":null,"TABLES":null,"BBQGRILLS":null,"FIREPIT":null,"BENCHES":null,"PLAYGRNDTOT":null,"PLAYGRNDSCHL":null,"SWINGSET":null,"BBALLCOURT":null,"TENNISCOURT":null,"VBALLCOURT":null,"HORSESHOES":null,"ADDAMENITIES":null,"OWNEDBY":"City","MAINTBY":"City","AREA_SQFT":158583.13416878,"AREA_ACRES":3.6405678199999998,"LASTUPDATE":null,"LASTEDITOR":null,"NOTES":null,"FACILITYID":"68","PARKINGTYPE":"None","PARKINGNUMSTALLS":0,"BOATING":"No","HASPAVILION":"No","HASTABLES":"No","HASBBQGRILLS":"No","HASFIREPIT":"No","HASBENCHES":"No","BASEBALL":"No","FISHING":"No","URL":null,"PICURL":null,"created_user":null,"created_date":null,"last_edited_user":"BGIBSON","last_edited_date":1774455347000,"YEARBUILT":2000,"PHRAGMITES":null,"HASPICKLE":null,"TRAILHEAD":null,"Shape.STArea()":158583.13416877607,"Shape.STLength()":2026.1688004081102}},{"type":"Feature","id":21,"geometry":{"type":"Polygon","coordinates":[[[-111.90208293647672,40.322304506918194],[-111.90261993973493,40.322982212273502],[-111.90327906709521,40.323884159384129],[-111.90334225887513,40.323973045819088],[-111.90363262139094,40.324381471938821],[-111.90370312033556,40.324478736771582],[-111.90377578736107,40.324575064611203],[-111.90385059874828,40.324670423112821],[-111.90392753435036,40.324764787124266],[-111.90397840808832,40.324824867475108],[-111.90400644330738,40.324855323759685],[-111.90408755742628,40.324947614360397],[-111.90417072703707,40.325038827837531],[-111.90548475413165,40.326455153477781],[-111.90551516303469,40.326485809200101],[-111.90589859308109,40.326898932018089],[-111.90605021139224,40.327063113677212],[-111.90619467328702,40.327230065146296],[-111.90633915218081,40.327399761510044],[-111.90647647462282,40.3275722277182],[-111.90661379775683,40.32774469375542],[-111.90677650615149,40.327963738624454],[-111.90694677124419,40.328197747126701],[-111.90696134907589,40.328224637086912],[-111.90796439559479,40.329602172146743],[-111.9080443647328,40.329710003459994],[-111.90805916144495,40.329729264125568],[-111.90809047463235,40.329770026531541],[-111.90812647380774,40.329816887879936],[-111.90821070620619,40.329922801143084],[-111.90829704177307,40.330027717196948],[-111.90838546155139,40.330131613587277],[-111.90847594184942,40.33023446337328],[-111.90856846605743,40.330336243191866],[-111.908663008167,40.330436932414571],[-111.90875954801007,40.330536503187439],[-111.90885806428452,40.330634934865607],[-111.90895853331804,40.330732204110546],[-111.90906093026624,40.330828288488298],[-111.90916523380412,40.330923163751542],[-111.90927141674899,40.331016810176422],[-111.90937751312285,40.331107542350793],[-111.9094533379306,40.33104913262396],[-111.90944700821592,40.331040949111845],[-111.90934600730189,40.330952539002404],[-111.90923902503623,40.330855898128043],[-111.90913402201501,40.330757994739521],[-111.90903102308846,40.330658852171638],[-111.90893005310612,40.330558493759085],[-111.90883113811003,40.330456945534358],[-111.90873429941833,40.330354230844421],[-111.9086395630614,40.330250373920578],[-111.90863066019264,40.330240282807416],[-111.90860935565121,40.330216136506301],[-111.90854695038324,40.330145402612807],[-111.90845648270069,40.330039340268023],[-111.9083681860532,40.329932212918614],[-111.90806706149357,40.329527925580507],[-111.90796828255368,40.329397994395869],[-111.90801016321586,40.329376557166498],[-111.90777241703582,40.329050052693169],[-111.90774387920773,40.329010862027836],[-111.9074865430041,40.328657449444911],[-111.90742545411926,40.328573552046414],[-111.90694856922639,40.327918610362545],[-111.90689938665612,40.327851064590746],[-111.90682683798907,40.327751425816572],[-111.90673529574326,40.327628112332803],[-111.90664189467201,40.327505615813863],[-111.90656013710014,40.327401182398681],[-111.90652647360845,40.32735884531634],[-111.90644957417304,40.327263146402494],[-111.90635067965111,40.32714320403629],[-111.90624997850097,40.327024145082817],[-111.90614748377381,40.326905986604316],[-111.906043213206,40.326788742044037],[-111.90593717631782,40.326672428476435],[-111.90578262541231,40.326505851236774],[-111.90574338528619,40.326463558500791],[-111.90511909793823,40.325790683756765],[-111.90497266460308,40.325632851273475],[-111.90437926039058,40.32499324392252],[-111.90431079080125,40.324919259351944],[-111.90426268010224,40.324867025842856],[-111.90419279662763,40.324788505981978],[-111.90412456749078,40.324709138261518],[-111.90405801046109,40.324628943337544],[-111.90399314213124,40.324547941870186],[-111.90392998026481,40.324466153614708],[-111.90389068636486,40.324413356294627],[-111.90384177318609,40.324346254062974],[-111.90380883996836,40.324300304791329],[-111.90335552501,40.323662667526378],[-111.90325854093433,40.323526247697103],[-111.90310196734009,40.323306004801367],[-111.90297834992525,40.323134639105071],[-111.90285302063253,40.322964004185025],[-111.90282549530004,40.322927193657286],[-111.9027538913685,40.32283143252635],[-111.90272598424092,40.322794110827203],[-111.90259725022007,40.322624967099209],[-111.90246682453039,40.322456584683316],[-111.90233471665159,40.322288973448458],[-111.90220093135098,40.322122142379008],[-111.90215285903518,40.322063013454468],[-111.9020831620804,40.321977284736008],[-111.9016206674039,40.321408400519324],[-111.90139187218377,40.321126970011584],[-111.90072509467251,40.320311384729656],[-111.90065367940525,40.320299167481799],[-111.90061926743559,40.320315909437973],[-111.90061782487346,40.320314101399461],[-111.90052702712326,40.320358274616567],[-111.900508631638,40.320369783873907],[-111.90118157007645,40.321197545653469],[-111.90121495499407,40.321238606388604],[-111.90208293647672,40.322304506918194]]]},"properties":{"GlobalID":"{A42C86D3-69F5-452F-9D50-9E229472FD28}","OBJECTID":21,"PARKID":29,"TYPE":"Frontage","NAME":null,"COMMONNAME":" ","ADDRESS":" ","USE_":"Trail","STATUS":"Constructed","RESERVABLE":" ","PATH":null,"BATHROOM":" ","DRINKINGFNTN":null,"PAVILION":null,"TABLES":null,"BBQGRILLS":null,"FIREPIT":null,"BENCHES":null,"PLAYGRNDTOT":null,"PLAYGRNDSCHL":null,"SWINGSET":null,"BBALLCOURT":null,"TENNISCOURT":null,"VBALLCOURT":null,"HORSESHOES":null,"ADDAMENITIES":" ","OWNEDBY":"City","MAINTBY":"City","AREA_SQFT":248802.58852079001,"AREA_ACRES":5.7117215000000003,"LASTUPDATE":null,"LASTEDITOR":null,"NOTES":null,"FACILITYID":"689","PARKINGTYPE":null,"PARKINGNUMSTALLS":null,"BOATING":null,"HASPAVILION":null,"HASTABLES":null,"HASBBQGRILLS":null,"HASFIREPIT":null,"HASBENCHES":null,"BASEBALL":null,"FISHING":null,"URL":null,"PICURL":null,"created_user":null,"created_date":null,"last_edited_user":"BGIBSON","last_edited_date":1767747226000,"YEARBUILT":2019,"PHRAGMITES":null,"HASPICKLE":null,"TRAILHEAD":null,"Shape.STArea()":248802.58852078769,"Shape.STLength()":9359.7972992622144}},{"type":"Feature","id":22,"geometry":{"type":"Polygon","coordinates":[[[-111.93932060765458,40.383292167565628],[-111.94023249200148,40.383300313746197],[-111.94023630662572,40.382749166095202],[-111.93933458061336,40.38274544709428],[-111.93932060765458,40.383292167565628]]]},"properties":{"GlobalID":"{946F71A8-A012-4C0B-AD90-CE6B37E17DA2}","OBJECTID":22,"PARKID":210,"TYPE":"Landscape","NAME":null,"COMMONNAME":null,"ADDRESS":null,"USE_":"City Facility","STATUS":"Constructed","RESERVABLE":null,"PATH":null,"BATHROOM":null,"DRINKINGFNTN":null,"PAVILION":null,"TABLES":null,"BBQGRILLS":null,"FIREPIT":null,"BENCHES":null,"PLAYGRNDTOT":null,"PLAYGRNDSCHL":null,"SWINGSET":null,"BBALLCOURT":null,"TENNISCOURT":null,"VBALLCOURT":null,"HORSESHOES":null,"ADDAMENITIES":null,"OWNEDBY":"City","MAINTBY":"City","AREA_SQFT":50520.89637373,"AREA_ACRES":1.1598001899999999,"LASTUPDATE":null,"LASTEDITOR":null,"NOTES":null,"FACILITYID":"702","PARKINGTYPE":null,"PARKINGNUMSTALLS":null,"BOATING":null,"HASPAVILION":null,"HASTABLES":null,"HASBBQGRILLS":null,"HASFIREPIT":null,"HASBENCHES":null,"BASEBALL":null,"FISHING":null,"URL":null,"PICURL":null,"created_user":null,"created_date":null,"last_edited_user":"BGIBSON","last_edited_date":1767747226000,"YEARBUILT":2005,"PHRAGMITES":null,"HASPICKLE":null,"TRAILHEAD":null,"Shape.STArea()":50520.896373727366,"Shape.STLength()":905.23237944541688}},{"type":"Feature","id":24,"geometry":{"type":"Polygon","coordinates":[[[-111.93683403186628,40.375405225351557],[-111.93683424404129,40.37539843476015],[-111.93683427075058,40.375395241050221],[-111.93683457253252,40.375358778189145],[-111.93683462919329,40.375351976470377],[-111.9368345828299,40.375348773126468],[-111.93683405494836,40.375312395320485],[-111.93683395569848,40.375305520332901],[-111.93683383495279,40.375302286645578],[-111.9368324798164,40.375266001991307],[-111.93683222129016,40.375259079865437],[-111.93683202620828,40.375255823039545],[-111.93682984997109,40.37521967294267],[-111.93682942842335,40.375212670369507],[-111.93682915419168,40.375209374211749],[-111.93682616282376,40.375173371258605],[-111.93682557600326,40.37516630445775],[-111.93682522391452,40.375162986975781],[-111.93682141579708,40.375127061824401],[-111.93682066649056,40.375119998332188],[-111.93682023905535,40.375116683833475],[-111.9368156191706,40.375080878794407],[-111.93681470113984,40.375073763696101],[-111.93681419228066,40.375070422482715],[-111.9368087616985,40.375034720440013],[-111.93680768004516,40.375027614958888],[-111.93680709707486,40.375024285730333],[-111.93680304700005,40.375001180953952],[-111.93679960919994,40.374981568309302],[-111.93679205580288,40.37494352626809],[-111.93679048868674,40.374935636355481],[-111.93679017175671,40.374934136199954],[-111.93678988636918,40.374932780926912],[-111.93678959745466,40.374931426567727],[-111.93678930971774,40.37493007220413],[-111.9367890208033,40.374928717844945],[-111.93678873070552,40.37492736258951],[-111.93678844061355,40.374926008234738],[-111.9367881481664,40.374924653888726],[-111.93678785454175,40.374923299547056],[-111.93678756210042,40.374921946101693],[-111.93678726612062,40.37492059176882],[-111.93678697132421,40.374919238332197],[-111.93678667535016,40.374917884900007],[-111.93678637702111,40.374916531476586],[-111.93678607868623,40.374915177152516],[-111.93678578035713,40.374913823729095],[-111.93678547967869,40.374912471215048],[-111.93678517899448,40.37491111780043],[-111.93678487713849,40.374909765290781],[-111.93678457410498,40.37490841278553],[-111.93678426988815,40.374907059384093],[-111.93678396567704,40.374905706883204],[-111.93678365911089,40.374904354391163],[-111.93678335254469,40.374903001899099],[-111.93678304597853,40.374901649407079],[-111.93678273823481,40.374900296919385],[-111.93678242814173,40.37489894534113],[-111.93678211804864,40.374897593762839],[-111.93678180794983,40.374896241283977],[-111.93678149550168,40.37489488971454],[-111.9367811818817,40.374893539050049],[-111.93678086943356,40.37489218748054],[-111.93678055345276,40.374890835924269],[-111.93678023865527,40.374889485264198],[-111.93677992149689,40.374888133712304],[-111.93677960434434,40.374886783061008],[-111.93677928600846,40.374885431513505],[-111.93677896768406,40.374884081767235],[-111.93677864699885,40.374882731129127],[-111.93677832513605,40.374881380495438],[-111.93677800327326,40.374880029861707],[-111.93677768023869,40.374878680133008],[-111.93677735719838,40.374877329503704],[-111.93677703181444,40.374875980684408],[-111.93677670641908,40.374874630063871],[-111.93677637985186,40.374873280348346],[-111.93677605211288,40.374871931537854],[-111.93677572436808,40.374870581826691],[-111.93677539545155,40.374869233020554],[-111.93677506417418,40.374867883322651],[-111.93677473408009,40.374866534520898],[-111.93677440163087,40.37486518572797],[-111.93677406918174,40.374863836935042],[-111.93677373555498,40.374862488146462],[-111.93677340075646,40.374861140262936],[-111.9367730647804,40.374859792383781],[-111.93677272879856,40.374858443604069],[-111.93677239046744,40.374857095733653],[-111.93677205213628,40.374855747863322],[-111.93677171379939,40.374854399092385],[-111.9367713731131,40.374853051230794],[-111.93677103125506,40.374851704274235],[-111.93677068939128,40.374850356417056],[-111.93677034753328,40.374849009460483],[-111.93677000332013,40.374847662512707],[-111.93676965792946,40.37484631556935],[-111.93676931253883,40.374844968625965],[-111.93676896597061,40.374843621686978],[-111.93676861822482,40.374842274752368],[-111.93676827048485,40.374840928718406],[-111.93676792156728,40.374839582688807],[-111.93676757029463,40.374838236668012],[-111.93676721902203,40.374836890647195],[-111.9367668677494,40.374835544626393],[-111.93676651529921,40.374834198609996],[-111.93676616167723,40.374832853498596],[-111.93676580687197,40.374831507490995],[-111.93676545089494,40.374830162388321],[-111.93676509374031,40.374828817290144],[-111.93676473776324,40.374827472187519],[-111.93676437825357,40.37482612709811],[-111.9367640199272,40.374824782904867],[-111.93676365923993,40.374823437819849],[-111.9367632985585,40.374822093635402],[-111.93676293669948,40.374820749455353],[-111.9367625736629,40.37481940527973],[-111.9367622094488,40.374818061108471],[-111.93676184523466,40.374816716937225],[-111.93676147866543,40.374815372774769],[-111.93676111327963,40.374814029508535],[-111.93676074553862,40.374812686251062],[-111.93676037779765,40.374811342993581],[-111.93676000770158,40.37480999974494],[-111.93675963760552,40.374808656496256],[-111.93675926751521,40.374807314148207],[-111.93675889506405,40.374805970908319],[-111.93675852261863,40.374804628569059],[-111.93675814898992,40.374803285333563],[-111.93675777419523,40.374801943903698],[-111.93675739821722,40.374800601577611],[-111.93675702224493,40.374799260152116],[-111.93675664508936,40.374797917830456],[-111.93675626557871,40.374796575517529],[-111.93675588725138,40.374795234100837],[-111.93675550774644,40.374793892688551],[-111.93675512588645,40.374792551285033],[-111.93675474403224,40.374791210782128],[-111.93675436099473,40.374789869383029],[-111.93675397796292,40.374788528884487],[-111.93675359375366,40.374787188390378],[-111.93675320718927,40.374785847905045],[-111.93675282062483,40.374784507419733],[-111.93675243288293,40.374783166938776],[-111.93675204632432,40.374781827354035],[-111.93675165740483,40.374780486877505],[-111.93675126613599,40.374779147310392],[-111.9367508748672,40.37477780774325],[-111.93675048360411,40.374776469076672],[-111.93675009115783,40.374775129513942],[-111.93674969753394,40.374773789955618],[-111.93674930273822,40.374772451302242],[-111.93674890793682,40.374771111748267],[-111.93674851196936,40.374769773999915],[-111.93674811364104,40.374768435359748],[-111.93674771649032,40.374767096715175],[-111.93674731698451,40.374765758079391],[-111.93674691748441,40.374764420344221],[-111.93674651680676,40.37476308261342],[-111.9367461149516,40.374761744887081],[-111.93674571191893,40.374760407165077],[-111.93674530771442,40.374759070348063],[-111.93674490350418,40.374757732630506],[-111.93674449929398,40.374756394912914],[-111.93674409273437,40.374755058104689],[-111.93674368741561,40.374753731198716],[-111.93674368500304,40.374753722201476],[-111.93639429423553,40.374816042801356],[-111.93639424365783,40.374816051996326],[-111.93631066132846,40.37459200413484],[-111.93619372963848,40.374438745314308],[-111.93600134638633,40.374355165237851],[-111.93600132276637,40.374355154518454],[-111.9357264189935,40.374343899069885],[-111.9357263966143,40.374343898252654],[-111.93572639668312,40.37434390905986],[-111.93571458719585,40.376808436323607],[-111.93571458731054,40.376808454335645],[-111.93571459202093,40.376808454318073],[-111.93571460261931,40.376808454278596],[-111.93627485975962,40.376810019502891],[-111.93627607243081,40.376808313702711],[-111.93627695036017,40.376807115301226],[-111.93627782830102,40.376805918700953],[-111.93627870860276,40.376804722992503],[-111.93627958889871,40.376803526383405],[-111.93628047156707,40.376802332467356],[-111.93628135540726,40.376801137646318],[-111.93628224160831,40.376799943717018],[-111.9362831278094,40.376798749787767],[-111.93628401755466,40.376797557646512],[-111.93628490729994,40.376796365505243],[-111.93628579941185,40.376795175156403],[-111.93628669152372,40.376793984807613],[-111.93628758599073,40.376792794449941],[-111.93628848164106,40.376791604988476],[-111.93628937965235,40.376790416418871],[-111.9362902776635,40.376789227849216],[-111.93629117921898,40.376788041067577],[-111.93629207959681,40.37678685429033],[-111.93629298351313,40.376785668400544],[-111.93629388742943,40.376784482510679],[-111.93629479488996,40.376783298408874],[-111.93629570117288,40.376782114311453],[-111.93629661098852,40.376780930200837],[-111.93629752199324,40.376779747886985],[-111.93629843417551,40.376778565568792],[-111.93629934636348,40.376777384151197],[-111.93630026208997,40.376776203620985],[-111.93630117781642,40.376775023090744],[-111.93630209590378,40.376773843452362],[-111.93630301518021,40.376772665610737],[-111.936303936806,40.376771486859738],[-111.93630485843755,40.376770309009366],[-111.93630578242998,40.37676913205074],[-111.93630670760574,40.376767955988349],[-111.93630763396476,40.376766780822166],[-111.93630856150135,40.376765605651514],[-111.93630949140466,40.376764432273347],[-111.93631042130215,40.37676325799454],[-111.93631135474382,40.376762085503756],[-111.9363122881913,40.376760913913557],[-111.93631322281628,40.37675974231901],[-111.93631415980218,40.376758571616193],[-111.93631509797139,40.37675740180962],[-111.93631603731814,40.376756231998606],[-111.93631697784247,40.376755062183236],[-111.93631867665115,40.376752952891145],[-111.93631961718113,40.37675178397631],[-111.93632055652773,40.376750614165331],[-111.93632149469099,40.37674944345811],[-111.93632243168237,40.376748273655814],[-111.93632336866794,40.376747102952969],[-111.93632430447012,40.376745931353902],[-111.93632524027805,40.376744760655377],[-111.93632617371928,40.376743588164466],[-111.93632710834382,40.376742416569755],[-111.93632804060162,40.37674124318265],[-111.93632897286511,40.376740070696101],[-111.93632990394528,40.376738897313309],[-111.9363308350254,40.37673772393061],[-111.93633176492216,40.376736549651582],[-111.93633269246369,40.376735375381379],[-111.93633362117703,40.376734200206194],[-111.93633454753517,40.376733025039755],[-111.93633547507086,40.376731849868925],[-111.93633640023981,40.376730672905708],[-111.93633732542027,40.376729497743646],[-111.93633824823397,40.376728320789169],[-111.9363391722253,40.376727143830266],[-111.93634009503893,40.376725966875789],[-111.93634101666352,40.37672478812447],[-111.93634193711615,40.376723610278177],[-111.9363428575688,40.376722432431833],[-111.93634377683232,40.376721252788656],[-111.93634469610154,40.376720074046119],[-111.93634561301562,40.376718895312351],[-111.93634652991808,40.376717714777378],[-111.93634744682629,40.376716535142947],[-111.93634836254537,40.376715353711724],[-111.93634927591503,40.376714173189917],[-111.93635019045648,40.376712991763107],[-111.93635110264269,40.376711810345043],[-111.93635201600073,40.376710628021996],[-111.93635292582596,40.376709445712109],[-111.93635383682876,40.376708263397823],[-111.93635474664239,40.376707079286746],[-111.9363556564618,40.376705896076231],[-111.93635656392021,40.376704711973893],[-111.93635747020099,40.376703527875968],[-111.93635837765933,40.376702343773609],[-111.9363592827568,40.376701158779483],[-111.93636018903172,40.37669997378088],[-111.9363610929457,40.376698787890497],[-111.93636199685392,40.376697601099508],[-111.9363628984127,40.376696415217872],[-111.93636379996566,40.376695228435658],[-111.93636470151861,40.376694041653437],[-111.93636560189393,40.376692854875593],[-111.93636650108013,40.376691666300957],[-111.936367400272,40.376690478626841],[-111.93636829709723,40.376689289160389],[-111.93636919392816,40.376688100594485],[-111.93637009075327,40.376686911127948],[-111.93637098522898,40.376685722570876],[-111.93637187969307,40.376684532212558],[-111.93637277416296,40.376683342754795],[-111.93637366626614,40.376682151504617],[-111.93637455954682,40.376680960250063],[-111.93637545047234,40.376679769004276],[-111.93637634139206,40.376678576857898],[-111.93637723113991,40.376677385616475],[-111.93637811970443,40.376676193478907],[-111.9363790082631,40.376675000440663],[-111.93637989564421,40.376673807406782],[-111.93638078184762,40.376672614377355],[-111.93638166803959,40.376671419546696],[-111.93638255188206,40.376670225625418],[-111.93638343690206,40.376669031699741],[-111.93638431956109,40.376667836882241],[-111.93638520222014,40.376666642064727],[-111.93638608369578,40.376665446351019],[-111.93638696517145,40.376664250637276],[-111.93638784428612,40.376663054031717],[-111.93638872457835,40.376661857421787],[-111.93638960251535,40.376660660820576],[-111.9363904804466,40.376659463318816],[-111.93639135720598,40.376658266722046],[-111.9363922339538,40.376657068324036],[-111.93639310834641,40.376655869934822],[-111.93639398273902,40.376654671545566],[-111.93639485594822,40.376653472260131],[-111.93639573033504,40.376652272970269],[-111.93639660118897,40.376651073693637],[-111.9363974720372,40.376649873516307],[-111.93639834288538,40.376648673339055],[-111.93639921255017,40.376647472265553],[-111.93640008103735,40.376646271196449],[-111.9364009495245,40.376645070127346],[-111.93640181565647,40.376643869067003],[-111.93640268295442,40.376642666201072],[-111.93640354790296,40.376641464244528],[-111.93640441402333,40.376640261382953],[-111.93640527660511,40.37663905763398],[-111.93640614037021,40.376637854781158],[-111.9364070017744,40.376636651036577],[-111.93640786435608,40.376635447287562],[-111.93640872575442,40.376634242642325],[-111.93640958361998,40.376633038010297],[-111.93641044383492,40.376631832468853],[-111.93641130169463,40.376630626936212],[-111.93641215955431,40.376629421403493],[-111.93641301505306,40.376628214979029],[-111.93641387172936,40.376627008550138],[-111.93641472605047,40.37662580213005],[-111.93641558154334,40.376624594804944],[-111.93641643350344,40.37662338749297],[-111.93641728663533,40.376622179276069],[-111.93641813741205,40.376620971067922],[-111.93641898936632,40.37661976285537],[-111.93641983895961,40.376618553750966],[-111.93642068855286,40.376617344646597],[-111.93642153696851,40.376616135546627],[-111.93642238420657,40.376614926450991],[-111.93642323143307,40.376613715554193],[-111.93642407748767,40.376612505562363],[-111.93642492235894,40.376611294674312],[-111.93642576722442,40.376610082885684],[-111.93642660974041,40.376608872006415],[-111.93642745342827,40.376607660222177],[-111.93642829475512,40.376606447546088],[-111.93642913608777,40.376605235770576],[-111.93642997623694,40.376604023098871],[-111.93643081638039,40.376602809526553],[-111.93643165534625,40.376601595958626],[-111.93643249312869,40.376600381494498],[-111.93643332973927,40.376599167935332],[-111.93643416516652,40.376597953480008],[-111.93643500059366,40.37659673902462],[-111.93643583601508,40.376595523668634],[-111.93643667025887,40.376594308317088],[-111.9364375021417,40.376593092073669],[-111.93643833403024,40.376591876730828],[-111.9364391659073,40.376590659586796],[-111.93643999661242,40.376589443347783],[-111.93644082613419,40.376588226212533],[-111.93644165447262,40.37658700818109],[-111.93644248163918,40.37658579105463],[-111.93644330997748,40.376584573023123],[-111.93644413595493,40.376583354099836],[-111.93644496193804,40.376582136077154],[-111.93644578673778,40.376580917158222],[-111.93644661034843,40.376579696442526],[-111.93644743397051,40.376578477527993],[-111.93644825523164,40.376577257721635],[-111.93644907766463,40.376576037010317],[-111.93644989774235,40.376574816307752],[-111.93645071782007,40.376573595605159],[-111.93645153554256,40.376572374911397],[-111.93645235443117,40.376571152411984],[-111.93645317097028,40.376569930821972],[-111.93645398868119,40.37656870832695],[-111.93645480403687,40.376567485840731],[-111.93645561820927,40.376566262458326],[-111.93645643355914,40.376565039071451],[-111.93645724537626,40.376563815697814],[-111.93645805837095,40.376562592319758],[-111.93645887018221,40.376561368045465],[-111.93645968081593,40.376560143775571],[-111.93646049026624,40.376558918609483],[-111.93646129971651,40.376557693443395],[-111.93646210680582,40.376556467385456],[-111.93646291507847,40.376555242223716],[-111.93646372216779,40.376554016165798],[-111.93646452689605,40.376552789216028],[-111.93646533280199,40.376551562261881],[-111.93646613635835,40.376550336217122],[-111.93646693990326,40.37654910837113],[-111.93646774227052,40.376547880529515],[-111.93651013306373,40.376480530445576],[-111.93651200882873,40.376477549587577],[-111.93651373894596,40.37647462781365],[-111.9365334354854,40.376441366341275],[-111.93653706930321,40.376435228541673],[-111.93653871119115,40.376432321506613],[-111.93655766279747,40.376398772809544],[-111.93656116082612,40.376392578776731],[-111.93656274128773,40.376389642250011],[-111.93658093976489,40.376355813564274],[-111.93658427524768,40.376349614733705],[-111.93658577563716,40.376346679406204],[-111.93660322332994,40.376312568922209],[-111.93660640557292,40.376306347246775],[-111.9366078364024,40.376303399569856],[-111.93662449604317,40.376269072272059],[-111.93662754484139,40.376262792553661],[-111.93662891190124,40.376259817195226],[-111.93664480677275,40.376225230667814],[-111.93664768723572,40.376218961484106],[-111.93664897079447,40.376216003548983],[-111.93666412635078,40.376181086548137],[-111.93666682577836,40.376174867574044],[-111.93666802703679,40.37617193066027],[-111.93668238522781,40.376136813092785],[-111.93668495585835,40.376130526151712],[-111.9366861002981,40.376127543518102],[-111.93669962753866,40.376092313770798],[-111.93670207048685,40.376085948951832],[-111.9367031511746,40.376082941338609],[-111.93671587527403,40.376047528158843],[-111.93671816622478,40.37604115039764],[-111.93671917620443,40.376038134942625],[-111.93673108789879,40.376002562682075],[-111.93673323609482,40.375996144024924],[-111.93673417768724,40.37599311531573],[-111.93674528966686,40.375957342498737],[-111.93674727782992,40.375950943351945],[-111.9367481429301,40.375947923033848],[-111.93675844941787,40.375911966794057],[-111.93676028562466,40.375905561009411],[-111.93676108006315,40.375902540054447],[-111.93677055452821,40.375866486951026],[-111.93677225605164,40.375860013221718],[-111.93677298782436,40.375856952873235],[-111.93678163374364,40.375820793887279],[-111.93678318447741,40.375814311714628],[-111.93678384210203,40.375811257947277],[-111.93679165725989,40.375775014702185],[-111.93679306865224,40.375768472707904],[-111.93679366244531,40.37576538135275],[-111.93680064571763,40.375729061958552],[-111.93680190511458,40.375722507022424],[-111.93680242593155,40.375719421343454],[-111.93680857729699,40.375683022197926],[-111.93680969161471,40.375676430877931],[-111.93681014515967,40.375673322033933],[-111.93681545557884,40.375636902612108],[-111.93681642589166,40.375630258693057],[-111.93681680982684,40.37562712939468],[-111.93682128953722,40.375590632919248],[-111.93682210331779,40.375584003094019],[-111.93682241548366,40.375580883970478],[-111.93682606011026,40.375544362694086],[-111.93682672634229,40.375537678481848],[-111.9368269688182,40.375534526295432],[-111.93682977284853,40.375498038779256],[-111.93683029153242,40.375491300179966],[-111.93683046204956,40.375488128448566],[-111.93683243336035,40.375451617023401],[-111.93683279778749,40.375444879900776],[-111.93683289531218,40.375441711143836],[-111.93683403186628,40.375405225351557]]]},"properties":{"GlobalID":"{682C15F3-DCAF-46D2-AC16-6974FCEDC25C}","OBJECTID":24,"PARKID":18,"TYPE":"Public Park","NAME":"Sunrise Park","COMMONNAME":"Sunrise Park","ADDRESS":"749 N 800 WEST","USE_":"Recreation","STATUS":"Constructed","RESERVABLE":"Yes","PATH":"Yes","BATHROOM":"Yes","DRINKINGFNTN":"Yes","PAVILION":2,"TABLES":8,"BBQGRILLS":2,"FIREPIT":0,"BENCHES":2,"PLAYGRNDTOT":"No","PLAYGRNDSCHL":"Yes","SWINGSET":"Yes","BBALLCOURT":"No","TENNISCOURT":"No","VBALLCOURT":"No","HORSESHOES":"No","ADDAMENITIES":"Sledding","OWNEDBY":"City","MAINTBY":"City","AREA_SQFT":224557.19176715001,"AREA_ACRES":5.1551237800000003,"LASTUPDATE":null,"LASTEDITOR":null,"NOTES":null,"FACILITYID":"623","PARKINGTYPE":"Street-Marked","PARKINGNUMSTALLS":71,"BOATING":"No","HASPAVILION":null,"HASTABLES":null,"HASBBQGRILLS":null,"HASFIREPIT":null,"HASBENCHES":null,"BASEBALL":null,"FISHING":null,"URL":null,"PICURL":null,"created_user":null,"created_date":null,"last_edited_user":"BGIBSON","last_edited_date":1767747226000,"YEARBUILT":2003,"PHRAGMITES":null,"HASPICKLE":null,"TRAILHEAD":null,"Shape.STArea()":224557.19176715388,"Shape.STLength()":2222.7891487211436}},{"type":"Feature","id":25,"geometry":{"type":"Polygon","coordinates":[[[-111.93629413715313,40.373411032916856],[-111.93630722812716,40.373410107770823],[-111.93631991125942,40.373407457648959],[-111.93633179964482,40.373403163249932],[-111.93634253260628,40.373397355609399],[-111.93635178390274,40.373390210666095],[-111.93635927230413,40.373381945619364],[-111.9363647709658,40.373372811689386],[-111.93636811208681,40.373363085994129],[-111.93636919393498,40.373353065218602],[-111.93636798429297,40.373343052092693],[-111.93636451925781,40.373333351793235],[-111.93635890433777,40.373324259330836],[-111.93635131086219,40.373316050557577],[-111.93634196887024,40.37330897498822],[-111.93633116234898,40.373303247712506],[-111.93631921977298,40.373299043126217],[-111.93630650346037,40.373296487765813],[-111.93629340133053,40.37329566033943],[-111.93628030920063,40.373296585488333],[-111.93626762608744,40.373299235606019],[-111.93625573771034,40.373303529098067],[-111.9362450047562,40.373309336730777],[-111.93623575345957,40.373316481665888],[-111.9362282650504,40.373324746704888],[-111.9362227675519,40.373333880624195],[-111.93621942641164,40.373343606315395],[-111.93621834454743,40.373353627990184],[-111.93621955416199,40.373363640216958],[-111.93622301917812,40.373373340520686],[-111.93622863290662,40.373382432993814],[-111.93623622637485,40.373390641774847],[-111.93624556836703,40.373397717352454],[-111.93625637489602,40.373403444635912],[-111.93626831749211,40.373407650129046],[-111.93628103382392,40.373410205493521],[-111.93629413715313,40.373411032916856]]]},"properties":{"GlobalID":"{FEBDF955-DCF4-4C8C-88BB-71F01B88CC6E}","OBJECTID":25,"PARKID":43,"TYPE":"Frontage","NAME":null,"COMMONNAME":" ","ADDRESS":" ","USE_":"Landscape","STATUS":"Constructed","RESERVABLE":" ","PATH":null,"BATHROOM":" ","DRINKINGFNTN":null,"PAVILION":null,"TABLES":null,"BBQGRILLS":null,"FIREPIT":null,"BENCHES":null,"PLAYGRNDTOT":null,"PLAYGRNDSCHL":null,"SWINGSET":null,"BBALLCOURT":null,"TENNISCOURT":null,"VBALLCOURT":null,"HORSESHOES":null,"ADDAMENITIES":" ","OWNEDBY":"City","MAINTBY":"City","AREA_SQFT":1380.3527149700001,"AREA_ACRES":0.031688540000000001,"LASTUPDATE":null,"LASTEDITOR":null,"NOTES":null,"FACILITYID":"678","PARKINGTYPE":null,"PARKINGNUMSTALLS":null,"BOATING":null,"HASPAVILION":null,"HASTABLES":null,"HASBBQGRILLS":null,"HASFIREPIT":null,"HASBENCHES":null,"BASEBALL":null,"FISHING":null,"URL":null,"PICURL":null,"created_user":null,"created_date":null,"last_edited_user":"BGIBSON","last_edited_date":1767747226000,"YEARBUILT":2004,"PHRAGMITES":null,"HASPICKLE":null,"TRAILHEAD":null,"Shape.STArea()":1380.3527149661313,"Shape.STLength()":131.87187287872945}},{"type":"Feature","id":28,"geometry":{"type":"Polygon","coordinates":[[[-111.92663297692719,40.338309902928778],[-111.9265487544011,40.338673946593751],[-111.92654879562764,40.338673951847106],[-111.92655083105583,40.338674024575731],[-111.92655262163572,40.338674090992718],[-111.92655441342065,40.338674161908521],[-111.92655620522235,40.338674235526071],[-111.92655799585837,40.338674310949159],[-111.92655978652245,40.338674390875269],[-111.92656157719775,40.338674472602598],[-111.92656336671861,40.338674557936578],[-111.92656515743882,40.33867464686876],[-111.92656694699332,40.338674737606404],[-111.92656873657029,40.338674831946527],[-111.92657052616411,40.338674928988453],[-111.92657231460343,40.338675029637038],[-111.92657410305964,40.338675132987468],[-111.92657589153265,40.338675239039709],[-111.92657767884555,40.338675347798073],[-111.92657946735787,40.338675460154541],[-111.92658125471577,40.338675576117751],[-111.92658304209046,40.338675694782758],[-111.92658482830501,40.338675816153888],[-111.92658661453646,40.338675940226835],[-111.92658839961344,40.338676067906462],[-111.92659018588415,40.33867619828365],[-111.92659197098922,40.338676330466313],[-111.92659375612229,40.338676467152027],[-111.92659554009536,40.338676606543849],[-111.92659732408521,40.338676748637461],[-111.92659910809192,40.338676893432904],[-111.92660089094417,40.338677041835076],[-111.92660267381889,40.338677193839672],[-111.92660445670484,40.338677347645458],[-111.92660623843625,40.338677505057959],[-111.92660801900765,40.338677665176583],[-111.92660980077278,40.33867782799269],[-111.92661158138343,40.338677994415583],[-111.92661336083401,40.338678163544515],[-111.92661514030148,40.33867833537532],[-111.92661691979134,40.338678510808514],[-111.92661869812117,40.338678688947851],[-111.92662047647346,40.338678870689556],[-111.92662225366001,40.338679054236799],[-111.92662403086909,40.338679241386465],[-111.92662580691804,40.33867943124222],[-111.92662758298944,40.338679624700433],[-111.92662935790077,40.338679820864712],[-111.9266311328289,40.338680019730845],[-111.92663290660263,40.338680222203664],[-111.92663468038755,40.338680426477701],[-111.92663645419498,40.338680634354198],[-111.92663822567096,40.338680845841651],[-111.92663999716382,40.33868106003095],[-111.92664176866791,40.338681276021461],[-111.92664353902309,40.338681496519236],[-111.92664530938958,40.338681718818329],[-111.92664707860156,40.338681944724073],[-111.92664884665346,40.33868217333589],[-111.92665061472783,40.338682405550216],[-111.92665238163653,40.338682639569988],[-111.92665414857325,40.338682878092804],[-111.92665591434434,40.338683118421116],[-111.92665768013222,40.338683361451245],[-111.92665944477127,40.338683608988724],[-111.92666120824464,40.338683858331699],[-111.92666297173487,40.338684110376455],[-111.92666473289366,40.338684366032233],[-111.92666649524628,40.338684624385564],[-111.92666825643879,40.338684885445019],[-111.92667001529988,40.338685150115438],[-111.92667177535476,40.338685417483404],[-111.92667353424399,40.338685686656852],[-111.92667529198432,40.338685960337649],[-111.9266770485646,40.338686236724541],[-111.92667880516171,40.338686515813244],[-111.92668056059878,40.338686797608084],[-111.92668231487572,40.338687082109004],[-111.92668406917518,40.338687370212369],[-111.92668582231452,40.338687661021851],[-111.92668757429944,40.33868795543804],[-111.9266893251242,40.338688252560338],[-111.92669107123002,40.338688547898535],[-111.92673109547843,40.338515492702122],[-111.92677192047439,40.338338950005316],[-111.92686453315409,40.33801851030978],[-111.92686208856193,40.338018123859079],[-111.92686032968912,40.338017854688388],[-111.92685857082199,40.33801758641831],[-111.92685681078915,40.338017319953735],[-111.92685505076753,40.338017055290301],[-111.92685329075157,40.338016791527529],[-111.92685153074123,40.338016528665314],[-111.92684976956524,40.338016267608594],[-111.9268480084061,40.3380160092537],[-111.92684624606999,40.338015750903068],[-111.92684448373959,40.338015493453007],[-111.92684272260294,40.338015238700478],[-111.92684095911805,40.338014984857125],[-111.9268391956444,40.338014732814969],[-111.92683743218204,40.338014482574053],[-111.92683566872527,40.338014233233707],[-111.92683390527417,40.338013984793911],[-111.92683214065738,40.338013738159617],[-111.92683037487487,40.33801349333087],[-111.92682861028055,40.338013250298985],[-111.92682684451495,40.338013008171984],[-111.92682507875494,40.338012766945596],[-111.92682331182932,40.338012527524683],[-111.92682154491487,40.338012289904952],[-111.92681977918863,40.338012054082185],[-111.92681801111416,40.338011819168536],[-111.92681624422785,40.338011586051863],[-111.92681447617022,40.338011353839995],[-111.92681270812388,40.338011123429361],[-111.92681093890621,40.338010893923638],[-111.92680917088235,40.338010667115384],[-111.92680740168151,40.338010440311429],[-111.9268056324976,40.338010216209298],[-111.92680386214236,40.338009993012008],[-111.92680209179278,40.338009770715331],[-111.92680032263129,40.338009550215588],[-111.92679855112731,40.338009331525626],[-111.9267967796345,40.338009114636804],[-111.92679500814172,40.338008897748018],[-111.92679323784267,40.33800868355673],[-111.92679146519545,40.338008470274588],[-111.9267896937364,40.338008258789422],[-111.92678792111165,40.338008049109696],[-111.92678614849254,40.338007840330569],[-111.92678437470208,40.338007632456325],[-111.92678260092293,40.338007426383307],[-111.92678082833193,40.338007222107166],[-111.92677905339269,40.338007018740186],[-111.9267772796472,40.33800681807076],[-111.92677550473044,40.338006618306238],[-111.92677372981935,40.33800641944223],[-111.92677195491946,40.33800622237947],[-111.92677018002519,40.338006026217322],[-111.92676840396523,40.338005831860613],[-111.92676662791654,40.338005639305123],[-111.92676485187907,40.338005448550852],[-111.92669080020093,40.337997515024831],[-111.92663297692719,40.338309902928778]]]},"properties":{"GlobalID":"{B39C1F44-2D99-4BAC-A717-E94851372837}","OBJECTID":28,"PARKID":33,"TYPE":"Trail","NAME":null,"COMMONNAME":"Benches Walkway","ADDRESS":" ","USE_":"Access","STATUS":"Constructed","RESERVABLE":" ","PATH":null,"BATHROOM":" ","DRINKINGFNTN":null,"PAVILION":null,"TABLES":null,"BBQGRILLS":null,"FIREPIT":null,"BENCHES":null,"PLAYGRNDTOT":null,"PLAYGRNDSCHL":null,"SWINGSET":null,"BBALLCOURT":null,"TENNISCOURT":null,"VBALLCOURT":null,"HORSESHOES":null,"ADDAMENITIES":" ","OWNEDBY":"City","MAINTBY":"City","AREA_SQFT":10482.54623629,"AREA_ACRES":0.24064615,"LASTUPDATE":null,"LASTEDITOR":null,"NOTES":null,"FACILITYID":"615","PARKINGTYPE":null,"PARKINGNUMSTALLS":null,"BOATING":null,"HASPAVILION":null,"HASTABLES":null,"HASBBQGRILLS":null,"HASFIREPIT":null,"HASBENCHES":null,"BASEBALL":null,"FISHING":null,"URL":null,"PICURL":null,"created_user":null,"created_date":null,"last_edited_user":"BGIBSON","last_edited_date":1767747226000,"YEARBUILT":2004,"PHRAGMITES":null,"HASPICKLE":null,"TRAILHEAD":null,"Shape.STArea()":10482.546236287466,"Shape.STLength()":587.61362786299071}},{"type":"Feature","id":29,"geometry":{"type":"Polygon","coordinates":[[[-111.93974459687543,40.376830645020632],[-111.93976094946065,40.376816739157142],[-111.93977400774394,40.376800926451146],[-111.93978339896898,40.37678365861683],[-111.93978885544672,40.376765427501248],[-111.93979022155764,40.376746755150933],[-111.93978745832196,40.376728172179497],[-111.93978064453675,40.37671021145924],[-111.93976997425787,40.376693382912968],[-111.93975575206055,40.376678169029049],[-111.93973838465662,40.376665003277878],[-111.93971836670563,40.376654261159402],[-111.93969627014694,40.376646249435701],[-111.93967272529468,40.376641196295481],[-111.93964840432277,40.37663924691325],[-111.93962400120022,40.376640456319777],[-111.93960021284977,40.376644789473005],[-111.93957220407006,40.376671689184185],[-111.93957149457155,40.376679846992396],[-111.93967602027223,40.376826242124423],[-111.93967896112112,40.376830139772302],[-111.93968272584056,40.37683359842125],[-111.93968720308825,40.376836517620021],[-111.93969226513975,40.376838813190162],[-111.93969776200031,40.376840417248197],[-111.9397035355711,40.376841283555997],[-111.93974459687543,40.376830645020632]]]},"properties":{"GlobalID":"{B16BA22C-A5C5-42B8-B8A0-B5781FA4E8AA}","OBJECTID":29,"PARKID":43,"TYPE":"Frontage","NAME":null,"COMMONNAME":" ","ADDRESS":" ","USE_":"Landscape","STATUS":"Constructed","RESERVABLE":" ","PATH":null,"BATHROOM":" ","DRINKINGFNTN":null,"PAVILION":null,"TABLES":null,"BBQGRILLS":null,"FIREPIT":null,"BENCHES":null,"PLAYGRNDTOT":null,"PLAYGRNDSCHL":null,"SWINGSET":null,"BBALLCOURT":null,"TENNISCOURT":null,"VBALLCOURT":null,"HORSESHOES":null,"ADDAMENITIES":" ","OWNEDBY":"City","MAINTBY":"City","AREA_SQFT":2925.5003377200001,"AREA_ACRES":0.067160250000000005,"LASTUPDATE":null,"LASTEDITOR":null,"NOTES":null,"FACILITYID":"651","PARKINGTYPE":null,"PARKINGNUMSTALLS":null,"BOATING":null,"HASPAVILION":null,"HASTABLES":null,"HASBBQGRILLS":null,"HASFIREPIT":null,"HASBENCHES":null,"BASEBALL":null,"FISHING":null,"URL":null,"PICURL":null,"created_user":null,"created_date":null,"last_edited_user":"BGIBSON","last_edited_date":1767747226000,"YEARBUILT":2005,"PHRAGMITES":null,"HASPICKLE":null,"TRAILHEAD":null,"Shape.STArea()":2925.5003377202597,"Shape.STLength()":207.18986602238729}},{"type":"Feature","id":32,"geometry":{"type":"Polygon","coordinates":[[[-111.88314169233098,40.290147603160221],[-111.88313858084643,40.289589051731028],[-111.88313858070536,40.289589026513426],[-111.88278020769974,40.289589077512211],[-111.88277924478177,40.289589135607287],[-111.88276619541301,40.289589921404492],[-111.88275252765,40.289592434864282],[-111.8827395427589,40.289596551035771],[-111.88272755774712,40.28960217251138],[-111.88271686586896,40.289609160531626],[-111.88270774375773,40.289617348471694],[-111.88270769226602,40.289617394573327],[-111.88270039721949,40.289626523105078],[-111.88270035400072,40.289626576384812],[-111.8826950120165,40.289636462264674],[-111.88269498058386,40.289636520008983],[-111.88269170203851,40.289646920601839],[-111.88269169532911,40.28964698276841],[-111.88269057092276,40.2896577122442],[-111.88269053821313,40.289687432764588],[-111.88268934234294,40.289720736262375],[-111.88268583368203,40.289753944663687],[-111.88268004783085,40.289786904741973],[-111.88268003758301,40.289786965118793],[-111.88267195080498,40.289819639124318],[-111.88267193585277,40.289819699516585],[-111.88266159233328,40.289851997239516],[-111.88266157385273,40.289852057643351],[-111.88264899895501,40.289883888034815],[-111.88264897576501,40.289883947553406],[-111.8826342089655,40.289915219518107],[-111.88263418107105,40.289915279052096],[-111.88261726304285,40.289945905093333],[-111.88261723043385,40.289945962841493],[-111.88259820890681,40.289975855439366],[-111.88259817394058,40.289975912294537],[-111.88257710255068,40.290004988412939],[-111.88257706286487,40.290005042581669],[-111.8825540176497,40.290033229018093],[-111.88255397088712,40.290033279607428],[-111.88252894571808,40.290060532249242],[-111.88250205632443,40.290086724625759],[-111.8824359267947,40.290147720343718],[-111.88314169233098,40.290147603160221]]]},"properties":{"GlobalID":"{07ED2280-61D2-4C05-BA72-5A233ECE6534}","OBJECTID":32,"PARKID":3,"TYPE":"Public Park","NAME":"Panorama Park","COMMONNAME":"Panorama Park","ADDRESS":"3969 S PANORAMA DR","USE_":"Recreation","STATUS":"Constructed","RESERVABLE":"No","PATH":"No","BATHROOM":"No","DRINKINGFNTN":"Yes","PAVILION":0,"TABLES":1,"BBQGRILLS":1,"FIREPIT":0,"BENCHES":2,"PLAYGRNDTOT":"Yes","PLAYGRNDSCHL":"No","SWINGSET":"No","BBALLCOURT":"No","TENNISCOURT":"No","VBALLCOURT":"No","HORSESHOES":"No","ADDAMENITIES":" ","OWNEDBY":"City","MAINTBY":"City","AREA_SQFT":29186.755590929999,"AREA_ACRES":0.67003570999999995,"LASTUPDATE":null,"LASTEDITOR":null,"NOTES":null,"FACILITYID":"698","PARKINGTYPE":"None","PARKINGNUMSTALLS":0,"BOATING":null,"HASPAVILION":null,"HASTABLES":null,"HASBBQGRILLS":null,"HASFIREPIT":null,"HASBENCHES":null,"BASEBALL":null,"FISHING":null,"URL":null,"PICURL":null,"created_user":null,"created_date":null,"last_edited_user":"BGIBSON","last_edited_date":1767747226000,"YEARBUILT":2000,"PHRAGMITES":null,"HASPICKLE":null,"TRAILHEAD":null,"Shape.STArea()":29186.755590927613,"Shape.STLength()":737.03684083277369}},{"type":"Feature","id":34,"geometry":{"type":"Polygon","coordinates":[[[-111.92648876976858,40.402836726114913],[-111.92670256872107,40.402960238552332],[-111.92670258054088,40.402960244813563],[-111.92670258409188,40.402960247502428],[-111.92690397636868,40.403076595399277],[-111.92712593026344,40.403204817235306],[-111.92712595627621,40.403204832450768],[-111.92735218045799,40.403335519457691],[-111.92735220528719,40.403335533776811],[-111.92735221473974,40.403335538245379],[-111.92757844572174,40.403466231992063],[-111.92757845518001,40.403466237361187],[-111.92757846463823,40.403466242730296],[-111.92780469647383,40.403596934232432],[-111.92780470711581,40.403596940497813],[-111.92772252695639,40.403775014977192],[-111.9276265180268,40.403983053824575],[-111.92762621814724,40.403983704263297],[-111.92786649427069,40.404048440067406],[-111.92786678717565,40.404047804963994],[-111.92786679415387,40.404047790528644],[-111.9280507992775,40.403648666004464],[-111.92825861174329,40.403716107237351],[-111.9282586176449,40.40371610901699],[-111.92848851154012,40.403790714455113],[-111.92848853869761,40.403790724262421],[-111.92872278202923,40.403866741685228],[-111.92872279737226,40.403866746132046],[-111.9287231904743,40.403866873479458],[-111.92892018017659,40.403871054432315],[-111.92892021434601,40.403871055207631],[-111.92918726139651,40.403876723352127],[-111.92918727553322,40.403876723300293],[-111.9294542047992,40.403882387665277],[-111.92945426830705,40.40388237032046],[-111.92945428947826,40.403882364839063],[-111.92952859279066,40.403861557180349],[-111.92952863277125,40.403861545325583],[-111.92978338782481,40.403790205189438],[-111.93001646220293,40.404110970714704],[-111.93001649666137,40.404111017420014],[-111.93001684604282,40.404111497964429],[-111.93001902830773,40.404110443430348],[-111.93002054579229,40.40410971015686],[-111.93002206328259,40.404108977784006],[-111.93002358313458,40.404108246302997],[-111.93002510180844,40.404107514826308],[-111.9300266228441,40.404106784241591],[-111.93002814270167,40.404106053661145],[-111.93002966374863,40.404105324877527],[-111.93003118597358,40.40410459608956],[-111.93003270702607,40.404103868206533],[-111.93003422925668,40.40410314031908],[-111.9300357526766,40.404102414228532],[-111.93003727726889,40.404101687232995],[-111.93003880069442,40.404100962043046],[-111.93004032529797,40.404100236848635],[-111.93004184990714,40.404099512554851],[-111.93004337570001,40.404098789157295],[-111.93004490149289,40.404098065759733],[-111.93004642846944,40.404097343258378],[-111.93004795545158,40.404096621657658],[-111.93004948362314,40.404095901853701],[-111.93005101178332,40.404095180248603],[-111.93005253996046,40.40409446134526],[-111.93005406931,40.404093741536947],[-111.93005559867078,40.404093023529811],[-111.93005712920399,40.404092304617691],[-111.93005865974841,40.40409158750677],[-111.93006019147093,40.404090870391556],[-111.93006172320473,40.404090155077405],[-111.9300632549385,40.404089439763318],[-111.93006478785031,40.404088724444833],[-111.93006632077343,40.404088010927516],[-111.93006785486891,40.404087296505246],[-111.93006938897568,40.404086583884194],[-111.93007092426048,40.404085871258765],[-111.93007245955653,40.404085160434484],[-111.93007399484695,40.404084448709625],[-111.93007553132672,40.404083738781544],[-111.93007706780648,40.404083028853485],[-111.93007860546989,40.404082319821676],[-111.93008014313892,40.404081611690422],[-111.93008168080799,40.404080903559155],[-111.93008321966073,40.404080196324131],[-111.93008475851904,40.40407948998962],[-111.93008629855545,40.404078783650846],[-111.93008783860311,40.404078079113191],[-111.93008937982323,40.404077373670617],[-111.93009092105456,40.404076670029212],[-111.93009246346398,40.404075966383452],[-111.93009400588463,40.404075264538839],[-111.9300955471216,40.404074561797948],[-111.93009709072597,40.404073860849586],[-111.93009863433024,40.404073159901159],[-111.93010017911827,40.404072459849012],[-111.93010172273389,40.404071760701733],[-111.93010326988366,40.40407106154148],[-111.93010481468289,40.404070363290465],[-111.93010636066583,40.404069665935666],[-111.93010790782682,40.404068968576482],[-111.93010945499913,40.404068273018552],[-111.93011100216573,40.404067576559967],[-111.93011255052167,40.40406688189816],[-111.9301140988776,40.404066187236403],[-111.9301156484172,40.404065493470874],[-111.93011719796247,40.404064800605894],[-111.93011874868579,40.404064107736566],[-111.93012029823662,40.404063415772164],[-111.93012185014923,40.404062724699685],[-111.93012340206182,40.404062033627149],[-111.9301249539857,40.404061344355789],[-111.93012650708761,40.404060655080109],[-111.93012805901716,40.404059966709269],[-111.93012961330273,40.40405927832979],[-111.93013116759397,40.404058590850873],[-111.93013272071273,40.404057904276911],[-111.9301342761933,40.404057218594765],[-111.93013583167384,40.404056532912655],[-111.93013738833804,40.40405584812676],[-111.93013894500223,40.404055163340878],[-111.93014050167776,40.404054480356123],[-111.93014205953126,40.404053797367062],[-111.93014361739613,40.404053116179128],[-111.93014517524956,40.40405243319001],[-111.93014673429806,40.40405175289829],[-111.93014829334653,40.404051072606542],[-111.93014985357868,40.404050393211072],[-111.93015141381082,40.404049713815603],[-111.93015297523235,40.404049036216918],[-111.93015453547008,40.404048357721955],[-111.93015609807522,40.404047681019534],[-111.9301576595023,40.404047004321413],[-111.93015922329113,40.404046328515179],[-111.93016078590755,40.404045653613856],[-111.93016234970764,40.404044979608742],[-111.93016391350771,40.404044305603655],[-111.93016547849149,40.404043632494805],[-111.93016704347521,40.404042959385933],[-111.93016860846463,40.404042287177603],[-111.93017017582143,40.404041616761809],[-111.93017174199446,40.404040945449694],[-111.93017330817881,40.404040275938783],[-111.9301748755412,40.404039606423488],[-111.93017644408727,40.404038937804451],[-111.93017801263895,40.404038270085984],[-111.93017958119067,40.404037602367524],[-111.93018115092605,40.404036935545292],[-111.93018272067275,40.404036270524159],[-111.93018429041372,40.404035604602512],[-111.93018586134409,40.404034940477608],[-111.93018743227441,40.404034276352746],[-111.93018900438842,40.404033613124078],[-111.93019057768046,40.404032949891132],[-111.93019214980008,40.404032287563027],[-111.93019372310344,40.404031626131193],[-111.93019529641239,40.404030965599908],[-111.93019687089939,40.404030305064268],[-111.93019844421396,40.404029645433518],[-111.93020001989034,40.404028986694726],[-111.9302015955723,40.404028328856491],[-111.93020317125423,40.404027671018206],[-111.93020474811986,40.404027014076192],[-111.93020632498546,40.404026357134107],[-111.93020790186242,40.404025701993234],[-111.93020947991732,40.404025046847991],[-111.93021105797793,40.404024392603326],[-111.93021263604412,40.404023739259202],[-111.93021421646647,40.404023085906445],[-111.93021579453826,40.404022433462934],[-111.93021737497187,40.404021781911275],[-111.93021895658916,40.404021131255895],[-111.93022053702833,40.404020480604778],[-111.93022211865124,40.404019830849947],[-111.9302237002741,40.404019181095109],[-111.93022528308634,40.404018533137034],[-111.93022686589856,40.404017885178995],[-111.93022844989444,40.404017238117184],[-111.93023003271793,40.404016591960286],[-111.93023161671942,40.404015945798974],[-111.93023320190463,40.404015300533977],[-111.93023478710118,40.4040146570701],[-111.93023637229197,40.404014012705638],[-111.9302379586665,40.404013369237397],[-111.93023954504667,40.40401272666977],[-111.93024113261055,40.404012084998321],[-111.93024272017435,40.404011443326866],[-111.93024430774382,40.404010802556016],[-111.93024589532459,40.404010163586278],[-111.9302474852558,40.404009523707288],[-111.93024907402024,40.404008885633807],[-111.930250663957,40.404008246655366],[-111.93025225390512,40.4040076094781],[-111.93025384385891,40.404006973201405],[-111.93025543499635,40.404006337820924],[-111.930255268332,40.404005688190409],[-111.92996438791289,40.402880414135247],[-111.92885076679882,40.403050143224192],[-111.92849144025257,40.403104906709871],[-111.92849142259874,40.403104909476404],[-111.92840214138968,40.403118515978349],[-111.9281206979345,40.403016539302385],[-111.92812069439474,40.40301653841474],[-111.92784499493798,40.402916641189883],[-111.92784497841153,40.40291663584663],[-111.92760171721964,40.402828492221708],[-111.92760171367431,40.402828490433457],[-111.92735843658325,40.402740340956768],[-111.9273584271364,40.402740337388778],[-111.92711515066698,40.402652186502948],[-111.92711514712164,40.40265218471464],[-111.9268718712851,40.402564034220859],[-111.92687186183831,40.402564030652876],[-111.92661238105461,40.402470007295456],[-111.92661236333907,40.402470000155176],[-111.926366604539,40.402380948042953],[-111.92636658328382,40.402380940014858],[-111.92631792656634,40.40236330947058],[-111.92625394517997,40.402340124811218],[-111.92625441136597,40.402420578604264],[-111.92625604709312,40.402702252405753],[-111.92625604718857,40.402702267715839],[-111.92625604725593,40.402702278522987],[-111.92634001259121,40.402750785883676],[-111.92634001614218,40.402750788572575],[-111.92634002087118,40.402750791257141],[-111.92648875439222,40.402836716264197],[-111.92648876621759,40.402836723425999],[-111.92648876976858,40.402836726114913]]]},"properties":{"GlobalID":"{D24716C3-F04E-41D6-BC31-7677367C8371}","OBJECTID":34,"PARKID":66,"TYPE":"Public Park","NAME":"Nature Park","COMMONNAME":" ","ADDRESS":"403 W HARVEST MOON DR","USE_":"NativeOpen","STATUS":"Constructed","RESERVABLE":null,"PATH":null,"BATHROOM":null,"DRINKINGFNTN":null,"PAVILION":null,"TABLES":null,"BBQGRILLS":null,"FIREPIT":null,"BENCHES":null,"PLAYGRNDTOT":null,"PLAYGRNDSCHL":null,"SWINGSET":null,"BBALLCOURT":null,"TENNISCOURT":null,"VBALLCOURT":null,"HORSESHOES":null,"ADDAMENITIES":" ","OWNEDBY":"City","MAINTBY":"City","AREA_SQFT":288311.55587754003,"AREA_ACRES":6.61872259,"LASTUPDATE":null,"LASTEDITOR":null,"NOTES":null,"FACILITYID":"621","PARKINGTYPE":"None","PARKINGNUMSTALLS":0,"BOATING":null,"HASPAVILION":null,"HASTABLES":null,"HASBBQGRILLS":null,"HASFIREPIT":null,"HASBENCHES":null,"BASEBALL":null,"FISHING":null,"URL":null,"PICURL":null,"created_user":null,"created_date":null,"last_edited_user":"BGIBSON","last_edited_date":1767747226000,"YEARBUILT":2000,"PHRAGMITES":null,"HASPICKLE":null,"TRAILHEAD":null,"Shape.STArea()":288311.55587754212,"Shape.STLength()":3286.4184060646357}},{"type":"Feature","id":35,"geometry":{"type":"Polygon","coordinates":[[[-111.92712567714595,40.339735903370951],[-111.92712492433616,40.339734656943136],[-111.92712443064917,40.339733817555448],[-111.92712418914698,40.339733405047156],[-111.92712370367629,40.339732562026903],[-111.92712346688191,40.33973214950143],[-111.92712299080445,40.339731302844285],[-111.92712275752972,40.339730888504675],[-111.92712229085662,40.339730040011908],[-111.92712206227291,40.339729622953257],[-111.92712160499865,40.339728771724232],[-111.92712138111712,40.339728353747766],[-111.9271209320591,40.339727498886198],[-111.92712071287417,40.33972707909129],[-111.9271202755689,40.339726221484867],[-111.92712005991487,40.339725801677041],[-111.92711963083143,40.339724941338687],[-111.92711942104533,40.339724518807515],[-111.92711900018374,40.339723655737224],[-111.92711879510553,40.339723233188835],[-111.92711818560375,40.339721941205646],[-111.92711758903737,40.339720647373937],[-111.92711700656632,40.339719348987558],[-111.92711643702499,40.339718047852003],[-111.92711588275607,40.339716742157492],[-111.92711534259378,40.339715433709515],[-111.92711481535554,40.339714121611792],[-111.92711430457224,40.339712805851406],[-111.92711380671871,40.339711487341837],[-111.92711332296612,40.339710165178225],[-111.92711285449714,40.339708840256897],[-111.92711240013486,40.339707512582088],[-111.92711196105613,40.33970618214952],[-111.92711153490714,40.339704848967848],[-111.9271111240417,40.339703513028383],[-111.92711072845427,40.339702173430581],[-111.92711034580776,40.339700832884816],[-111.9271099796218,40.339699489577086],[-111.92710962754246,40.339698143515818],[-111.9271092895754,40.339696795601753],[-111.92710896689755,40.339695445830557],[-111.92710865832076,40.339694092405296],[-111.92710836504438,40.339692738924164],[-111.92710808588026,40.339691383590129],[-111.92710782199975,40.33969002549842],[-111.92710757223713,40.339688666454414],[-111.92710733894069,40.339687305549042],[-111.92710711975646,40.339685942790794],[-111.92710691469011,40.339684579080341],[-111.92710672491859,40.339683214413334],[-111.92710654926492,40.339681848794136],[-111.92710638890053,40.339680481317806],[-111.92710624501346,40.339679113781266],[-111.92710611406171,40.339677744396191],[-111.92710599841045,40.339676374955232],[-111.92710589805392,40.339675004557684],[-111.92710581299231,40.33967363320366],[-111.92710574205414,40.339672261798022],[-111.92710568641641,40.339670890336464],[-111.9271056460735,40.339669517918459],[-111.92710561985966,40.339668146349375],[-111.92710561011204,40.339666772918889],[-111.92710561331654,40.339665400341708],[-111.92710563300403,40.339664028604886],[-111.92710566680941,40.339662655915895],[-111.92710571592083,40.33966128407161],[-111.92710578033268,40.339659912171392],[-111.92710585887362,40.339658541120215],[-111.92710595271504,40.339657170013119],[-111.92710606186803,40.339655800651329],[-111.92710618514459,40.339654431237925],[-111.92710632490414,40.339653062664951],[-111.92710647761579,40.339651694945246],[-111.92710664681609,40.339650328966592],[-111.92710683014548,40.339648963836936],[-111.92710702760398,40.33964759955628],[-111.92710724036849,40.339646236120338],[-111.92710746844465,40.339644874429695],[-111.92710771066116,40.339643515389319],[-111.92710796817811,40.33964215629296],[-111.92710824101229,40.339640799842599],[-111.92710852798123,40.339639445141849],[-111.9271088290848,40.339638092190697],[-111.9271091466771,40.339636740980552],[-111.92710947722705,40.339635391524354],[-111.92710982427124,40.339634044709804],[-111.92711018427883,40.339632700549757],[-111.92711055842115,40.339631358139286],[-111.92711094905761,40.339630018370492],[-111.92711135383449,40.339628681251902],[-111.92711177274596,40.339627345882946],[-111.92711220580345,40.339626014064827],[-111.9271126541838,40.339624685793304],[-111.92711311669885,40.339623359271329],[-111.92711359335985,40.339622036300199],[-111.92711408416115,40.339620715979301],[-111.92711459028533,40.339619399204956],[-111.92711511055539,40.339618085981463],[-111.92711564378887,40.339616775412495],[-111.92711619352218,40.339615468385773],[-111.92711675622449,40.339614164914174],[-111.92711733307834,40.339612865894026],[-111.92711792407245,40.339611569524095],[-111.92711852804119,40.33961027760995],[-111.92711914851537,40.33960899013865],[-111.92711978077597,40.339607705326159],[-111.92712042837066,40.339606425861433],[-111.92712108892879,40.339605149051266],[-111.92712176482092,40.339603877588829],[-111.92712245368767,40.339602610582162],[-111.92712315552345,40.33960134713066],[-111.92712387269331,40.339600089026881],[-111.9271247318274,40.33959857012124],[-111.92712542776702,40.339597304889985],[-111.9271261060186,40.339596034319548],[-111.92712676775905,40.339594758405639],[-111.92712741417088,40.339593478044556],[-111.92712804171775,40.339592192348611],[-111.92712865275911,40.3395909022098],[-111.92712924847193,40.339589607623857],[-111.9271298253197,40.339588307703025],[-111.92713038684452,40.339587004235668],[-111.9271309306869,40.339585696329742],[-111.92713145684688,40.339584383985276],[-111.92713196650691,40.339583068098555],[-111.92713245849016,40.339581748673879],[-111.9271329339679,40.339580424806336],[-111.92713339059188,40.339579097405185],[-111.92713383071597,40.339577766461751],[-111.9271342531688,40.339576432881053],[-111.92713465912185,40.339575095758036],[-111.9271350462267,40.339573756002075],[-111.92713541683166,40.339572412703781],[-111.92713576976543,40.339571066768201],[-111.92713610503367,40.339569719095905],[-111.92713642262504,40.339568367885704],[-111.9271367225452,40.339567014038131],[-111.92713700480542,40.339565659354477],[-111.92713726821189,40.339564301137152],[-111.92713751512974,40.339562941178883],[-111.92713774438758,40.339561580384434],[-111.92713795479732,40.339560216956968],[-111.92713814872407,40.339558852689173],[-111.92713832380824,40.339557486688911],[-111.9271384800499,40.339556118956217],[-111.92713861981423,40.339554751283764],[-111.92713874191298,40.339553381874595],[-111.92713884517481,40.339552011633621],[-111.92713893077672,40.339550640556553],[-111.92713899990126,40.339549269539717],[-111.92713905018888,40.339547897691013],[-111.92713908163961,40.339546525010554],[-111.92713909543603,40.339545152394606],[-111.92713909157811,40.339543779843176],[-111.92713907006583,40.339542407356255],[-111.92713902972235,40.339541034938172],[-111.92712994660825,40.339284673958161],[-111.92712986361384,40.339283256664096],[-111.92712906874699,40.339269612267287],[-111.92712898834257,40.339268232790388],[-111.92712822734454,40.339260015487994],[-111.92712728045602,40.339251809672518],[-111.92712614533454,40.339243617153684],[-111.92712482317961,40.339235441529681],[-111.92712331517933,40.33922728459742],[-111.92712162134521,40.339219148158115],[-111.9271197428822,40.33921103671053],[-111.92711767861914,40.339202951159521],[-111.92711543092685,40.33919489419845],[-111.92711299982776,40.339186869429582],[-111.92711038532768,40.33917887775366],[-111.92710758980296,40.339170922764495],[-111.92710461326499,40.339163006263234],[-111.92710145571934,40.339155129150527],[-111.92709811955375,40.33914729682143],[-111.92709460595081,40.33913951017221],[-111.92709091492185,40.339131771004162],[-111.92708704531243,40.339124082923952],[-111.9270870250346,40.339124039767633],[-111.92708300418994,40.339116446806379],[-111.92708298274634,40.33911640545557],[-111.92707878687463,40.339108867171703],[-111.92707876190023,40.339108825833812],[-111.92707439925707,40.339101344899049],[-111.92707437427701,40.339101302660531],[-111.92706984134279,40.339093880888967],[-111.92706981519704,40.339093840455952],[-111.92706511316558,40.339086480545092],[-111.92706508701421,40.339086439211506],[-111.92706021825074,40.339079142953977],[-111.92706018975115,40.33907910252956],[-111.92705515544944,40.339071872622881],[-111.92705512694985,40.339071832198478],[-111.92704992829817,40.339064670439555],[-111.92704989862723,40.339064630920063],[-111.92704453799077,40.339057539101525],[-111.92704450714854,40.339057500486959],[-111.92703898454417,40.33905048131053],[-111.92703895252501,40.33905044270027],[-111.92703327267735,40.339043498850607],[-111.92703323948126,40.339043460244646],[-111.92702740122469,40.339036593527297],[-111.92702736803422,40.339036555821998],[-111.92702137373392,40.339029768029526],[-111.92702133936649,40.339029730328491],[-111.92701518786801,40.339023025067682],[-111.92700885068861,40.339016364615908],[-111.92700236457222,40.339009790268094],[-111.92699572952436,40.339003302924759],[-111.92698894556757,40.338996906188427],[-111.92698201858103,40.338990599136871],[-111.92697494742139,40.338984387178108],[-111.92696773796789,40.338978269389926],[-111.92696038789465,40.338972250284051],[-111.92695290190392,40.338966328942625],[-111.92694528354887,40.33896050895514],[-111.92693753166397,40.33895479212714],[-111.92692965095682,40.338949178441354],[-111.92692164380398,40.338943671491712],[-111.92691351257035,40.338938273070681],[-111.92690525960995,40.338932983169734],[-111.92689688728787,40.338927803581406],[-111.92688839680342,40.338922737903928],[-111.92687979287008,40.338917787020584],[-111.92687107783608,40.338912950022255],[-111.92686225290643,40.338908231407558],[-111.92685332278326,40.338903630258777],[-111.92684428866585,40.338899150173965],[-111.9268351540852,40.338894791140198],[-111.92682592022368,40.338890554053869],[-111.926816591806,40.33888644159952],[-111.92680717118587,40.338882453768527],[-111.92679766073412,40.338878593254151],[-111.92678806397589,40.338874859142855],[-111.9267783844644,40.338871255024173],[-111.92676862219962,40.338867780898084],[-111.92675878306623,40.338864436743094],[-111.92674886942933,40.338861224351824],[-111.92673888365391,40.338858145516838],[-111.92672883044777,40.338855200220983],[-111.92671870981643,40.338852389364831],[-111.92670852765021,40.338849713827585],[-111.92669828631409,40.338847175401682],[-111.92668798816204,40.338844774078623],[-111.9266776355478,40.338842509849812],[-111.92666723437281,40.33884038539555],[-111.92665678580842,40.338838399810975],[-111.92664629456799,40.338836553979448],[-111.92663576182832,40.338834847896706],[-111.92662519113142,40.338833283351015],[-111.92661458836193,40.338831860320923],[-111.92660395351983,40.338830578806473],[-111.92659329014151,40.338829439695289],[-111.92658260411716,40.338828443866547],[-111.92657189543549,40.338827589518999],[-111.92656116999242,40.338826878432414],[-111.92655043015304,40.338826312399419],[-111.9265396782486,40.338825887808959],[-111.92652891900927,40.338825608246346],[-111.92651815477214,40.338825471001037],[-111.92651442615725,40.33882547469964],[-111.92650738908465,40.338825478762118],[-111.92650034201448,40.338825578327835],[-111.92649662429513,40.338825630620285],[-111.92632802171876,40.338829126821679],[-111.92632604955045,40.338829196158585],[-111.92632426242011,40.338829306249714],[-111.92632248028367,40.338829462254893],[-111.92632070549497,40.33882966416558],[-111.92631894157923,40.338829911068288],[-111.92631718853082,40.338830202062368],[-111.9263154498862,40.338830538035616],[-111.92631372563973,40.338830918087304],[-111.92631202050478,40.338831343101006],[-111.92631033445899,40.338831809474208],[-111.92630866869602,40.338832319904427],[-111.92630702673549,40.338832872577626],[-111.92630540974325,40.338833465688225],[-111.92630381890164,40.33883410013263],[-111.92630225773608,40.338834774997245],[-111.9263007262464,40.338835490282172],[-111.92629922676979,40.338836243276859],[-111.92629776048314,40.338837033977185],[-111.92629632973468,40.338837861473849],[-111.92629493569576,40.338838724861908],[-111.92629358072035,40.338839624132895],[-111.92629226479711,40.338840557485469],[-111.92629099144571,40.338841523105614],[-111.92628976067179,40.338842521893923],[-111.92628857245286,40.338843550247915],[-111.92628743032535,40.338844609055343],[-111.92628633662636,40.338845695605755],[-111.92628528900195,40.338846809907828],[-111.92628429215441,40.338847951043668],[-111.92628334371281,40.338849116320098],[-111.92628244837951,40.338850304819331],[-111.92628160380055,40.338851516549902],[-111.92628081348434,40.338852747896524],[-111.92628007625952,40.338853999764126],[-111.92627939564015,40.338855269437929],[-111.92627876926103,40.338856555125311],[-111.92627819829922,40.33885785682201],[-111.92627768626862,40.338859171813326],[-111.92627723198675,40.338860499202859],[-111.92627683427106,40.338861838094353],[-111.92627649663554,40.338863185773057],[-111.92627621672065,40.338864541347014],[-111.92627599686912,40.338865903006322],[-111.92627583590402,40.338867270755294],[-111.92627573497981,40.338868640987222],[-111.92627569291399,40.338870012805813],[-111.92627571205482,40.338871385301772],[-111.92632066805166,40.340141245202986],[-111.92632067098906,40.340141338858189],[-111.92716024321487,40.340140667626102],[-111.92716027734681,40.340140667501352],[-111.92716026875053,40.340140421659889],[-111.92714690914322,40.339763496848072],[-111.92714690779762,40.339763469833976],[-111.92714583788847,40.339762333541735],[-111.9271454931004,40.339761967343271],[-111.927144799864,40.339761214245073],[-111.92714446211519,40.339760844418272],[-111.92714377356984,40.339760088601025],[-111.92714344051757,40.339759716955797],[-111.92714276018285,40.339758956605415],[-111.92714243064465,40.339758582245459],[-111.92714175852056,40.339757817361807],[-111.92714143367895,40.339757441183423],[-111.9271407697711,40.339756672667271],[-111.92714044844352,40.33975629377413],[-111.92713979392322,40.33975552072048],[-111.92713947729226,40.339755140008926],[-111.92713883098824,40.339754363322726],[-111.92713851435165,40.339753981710523],[-111.92713787860653,40.339753199581921],[-111.9271375701862,40.33975281433721],[-111.92713694148598,40.339752029480948],[-111.92713663306566,40.33975164423623],[-111.92713601492439,40.339750853937531],[-111.92713571472591,40.33975046596089],[-111.92713510362957,40.339749672934566],[-111.92713480342546,40.339749284057298],[-111.92713429427816,40.339748607740781],[-111.92713420171106,40.339748485592928],[-111.92713390972318,40.339748093083067],[-111.92713331623064,40.339747291886695],[-111.92713302541979,40.339746899372564],[-111.92713257072735,40.339746273292526],[-111.92713244131481,40.339746093638738],[-111.92713215754885,40.339745698396925],[-111.92713158166009,40.339744889030548],[-111.92713130140812,40.339744491073994],[-111.92713073374691,40.3397436798763],[-111.92713045819158,40.339743280101303],[-111.92712989991793,40.339742464366125],[-111.92712962788781,40.339742063677591],[-111.92712907783603,40.339741245210469],[-111.92712881167387,40.339740841798644],[-111.92712803931089,40.339739668393598],[-111.92712800602449,40.339739615377859],[-111.92712747475349,40.339738788736433],[-111.92712721681882,40.339738383493227],[-111.92712643817202,40.339737146166208],[-111.92712592569308,40.339736313151619],[-111.92712567714595,40.339735903370951]]]},"properties":{"GlobalID":"{F3D70B17-C67E-4A57-BB07-23C5180C55AF}","OBJECTID":35,"PARKID":12,"TYPE":"Public Park","NAME":"Valley View Park","COMMONNAME":"Pondside","ADDRESS":"1237 S PONDSIDE DR","USE_":"Detention","STATUS":"Constructed","RESERVABLE":"No","PATH":"Yes","BATHROOM":"No","DRINKINGFNTN":"No","PAVILION":0,"TABLES":0,"BBQGRILLS":0,"FIREPIT":0,"BENCHES":0,"PLAYGRNDTOT":"No","PLAYGRNDSCHL":"No","SWINGSET":"No","BBALLCOURT":"No","TENNISCOURT":"No","VBALLCOURT":"No","HORSESHOES":"No","ADDAMENITIES":"Sledding","OWNEDBY":"City","MAINTBY":"City","AREA_SQFT":105600.11536017001,"AREA_ACRES":2.42424507,"LASTUPDATE":null,"LASTEDITOR":null,"NOTES":null,"FACILITYID":"626","PARKINGTYPE":"None","PARKINGNUMSTALLS":0,"BOATING":null,"HASPAVILION":null,"HASTABLES":null,"HASBBQGRILLS":null,"HASFIREPIT":null,"HASBENCHES":null,"BASEBALL":null,"FISHING":null,"URL":null,"PICURL":null,"created_user":null,"created_date":null,"last_edited_user":"BGIBSON","last_edited_date":1767747226000,"YEARBUILT":2004,"PHRAGMITES":null,"HASPICKLE":null,"TRAILHEAD":null,"Shape.STArea()":105600.115360168,"Shape.STLength()":1353.1456106125399}},{"type":"Feature","id":36,"geometry":{"type":"Polygon","coordinates":[[[-111.91121425245258,40.369268997305859],[-111.91122546929452,40.369267948006403],[-111.9112363335185,40.369264966864002],[-111.91124651502055,40.369260144459155],[-111.9112557044409,40.369253627318194],[-111.91126362256365,40.36924561346116],[-111.91127002880066,40.36923634638503],[-111.91127472850165,40.369226107665227],[-111.91127757886858,40.369215208400071],[-111.9112784932945,40.369203979758218],[-111.91127744399505,40.369192762916271],[-111.91127446285265,40.369181898692297],[-111.9112696404478,40.369171717190248],[-111.91126312330684,40.369162527769895],[-111.9112551094498,40.369154609647147],[-111.91124584237367,40.369148203410141],[-111.91123560365386,40.369143503709154],[-111.91122470438872,40.369140653342221],[-111.91121347574686,40.369139738916296],[-111.91120225890492,40.369140788215752],[-111.91119139468094,40.369143769358153],[-111.91118121317889,40.369148591763],[-111.91117202375854,40.369155108903961],[-111.91116410563579,40.369163122760995],[-111.91115769939879,40.369172389837125],[-111.91115299969779,40.369182628556928],[-111.91115014933087,40.369193527822084],[-111.91114923490494,40.369204756463937],[-111.9111502842044,40.369215973305884],[-111.9111532653468,40.369226837529858],[-111.91115808775164,40.369237019031907],[-111.9111646048926,40.36924620845226],[-111.91117261874965,40.369254126575008],[-111.91118188582577,40.369260532812014],[-111.91119212454558,40.369265232513001],[-111.91120302381073,40.369268082879934],[-111.91121425245258,40.369268997305859]]]},"properties":{"GlobalID":"{8844E046-2DC1-415E-86E4-06127ABF71AA}","OBJECTID":36,"PARKID":212,"TYPE":"Landscape","NAME":null,"COMMONNAME":null,"ADDRESS":null,"USE_":"Landscape","STATUS":"Constructed","RESERVABLE":null,"PATH":null,"BATHROOM":null,"DRINKINGFNTN":null,"PAVILION":null,"TABLES":null,"BBQGRILLS":null,"FIREPIT":null,"BENCHES":null,"PLAYGRNDTOT":null,"PLAYGRNDSCHL":null,"SWINGSET":null,"BBALLCOURT":null,"TENNISCOURT":null,"VBALLCOURT":null,"HORSESHOES":null,"ADDAMENITIES":null,"OWNEDBY":null,"MAINTBY":"City","AREA_SQFT":1732.61239501,"AREA_ACRES":0.039775310000000001,"LASTUPDATE":null,"LASTEDITOR":null,"NOTES":null,"FACILITYID":"101","PARKINGTYPE":null,"PARKINGNUMSTALLS":null,"BOATING":null,"HASPAVILION":null,"HASTABLES":null,"HASBBQGRILLS":null,"HASFIREPIT":null,"HASBENCHES":null,"BASEBALL":null,"FISHING":null,"URL":null,"PICURL":null,"created_user":null,"created_date":null,"last_edited_user":"BGIBSON","last_edited_date":1767747226000,"YEARBUILT":2015,"PHRAGMITES":null,"HASPICKLE":null,"TRAILHEAD":null,"Shape.STArea()":1732.6123950113342,"Shape.STLength()":147.74331722141844}},{"type":"Feature","id":38,"geometry":{"type":"Polygon","coordinates":[[[-111.89616094528303,40.316832682527668],[-111.89616185840471,40.316880279989945],[-111.8982880280183,40.317933580280148],[-111.89890775265852,40.318234341113843],[-111.89900203123288,40.318290076765443],[-111.89908243992534,40.318340144259587],[-111.89916136590534,40.318391574025028],[-111.89918918347105,40.318391575366064],[-111.89929251629269,40.318391582569454],[-111.89945059710014,40.318391596178621],[-111.89937135675824,40.318335125908234],[-111.89929049959601,40.318280019271128],[-111.89920805990688,40.318226305867931],[-111.89912407314483,40.318174012593445],[-111.89903858769516,40.318123164497045],[-111.89895164136399,40.31807378846554],[-111.89886328017231,40.318025907755278],[-111.8987735454341,40.317979545638742],[-111.89867507158587,40.317929853887982],[-111.89862033144065,40.317902231623272],[-111.89688511985068,40.317026592228977],[-111.89683522640807,40.317001414108375],[-111.89648868269168,40.316826531843155],[-111.8964038246486,40.316782418259933],[-111.89632030772098,40.316736829323013],[-111.89623817676164,40.316689789200382],[-111.89615747308818,40.316641321171403],[-111.89616094528303,40.316832682527668]]]},"properties":{"GlobalID":"{543FD652-005C-44BB-9C31-FFED6318E126}","OBJECTID":38,"PARKID":23,"TYPE":"Frontage","NAME":null,"COMMONNAME":" ","ADDRESS":" ","USE_":"Frontage","STATUS":"Constructed","RESERVABLE":" ","PATH":null,"BATHROOM":" ","DRINKINGFNTN":null,"PAVILION":null,"TABLES":null,"BBQGRILLS":null,"FIREPIT":null,"BENCHES":null,"PLAYGRNDTOT":null,"PLAYGRNDSCHL":null,"SWINGSET":null,"BBALLCOURT":null,"TENNISCOURT":null,"VBALLCOURT":null,"HORSESHOES":null,"ADDAMENITIES":" ","OWNEDBY":"City","MAINTBY":"City","AREA_SQFT":65309.886684589997,"AREA_ACRES":1.4993086900000001,"LASTUPDATE":null,"LASTEDITOR":null,"NOTES":null,"FACILITYID":"669","PARKINGTYPE":null,"PARKINGNUMSTALLS":null,"BOATING":null,"HASPAVILION":null,"HASTABLES":null,"HASBBQGRILLS":null,"HASFIREPIT":null,"HASBENCHES":null,"BASEBALL":null,"FISHING":null,"URL":null,"PICURL":null,"created_user":null,"created_date":null,"last_edited_user":"BGIBSON","last_edited_date":1767747226000,"YEARBUILT":2005,"PHRAGMITES":null,"HASPICKLE":null,"TRAILHEAD":null,"Shape.STArea()":65309.886684592093,"Shape.STLength()":2288.5632537306055}},{"type":"Feature","id":39,"geometry":{"type":"Polygon","coordinates":[[[-111.93230239616739,40.385018540143307],[-111.93242326718537,40.385072844751193],[-111.93251900346181,40.385115380111429],[-111.93302385878702,40.385315181743138],[-111.93321876294223,40.385376511855291],[-111.93322230164138,40.385370110650847],[-111.93288372123874,40.385233572012375],[-111.93270426169776,40.385161233568049],[-111.93257864578283,40.385111509340199],[-111.93230714069713,40.385013960066331],[-111.93230239616739,40.385018540143307]]]},"properties":{"GlobalID":"{04F9F684-2982-4F04-8750-82CD3E008CE8}","OBJECTID":39,"PARKID":214,"TYPE":"Island","NAME":null,"COMMONNAME":"Pioneer Xing","ADDRESS":null,"USE_":"Landscape","STATUS":"Constructed","RESERVABLE":null,"PATH":null,"BATHROOM":null,"DRINKINGFNTN":null,"PAVILION":null,"TABLES":null,"BBQGRILLS":null,"FIREPIT":null,"BENCHES":null,"PLAYGRNDTOT":null,"PLAYGRNDSCHL":null,"SWINGSET":null,"BBALLCOURT":null,"TENNISCOURT":null,"VBALLCOURT":null,"HORSESHOES":null,"ADDAMENITIES":null,"OWNEDBY":"UDOT","MAINTBY":"City","AREA_SQFT":2038.00755147,"AREA_ACRES":0.046786220000000003,"LASTUPDATE":null,"LASTEDITOR":null,"NOTES":null,"FACILITYID":"5374","PARKINGTYPE":null,"PARKINGNUMSTALLS":null,"BOATING":null,"HASPAVILION":null,"HASTABLES":null,"HASBBQGRILLS":null,"HASFIREPIT":null,"HASBENCHES":null,"BASEBALL":null,"FISHING":null,"URL":null,"PICURL":null,"created_user":null,"created_date":null,"last_edited_user":"BGIBSON","last_edited_date":1767747273000,"YEARBUILT":null,"PHRAGMITES":null,"HASPICKLE":null,"TRAILHEAD":null,"Shape.STArea()":2038.0075514680634,"Shape.STLength()":577.73087470274447}},{"type":"Feature","id":42,"geometry":{"type":"Polygon","coordinates":[[[-111.93433458509604,40.336274448170734],[-111.93435451434759,40.336327177433063],[-111.93477059232416,40.336242919775884],[-111.93475075447725,40.336190174931154],[-111.93433458509604,40.336274448170734]]]},"properties":{"GlobalID":"{1D9A653C-91CD-44BD-B6B5-3BF47CF80916}","OBJECTID":42,"PARKID":35,"TYPE":"Trail","NAME":null,"COMMONNAME":"Rocky Ridge path ways","ADDRESS":" ","USE_":"Access","STATUS":"Constructed","RESERVABLE":" ","PATH":null,"BATHROOM":" ","DRINKINGFNTN":null,"PAVILION":null,"TABLES":null,"BBQGRILLS":null,"FIREPIT":null,"BENCHES":null,"PLAYGRNDTOT":null,"PLAYGRNDSCHL":null,"SWINGSET":null,"BBALLCOURT":null,"TENNISCOURT":null,"VBALLCOURT":null,"HORSESHOES":null,"ADDAMENITIES":" ","OWNEDBY":"City","MAINTBY":"City","AREA_SQFT":2398.68056733,"AREA_ACRES":0.055066129999999998,"LASTUPDATE":null,"LASTEDITOR":null,"NOTES":null,"FACILITYID":"682","PARKINGTYPE":null,"PARKINGNUMSTALLS":null,"BOATING":null,"HASPAVILION":null,"HASTABLES":null,"HASBBQGRILLS":null,"HASFIREPIT":null,"HASBENCHES":null,"BASEBALL":null,"FISHING":null,"URL":null,"PICURL":null,"created_user":null,"created_date":null,"last_edited_user":"BGIBSON","last_edited_date":1767747226000,"YEARBUILT":2006,"PHRAGMITES":null,"HASPICKLE":null,"TRAILHEAD":null,"Shape.STArea()":2398.6805673254498,"Shape.STLength()":279.97799147853061}},{"type":"Feature","id":43,"geometry":{"type":"Polygon","coordinates":[[[-111.87390497863325,40.290520968962205],[-111.87393164573658,40.290491128975958],[-111.87392581629358,40.290442776682177],[-111.87385523892097,40.290385048780337],[-111.87376124474514,40.290277726081122],[-111.87372635278331,40.290213338012506],[-111.87367270313175,40.290135213857603],[-111.87352199710323,40.289836446556812],[-111.87350121727988,40.289597460083506],[-111.87349752315575,40.289554983043708],[-111.86974548481473,40.289567726794772],[-111.86976276101053,40.289608718115375],[-111.8697604752081,40.289636711104293],[-111.86906792916086,40.289974730455199],[-111.86903980812988,40.289988510015569],[-111.86901472049288,40.290005378205201],[-111.86899324166002,40.290024951334615],[-111.86897586082861,40.290046779339065],[-111.86896297756149,40.290070365603377],[-111.86895488533068,40.290095168814837],[-111.86895176927655,40.290120623685119],[-111.86895314805147,40.29015889855058],[-111.8689590535708,40.290196921346094],[-111.86896943709463,40.290234376098638],[-111.86897308431723,40.290242680233874],[-111.86897820739895,40.290250513172531],[-111.86898470672695,40.290257723020183],[-111.86899245451971,40.290264168778961],[-111.86900129955579,40.290269724835987],[-111.86900571847502,40.290271725618858],[-111.86901050824406,40.29027313981063],[-111.86901553692962,40.290273929100351],[-111.86902066680524,40.290274071406948],[-111.86902575671321,40.29027356267315],[-111.8690306667737,40.290272417751261],[-111.86903526307005,40.290270666785645],[-111.86903941766806,40.290268358815439],[-111.8690430180007,40.290265557241483],[-111.86904596451103,40.290262338933218],[-111.86904817651808,40.290258791508222],[-111.86904959339306,40.290255013328355],[-111.86905017570646,40.290251108092477],[-111.86904990638935,40.290247182130621],[-111.86903235905646,40.29015581758614],[-111.86903044501608,40.290136082392081],[-111.86903279341296,40.29011637426003],[-111.86903934126849,40.290097229272504],[-111.86904991027339,40.290079170366447],[-111.8690642125614,40.29006268750063],[-111.86908185889899,40.290048229524345],[-111.86910237037375,40.290036190630815],[-111.86967826441679,40.289752645712419],[-111.86975364917743,40.289726286579871],[-111.86980238633089,40.289727998421981],[-111.8699144683337,40.289729508745474],[-111.86999739425177,40.289746037718672],[-111.87006100542658,40.289765304547103],[-111.87010244185477,40.289879442629825],[-111.87012682477007,40.289946603039851],[-111.87002163965087,40.290175076047703],[-111.8700266433016,40.290199314571439],[-111.87003408268059,40.290223545378389],[-111.87006599725987,40.290268221644105],[-111.87012732023958,40.290344521834172],[-111.87019112950728,40.290430142993017],[-111.87026964764138,40.290532508215399],[-111.87033097999814,40.290610674400632],[-111.87038489311131,40.290668340179046],[-111.87043642994257,40.29073720848622],[-111.87046604046451,40.290806146315141],[-111.87052478614579,40.290856333954125],[-111.8705302306436,40.290868099821843],[-111.87053319976384,40.290880374300485],[-111.870533618934,40.290892852308133],[-111.8705314794346,40.290905226752493],[-111.87052683253805,40.290917192152179],[-111.87051979424756,40.290928450926081],[-111.87051053830886,40.290938726024507],[-111.87049929387236,40.29094776363894],[-111.87048633847094,40.290955339528495],[-111.87018259750911,40.291105560144089],[-111.86991288467128,40.291240745810697],[-111.86987145584324,40.291247244565405],[-111.86982918558114,40.291248208804838],[-111.86978732633051,40.291243608444255],[-111.86974711497507,40.291233580970065],[-111.86970974574064,40.291218423419323],[-111.86967632310038,40.291198583522252],[-111.86953446903601,40.291098283551989],[-111.86934605151401,40.290947755782192],[-111.86920896050091,40.290826918254126],[-111.86908156619413,40.290696720140723],[-111.86903741957067,40.290642754280391],[-111.86903658305297,40.290639427238709],[-111.86903500878751,40.290636261041385],[-111.86903274432863,40.290633350105942],[-111.86902985836672,40.290630782478473],[-111.86902643717092,40.290628634441262],[-111.86902258341276,40.290626970516286],[-111.86901841262343,40.290625840774666],[-111.86901404965562,40.290625279046381],[-111.8690096251554,40.290625302931623],[-111.8690052731902,40.290625910205492],[-111.86900112304565,40.290627084248023],[-111.86899729920079,40.29062878954074],[-111.86899391780975,40.290630973479438],[-111.86899107849808,40.290633571803532],[-111.86898613710846,40.290640040535251],[-111.86898261814012,40.290647033451961],[-111.86898061353145,40.290654369233657],[-111.86898017517478,40.290661855879158],[-111.86898131378868,40.290669299715908],[-111.86898400009392,40.290676505396426],[-111.86900863595197,40.29072680244527],[-111.86906015133799,40.290791940049729],[-111.86910669360647,40.290838435584753],[-111.86918994247705,40.290914666962536],[-111.86928293806963,40.290990867465297],[-111.8694248217288,40.29109676425648],[-111.86954956021268,40.291185924396167],[-111.86965956008592,40.291252741915486],[-111.86970356676217,40.291272772578125],[-111.86975128682077,40.291286967899524],[-111.86980141027632,40.291294939341405],[-111.8698525657198,40.291296467883242],[-111.86990334859101,40.291291512038804],[-111.86995236704966,40.291280207711033],[-111.86999827841757,40.291262864473836],[-111.87048375092712,40.291041874500735],[-111.87097117881213,40.290823314320541],[-111.87111286019056,40.290932050350776],[-111.87140532613466,40.291139911882276],[-111.87158434632407,40.291060588309954],[-111.87185311947935,40.291291830978807],[-111.87211638400002,40.291539494013414],[-111.87249546696084,40.29134560173906],[-111.87248636327737,40.291307918964378],[-111.87249493467745,40.291231941138577],[-111.87253778232838,40.291163067259951],[-111.87260936732021,40.291110097150309],[-111.87277298509727,40.291026357287073],[-111.87295246091247,40.290934501280951],[-111.87312346940119,40.290851101181467],[-111.87342485646045,40.290741874174074],[-111.87352968960423,40.290704185613336],[-111.87357363103024,40.290688388267199],[-111.87362310707304,40.290670600787756],[-111.87368225579488,40.290645725787058],[-111.87371004504553,40.290630968971122],[-111.87390497863325,40.290520968962205]]]},"properties":{"GlobalID":"{5788D052-DDEB-4B09-8FDE-5257D0805152}","OBJECTID":43,"PARKID":1,"TYPE":"RegionalPark","NAME":"Marina Park","COMMONNAME":"Marina Park","ADDRESS":"156 E HARBOR PKWY","USE_":"Recreation","STATUS":"Constructed","RESERVABLE":"Yes","PATH":"No","BATHROOM":"Yes","DRINKINGFNTN":"Yes","PAVILION":7,"TABLES":13,"BBQGRILLS":6,"FIREPIT":5,"BENCHES":0,"PLAYGRNDTOT":"No","PLAYGRNDSCHL":"No","SWINGSET":"No","BBALLCOURT":"No","TENNISCOURT":"No","VBALLCOURT":"No","HORSESHOES":"No","ADDAMENITIES":"$8 Day Pass, Fishing, Fish Cleaning Station, Outside Showers, 28 space dock, 3 wide ramp","OWNEDBY":"City","MAINTBY":"City","AREA_SQFT":549629.12684806006,"AREA_ACRES":12.61774855,"LASTUPDATE":null,"LASTEDITOR":null,"NOTES":null,"FACILITYID":"664","PARKINGTYPE":"Lot","PARKINGNUMSTALLS":105,"BOATING":"Yes","HASPAVILION":null,"HASTABLES":null,"HASBBQGRILLS":null,"HASFIREPIT":null,"HASBENCHES":null,"BASEBALL":null,"FISHING":null,"URL":null,"PICURL":null,"created_user":null,"created_date":null,"last_edited_user":"BGIBSON","last_edited_date":1767750154000,"YEARBUILT":2002,"PHRAGMITES":null,"HASPICKLE":null,"TRAILHEAD":null,"Shape.STArea()":549629.12684805796,"Shape.STLength()":5065.3871494315099}},{"type":"Feature","id":46,"geometry":{"type":"Polygon","coordinates":[[[-111.89790425410189,40.310102787789837],[-111.89799389633973,40.310094429838081],[-111.89847794184885,40.310032098409508],[-111.89851368217806,40.31003234757403],[-111.89854926093513,40.310034954255698],[-111.89858441448905,40.310039900440685],[-111.89861887908805,40.310047147400894],[-111.89865240031284,40.31005664286733],[-111.89874163814771,40.310044322000834],[-111.89885369264601,40.310029205944303],[-111.89900802332679,40.310024739591235],[-111.89917745568819,40.310022982804618],[-111.89955252648299,40.310019093405465],[-111.89954744961227,40.309985153904989],[-111.8995376094754,40.309847825411303],[-111.89953639384213,40.309720944574678],[-111.89953337274106,40.309677606156725],[-111.89952516691741,40.309634663736801],[-111.89951184437386,40.309592479138864],[-111.89949351896202,40.309551408625858],[-111.89947034566065,40.309511800213684],[-111.89944251936707,40.30947398827162],[-111.89941027489196,40.309438292621962],[-111.89937388575088,40.309405013140157],[-111.89924569195382,40.309298164207213],[-111.89918889323037,40.309333407629758],[-111.8989699845736,40.309461831130896],[-111.89873813314817,40.309576170931912],[-111.89849488164684,40.309675664256844],[-111.89824184633927,40.309759651661956],[-111.89786588794949,40.30987072514592],[-111.89768133523037,40.309917934602332],[-111.89767920281065,40.309917011498577],[-111.89755324418057,40.309941615323886],[-111.89742633888316,40.309960745671546],[-111.89729872465129,40.309974366704509],[-111.89717064054591,40.309982452906354],[-111.89704232650816,40.309984989129134],[-111.89702486608115,40.309984917869976],[-111.89702482371855,40.309984916212642],[-111.89691170766199,40.309982033557176],[-111.89679878205048,40.309974867092123],[-111.89668620905749,40.309963427109295],[-111.89657415035011,40.309947730037763],[-111.89643541484217,40.309922039229335],[-111.89629812406751,40.309889499991598],[-111.89616261586932,40.309850192396667],[-111.89602922370423,40.3098042131721],[-111.89584006229198,40.309733085741236],[-111.89542049824728,40.309575302897514],[-111.89520425583409,40.309493968159344],[-111.89515299713726,40.309475381185486],[-111.89510734607641,40.309459954487757],[-111.89509842473279,40.309457060276266],[-111.895089487112,40.309454199442797],[-111.89508052968483,40.309451371999366],[-111.89507155480405,40.309448577937999],[-111.89506256246443,40.309445816358021],[-111.89505355267644,40.309443089060707],[-111.89504452661129,40.309440395141415],[-111.89503548309771,40.309437735504773],[-111.89502642212523,40.309435108349561],[-111.89501734488078,40.309432515472984],[-111.89500825136433,40.309429956875064],[-111.89499914157059,40.309427431655187],[-111.89499001667603,40.309424939809396],[-111.89498087550942,40.309422482242184],[-111.89497171807075,40.309420058953677],[-111.89490707666148,40.309404017952978],[-111.89484202419273,40.309389735032944],[-111.89481612779872,40.309384611438077],[-111.89481401208351,40.309392492890183],[-111.89474691280405,40.309647410917769],[-111.89500619201726,40.309730468033571],[-111.89524577774556,40.309848982773737],[-111.89541095570209,40.309958882955904],[-111.89559579471107,40.310009405544108],[-111.89576542172348,40.310042340321509],[-111.8957654780681,40.310042318515272],[-111.89582276019839,40.31002977620949],[-111.89588107131782,40.310023582241904],[-111.89593971003796,40.31002381111594],[-111.89599797102989,40.310030460078593],[-111.89608407273053,40.310044563160758],[-111.89611051072445,40.310048683126098],[-111.89630090012174,40.310075380715439],[-111.89649192487684,40.310097070040378],[-111.89668345326855,40.31011373614502],[-111.89671218885319,40.310115803719164],[-111.89685964381299,40.310124631916381],[-111.89700724554261,40.310130516782422],[-111.89701809515199,40.310130748306399],[-111.89702320907936,40.310130712916106],[-111.89702311408298,40.310130967219607],[-111.8971981048761,40.310133764515001],[-111.89737311277855,40.310132409296983],[-111.8975480392655,40.310126902328506],[-111.89772278585794,40.310117246709829],[-111.89773893832239,40.310116144279277],[-111.89790425410189,40.310102787789837]]]},"properties":{"GlobalID":"{A05CBE69-C3E7-4FD8-9587-21054716AFD3}","OBJECTID":46,"PARKID":218,"TYPE":"Open Space","NAME":null,"COMMONNAME":" ","ADDRESS":" ","USE_":"NativeOpen","STATUS":"Constructed","RESERVABLE":" ","PATH":null,"BATHROOM":" ","DRINKINGFNTN":null,"PAVILION":null,"TABLES":null,"BBQGRILLS":null,"FIREPIT":null,"BENCHES":null,"PLAYGRNDTOT":null,"PLAYGRNDSCHL":null,"SWINGSET":null,"BBALLCOURT":null,"TENNISCOURT":null,"VBALLCOURT":null,"HORSESHOES":null,"ADDAMENITIES":" ","OWNEDBY":"City","MAINTBY":"City","AREA_SQFT":150185.19242727,"AREA_ACRES":3.4477776000000002,"LASTUPDATE":null,"LASTEDITOR":null,"NOTES":null,"FACILITYID":"628","PARKINGTYPE":null,"PARKINGNUMSTALLS":null,"BOATING":null,"HASPAVILION":null,"HASTABLES":null,"HASBBQGRILLS":null,"HASFIREPIT":null,"HASBENCHES":null,"BASEBALL":null,"FISHING":null,"URL":null,"PICURL":null,"created_user":null,"created_date":null,"last_edited_user":"BGIBSON","last_edited_date":1767747226000,"YEARBUILT":2004,"PHRAGMITES":null,"HASPICKLE":null,"TRAILHEAD":null,"Shape.STArea()":150185.19242727474,"Shape.STLength()":3112.5501804445926}},{"type":"Feature","id":47,"geometry":{"type":"Polygon","coordinates":[[[-111.93459937734582,40.337377207957857],[-111.93460449459067,40.337432055587222],[-111.93460453460588,40.337432055438434],[-111.93503541982939,40.337428096451191],[-111.93503053178975,40.337373256091972],[-111.93459937734582,40.337377207957857]]]},"properties":{"GlobalID":"{94285500-855F-4D09-9AED-B86E39A8A7F9}","OBJECTID":47,"PARKID":35,"TYPE":"Trail","NAME":null,"COMMONNAME":"Rocky Ridge path ways","ADDRESS":" ","USE_":"Access","STATUS":"Constructed","RESERVABLE":" ","PATH":null,"BATHROOM":" ","DRINKINGFNTN":null,"PAVILION":null,"TABLES":null,"BBQGRILLS":null,"FIREPIT":null,"BENCHES":null,"PLAYGRNDTOT":null,"PLAYGRNDSCHL":null,"SWINGSET":null,"BBALLCOURT":null,"TENNISCOURT":null,"VBALLCOURT":null,"HORSESHOES":null,"ADDAMENITIES":" ","OWNEDBY":"City","MAINTBY":"City","AREA_SQFT":2402.6168686800002,"AREA_ACRES":0.055156490000000002,"LASTUPDATE":null,"LASTEDITOR":null,"NOTES":null,"FACILITYID":"680","PARKINGTYPE":null,"PARKINGNUMSTALLS":null,"BOATING":null,"HASPAVILION":null,"HASTABLES":null,"HASBBQGRILLS":null,"HASFIREPIT":null,"HASBENCHES":null,"BASEBALL":null,"FISHING":null,"URL":null,"PICURL":null,"created_user":null,"created_date":null,"last_edited_user":"BGIBSON","last_edited_date":1767747226000,"YEARBUILT":2006,"PHRAGMITES":null,"HASPICKLE":null,"TRAILHEAD":null,"Shape.STArea()":2402.6168686802621,"Shape.STLength()":280.38697956814599}},{"type":"Feature","id":48,"geometry":{"type":"Polygon","coordinates":[[[-111.94558693824597,40.374945491169363],[-111.94568612623415,40.374032828836775],[-111.94533280090398,40.374170193367924],[-111.94502261434302,40.374174619074338],[-111.94502170972775,40.374454792238978],[-111.94502080312256,40.374729230211692],[-111.94466195258155,40.374728589481343],[-111.94466128912336,40.374943734828683],[-111.9446611228098,40.374992424984995],[-111.94465614462401,40.375051688355811],[-111.94464481265315,40.375110070852251],[-111.94462725872663,40.375166893287236],[-111.94460368705633,40.375221494622508],[-111.94457437186098,40.375273239658753],[-111.94453965417607,40.375321526425132],[-111.94449993788636,40.375365793182262],[-111.94445568502748,40.375405524957131],[-111.9443265618752,40.375517121035308],[-111.94459540575288,40.375699004266743],[-111.94459673388953,40.375843379080429],[-111.94473961644285,40.375842646688056],[-111.94509843900322,40.375840803388805],[-111.94548958811325,40.375838789923655],[-111.94558693824597,40.374945491169363]]]},"properties":{"GlobalID":"{2E4EEFE9-1C0D-4B6F-B795-A27205681F95}","OBJECTID":48,"PARKID":106,"TYPE":"Public Park","NAME":"Meridian Park","COMMONNAME":"Meridian Park","ADDRESS":"717 N MERIDIAN DR","USE_":"OpenSpace","STATUS":"Constructed","RESERVABLE":"No","PATH":null,"BATHROOM":null,"DRINKINGFNTN":null,"PAVILION":null,"TABLES":null,"BBQGRILLS":null,"FIREPIT":null,"BENCHES":null,"PLAYGRNDTOT":null,"PLAYGRNDSCHL":null,"SWINGSET":null,"BBALLCOURT":null,"TENNISCOURT":null,"VBALLCOURT":null,"HORSESHOES":null,"ADDAMENITIES":null,"OWNEDBY":"City","MAINTBY":"City","AREA_SQFT":148157.98724654,"AREA_ACRES":3.4012393799999998,"LASTUPDATE":null,"LASTEDITOR":null,"NOTES":null,"FACILITYID":"713","PARKINGTYPE":null,"PARKINGNUMSTALLS":0,"BOATING":"No","HASPAVILION":null,"HASTABLES":null,"HASBBQGRILLS":null,"HASFIREPIT":null,"HASBENCHES":null,"BASEBALL":null,"FISHING":null,"URL":null,"PICURL":null,"created_user":null,"created_date":null,"last_edited_user":"BGIBSON","last_edited_date":1767747226000,"YEARBUILT":2015,"PHRAGMITES":null,"HASPICKLE":null,"TRAILHEAD":null,"Shape.STArea()":148157.9872465439,"Shape.STLength()":1875.2869602922151}},{"type":"Feature","id":49,"geometry":{"type":"MultiPolygon","coordinates":[[[[-111.91956395152722,40.33512305375011],[-111.91956437935383,40.335145041205365],[-111.91956353480441,40.335150877646548],[-111.91956065133611,40.335158741529931],[-111.91955775685936,40.335164809587511],[-111.91955189056097,40.335172007801319],[-111.91957612860078,40.335186160726266],[-111.91958303613846,40.335178910139156],[-111.91958839274956,40.335170930201528],[-111.91959207249629,40.335162411399587],[-111.91959398601823,40.335153559398961],[-111.91959408636696,40.335144586917977],[-111.9195883082289,40.334977057219334],[-111.91953873605404,40.333975164706843],[-111.9195090456802,40.333974026600082],[-111.91956395152722,40.33512305375011]]],[[[-111.91956339721038,40.335355374397928],[-111.91956741063467,40.335359817230788],[-111.91957054264371,40.335364658606039],[-111.9195727255202,40.335369795193877],[-111.91957391388539,40.335375119981784],[-111.91957408233449,40.335380520481714],[-111.91958159178519,40.335531935197665],[-111.91961856975745,40.336338705894434],[-111.91962132255006,40.336429695182794],[-111.91961738138657,40.336443769130938],[-111.91964637754337,40.336445143870456],[-111.91965066608471,40.336435516005366],[-111.91965303919363,40.336428482538963],[-111.919652937195,40.336411846391826],[-111.91964170406494,40.33615567882164],[-111.91960709121533,40.335396855673501],[-111.91960644126844,40.335382025458657],[-111.91960296228142,40.33536742785671],[-111.919596729155,40.335353377820653],[-111.9195878755456,40.335340175682049],[-111.91956339721038,40.335355374397928]]]]},"properties":{"GlobalID":"{71201DB7-6759-4004-99BD-AC17E445569D}","OBJECTID":49,"PARKID":32,"TYPE":"Frontage","NAME":null,"COMMONNAME":" ","ADDRESS":" ","USE_":"Landscape","STATUS":"Constructed","RESERVABLE":" ","PATH":null,"BATHROOM":" ","DRINKINGFNTN":null,"PAVILION":null,"TABLES":null,"BBQGRILLS":null,"FIREPIT":null,"BENCHES":null,"PLAYGRNDTOT":null,"PLAYGRNDSCHL":null,"SWINGSET":null,"BBALLCOURT":null,"TENNISCOURT":null,"VBALLCOURT":null,"HORSESHOES":null,"ADDAMENITIES":" ","OWNEDBY":"City","MAINTBY":"City","AREA_SQFT":7255.9435800000001,"AREA_ACRES":0.16657353999999999,"LASTUPDATE":null,"LASTEDITOR":null,"NOTES":null,"FACILITYID":"654","PARKINGTYPE":null,"PARKINGNUMSTALLS":null,"BOATING":null,"HASPAVILION":null,"HASTABLES":null,"HASBBQGRILLS":null,"HASFIREPIT":null,"HASBENCHES":null,"BASEBALL":null,"FISHING":null,"URL":null,"PICURL":null,"created_user":null,"created_date":null,"last_edited_user":"BGIBSON","last_edited_date":1767747226000,"YEARBUILT":2006,"PHRAGMITES":null,"HASPICKLE":null,"TRAILHEAD":null,"Shape.STArea()":7255.9435799952707,"Shape.STLength()":1715.2294076182045}},{"type":"Feature","id":53,"geometry":{"type":"Polygon","coordinates":[[[-111.9259763359217,40.391504564090553],[-111.92595536064475,40.391503398146448],[-111.92593441838348,40.391505054456275],[-111.92591659667174,40.391507882448103],[-111.92589948158476,40.391513599505487],[-111.92588353809579,40.391522050310577],[-111.92586919934872,40.391533005276564],[-111.92585685489072,40.391546166784984],[-111.92584684008921,40.391561177271242],[-111.92583942702076,40.391577628938741],[-111.92583748089496,40.391589144986852],[-111.92583746050117,40.391600824299928],[-111.92583936639785,40.391612347074236],[-111.92584670886616,40.391628793944641],[-111.92585665445689,40.391643810489249],[-111.92586893270858,40.391656988346526],[-111.92588320972513,40.391667969156401],[-111.92589909725579,40.391676454305546],[-111.92591616325338,40.391682213047901],[-111.92593394362329,40.391685088779603],[-111.925957757015,40.391686825821218],[-111.92597997436508,40.391685156229279],[-111.9259979815178,40.391682313271701],[-111.92601526205905,40.391676506133827],[-111.9260313316756,40.391667897569448],[-111.92604573999218,40.391656728846584],[-111.92605808319394,40.391643312985565],[-111.92606801534401,40.391628025986137],[-111.92607525807892,40.391611296289554],[-111.92607700358268,40.391599502461133],[-111.92607674024478,40.3915875830725],[-111.92607447557072,40.391575877841895],[-111.92606653197437,40.391559385228071],[-111.92605599456368,40.391544416259848],[-111.92604314789526,40.391531375165421],[-111.92602833888583,40.39152061411189],[-111.92601196744398,40.39151242369519],[-111.92599447567093,40.391507025092714],[-111.9259763359217,40.391504564090553]]]},"properties":{"GlobalID":"{5A6BD676-8C99-4156-B7B7-FFB45FA74EDA}","OBJECTID":53,"PARKID":221,"TYPE":"Frontage","NAME":null,"COMMONNAME":null,"ADDRESS":null,"USE_":"Landscape","STATUS":"Constructed","RESERVABLE":null,"PATH":null,"BATHROOM":null,"DRINKINGFNTN":null,"PAVILION":null,"TABLES":null,"BBQGRILLS":null,"FIREPIT":null,"BENCHES":null,"PLAYGRNDTOT":null,"PLAYGRNDSCHL":null,"SWINGSET":null,"BBALLCOURT":null,"TENNISCOURT":null,"VBALLCOURT":null,"HORSESHOES":null,"ADDAMENITIES":null,"OWNEDBY":"City","MAINTBY":"City","AREA_SQFT":3492.4223093700002,"AREA_ACRES":0.080174980000000007,"LASTUPDATE":null,"LASTEDITOR":null,"NOTES":null,"FACILITYID":"5428","PARKINGTYPE":null,"PARKINGNUMSTALLS":null,"BOATING":null,"HASPAVILION":null,"HASTABLES":null,"HASBBQGRILLS":null,"HASFIREPIT":null,"HASBENCHES":null,"BASEBALL":null,"FISHING":null,"URL":null,"PICURL":null,"created_user":null,"created_date":null,"last_edited_user":"BGIBSON","last_edited_date":1767747226000,"YEARBUILT":2012,"PHRAGMITES":null,"HASPICKLE":null,"TRAILHEAD":null,"Shape.STArea()":3492.4223093723126,"Shape.STLength()":209.715226415817}},{"type":"Feature","id":55,"geometry":{"type":"Polygon","coordinates":[[[-111.9295498536888,40.399811608091269],[-111.92954976962145,40.399811539953213],[-111.92954855484682,40.399810564543749],[-111.92954853116818,40.399810545717742],[-111.92954725988396,40.399809575919484],[-111.92954595813043,40.39980863145027],[-111.92954462472386,40.399807711413871],[-111.92954326087056,40.399806820308953],[-111.92954186889257,40.399805952723241],[-111.92954044999621,40.399805113155445],[-111.92953900299214,40.399804299808665],[-111.92953752906973,40.399803514479814],[-111.92953603177412,40.399802758957037],[-111.92953450991047,40.39980203054288],[-111.92953296350699,40.39980133374042],[-111.92953139606939,40.399800664033542],[-111.92952980762604,40.399800025925323],[-111.92952819699318,40.399799418519486],[-111.92952656888284,40.399798841798699],[-111.92952492094459,40.399798296672252],[-111.92952325553453,40.399797783131454],[-111.92952157500861,40.399797301167645],[-111.92951987819447,40.399796851685828],[-111.92951816745379,40.399796435577812],[-111.92951644513114,40.399796051033888],[-111.92951313754027,40.399795346287029],[-111.92951140942394,40.399794977074748],[-111.92950968129063,40.399794605160636],[-111.92950795197932,40.39979423325083],[-111.92950622501839,40.399793860431764],[-111.92950449805181,40.399793486712106],[-111.92950277107967,40.3997931120918],[-111.92950104527414,40.399792735665905],[-111.92949931828498,40.399792358343802],[-111.92949759246818,40.399791980116689],[-111.92949586782376,40.399791600984621],[-111.92949414199575,40.399791220956317],[-111.9294924173343,40.399790839122467],[-111.92949069384532,40.399790456383613],[-111.9294889691727,40.399790072748516],[-111.92948724567806,40.399789689109021],[-111.92948552335012,40.399789303664051],[-111.92948380101659,40.399788917318411],[-111.92948207749374,40.399788529175915],[-111.92948035632686,40.399788141024736],[-111.92947863514874,40.399787751072353],[-111.92947691396493,40.399787360219335],[-111.92947519278118,40.399786969366239],[-111.92947347275849,40.39978657580707],[-111.92947175273579,40.399786182247887],[-111.92947003388545,40.399785787783763],[-111.9294683150238,40.399785391518385],[-111.92946659616217,40.399784995253007],[-111.92946487846729,40.399784597182048],[-111.92946315958874,40.399784198214846],[-111.92946144306056,40.399783798338362],[-111.92945972534869,40.39978339756555],[-111.92945800998723,40.39978299588352],[-111.92945629343647,40.399782592404549],[-111.92945457805807,40.399782188020694],[-111.92945286149603,40.399781782740511],[-111.92945114728998,40.399781377451639],[-111.92944943306703,40.39978096946097],[-111.92944771884407,40.39978056147028],[-111.92944600461551,40.399780152578963],[-111.92944429155358,40.399779741882114],[-111.92944257966404,40.399779330280325],[-111.92944086659655,40.39977891868282],[-111.92943915351778,40.39977850528409],[-111.92943744278929,40.399778090976135],[-111.92943573205521,40.399777675767503],[-111.92943402130986,40.39977725875773],[-111.92943231174247,40.399776841743559],[-111.92943060098017,40.399776422031891],[-111.92942889140156,40.399776003216488],[-111.92942718298961,40.399775582595566],[-111.92942547457207,40.399775161074004],[-111.92942376614886,40.399774738651821],[-111.92942205889803,40.399774315324706],[-111.92942035163587,40.399773890196364],[-111.92941864437374,40.399773465068016],[-111.92941693827835,40.399773038134114],[-111.92941523217728,40.399772610299564],[-111.9294135272486,40.399772181560095],[-111.92941182231429,40.399771751920021],[-111.92941011855231,40.399771321375013],[-111.9294084136011,40.399770889033107],[-111.92940670982222,40.399770455786246],[-111.92940500722132,40.399770022535016],[-111.92940330343114,40.399769587486901],[-111.92940160081338,40.399769151533881],[-111.92939989936789,40.399768714675922],[-111.92939819791118,40.399768276016729],[-111.92939649763245,40.399767837353195],[-111.92939479617014,40.399767397793319],[-111.9293930958745,40.399766956427939],[-111.92939139675684,40.399766515058204],[-111.92938969762227,40.399766070986708],[-111.92938799966574,40.399765626910785],[-111.92938630170356,40.399765181934285],[-111.9293846037357,40.399764736057172],[-111.92938290575661,40.399764288378861],[-111.9293812089555,40.399763840696103],[-111.92937951214314,40.399763391212254],[-111.92937781650311,40.3997629408234],[-111.92937612204106,40.39976249043022],[-111.9293744263841,40.399762037339535],[-111.9293727319052,40.399761584244509],[-111.92937103742059,40.399761130248869],[-111.92936934410274,40.39976067444767],[-111.92936765077927,40.399760217745893],[-111.9293659574558,40.399759761044066],[-111.92936426529903,40.399759302536687],[-111.9293625743146,40.399758843124395],[-111.92936088214655,40.399758382815811],[-111.92935919232323,40.39975792069734],[-111.92935750132756,40.399757459483759],[-111.929355811493,40.399756995564047],[-111.92935412283074,40.399756530739431],[-111.92935243299054,40.399756065919085],[-111.929350745495,40.399755599288902],[-111.92934905681587,40.399755131762369],[-111.92934737048145,40.399754662426034],[-111.92934568296903,40.399754193093976],[-111.92934399662334,40.399753721956401],[-111.9293423114556,40.399753250814435],[-111.92934062509866,40.399752777875591],[-111.92933893991406,40.399752304031793],[-111.92933725472948,40.399751830188031],[-111.92933557188957,40.399751354534345],[-111.92933388786039,40.399750877083797],[-111.92933220501492,40.399750400529513],[-111.92933052215811,40.399749922173982],[-111.9293288404624,40.399749441112341],[-111.92932715877234,40.399748960951257],[-111.92932547707667,40.399748479889574],[-111.92932379654769,40.399747997022317],[-111.92932211719106,40.399747513250162],[-111.92932043665081,40.399747028581693],[-111.92931875846092,40.399746543003957],[-111.92931708025979,40.39974605562503],[-111.92931540205859,40.399745568246068],[-111.92931372384619,40.399745079065859],[-111.9293120468061,40.399744588980674],[-111.92931036976042,40.399744097994976],[-111.92930869389271,40.399743607004865],[-111.92930701800813,40.399743113312979],[-111.92930534330713,40.399742620517316],[-111.92925161686071,40.399726762381896],[-111.92885539118778,40.39960981786534],[-111.9288553395144,40.399609843271989],[-111.92877825665413,40.399649199905589],[-111.92851846238133,40.399789919160284],[-111.92852779326748,40.399878049822789],[-111.92896460262986,40.399980885307663],[-111.92880508722706,40.400211282775011],[-111.92880507438764,40.400211301734991],[-111.92880739041246,40.400212245196677],[-111.92880896951939,40.400212896858051],[-111.92881054629861,40.400213553031008],[-111.92881211957211,40.400214213719892],[-111.92881368935116,40.400214880725862],[-111.92881525561887,40.400215551347117],[-111.92881681838642,40.400216227384924],[-111.92881837764267,40.400216907037994],[-111.92881993340447,40.400217593008215],[-111.92882148565489,40.400218282593684],[-111.92882303322155,40.400218976699414],[-111.92882457846619,40.400219676217318],[-111.92882611902709,40.400220380255433],[-111.92882765726587,40.400221089705752],[-111.92882919082098,40.400221803676253],[-111.92883072086465,40.400222521262087],[-111.92883224740834,40.400223244264446],[-111.92883376926824,40.400223971787014],[-111.92883528644441,40.400224703829785],[-111.92883680129286,40.400225440384169],[-111.92883831381923,40.400226182350714],[-111.92883981930028,40.400226927945546],[-111.92884132245919,40.400227678952582],[-111.92884282211239,40.400228434475487],[-111.92884431589825,40.400229193622366],[-111.92884580736204,40.400229958181406],[-111.92884729532005,40.400230727256364],[-111.92884877860001,40.400231501752174],[-111.928850257185,40.400232278966968],[-111.92885173226988,40.4002330615983],[-111.92885320267102,40.400233848749842],[-111.92885466838841,40.400234640421637],[-111.92885613177819,40.400235436604966],[-111.92885759047846,40.400236236407913],[-111.92885904450073,40.400237041631748],[-111.92886049383931,40.400237851375834],[-111.92886193966645,40.400238664735177],[-111.92886338081557,40.400239483515328],[-111.92886481845328,40.400240305910849],[-111.92886625022928,40.400241132830885],[-111.92886767967758,40.40024196426247],[-111.92886910326418,40.400242800218649],[-111.92887052334504,40.400243640690761],[-111.92887053621827,40.400243627134358],[-111.9289431623021,40.400172197868649],[-111.92907978522872,40.400037824018739],[-111.92907979342384,40.400037815883138],[-111.92907979810755,40.4000378113629],[-111.92907980630829,40.400037804127884],[-111.92957933055634,40.400027518764396],[-111.92957935646655,40.400027517768642],[-111.92957893608695,40.400025670348896],[-111.92957863190665,40.400024317840902],[-111.9295783312547,40.400022964419385],[-111.92957803531468,40.400021610980524],[-111.92957774172507,40.400020256632388],[-111.92957745166943,40.40001890227132],[-111.92957716632014,40.400017546992366],[-111.9295768833325,40.400016192605342],[-111.92957660386753,40.400014836404154],[-111.92957632793657,40.400013480189969],[-111.92957605671194,40.400012123057898],[-111.9295757890213,40.400010765912839],[-111.92957552368669,40.400009408759139],[-111.92957526188037,40.400008050691859],[-111.92957500478607,40.40000669260732],[-111.92957475004211,40.400005333613471],[-111.92957449883218,40.400003974606697],[-111.92957425232854,40.400002614682009],[-111.92957400935889,40.400001254744339],[-111.9295737687509,40.399999895698592],[-111.92957353165995,40.399998533938074],[-111.92957329928664,40.399997173060882],[-111.92957307044733,40.399995812170744],[-111.92957284395835,40.399994450371281],[-111.92957262218135,40.399993088554581],[-111.92957240393835,40.399991726724878],[-111.92957218922375,40.399990363981594],[-111.92957197685941,40.399989000329093],[-111.92957176921273,40.39998763755986],[-111.9295715639164,40.399986273881368],[-111.92957136332637,40.399984909285017],[-111.92957116627603,40.399983545576269],[-111.92957097275402,40.399982180953955],[-111.92957078276599,40.399980816318639],[-111.92957059630633,40.399979450769763],[-111.92957041456427,40.399978086104213],[-111.9295702339889,40.399976719633109],[-111.92957005813115,40.399975354045282],[-111.92956988698543,40.399973988440181],[-111.92956971701206,40.399972621930168],[-111.92956955292297,40.39997125449792],[-111.92956939119554,40.399969887957631],[-111.92956923299646,40.399968520503727],[-111.92956907833138,40.39996715303689],[-111.92956892720029,40.399965785557043],[-111.92956878077551,40.399964417159353],[-111.92956863789038,40.399963049649216],[-111.92956849735556,40.399961681229904],[-111.92956836153279,40.399960312793233],[-111.92956822806596,40.399958944347937],[-111.92956809812746,40.399957574989067],[-111.92956797290093,40.399956205612867],[-111.9295678512084,40.399954836223714],[-111.92956773304992,40.399953466821586],[-111.92956761724734,40.399952097410797],[-111.92956750615113,40.399950727082143],[-111.9295673985889,40.399949356740478],[-111.92956729456068,40.399947986385854],[-111.92956719288841,40.399946616022547],[-111.92956709710616,40.39994524563766],[-111.92956700250187,40.399943875248375],[-111.92956691378758,40.39994250483754],[-111.92956682742361,40.399941133517473],[-111.92956674459361,40.399939762184367],[-111.92956666647558,40.39993839083396],[-111.92956659071361,40.399937019474955],[-111.92956651848557,40.399935648102911],[-111.92956644979154,40.39993427671795],[-111.92956638463143,40.399932905319986],[-111.92956632417771,40.3999315330041],[-111.92956626726364,40.399930161575881],[-111.92956621270551,40.399928790138979],[-111.92956616167571,40.399927417788483],[-111.92956611535793,40.39992604542072],[-111.92956607257409,40.399924673039969],[-111.92956603332989,40.399923301546863],[-111.92956599643605,40.399921929144483],[-111.92956596425418,40.399920556724815],[-111.92956593560629,40.399919184292173],[-111.9295659104924,40.399917811846528],[-111.92956588891808,40.39991644028855],[-111.92956587087215,40.399915067816949],[-111.92956585636023,40.399913695332408],[-111.9295658453822,40.399912322834865],[-111.92956583793817,40.399910950324355],[-111.92956583520618,40.399909577796521],[-111.92956583482447,40.399908204359491],[-111.92956583798806,40.399906832710627],[-111.92956584585797,40.399905460143906],[-111.92956585608385,40.399904087568537],[-111.92956586984374,40.399902714980179],[-111.92956588713758,40.399901342378811],[-111.92956590914341,40.399899969760149],[-111.9295659346889,40.399898598029139],[-111.92956596258468,40.399897225388841],[-111.92956599519241,40.399895852731277],[-111.92956603133983,40.399894480961315],[-111.92956607101553,40.399893108277823],[-111.92956611423088,40.399891736481884],[-111.92956615980222,40.39989036467734],[-111.92956621126351,40.399888992851146],[-111.92956626389716,40.399887620120047],[-111.92956632124843,40.399886248272217],[-111.92956638331732,40.399884877307692],[-111.92956644773085,40.399883504533371],[-111.92956651568976,40.399882133547202],[-111.92956658717688,40.399880761647481],[-111.92956666220367,40.399879390635363],[-111.92956674076449,40.399878019610284],[-111.92956682285924,40.399876648572246],[-111.92956690966594,40.399875277516905],[-111.92956700000663,40.399873906448562],[-111.92956709270896,40.399872536272163],[-111.92956719011761,40.399871165177892],[-111.92956728988793,40.399869794975544],[-111.92956739437012,40.399868424755887],[-111.92956750238636,40.399867054523284],[-111.92956761275855,40.399865684281998],[-111.92956772784841,40.399864314924045],[-111.92956784647218,40.399862945553096],[-111.92956796862995,40.399861576169151],[-111.92956809432741,40.399860207672845],[-111.92956822237508,40.399858838267278],[-111.92956835513479,40.399857468844424],[-111.92956849143411,40.399856100309179],[-111.92956863127307,40.399854732661559],[-111.92956877464034,40.399853364100366],[-111.92956891740914,40.399851712748138],[-111.92956898536789,40.39985034176194],[-111.92956900972966,40.399848969134645],[-111.92956898814964,40.399847596675997],[-111.92956892181165,40.399846225282332],[-111.92956881189923,40.399844855849864],[-111.92956865605075,40.399843487486649],[-111.92956845546688,40.399842123790819],[-111.92956821014761,40.399840764762317],[-111.92956792126529,40.399839409496202],[-111.92956758766448,40.399838061599219],[-111.92956721051193,40.399836719265849],[-111.92956678864664,40.399835385202167],[-111.92956632324659,40.399834059403865],[-111.92956581667902,40.39983274366346],[-111.92956526540438,40.399831437093425],[-111.92956467179557,40.399830142386769],[-111.92956403584697,40.399828858642984],[-111.92956335874223,40.39982758675832],[-111.92956264049829,40.399826329434518],[-111.92956188110955,40.39982508577102],[-111.92956107940357,40.399823856672711],[-111.9295602401038,40.399822643923549],[-111.92955936085413,40.399821447532098],[-111.92955844166026,40.39982026839904],[-111.92955748488382,40.399819107416221],[-111.92955666968017,40.399818167465021],[-111.92955649170281,40.399817964579384],[-111.92955564361159,40.399817040059411],[-111.92955545976697,40.399816840797797],[-111.92955458233911,40.399815934397786],[-111.92955439262147,40.399815737859612],[-111.92955350481233,40.399814866621725],[-111.92955348466768,40.399814847782721],[-111.92955328908273,40.399814654868557],[-111.92955255085468,40.399813966806974],[-111.92955235297033,40.399813782907358],[-111.92955215034006,40.399813593621502],[-111.92955147629496,40.39981299628645],[-111.92955118606898,40.399812739776053],[-111.92955097639904,40.399812555019089],[-111.929550387803,40.399812058239206],[-111.9295498536888,40.399811608091269]]]},"properties":{"GlobalID":"{DC4ADCB3-414C-4264-90E1-8C9730345BAB}","OBJECTID":55,"PARKID":17,"TYPE":"Landscape","NAME":null,"COMMONNAME":" ","ADDRESS":" ","USE_":"Detention","STATUS":"Constructed","RESERVABLE":"No","PATH":"No","BATHROOM":"No","DRINKINGFNTN":"No","PAVILION":0,"TABLES":0,"BBQGRILLS":0,"FIREPIT":0,"BENCHES":0,"PLAYGRNDTOT":"No","PLAYGRNDSCHL":"No","SWINGSET":"No","BBALLCOURT":"No","TENNISCOURT":"No","VBALLCOURT":"No","HORSESHOES":"No","ADDAMENITIES":" ","OWNEDBY":"City","MAINTBY":"City","AREA_SQFT":32278.733654619999,"AREA_ACRES":0.74101775999999997,"LASTUPDATE":null,"LASTEDITOR":null,"NOTES":null,"FACILITYID":"622","PARKINGTYPE":null,"PARKINGNUMSTALLS":null,"BOATING":null,"HASPAVILION":null,"HASTABLES":null,"HASBBQGRILLS":null,"HASFIREPIT":null,"HASBENCHES":null,"BASEBALL":null,"FISHING":null,"URL":null,"PICURL":null,"created_user":null,"created_date":null,"last_edited_user":"BGIBSON","last_edited_date":1767747226000,"YEARBUILT":2004,"PHRAGMITES":null,"HASPICKLE":null,"TRAILHEAD":null,"Shape.STArea()":32278.733654615364,"Shape.STLength()":912.43562498500523}},{"type":"Feature","id":56,"geometry":{"type":"Polygon","coordinates":[[[-111.92975971557013,40.365977504807084],[-111.92975971542303,40.365977481391333],[-111.92968796111366,40.365977830641491],[-111.92968796131728,40.365977863063272],[-111.92968978632987,40.366268444154883],[-111.92976150493074,40.36626817248986],[-111.92976154145884,40.366268176858725],[-111.92975971557013,40.365977504807084]]]},"properties":{"GlobalID":"{C88D114D-4E1F-4FB9-BF64-171A2294778B}","OBJECTID":56,"PARKID":223,"TYPE":"Trail","NAME":null,"COMMONNAME":" ","ADDRESS":" ","USE_":"Access","STATUS":"Unlandscaped","RESERVABLE":" ","PATH":null,"BATHROOM":" ","DRINKINGFNTN":null,"PAVILION":null,"TABLES":null,"BBQGRILLS":null,"FIREPIT":null,"BENCHES":null,"PLAYGRNDTOT":null,"PLAYGRNDSCHL":null,"SWINGSET":null,"BBALLCOURT":null,"TENNISCOURT":null,"VBALLCOURT":null,"HORSESHOES":null,"ADDAMENITIES":null,"OWNEDBY":"City","MAINTBY":"City","AREA_SQFT":2117.0518914700001,"AREA_ACRES":0.048600820000000003,"LASTUPDATE":null,"LASTEDITOR":null,"NOTES":null,"FACILITYID":"149","PARKINGTYPE":null,"PARKINGNUMSTALLS":null,"BOATING":null,"HASPAVILION":null,"HASTABLES":null,"HASBBQGRILLS":null,"HASFIREPIT":null,"HASBENCHES":null,"BASEBALL":null,"FISHING":null,"URL":null,"PICURL":null,"created_user":null,"created_date":null,"last_edited_user":"BGIBSON","last_edited_date":1767747226000,"YEARBUILT":2006,"PHRAGMITES":null,"HASPICKLE":null,"TRAILHEAD":null,"Shape.STArea()":2117.051891471081,"Shape.STLength()":251.7552298698927}},{"type":"Feature","id":57,"geometry":{"type":"Polygon","coordinates":[[[-111.90106574639489,40.364172610147875],[-111.90160865280104,40.364688262065854],[-111.90229553907486,40.365281827235641],[-111.90278985610226,40.365666955561373],[-111.90296122809266,40.365755230661577],[-111.90302248713962,40.365713200841157],[-111.90300087648247,40.36552508800041],[-111.90294509662506,40.365337092894002],[-111.90286179795058,40.365117827403225],[-111.90277160350382,40.364888131137995],[-111.90264003678996,40.364595848728058],[-111.90254273344432,40.364319129880052],[-111.90249372901332,40.364120656709289],[-111.90248563471235,40.363906360111635],[-111.90256680844975,40.363764940104858],[-111.90269560303656,40.363586763639219],[-111.9027903528704,40.363429614115617],[-111.90282356716739,40.363267450182661],[-111.90279497055077,40.363053223270335],[-111.90274574972238,40.362818158454097],[-111.90271115091319,40.362745093692972],[-111.90266303927278,40.362698212507496],[-111.90258072778599,40.362646221824747],[-111.90246434072225,40.362610030967801],[-111.90230698321913,40.362579207295774],[-111.9021223220068,40.362553705445102],[-111.9019512662117,40.362517702072935],[-111.90170504145729,40.362481955815326],[-111.90155464183142,40.362472017951525],[-111.90134289195086,40.362488426640354],[-111.90116537117837,40.362515172876527],[-111.90098126200191,40.362583761079591],[-111.90077695739386,40.362704692313535],[-111.90065456430671,40.362809660855021],[-111.90002776497371,40.363135907712007],[-111.90025356404732,40.363334763101854],[-111.90021696419663,40.36335698341621],[-111.89963563960725,40.363934429676853],[-111.89899713756581,40.364010012878907],[-111.89984352883779,40.365018414446439],[-111.90064282071098,40.3650156785965],[-111.90031115106052,40.364265415118332],[-111.90079181316882,40.363916398436366],[-111.90079987469669,40.36390994574527],[-111.90106574639489,40.364172610147875]]]},"properties":{"GlobalID":"{685F2E32-ECFC-4ABF-B4DE-298F72AF69F1}","OBJECTID":57,"PARKID":92,"TYPE":"Public Park","NAME":"RC Airplane Park","COMMONNAME":"Wetlands Park","ADDRESS":"7205 N SARATOGA RD","USE_":"Recreation","STATUS":"Constructed","RESERVABLE":" ","PATH":null,"BATHROOM":" ","DRINKINGFNTN":null,"PAVILION":null,"TABLES":null,"BBQGRILLS":null,"FIREPIT":null,"BENCHES":null,"PLAYGRNDTOT":null,"PLAYGRNDSCHL":null,"SWINGSET":null,"BBALLCOURT":null,"TENNISCOURT":null,"VBALLCOURT":null,"HORSESHOES":null,"ADDAMENITIES":" ","OWNEDBY":"City","MAINTBY":"City","AREA_SQFT":642655.81535365002,"AREA_ACRES":14.753347460000001,"LASTUPDATE":null,"LASTEDITOR":null,"NOTES":null,"FACILITYID":"95","PARKINGTYPE":"Lot","PARKINGNUMSTALLS":12,"BOATING":null,"HASPAVILION":null,"HASTABLES":null,"HASBBQGRILLS":null,"HASFIREPIT":null,"HASBENCHES":null,"BASEBALL":null,"FISHING":null,"URL":null,"PICURL":null,"created_user":null,"created_date":null,"last_edited_user":"BGIBSON","last_edited_date":1767750114000,"YEARBUILT":2017,"PHRAGMITES":null,"HASPICKLE":null,"TRAILHEAD":null,"Shape.STArea()":642655.81535365072,"Shape.STLength()":4589.9330189421653}},{"type":"Feature","id":58,"geometry":{"type":"Polygon","coordinates":[[[-111.92965159237575,40.391695112980656],[-111.92965137062413,40.391693751160204],[-111.92964749868003,40.391683211039698],[-111.92964603696257,40.391677591148742],[-111.92964157155329,40.39167214259971],[-111.92963606248028,40.39166724635993],[-111.92962964595478,40.391663022611816],[-111.92962242804447,40.391659668201022],[-111.92961461274943,40.391657219303504],[-111.92960639125472,40.391655734657832],[-111.92959202175012,40.391655269573562],[-111.92859480296963,40.391658864438604],[-111.92667693072652,40.391664140917911],[-111.92663502370907,40.391664255938295],[-111.92655764514778,40.391667623636174],[-111.92643317482506,40.391673041647721],[-111.92635379235421,40.391676547105227],[-111.92627420969463,40.391693857006842],[-111.92620207634475,40.391724846215268],[-111.92614086126784,40.391765756437657],[-111.92609857888603,40.39178843941167],[-111.92605241084156,40.391805103284021],[-111.92606013031244,40.392256163031298],[-111.92606964450651,40.393085839324854],[-111.92606402188774,40.39308897503868],[-111.92965835032703,40.393068889530959],[-111.92965329779676,40.3919950692122],[-111.92965329751387,40.39199502418235],[-111.9296519017487,40.391699360059157],[-111.92965185693043,40.391697850788113],[-111.92965175526879,40.391696480421025],[-111.92965159237575,40.391695112980656]]]},"properties":{"GlobalID":"{CC9E456C-2BAB-49A9-929B-5F9F3E5AB8EB}","OBJECTID":58,"PARKID":81,"TYPE":"Public Park","NAME":"Shay Park","COMMONNAME":"Shay Park","ADDRESS":"516 W ASPEN HILLS BLVD","USE_":"Recreation","STATUS":"Constructed","RESERVABLE":" ","PATH":"Yes","BATHROOM":"Yes","DRINKINGFNTN":"Yes","PAVILION":1,"TABLES":10,"BBQGRILLS":0,"FIREPIT":0,"BENCHES":4,"PLAYGRNDTOT":"No","PLAYGRNDSCHL":"Yes","SWINGSET":"Yes","BBALLCOURT":"No","TENNISCOURT":"No","VBALLCOURT":"No","HORSESHOES":"No","ADDAMENITIES":" ","OWNEDBY":"City","MAINTBY":"City","AREA_SQFT":514914.08778215997,"AREA_ACRES":11.820800910000001,"LASTUPDATE":null,"LASTEDITOR":null,"NOTES":null,"FACILITYID":"167","PARKINGTYPE":"Lot","PARKINGNUMSTALLS":78,"BOATING":"No","HASPAVILION":null,"HASTABLES":null,"HASBBQGRILLS":null,"HASFIREPIT":null,"HASBENCHES":null,"BASEBALL":null,"FISHING":null,"URL":null,"PICURL":null,"created_user":null,"created_date":null,"last_edited_user":"BGIBSON","last_edited_date":1767747226000,"YEARBUILT":2012,"PHRAGMITES":null,"HASPICKLE":null,"TRAILHEAD":null,"Shape.STArea()":514914.08778216032,"Shape.STLength()":2994.311786235714}},{"type":"Feature","id":59,"geometry":{"type":"Polygon","coordinates":[[[-111.91839677478444,40.372850063855495],[-111.91857604195577,40.372869676473123],[-111.91868360932047,40.372882397286368],[-111.91883172160142,40.372902121947291],[-111.91901102670174,40.372927691385243],[-111.91914513410629,40.372949848876097],[-111.91933278601294,40.372986847344613],[-111.91951922432881,40.373029542533139],[-111.91970427615527,40.373077894847128],[-111.91988776987952,40.373131859445763],[-111.92007589444574,40.373189831663922],[-111.92026184392597,40.373254441425523],[-111.92044538421136,40.3733256073874],[-111.92062628422622,40.373403239952211],[-111.92075472095384,40.373458255532469],[-111.92088131264983,40.373517393080419],[-111.92100592706782,40.373580590816921],[-111.9211804985767,40.373667454183533],[-111.9213519096815,40.373760398733253],[-111.92151994862785,40.373859309646143],[-111.92168440782716,40.373964064731631],[-111.92184508411316,40.374074534579499],[-111.92200177899285,40.374190582719734],[-111.92215429889167,40.374312065791145],[-111.92230245539265,40.374438833718429],[-111.92234474451709,40.374475615549194],[-111.92240580832774,40.374525436318585],[-111.92254663731059,40.374626200815811],[-111.92263433811165,40.374700945422589],[-111.92263898976196,40.374697354040379],[-111.92254806274877,40.374604749134136],[-111.92239727414855,40.374464630459443],[-111.92224170463503,40.374329839616223],[-111.92208154235435,40.374200539620844],[-111.92191698100719,40.374076886849039],[-111.92174821961443,40.373959030846784],[-111.92157546227651,40.373847114149406],[-111.9213989179266,40.373741272109243],[-111.92121880007784,40.373641632731903],[-111.92103532656522,40.373548316521514],[-111.92087974443724,40.373472259703377],[-111.92072218326756,40.37340039235378],[-111.9205627558442,40.373332765918015],[-111.92040157629117,40.37326942880555],[-111.92023875998667,40.373210426355406],[-111.92003137413244,40.373140244683384],[-111.91982203257477,40.373076131721653],[-111.91961091286015,40.373018141845613],[-111.91939819404313,40.372966324237552],[-111.91918405653446,40.372920722844938],[-111.91896868194816,40.372881376343159],[-111.91882672459444,40.372863311350613],[-111.91868421763124,40.372850272958388],[-111.91854133899039,40.372842277445997],[-111.91839826706776,40.372839334796502],[-111.91839677478444,40.372850063855495]]]},"properties":{"GlobalID":"{8BE40DFC-AE57-4B54-B552-30CD0749295A}","OBJECTID":59,"PARKID":224,"TYPE":"Island","NAME":null,"COMMONNAME":"Pioneer Xing","ADDRESS":null,"USE_":"Landscape","STATUS":"Constructed","RESERVABLE":null,"PATH":null,"BATHROOM":null,"DRINKINGFNTN":null,"PAVILION":null,"TABLES":null,"BBQGRILLS":null,"FIREPIT":null,"BENCHES":null,"PLAYGRNDTOT":null,"PLAYGRNDSCHL":null,"SWINGSET":null,"BBALLCOURT":null,"TENNISCOURT":null,"VBALLCOURT":null,"HORSESHOES":null,"ADDAMENITIES":null,"OWNEDBY":"UDOT","MAINTBY":"City","AREA_SQFT":17239.939898889999,"AREA_ACRES":0.39577456,"LASTUPDATE":null,"LASTEDITOR":null,"NOTES":null,"FACILITYID":"5370","PARKINGTYPE":null,"PARKINGNUMSTALLS":null,"BOATING":null,"HASPAVILION":null,"HASTABLES":null,"HASBBQGRILLS":null,"HASFIREPIT":null,"HASBENCHES":null,"BASEBALL":null,"FISHING":null,"URL":null,"PICURL":null,"created_user":null,"created_date":null,"last_edited_user":"BGIBSON","last_edited_date":1767747273000,"YEARBUILT":null,"PHRAGMITES":null,"HASPICKLE":null,"TRAILHEAD":null,"Shape.STArea()":17239.939898893248,"Shape.STLength()":2803.8366188779255}},{"type":"Feature","id":60,"geometry":{"type":"Polygon","coordinates":[[[-111.90735446431286,40.325062835318619],[-111.90753546118177,40.32497235493414],[-111.90748550004204,40.324915100040627],[-111.90730692374244,40.325005571913209],[-111.90735446431286,40.325062835318619]]]},"properties":{"GlobalID":"{2F37A4F1-9DFE-4FB8-9B2E-0BB2D25EE0CE}","OBJECTID":60,"PARKID":225,"TYPE":"Landscape","NAME":null,"COMMONNAME":null,"ADDRESS":null,"USE_":"City Facility","STATUS":"Constructed","RESERVABLE":null,"PATH":null,"BATHROOM":null,"DRINKINGFNTN":null,"PAVILION":null,"TABLES":null,"BBQGRILLS":null,"FIREPIT":null,"BENCHES":null,"PLAYGRNDTOT":null,"PLAYGRNDSCHL":null,"SWINGSET":null,"BBALLCOURT":null,"TENNISCOURT":null,"VBALLCOURT":null,"HORSESHOES":null,"ADDAMENITIES":null,"OWNEDBY":"City","MAINTBY":"City","AREA_SQFT":1493.5583710599999,"AREA_ACRES":0.034287379999999999,"LASTUPDATE":null,"LASTEDITOR":null,"NOTES":null,"FACILITYID":"701","PARKINGTYPE":null,"PARKINGNUMSTALLS":null,"BOATING":null,"HASPAVILION":null,"HASTABLES":null,"HASBBQGRILLS":null,"HASFIREPIT":null,"HASBENCHES":null,"BASEBALL":null,"FISHING":null,"URL":null,"PICURL":null,"created_user":null,"created_date":null,"last_edited_user":"BGIBSON","last_edited_date":1767747273000,"YEARBUILT":null,"PHRAGMITES":null,"HASPICKLE":null,"TRAILHEAD":null,"Shape.STArea()":1493.5583710595745,"Shape.STLength()":169.77951354593}},{"type":"Feature","id":61,"geometry":{"type":"Polygon","coordinates":[[[-111.93892583897772,40.37879811197196],[-111.93898179057281,40.378754790086894],[-111.93898239719645,40.378517907006639],[-111.93996594928475,40.378512963858164],[-111.93996580337297,40.378491010833208],[-111.93974889785407,40.378236445163353],[-111.93971951553036,40.378242123284537],[-111.93993167004265,40.378491154541443],[-111.93945950799825,40.378493539349144],[-111.93913656137931,40.378495162147679],[-111.93895381214125,40.378496085938735],[-111.9389531106503,40.378745728493364],[-111.9389043016519,40.378783562187031],[-111.93892583897772,40.37879811197196]]]},"properties":{"GlobalID":"{4376EABD-42B7-43F6-8A11-89E89C12FD32}","OBJECTID":61,"PARKID":52,"TYPE":"Trail","NAME":null,"COMMONNAME":" ","ADDRESS":" ","USE_":"Access","STATUS":"Constructed","RESERVABLE":" ","PATH":null,"BATHROOM":" ","DRINKINGFNTN":null,"PAVILION":null,"TABLES":null,"BBQGRILLS":null,"FIREPIT":null,"BENCHES":null,"PLAYGRNDTOT":null,"PLAYGRNDSCHL":null,"SWINGSET":null,"BBALLCOURT":null,"TENNISCOURT":null,"VBALLCOURT":null,"HORSESHOES":null,"ADDAMENITIES":" ","OWNEDBY":"City","MAINTBY":"City","AREA_SQFT":3974.0446733700001,"AREA_ACRES":0.091231510000000002,"LASTUPDATE":null,"LASTEDITOR":null,"NOTES":null,"FACILITYID":"65","PARKINGTYPE":null,"PARKINGNUMSTALLS":null,"BOATING":null,"HASPAVILION":null,"HASTABLES":null,"HASBBQGRILLS":null,"HASFIREPIT":null,"HASBENCHES":null,"BASEBALL":null,"FISHING":null,"URL":null,"PICURL":null,"created_user":null,"created_date":null,"last_edited_user":"BGIBSON","last_edited_date":1767747226000,"YEARBUILT":2004,"PHRAGMITES":null,"HASPICKLE":null,"TRAILHEAD":null,"Shape.STArea()":3974.0446733739218,"Shape.STLength()":1008.6370589536873}},{"type":"Feature","id":63,"geometry":{"type":"Polygon","coordinates":[[[-111.94127749789531,40.376119589658742],[-111.94127750134673,40.376119577037016],[-111.94196277100116,40.375506759406782],[-111.9419115217862,40.375483951682881],[-111.94186184122935,40.375457903332133],[-111.94181393398378,40.375428721657642],[-111.94138961106528,40.375808212869671],[-111.94110425285918,40.376063416581864],[-111.94116035194864,40.376086993810056],[-111.94121823739732,40.376105762623475],[-111.94127749789531,40.376119589658742]]]},"properties":{"GlobalID":"{96D6677A-F4E6-46FE-BDB8-1474107A1A72}","OBJECTID":63,"PARKID":227,"TYPE":"Trail","NAME":null,"COMMONNAME":null,"ADDRESS":null,"USE_":"Trail","STATUS":"Constructed","RESERVABLE":null,"PATH":null,"BATHROOM":null,"DRINKINGFNTN":null,"PAVILION":null,"TABLES":null,"BBQGRILLS":null,"FIREPIT":null,"BENCHES":null,"PLAYGRNDTOT":null,"PLAYGRNDSCHL":null,"SWINGSET":null,"BBALLCOURT":null,"TENNISCOURT":null,"VBALLCOURT":null,"HORSESHOES":null,"ADDAMENITIES":null,"OWNEDBY":"City","MAINTBY":"City","AREA_SQFT":14967.31252775,"AREA_ACRES":0.34360222000000001,"LASTUPDATE":null,"LASTEDITOR":null,"NOTES":null,"FACILITYID":"6118","PARKINGTYPE":null,"PARKINGNUMSTALLS":null,"BOATING":null,"HASPAVILION":null,"HASTABLES":null,"HASBBQGRILLS":null,"HASFIREPIT":null,"HASBENCHES":null,"BASEBALL":null,"FISHING":null,"URL":null,"PICURL":null,"created_user":null,"created_date":null,"last_edited_user":"BGIBSON","last_edited_date":1767747226000,"YEARBUILT":2015,"PHRAGMITES":null,"HASPICKLE":null,"TRAILHEAD":null,"Shape.STArea()":14967.312527749094,"Shape.STLength()":700.95426606700869}},{"type":"Feature","id":64,"geometry":{"type":"Polygon","coordinates":[[[-111.90884045739719,40.321925679584375],[-111.90894567258623,40.321908579379375],[-111.90886293043255,40.321626146066805],[-111.90879232777367,40.321385147287955],[-111.90871387626389,40.321117372913022],[-111.90871386786075,40.321117345022643],[-111.90864326993176,40.320876371319294],[-111.90864326151792,40.320876341627645],[-111.90856482074317,40.320608593193917],[-111.90851238151643,40.320617591973637],[-111.9085123439019,40.320617598409612],[-111.90851232298613,40.320617839853753],[-111.90845984731287,40.32062684594235],[-111.90845985692469,40.320626879232336],[-111.90854349937509,40.320912382740651],[-111.90861410421115,40.321153383495385],[-111.9086847095282,40.321394381486897],[-111.90875524932538,40.321635161693635],[-111.90875531536379,40.321635383019562],[-111.90875539764848,40.321635369222165],[-111.90884045739719,40.321925679584375]]]},"properties":{"GlobalID":"{F8DB021E-0B11-4B2A-9C2E-447C9B500421}","OBJECTID":64,"PARKID":28,"TYPE":"Trail","NAME":null,"COMMONNAME":"Jacobs Ranch Corridor","ADDRESS":" ","USE_":"Trail","STATUS":"Constructed","RESERVABLE":" ","PATH":null,"BATHROOM":" ","DRINKINGFNTN":null,"PAVILION":null,"TABLES":null,"BBQGRILLS":null,"FIREPIT":null,"BENCHES":null,"PLAYGRNDTOT":null,"PLAYGRNDSCHL":null,"SWINGSET":null,"BBALLCOURT":null,"TENNISCOURT":null,"VBALLCOURT":null,"HORSESHOES":null,"ADDAMENITIES":" ","OWNEDBY":"City","MAINTBY":"City","AREA_SQFT":14558.065756829999,"AREA_ACRES":0.33420719999999998,"LASTUPDATE":null,"LASTEDITOR":null,"NOTES":null,"FACILITYID":"645","PARKINGTYPE":null,"PARKINGNUMSTALLS":null,"BOATING":null,"HASPAVILION":null,"HASTABLES":null,"HASBBQGRILLS":null,"HASFIREPIT":null,"HASBENCHES":null,"BASEBALL":null,"FISHING":null,"URL":null,"PICURL":null,"created_user":null,"created_date":null,"last_edited_user":"BGIBSON","last_edited_date":1767747226000,"YEARBUILT":2005,"PHRAGMITES":null,"HASPICKLE":null,"TRAILHEAD":null,"Shape.STArea()":14558.06575683108,"Shape.STLength()":1030.3133872792075}},{"type":"Feature","id":65,"geometry":{"type":"Polygon","coordinates":[[[-111.86575398651796,40.364815134103154],[-111.86575414522666,40.364813767361206],[-111.86575424386902,40.364812397204659],[-111.8657542840584,40.364810884932425],[-111.86575436424241,40.364769721694316],[-111.86552478402454,40.36476945969553],[-111.8655247475254,40.364769459809629],[-111.86532026047718,40.364769228842881],[-111.86512652090131,40.364769008090292],[-111.86496148327815,40.364768821723864],[-111.864767742532,40.364768601281042],[-111.86456623901509,40.364768362390571],[-111.86456619304879,40.364768353527651],[-111.86438686037941,40.364768148774587],[-111.86420746413197,40.364767943944578],[-111.86402807612731,40.364767738813676],[-111.86384868812371,40.364767533407566],[-111.86366930012601,40.364767328626861],[-111.86348991448415,40.364767123563631],[-111.86331052765166,40.364766915527021],[-111.86313113729761,40.364766709027435],[-111.86289653424443,40.364766438553552],[-111.86289658837009,40.364776864900087],[-111.86289691306177,40.36481077595721],[-111.8628974679429,40.364868772565046],[-111.86292902704898,40.364876709977885],[-111.86317810892247,40.364920636356331],[-111.86327995939996,40.364935386502836],[-111.86332266044415,40.364939774061753],[-111.86335483927785,40.364940678269363],[-111.86346187015002,40.364941852377846],[-111.86426489420232,40.364943873816785],[-111.86493923319055,40.364947296523766],[-111.86530561483305,40.364947659243185],[-111.86535090255396,40.364944504267676],[-111.86538502319742,40.364940379073794],[-111.86542045245106,40.364935246486205],[-111.8655811744925,40.364908627840272],[-111.86572679633009,40.364882056202063],[-111.86575433297956,40.364874436359898],[-111.86575377009777,40.364816497423092],[-111.86575398651796,40.364815134103154]]]},"properties":{"GlobalID":"{E979F2D7-C1AF-4D27-BE8E-BCF7FF7C7439}","OBJECTID":65,"PARKID":38,"TYPE":"Frontage","NAME":null,"COMMONNAME":" ","ADDRESS":" ","USE_":"Frontage","STATUS":"Constructed","RESERVABLE":" ","PATH":null,"BATHROOM":" ","DRINKINGFNTN":null,"PAVILION":null,"TABLES":null,"BBQGRILLS":null,"FIREPIT":null,"BENCHES":null,"PLAYGRNDTOT":null,"PLAYGRNDSCHL":null,"SWINGSET":null,"BBALLCOURT":null,"TENNISCOURT":null,"VBALLCOURT":null,"HORSESHOES":null,"ADDAMENITIES":" ","OWNEDBY":"City","MAINTBY":"City","AREA_SQFT":48273.051487639998,"AREA_ACRES":1.1081967699999999,"LASTUPDATE":null,"LASTEDITOR":null,"NOTES":null,"FACILITYID":"639","PARKINGTYPE":null,"PARKINGNUMSTALLS":null,"BOATING":null,"HASPAVILION":null,"HASTABLES":null,"HASBBQGRILLS":null,"HASFIREPIT":null,"HASBENCHES":null,"BASEBALL":null,"FISHING":null,"URL":null,"PICURL":null,"created_user":null,"created_date":null,"last_edited_user":"BGIBSON","last_edited_date":1767747226000,"YEARBUILT":2000,"PHRAGMITES":null,"HASPICKLE":null,"TRAILHEAD":null,"Shape.STArea()":48273.05148763967,"Shape.STLength()":1673.7520806966647}},{"type":"Feature","id":66,"geometry":{"type":"Polygon","coordinates":[[[-111.92008190907532,40.387468562759061],[-111.92008187346309,40.387462764703272],[-111.91969583386145,40.387457826304761],[-111.9195923905083,40.387460369986563],[-111.91948909605343,40.38746647352847],[-111.91934855849041,40.387479627535029],[-111.91923424701049,40.387497957800612],[-111.91923427932143,40.387503229006242],[-111.91965131453775,40.387504368798069],[-111.91973099694754,40.387502604073312],[-111.91981049778668,40.387496945693968],[-111.92008190907532,40.387468562759061]]]},"properties":{"GlobalID":"{EC088416-CF0D-459A-95DA-C173542365E4}","OBJECTID":66,"PARKID":228,"TYPE":"Island","NAME":null,"COMMONNAME":"Crossroad Islands","ADDRESS":null,"USE_":"Landscape","STATUS":"Constructed","RESERVABLE":null,"PATH":null,"BATHROOM":null,"DRINKINGFNTN":null,"PAVILION":null,"TABLES":null,"BBQGRILLS":null,"FIREPIT":null,"BENCHES":null,"PLAYGRNDTOT":null,"PLAYGRNDSCHL":null,"SWINGSET":null,"BBALLCOURT":null,"TENNISCOURT":null,"VBALLCOURT":null,"HORSESHOES":null,"ADDAMENITIES":null,"OWNEDBY":"City","MAINTBY":"City","AREA_SQFT":2594.7522570400001,"AREA_ACRES":0.05956732,"LASTUPDATE":null,"LASTEDITOR":null,"NOTES":null,"FACILITYID":"5334","PARKINGTYPE":null,"PARKINGNUMSTALLS":null,"BOATING":null,"HASPAVILION":null,"HASTABLES":null,"HASBBQGRILLS":null,"HASFIREPIT":null,"HASBENCHES":null,"BASEBALL":null,"FISHING":null,"URL":null,"PICURL":null,"created_user":null,"created_date":null,"last_edited_user":"BGIBSON","last_edited_date":1767747273000,"YEARBUILT":null,"PHRAGMITES":null,"HASPICKLE":null,"TRAILHEAD":null,"Shape.STArea()":2594.7522570371889,"Shape.STLength()":478.16925773322197}},{"type":"Feature","id":68,"geometry":{"type":"Polygon","coordinates":[[[-111.93192167755018,40.336464218143362],[-111.93149119436049,40.336464729170267],[-111.93149509583274,40.336574495826952],[-111.93192557971275,40.336573984785687],[-111.93234212288367,40.336573478693666],[-111.93234212158161,40.336573458884558],[-111.93233947588072,40.336463719128318],[-111.93192167755018,40.336464218143362]]]},"properties":{"GlobalID":"{6A007ECB-DBDC-4CED-9268-438042CF4542}","OBJECTID":68,"PARKID":34,"TYPE":"Trail","NAME":null,"COMMONNAME":"Canyon View Trail","ADDRESS":" ","USE_":"Access","STATUS":"Constructed","RESERVABLE":" ","PATH":null,"BATHROOM":" ","DRINKINGFNTN":null,"PAVILION":null,"TABLES":null,"BBQGRILLS":null,"FIREPIT":null,"BENCHES":null,"PLAYGRNDTOT":null,"PLAYGRNDSCHL":null,"SWINGSET":null,"BBALLCOURT":null,"TENNISCOURT":null,"VBALLCOURT":null,"HORSESHOES":null,"ADDAMENITIES":" ","OWNEDBY":"City","MAINTBY":"City","AREA_SQFT":9448.8360334299996,"AREA_ACRES":0.21691542999999999,"LASTUPDATE":null,"LASTEDITOR":null,"NOTES":null,"FACILITYID":"668","PARKINGTYPE":null,"PARKINGNUMSTALLS":null,"BOATING":null,"HASPAVILION":null,"HASTABLES":null,"HASBBQGRILLS":null,"HASFIREPIT":null,"HASBENCHES":null,"BASEBALL":null,"FISHING":null,"URL":null,"PICURL":null,"created_user":null,"created_date":null,"last_edited_user":"BGIBSON","last_edited_date":1767747226000,"YEARBUILT":2006,"PHRAGMITES":null,"HASPICKLE":null,"TRAILHEAD":null,"Shape.STArea()":9448.836033429021,"Shape.STLength()":552.58534489358772}},{"type":"Feature","id":69,"geometry":{"type":"Polygon","coordinates":[[[-111.90528846090859,40.317627303288482],[-111.90526391300972,40.317587476615067],[-111.90476753769097,40.317587939815709],[-111.90419740698493,40.317258352136207],[-111.90416373538984,40.31729048542033],[-111.90474963346131,40.317629161032066],[-111.90505985266421,40.317628081569616],[-111.90528846090859,40.317627303288482]]]},"properties":{"GlobalID":"{DCCD9A6F-DC6F-459D-870F-353E5D5B8132}","OBJECTID":69,"PARKID":229,"TYPE":"Trail","NAME":null,"COMMONNAME":null,"ADDRESS":null,"USE_":"Trail","STATUS":"Constructed","RESERVABLE":"No","PATH":"Yes","BATHROOM":null,"DRINKINGFNTN":null,"PAVILION":null,"TABLES":null,"BBQGRILLS":null,"FIREPIT":null,"BENCHES":null,"PLAYGRNDTOT":null,"PLAYGRNDSCHL":null,"SWINGSET":null,"BBALLCOURT":null,"TENNISCOURT":null,"VBALLCOURT":null,"HORSESHOES":null,"ADDAMENITIES":null,"OWNEDBY":"City","MAINTBY":"City","AREA_SQFT":5159.4159549799997,"AREA_ACRES":0.11844389,"LASTUPDATE":null,"LASTEDITOR":null,"NOTES":null,"FACILITYID":"613","PARKINGTYPE":null,"PARKINGNUMSTALLS":null,"BOATING":null,"HASPAVILION":null,"HASTABLES":null,"HASBBQGRILLS":null,"HASFIREPIT":null,"HASBENCHES":null,"BASEBALL":null,"FISHING":null,"URL":null,"PICURL":null,"created_user":null,"created_date":null,"last_edited_user":"BGIBSON","last_edited_date":1767747226000,"YEARBUILT":2011,"PHRAGMITES":null,"HASPICKLE":null,"TRAILHEAD":null,"Shape.STArea()":5159.4159549842552,"Shape.STLength()":723.65212178837487}},{"type":"Feature","id":70,"geometry":{"type":"MultiPolygon","coordinates":[[[[-111.92558475710254,40.387771023197978],[-111.92560669563728,40.388041401035515],[-111.92561640822842,40.388099746512026],[-111.92562047250291,40.38850244071233],[-111.92563621670384,40.388528595031808],[-111.92564188889308,40.388521747702228],[-111.92564614055895,40.38851432194047],[-111.92564887502077,40.388506491017239],[-111.92565002860427,40.388498432586253],[-111.92564957420879,40.388490334074888],[-111.9256499652103,40.388484461518615],[-111.92565237090841,40.388119870571295],[-111.9256228498902,40.38788288016449],[-111.92562211586731,40.38776492967424],[-111.92562219449304,40.387749553120727],[-111.92561911536133,40.387734358274052],[-111.92561295266182,40.387719721322789],[-111.92560386177223,40.387706005551138],[-111.92559206624691,40.387693552380256],[-111.92558475710254,40.387771023197978]]],[[[-111.9258288558355,40.387741275398071],[-111.92582551265706,40.387760482460628],[-111.92582589179536,40.387821377331569],[-111.92582453958818,40.387882278503994],[-111.92582047084578,40.387923993772816],[-111.92581218205093,40.387982934329564],[-111.92580066013313,40.388078954325024],[-111.92579662138961,40.388125303164919],[-111.92579551546618,40.388642924319029],[-111.92582408476129,40.388643482275704],[-111.92582087006804,40.388266202268859],[-111.92582175248602,40.388129844465396],[-111.92583839308008,40.388021892448528],[-111.92584473737953,40.387928539116359],[-111.92585273594145,40.38787803751142],[-111.92585359821632,40.387827171917806],[-111.92584731491495,40.387776528672475],[-111.92583395919831,40.387726694711453],[-111.9258288558355,40.387741275398071]]]]},"properties":{"GlobalID":"{B00D5685-6A22-443A-82C5-8B67FA160227}","OBJECTID":70,"PARKID":46,"TYPE":"Frontage","NAME":null,"COMMONNAME":" ","ADDRESS":" ","USE_":"Landscape","STATUS":"Constructed","RESERVABLE":" ","PATH":null,"BATHROOM":" ","DRINKINGFNTN":null,"PAVILION":null,"TABLES":null,"BBQGRILLS":null,"FIREPIT":null,"BENCHES":null,"PLAYGRNDTOT":null,"PLAYGRNDSCHL":null,"SWINGSET":null,"BBALLCOURT":null,"TENNISCOURT":null,"VBALLCOURT":null,"HORSESHOES":null,"ADDAMENITIES":" ","OWNEDBY":"Private","MAINTBY":"City","AREA_SQFT":5096.6051823899998,"AREA_ACRES":0.11700196,"LASTUPDATE":null,"LASTEDITOR":null,"NOTES":null,"FACILITYID":"656","PARKINGTYPE":null,"PARKINGNUMSTALLS":null,"BOATING":null,"HASPAVILION":null,"HASTABLES":null,"HASBBQGRILLS":null,"HASFIREPIT":null,"HASBENCHES":null,"BASEBALL":null,"FISHING":null,"URL":null,"PICURL":null,"created_user":null,"created_date":null,"last_edited_user":"BGIBSON","last_edited_date":1767747273000,"YEARBUILT":null,"PHRAGMITES":null,"HASPICKLE":null,"TRAILHEAD":null,"Shape.STArea()":5096.6051823907737,"Shape.STLength()":1290.2558764275473}},{"type":"Feature","id":72,"geometry":{"type":"MultiPolygon","coordinates":[[[[-111.91278985893997,40.322248441261131],[-111.91285285990624,40.322275396349667],[-111.9129981957941,40.322008590268254],[-111.91293308710748,40.32198545780696],[-111.91278985893997,40.322248441261131]]],[[[-111.91264816754762,40.322508096633996],[-111.91271462228879,40.322528612647886],[-111.91271465765381,40.322528623330641],[-111.91285263476799,40.322275331398501],[-111.91278964556295,40.322248375367643],[-111.91264816754762,40.322508096633996]]]]},"properties":{"GlobalID":"{62AB381A-C8D9-4044-BB04-4CB1AFFC1897}","OBJECTID":72,"PARKID":230,"TYPE":"Trail","NAME":null,"COMMONNAME":" ","ADDRESS":" ","USE_":"Access","STATUS":"Unlandscaped","RESERVABLE":" ","PATH":null,"BATHROOM":" ","DRINKINGFNTN":null,"PAVILION":null,"TABLES":null,"BBQGRILLS":null,"FIREPIT":null,"BENCHES":null,"PLAYGRNDTOT":null,"PLAYGRNDSCHL":null,"SWINGSET":null,"BBALLCOURT":null,"TENNISCOURT":null,"VBALLCOURT":null,"HORSESHOES":null,"ADDAMENITIES":" ","OWNEDBY":"City","MAINTBY":"City","AREA_SQFT":4114.0773898199996,"AREA_ACRES":0.094446219999999997,"LASTUPDATE":null,"LASTEDITOR":null,"NOTES":null,"FACILITYID":"122","PARKINGTYPE":null,"PARKINGNUMSTALLS":null,"BOATING":null,"HASPAVILION":null,"HASTABLES":null,"HASBBQGRILLS":null,"HASFIREPIT":null,"HASBENCHES":null,"BASEBALL":null,"FISHING":null,"URL":null,"PICURL":null,"created_user":null,"created_date":null,"last_edited_user":"BGIBSON","last_edited_date":1767747226000,"YEARBUILT":2006,"PHRAGMITES":null,"HASPICKLE":null,"TRAILHEAD":null,"Shape.STArea()":4114.077389816609,"Shape.STLength()":491.81848047522317}},{"type":"Feature","id":75,"geometry":{"type":"MultiPolygon","coordinates":[[[[-111.92452554669866,40.391770040965952],[-111.9244610629666,40.391803529665431],[-111.92439938232425,40.391841937256544],[-111.92434087923581,40.391885030566186],[-111.92428590887442,40.391932547974193],[-111.92423480496605,40.39198420100162],[-111.92418787776332,40.392039676062126],[-111.92412741045662,40.392128087382943],[-111.92413584385629,40.392140199832426],[-111.92415343595461,40.392146525928759],[-111.924224688533,40.392045294819198],[-111.92426879511231,40.39199055506397],[-111.92431767651229,40.391940033386668],[-111.92437093123205,40.391894144761025],[-111.92442812184927,40.391853266105926],[-111.92448877861304,40.391817733189491],[-111.92455240330227,40.391787837871128],[-111.92452554669866,40.391770040965952]]],[[[-111.92304131421048,40.393630421174038],[-111.92275698834293,40.393892374872429],[-111.92266691752707,40.39396954535664],[-111.9225735115718,40.394042643667305],[-111.92247695443187,40.394111525843762],[-111.9225076395858,40.394125116106899],[-111.92258845660925,40.394068265377754],[-111.92266714159946,40.394008498589344],[-111.92274358939245,40.393945895621115],[-111.9232237062664,40.393504519846019],[-111.92319158668896,40.393488096212437],[-111.92304131421048,40.393630421174038]]],[[[-111.92402215560209,40.392272260641448],[-111.92398762611477,40.392334062053543],[-111.92395874293462,40.392398695341676],[-111.92393573601311,40.392465645932369],[-111.92391878851826,40.39253438080307],[-111.92390803537641,40.392604352725805],[-111.92388008499971,40.3928147085294],[-111.92386781598381,40.392887118835006],[-111.92384936513372,40.392958205734217],[-111.9238248691653,40.393027442492084],[-111.92379450958715,40.39309431608271],[-111.92375851135563,40.39315833099063],[-111.92372156269128,40.393207176774524],[-111.92368138847097,40.393253406055535],[-111.9236381734444,40.393296806238475],[-111.92339715986049,40.393519436842176],[-111.92295373927227,40.393932370668743],[-111.92284224892609,40.394026610112235],[-111.92272808917242,40.394117597587453],[-111.92261135483226,40.394205257520305],[-111.92262647903244,40.394231890860382],[-111.92274208610652,40.394146558531524],[-111.92285451784495,40.394057083919947],[-111.92296362590457,40.393963585079042],[-111.92306926632747,40.393866185371785],[-111.92342150122433,40.393535964224895],[-111.92366168758709,40.393314614543826],[-111.9237075010255,40.393269818470664],[-111.92374923883931,40.393221202483481],[-111.92378658381899,40.393169136066248],[-111.92381925214082,40.393114014926383],[-111.92385283689461,40.393042979808577],[-111.92387988168802,40.392969206488218],[-111.92390016631906,40.392893295636604],[-111.9239135256278,40.392815865329112],[-111.92394384771357,40.392583772627148],[-111.92395721930789,40.392512349831961],[-111.92397736973244,40.392442535968023],[-111.92400411373667,40.3923749728609],[-111.92403720545273,40.392310281644065],[-111.9240763406558,40.392249057048616],[-111.92414266135536,40.392161263974018],[-111.92412423018588,40.392154301479806],[-111.92410751002885,40.392153722660844],[-111.92402215560209,40.392272260641448]]],[[[-111.91949747437049,40.39472382210559],[-111.91938440653669,40.394730782519616],[-111.91927191099853,40.394744106794356],[-111.9191603456496,40.394763752539937],[-111.91901247792572,40.394791685318189],[-111.91862255596993,40.394862780883173],[-111.91826299902269,40.394930192035908],[-111.91825935917005,40.394930848836658],[-111.91825588693176,40.394932122993502],[-111.9182526861769,40.394933976391115],[-111.91824985265333,40.394936353586658],[-111.91824747112355,40.394939183468338],[-111.91824676421348,40.39495110024982],[-111.9182717447631,40.39495146693605],[-111.91829661886629,40.394949134274832],[-111.9183961901428,40.394931114412607],[-111.91925190803111,40.39477422642755],[-111.91934506041915,40.394759129091909],[-111.91943906344437,40.394750838845425],[-111.91953342034776,40.394749399497911],[-111.92031089640889,40.39474561623561],[-111.92111693444474,40.394742717472738],[-111.92120492026467,40.394742937481375],[-111.92129270461216,40.394736982546448],[-111.92137985465749,40.394724882029372],[-111.92146594069843,40.394706695592994],[-111.92155053827895,40.394682512907387],[-111.92163323028203,40.394652453207769],[-111.92171360898627,40.394616664706568],[-111.92179127807624,40.394575323862639],[-111.92186585459655,40.394528634511254],[-111.92236753319486,40.394214213016618],[-111.9224659157929,40.394152846381537],[-111.92245402756018,40.3941269983805],[-111.92245224094853,40.394128190044071],[-111.9222069888539,40.394283368211639],[-111.92201761621443,40.394403195013098],[-111.92180495315817,40.394536808362822],[-111.92171334621352,40.39459075324001],[-111.9216402148502,40.39462476105092],[-111.921564921775,40.394653669187043],[-111.9214878221093,40.394677341302561],[-111.92140927949524,40.394695665747449],[-111.92132966438066,40.394708556094095],[-111.9212493522719,40.39471595154491],[-111.92116872196269,40.394717817219089],[-111.92076434968881,40.394719272341042],[-111.92019714647132,40.394722502565671],[-111.91949747437049,40.39472382210559]]],[[[-111.91925336515978,40.394888360833299],[-111.91878265567911,40.394973923931438],[-111.91856877878899,40.395014846053378],[-111.91837813535494,40.395050199941018],[-111.91834572234272,40.395056211290729],[-111.91832575465769,40.395063621464395],[-111.91830704638295,40.395073800834489],[-111.9183231336952,40.395078713542311],[-111.91833980174697,40.395080974596063],[-111.91835661645115,40.395080525110977],[-111.91837313990138,40.395077376793019],[-111.91922489119143,40.394920869756788],[-111.91930802915766,40.394904476232931],[-111.91939201779061,40.39489322551804],[-111.91947653927188,40.394887160185547],[-111.91956127376666,40.394886303187072],[-111.91991282143729,40.394885041850841],[-111.92100361552575,40.394881121409263],[-111.921223014921,40.394879378781205],[-111.92131256165941,40.394874015492917],[-111.92140158660823,40.394862972770895],[-111.92148972992075,40.394846295250787],[-111.92157663531397,40.39482405034461],[-111.92166195150861,40.39479632796823],[-111.92174533364911,40.394763240177937],[-111.92182644469752,40.394724920717493],[-111.9219049567958,40.394681524477527],[-111.92215580296734,40.394523349346287],[-111.92259665470858,40.394247248746922],[-111.92256416126511,40.394234022584129],[-111.92186998141362,40.394670212779516],[-111.92178144463526,40.394716843795614],[-111.92168982152411,40.394757073365476],[-111.92159557420266,40.394790698581936],[-111.92149917802909,40.394817549848391],[-111.92140111919996,40.394837491734258],[-111.92130189229768,40.394850423657999],[-111.9212019977962,40.39485628039445],[-111.92110193953665,40.394855032403811],[-111.92100096346834,40.39485539583584],[-111.91949754419666,40.394861750369955],[-111.91941574393307,40.394866572662536],[-111.91933428395231,40.394875450115158],[-111.91925336515978,40.394888360833299]]]]},"properties":{"GlobalID":"{9342F0B3-3696-44AE-96F0-C39C10CB5B50}","OBJECTID":75,"PARKID":233,"TYPE":"Frontage","NAME":null,"COMMONNAME":null,"ADDRESS":null,"USE_":"Landscape","STATUS":"Constructed","RESERVABLE":null,"PATH":null,"BATHROOM":null,"DRINKINGFNTN":null,"PAVILION":null,"TABLES":null,"BBQGRILLS":null,"FIREPIT":null,"BENCHES":null,"PLAYGRNDTOT":null,"PLAYGRNDSCHL":null,"SWINGSET":null,"BBALLCOURT":null,"TENNISCOURT":null,"VBALLCOURT":null,"HORSESHOES":null,"ADDAMENITIES":null,"OWNEDBY":"City","MAINTBY":"City","AREA_SQFT":35779.821186460002,"AREA_ACRES":0.82139167000000002,"LASTUPDATE":null,"LASTEDITOR":null,"NOTES":null,"FACILITYID":"5434","PARKINGTYPE":null,"PARKINGNUMSTALLS":null,"BOATING":null,"HASPAVILION":null,"HASTABLES":null,"HASBBQGRILLS":null,"HASFIREPIT":null,"HASBENCHES":null,"BASEBALL":null,"FISHING":null,"URL":null,"PICURL":null,"created_user":null,"created_date":null,"last_edited_user":"BGIBSON","last_edited_date":1767747226000,"YEARBUILT":2012,"PHRAGMITES":null,"HASPICKLE":null,"TRAILHEAD":null,"Shape.STArea()":35779.821186459281,"Shape.STLength()":7856.314175547268}},{"type":"Feature","id":76,"geometry":{"type":"Polygon","coordinates":[[[-111.90378446931226,40.316288895367947],[-111.90371567959713,40.316289133060351],[-111.90335865241427,40.316290366062816],[-111.90335861595167,40.316290367989971],[-111.902976373982,40.316291687763616],[-111.90265013844059,40.316292814206392],[-111.90235961143972,40.316293827591011],[-111.90237697105707,40.31632652045667],[-111.90239632704362,40.316358560686233],[-111.90241763773507,40.31638986556333],[-111.90244085565817,40.316420365000695],[-111.90246592982029,40.316449990724237],[-111.90249280453807,40.316478677177841],[-111.90252142059811,40.316506358817755],[-111.90255171058251,40.31653297553207],[-111.90258361060276,40.316558467196892],[-111.9026170485499,40.316582776418457],[-111.90265194880605,40.316605849417677],[-111.90268823459235,40.316627635121478],[-111.90364488977119,40.317174289763159],[-111.90368669594548,40.317199329007295],[-111.90372698211011,40.317225785690106],[-111.90376566794023,40.317253606052262],[-111.90380267546368,40.317282736326504],[-111.90380920409379,40.317286673874527],[-111.90381644331127,40.317289800192697],[-111.90382422325368,40.317292042015495],[-111.90383235888005,40.317293345944044],[-111.90384065939926,40.317293681115281],[-111.90384892827531,40.317293040102683],[-111.90385697263481,40.31729143798308],[-111.90386460209031,40.31728891234075],[-111.90392635907365,40.317253368610167],[-111.90398273000193,40.317212918773642],[-111.90403305290542,40.317168038863834],[-111.90407673906475,40.317119255096152],[-111.90411327417165,40.317067141162283],[-111.90414223002475,40.317012306481217],[-111.90416326688774,40.316955397091114],[-111.90417613809336,40.316897078521137],[-111.90418069122977,40.31683803758807],[-111.90417749391096,40.316286657530718],[-111.90378446931226,40.316288895367947]]]},"properties":{"GlobalID":"{A33F5822-DA4B-4F17-8DEA-4024396447DF}","OBJECTID":76,"PARKID":97,"TYPE":"Public Park","NAME":"Palomino Park","COMMONNAME":"Oreo Park","ADDRESS":"2479 S PALOMINO DR","USE_":"OpenSpace","STATUS":"Constructed","RESERVABLE":"No","PATH":"Yes","BATHROOM":"No","DRINKINGFNTN":"No","PAVILION":0,"TABLES":0,"BBQGRILLS":0,"FIREPIT":0,"BENCHES":2,"PLAYGRNDTOT":"No","PLAYGRNDSCHL":"No","SWINGSET":"No","BBALLCOURT":"No","TENNISCOURT":"No","VBALLCOURT":"No","HORSESHOES":"No","ADDAMENITIES":" ","OWNEDBY":"City","MAINTBY":"City","AREA_SQFT":114976.52714294,"AREA_ACRES":2.63949787,"LASTUPDATE":null,"LASTEDITOR":null,"NOTES":null,"FACILITYID":"671","PARKINGTYPE":"None","PARKINGNUMSTALLS":0,"BOATING":null,"HASPAVILION":null,"HASTABLES":null,"HASBBQGRILLS":null,"HASFIREPIT":null,"HASBENCHES":null,"BASEBALL":null,"FISHING":null,"URL":null,"PICURL":null,"created_user":null,"created_date":null,"last_edited_user":"BGIBSON","last_edited_date":1767747226000,"YEARBUILT":2006,"PHRAGMITES":null,"HASPICKLE":null,"TRAILHEAD":null,"Shape.STArea()":114976.5271429354,"Shape.STLength()":1466.6300073802217}},{"type":"Feature","id":77,"geometry":{"type":"Polygon","coordinates":[[[-111.93865142250191,40.37191649744647],[-111.93865141419005,40.371916486670123],[-111.9387118600656,40.371640577873826],[-111.93881908093688,40.371151064383696],[-111.93562646354194,40.371167558848839],[-111.93562707335836,40.371504641398822],[-111.93563036126154,40.371518155776187],[-111.93563589801326,40.371530914815466],[-111.93564352253702,40.371542547327678],[-111.93565301301837,40.371552714897028],[-111.935664093358,40.371561121726195],[-111.93567644120405,40.371567523241708],[-111.93568969733006,40.371571733209173],[-111.93570347608569,40.371573629151214],[-111.93571737661613,40.371573155910653],[-111.93751137679638,40.371563990252724],[-111.93761545054087,40.371566590878466],[-111.93771909970124,40.371576335574609],[-111.93782183445911,40.371593178290304],[-111.93792316931736,40.371617039431356],[-111.93802262539437,40.371647806236361],[-111.93811973268721,40.371685333309586],[-111.93865142250191,40.37191649744647]]]},"properties":{"GlobalID":"{87EF4573-813D-421A-BC76-491E0E78600F}","OBJECTID":77,"PARKID":104,"TYPE":"Public Park","NAME":"Talus Park","COMMONNAME":"Talus Park","ADDRESS":"891 W TALUS RIDGE DR","USE_":"Detention","STATUS":"Constructed","RESERVABLE":null,"PATH":null,"BATHROOM":null,"DRINKINGFNTN":null,"PAVILION":null,"TABLES":null,"BBQGRILLS":null,"FIREPIT":null,"BENCHES":null,"PLAYGRNDTOT":null,"PLAYGRNDSCHL":null,"SWINGSET":null,"BBALLCOURT":null,"TENNISCOURT":null,"VBALLCOURT":null,"HORSESHOES":null,"ADDAMENITIES":null,"OWNEDBY":"City","MAINTBY":"City","AREA_SQFT":146605.87499909001,"AREA_ACRES":3.3656077799999999,"LASTUPDATE":null,"LASTEDITOR":null,"NOTES":null,"FACILITYID":"6116","PARKINGTYPE":"None","PARKINGNUMSTALLS":0,"BOATING":"No","HASPAVILION":null,"HASTABLES":null,"HASBBQGRILLS":null,"HASFIREPIT":null,"HASBENCHES":null,"BASEBALL":null,"FISHING":null,"URL":null,"PICURL":null,"created_user":null,"created_date":null,"last_edited_user":"BGIBSON","last_edited_date":1767747226000,"YEARBUILT":2015,"PHRAGMITES":null,"HASPICKLE":null,"TRAILHEAD":null,"Shape.STArea()":146605.87499909231,"Shape.STLength()":2181.8263497173671}},{"type":"Feature","id":78,"geometry":{"type":"MultiPolygon","coordinates":[[[[-111.91085182590561,40.372642282633812],[-111.91089129898835,40.372646079673594],[-111.91091473880303,40.372645997315338],[-111.9109357831906,40.372643778218297],[-111.91095621203017,40.3726382597807],[-111.91097551141723,40.372629580823471],[-111.9109931958596,40.372617959673022],[-111.91100882049037,40.372603688669088],[-111.91103521915734,40.372620212380149],[-111.91104268319189,40.372613849227911],[-111.9110491453212,40.372606470718374],[-111.91105446886435,40.372598232914861],[-111.91105854122272,40.372589310055702],[-111.91106127626159,40.37257989086887],[-111.9110717761173,40.372536133222333],[-111.91067190911662,40.372487496781879],[-111.90871916704955,40.372150416940627],[-111.908236348827,40.372103585014983],[-111.90811494912018,40.37225458387973],[-111.90822636023539,40.372259556433825],[-111.90878133018695,40.372325530232644],[-111.90888190884321,40.372342454366958],[-111.90924781027971,40.372398660337694],[-111.90977371685018,40.372480338027898],[-111.91056399998341,40.372601315428149],[-111.91085182590561,40.372642282633812]]],[[[-111.90866963501105,40.372584277777747],[-111.90915899456192,40.372660817294523],[-111.90916229672007,40.37264846540765],[-111.90867293724843,40.372571925003783],[-111.90866963501105,40.372584277777747]]],[[[-111.91085220019139,40.372668722705967],[-111.91089404583677,40.372672172294408],[-111.91093595404489,40.372669591637219],[-111.9109770602979,40.372661033970367],[-111.91096850635091,40.372649824257095],[-111.91093842734298,40.372657338802256],[-111.91090753892918,40.372660007322523],[-111.91087661681348,40.372657762803058],[-111.91080820042896,40.372650387488697],[-111.91070721918713,40.372636780715595],[-111.91056868777034,40.37261543604793],[-111.91019429262678,40.372558618252036],[-111.90918703853411,40.372404403715542],[-111.90877632581643,40.372339356975822],[-111.90877174312064,40.372354385476932],[-111.90946403202358,40.372459194467176],[-111.90991403118394,40.372529104956072],[-111.91063720202084,40.372639517713026],[-111.91085220019139,40.372668722705967]]],[[[-111.91600389996417,40.372677041891968],[-111.9160288336366,40.372676093101219],[-111.91605325934761,40.37267099674299],[-111.91607649208383,40.372661895743434],[-111.91609788028863,40.372649045337958],[-111.9161168241348,40.37263280591317],[-111.91607946865888,40.372615953072831],[-111.91605436779336,40.372611658142354],[-111.91600850520865,40.372609630080639],[-111.91601457348067,40.372547144875462],[-111.91557756346708,40.372547054105546],[-111.91152838831596,40.372556534936457],[-111.91129303919541,40.372547203856577],[-111.9112869013283,40.372596675945786],[-111.91128839370317,40.372607231734584],[-111.91129140520165,40.372617458304717],[-111.91129587180237,40.372627138249861],[-111.91130169854999,40.372636065784349],[-111.91132105778412,40.372626717677633],[-111.91133713858834,40.372645024645493],[-111.91135590315321,40.372660569047753],[-111.91137688265198,40.372672962512453],[-111.91139955291854,40.372681895392773],[-111.9114233475434,40.37268714450353],[-111.91159567853674,40.372691642837708],[-111.91551173793417,40.372678791585841],[-111.91600389996417,40.372677041891968]]],[[[-111.91291139712375,40.372714442208895],[-111.91601437417123,40.372704326835652],[-111.91601429855278,40.372690924031616],[-111.91291132329069,40.372701039398727],[-111.91291139712375,40.372714442208895]]],[[[-111.91130490537641,40.372957910996305],[-111.91131064795734,40.372965685689763],[-111.91134550265755,40.372958472132332],[-111.91138104113297,40.372956496707296],[-111.91154684871606,40.372960728061884],[-111.91181755594037,40.372961150355422],[-111.91454531628955,40.372952228076727],[-111.91454524159172,40.372938929742858],[-111.91181748177281,40.372947852019855],[-111.91156595559544,40.372947591883687],[-111.911380070977,40.372944576774572],[-111.9113544225056,40.372945084378991],[-111.91132916338559,40.372949565294526],[-111.91130490537641,40.372957910996305]]],[[[-111.90862786202516,40.373000524057908],[-111.90867045974319,40.373000462568498],[-111.91054559206235,40.372987779664179],[-111.91079407129894,40.372989290154045],[-111.91096302941695,40.372989298156327],[-111.91093891489504,40.372963725952779],[-111.91092472534579,40.372953040809634],[-111.91090925499161,40.372944312480264],[-111.91089277201691,40.372937692273545],[-111.91087556216024,40.372933294953249],[-111.91081783378498,40.372925464204002],[-111.91068454441573,40.372909251920547],[-111.91054031425745,40.37288712027356],[-111.91020349183603,40.372836723533695],[-111.90951940725938,40.372729850276926],[-111.90905267487898,40.372660052639979],[-111.90866758139342,40.372599263211825],[-111.90843068761546,40.372560349013561],[-111.90836683853038,40.372551067714717],[-111.90823907034907,40.372541878038355],[-111.90823863472882,40.372548401869295],[-111.90823801727024,40.372550698811594],[-111.90823645118489,40.372552878381903],[-111.90823377723886,40.37255469886852],[-111.90823046565852,40.372555435429881],[-111.90822556997227,40.37255533183599],[-111.90821988200193,40.372554868056469],[-111.90821419547723,40.372554646539143],[-111.90820946190541,40.372555267380029],[-111.90820567840051,40.372556246954836],[-111.9082020587072,40.372558432792253],[-111.90820015758104,40.372560311822951],[-111.90819716540517,40.372705157717796],[-111.90862712616499,40.372703656164767],[-111.90862786202516,40.373000524057908]]],[[[-111.91612360521721,40.373276597562629],[-111.91617805544659,40.373276952283803],[-111.91617262712694,40.373233352512926],[-111.91616106421988,40.373190964945707],[-111.91614360094535,40.373150648190908],[-111.916120591042,40.373113218910625],[-111.91609250060181,40.373079435277837],[-111.91605989862883,40.373049981618763],[-111.91604205953095,40.373061552343266],[-111.9160022326909,40.373033043931613],[-111.91595954312103,40.373009033364184],[-111.91591449667105,40.372989805153992],[-111.91586762711847,40.372975587145547],[-111.91581948984366,40.372966547815018],[-111.91577065524882,40.372962794273882],[-111.91564599856244,40.372962688908991],[-111.91506332365395,40.372963602869881],[-111.91416166788416,40.372966287063271],[-111.91284408531131,40.372972484962432],[-111.91183978633539,40.372975512657405],[-111.91164322113097,40.372976204715897],[-111.91156807672269,40.372975443384462],[-111.91152446731644,40.372975083494808],[-111.91138825222612,40.372970944349319],[-111.9113510439923,40.372973514864022],[-111.911314762443,40.372982158323367],[-111.911280391895,40.372996640230703],[-111.9156461583612,40.372988989234592],[-111.91576794565232,40.372988556321324],[-111.91612360521721,40.373276597562629]]]]},"properties":{"GlobalID":"{88812FC5-4F05-46EE-8F79-23799E8029C4}","OBJECTID":78,"PARKID":234,"TYPE":"Frontage","NAME":null,"COMMONNAME":"Pioneer Xing","ADDRESS":null,"USE_":"Landscape","STATUS":"Constructed","RESERVABLE":null,"PATH":null,"BATHROOM":null,"DRINKINGFNTN":null,"PAVILION":null,"TABLES":null,"BBQGRILLS":null,"FIREPIT":null,"BENCHES":null,"PLAYGRNDTOT":null,"PLAYGRNDSCHL":null,"SWINGSET":null,"BBALLCOURT":null,"TENNISCOURT":null,"VBALLCOURT":null,"HORSESHOES":null,"ADDAMENITIES":null,"OWNEDBY":"UDOT","MAINTBY":"City","AREA_SQFT":193124.40292415,"AREA_ACRES":4.43352624,"LASTUPDATE":null,"LASTEDITOR":null,"NOTES":null,"FACILITYID":"5322","PARKINGTYPE":null,"PARKINGNUMSTALLS":null,"BOATING":null,"HASPAVILION":null,"HASTABLES":null,"HASBBQGRILLS":null,"HASFIREPIT":null,"HASBENCHES":null,"BASEBALL":null,"FISHING":null,"URL":null,"PICURL":null,"created_user":null,"created_date":null,"last_edited_user":"BGIBSON","last_edited_date":1767747226000,"YEARBUILT":2015,"PHRAGMITES":null,"HASPICKLE":null,"TRAILHEAD":null,"Shape.STArea()":193124.40292414726,"Shape.STLength()":14171.245798607884}},{"type":"Feature","id":80,"geometry":{"type":"Polygon","coordinates":[[[-111.9296944135898,40.391214536328896],[-111.92969576541266,40.391501304358194],[-111.92973164287855,40.391501204086815],[-111.92973028503863,40.391214439681839],[-111.9296944135898,40.391214536328896]]]},"properties":{"GlobalID":"{01E7CCD9-3F4B-49C4-8952-1C076A59DAFF}","OBJECTID":80,"PARKID":236,"TYPE":"Trail","NAME":null,"COMMONNAME":" ","ADDRESS":" ","USE_":"Access","STATUS":"Unlandscaped","RESERVABLE":" ","PATH":null,"BATHROOM":" ","DRINKINGFNTN":null,"PAVILION":null,"TABLES":null,"BBQGRILLS":null,"FIREPIT":null,"BENCHES":null,"PLAYGRNDTOT":null,"PLAYGRNDSCHL":null,"SWINGSET":null,"BBALLCOURT":null,"TENNISCOURT":null,"VBALLCOURT":null,"HORSESHOES":null,"ADDAMENITIES":null,"OWNEDBY":"City","MAINTBY":"City","AREA_SQFT":1043.89808653,"AREA_ACRES":0.023964599999999999,"LASTUPDATE":null,"LASTEDITOR":null,"NOTES":null,"FACILITYID":"164","PARKINGTYPE":null,"PARKINGNUMSTALLS":null,"BOATING":null,"HASPAVILION":null,"HASTABLES":null,"HASBBQGRILLS":null,"HASFIREPIT":null,"HASBENCHES":null,"BASEBALL":null,"FISHING":null,"URL":null,"PICURL":null,"created_user":null,"created_date":null,"last_edited_user":"BGIBSON","last_edited_date":1767747226000,"YEARBUILT":2006,"PHRAGMITES":null,"HASPICKLE":null,"TRAILHEAD":null,"Shape.STArea()":1043.8980865277758,"Shape.STLength()":228.91932477237646}},{"type":"Feature","id":81,"geometry":{"type":"Polygon","coordinates":[[[-111.91800731629668,40.379174837531373],[-111.91800575555085,40.379170927208385],[-111.91795053012464,40.379182087832767],[-111.91787381654815,40.379195674027258],[-111.91776997616988,40.379210532381371],[-111.91773315557734,40.379217319488447],[-111.9176431394601,40.379232519222839],[-111.91751885208713,40.379252539775813],[-111.91751989935659,40.379256451938126],[-111.91758132123481,40.379253882935444],[-111.91766166869392,40.379248506628237],[-111.91773228167098,40.379241989723667],[-111.91776809564716,40.379237946802832],[-111.91778547839994,40.379233968810098],[-111.91781819956303,40.379226412790985],[-111.91785398603986,40.379218063171422],[-111.9178964105518,40.37920655656179],[-111.91800731629668,40.379174837531373]]]},"properties":{"GlobalID":"{937371FF-4E45-43F8-ABFD-7A7424D85943}","OBJECTID":81,"PARKID":237,"TYPE":"Island","NAME":null,"COMMONNAME":"Market St","ADDRESS":null,"USE_":"Landscape","STATUS":"Constructed","RESERVABLE":null,"PATH":null,"BATHROOM":null,"DRINKINGFNTN":null,"PAVILION":null,"TABLES":null,"BBQGRILLS":null,"FIREPIT":null,"BENCHES":null,"PLAYGRNDTOT":null,"PLAYGRNDSCHL":null,"SWINGSET":null,"BBALLCOURT":null,"TENNISCOURT":null,"VBALLCOURT":null,"HORSESHOES":null,"ADDAMENITIES":null,"OWNEDBY":"City","MAINTBY":"City","AREA_SQFT":803.11039454000002,"AREA_ACRES":0.018436879999999999,"LASTUPDATE":null,"LASTEDITOR":null,"NOTES":null,"FACILITYID":"5378","PARKINGTYPE":null,"PARKINGNUMSTALLS":null,"BOATING":null,"HASPAVILION":null,"HASTABLES":null,"HASBBQGRILLS":null,"HASFIREPIT":null,"HASBENCHES":null,"BASEBALL":null,"FISHING":null,"URL":null,"PICURL":null,"created_user":null,"created_date":null,"last_edited_user":"BGIBSON","last_edited_date":1767747226000,"YEARBUILT":2015,"PHRAGMITES":null,"HASPICKLE":null,"TRAILHEAD":null,"Shape.STArea()":803.11039454162301,"Shape.STLength()":281.88021157973685}},{"type":"Feature","id":82,"geometry":{"type":"Polygon","coordinates":[[[-111.91848542105774,40.336024392530746],[-111.91883794901419,40.33603982576382],[-111.91884468260312,40.336018863858193],[-111.91885487494037,40.33599934824985],[-111.91849559686896,40.335983610505821],[-111.91848542105774,40.336024392530746]]]},"properties":{"GlobalID":"{929D2332-52EE-4385-8DE8-396782B0B742}","OBJECTID":82,"PARKID":238,"TYPE":"Trail","NAME":null,"COMMONNAME":null,"ADDRESS":null,"USE_":"Access","STATUS":"Unlandscaped","RESERVABLE":null,"PATH":null,"BATHROOM":null,"DRINKINGFNTN":null,"PAVILION":null,"TABLES":null,"BBQGRILLS":null,"FIREPIT":null,"BENCHES":null,"PLAYGRNDTOT":null,"PLAYGRNDSCHL":null,"SWINGSET":null,"BBALLCOURT":null,"TENNISCOURT":null,"VBALLCOURT":null,"HORSESHOES":null,"ADDAMENITIES":null,"OWNEDBY":"City","MAINTBY":"City","AREA_SQFT":1485.7206467799999,"AREA_ACRES":0.034107449999999997,"LASTUPDATE":null,"LASTEDITOR":null,"NOTES":null,"FACILITYID":"162","PARKINGTYPE":null,"PARKINGNUMSTALLS":null,"BOATING":null,"HASPAVILION":null,"HASTABLES":null,"HASBBQGRILLS":null,"HASFIREPIT":null,"HASBENCHES":null,"BASEBALL":null,"FISHING":null,"URL":null,"PICURL":null,"created_user":null,"created_date":null,"last_edited_user":"BGIBSON","last_edited_date":1767747226000,"YEARBUILT":2006,"PHRAGMITES":null,"HASPICKLE":null,"TRAILHEAD":null,"Shape.STArea()":1485.7206467784572,"Shape.STLength()":229.39693811256518}},{"type":"Feature","id":83,"geometry":{"type":"Polygon","coordinates":[[[-111.93188633897829,40.391167271150486],[-111.93188632041715,40.391167316249941],[-111.93188624616134,40.391167494846478],[-111.93186924102754,40.391208495228582],[-111.93217907092068,40.391207623855536],[-111.93248844385393,40.391206761456893],[-111.93279781915787,40.391205901833708],[-111.93310718978258,40.391205047713946],[-111.93341656381898,40.391204174750925],[-111.93345245420535,40.391204093103433],[-111.93345245398844,40.391204058880774],[-111.93376182688381,40.391203192213787],[-111.93407119976555,40.39120232382804],[-111.93438057382875,40.391201456420902],[-111.93468994669479,40.391200586398767],[-111.93499931955871,40.391199716458985],[-111.93534856144656,40.391198732455003],[-111.93534848179648,40.391160685227781],[-111.93534861814668,40.391116417525573],[-111.93346142648171,40.391121834308628],[-111.93330118069362,40.391122177614655],[-111.93299969727532,40.391123003054403],[-111.93284292564469,40.391123444549571],[-111.93254144359815,40.391124301225418],[-111.93240534554559,40.391124681900457],[-111.93190216631838,40.391126099493299],[-111.93188633897829,40.391167271150486]]]},"properties":{"GlobalID":"{1731B560-6B9B-4A84-B26A-F1316075827E}","OBJECTID":83,"PARKID":239,"TYPE":"Trail","NAME":null,"COMMONNAME":" ","ADDRESS":" ","USE_":"Trail","STATUS":"Unlandscaped","RESERVABLE":" ","PATH":null,"BATHROOM":" ","DRINKINGFNTN":null,"PAVILION":null,"TABLES":null,"BBQGRILLS":null,"FIREPIT":null,"BENCHES":null,"PLAYGRNDTOT":null,"PLAYGRNDSCHL":null,"SWINGSET":null,"BBALLCOURT":null,"TENNISCOURT":null,"VBALLCOURT":null,"HORSESHOES":null,"ADDAMENITIES":null,"OWNEDBY":"City","MAINTBY":"City","AREA_SQFT":28909.752554300001,"AREA_ACRES":0.66367659999999995,"LASTUPDATE":null,"LASTEDITOR":null,"NOTES":null,"FACILITYID":"151","PARKINGTYPE":null,"PARKINGNUMSTALLS":null,"BOATING":null,"HASPAVILION":null,"HASTABLES":null,"HASBBQGRILLS":null,"HASFIREPIT":null,"HASBENCHES":null,"BASEBALL":null,"FISHING":null,"URL":null,"PICURL":null,"created_user":null,"created_date":null,"last_edited_user":"BGIBSON","last_edited_date":1767747226000,"YEARBUILT":2006,"PHRAGMITES":null,"HASPICKLE":null,"TRAILHEAD":null,"Shape.STArea()":28909.752554299375,"Shape.STLength()":1990.5233493655574}},{"type":"Feature","id":84,"geometry":{"type":"Polygon","coordinates":[[[-111.93228615847957,40.397248792218925],[-111.93228611041717,40.397248829321818],[-111.9322573477605,40.397269135522826],[-111.93225729967529,40.397269169023303],[-111.93222723288554,40.397288341656207],[-111.93222718478323,40.397288372454859],[-111.93219589248737,40.397306364396215],[-111.93219584318996,40.397306392497413],[-111.93216771307581,40.397322228381476],[-111.93216608618171,40.397323143113205],[-111.93216604861824,40.397323163966114],[-111.93212365379411,40.397348974623092],[-111.93208271276657,40.397376122713894],[-111.93204329826624,40.397404560238733],[-111.93202575628288,40.397417312001615],[-111.93201387197232,40.397425378577907],[-111.93201383795396,40.397425401218946],[-111.93188500180125,40.397510528532081],[-111.93188497717233,40.397510545734718],[-111.93185002913062,40.397534461821479],[-111.93181627833836,40.397559381267918],[-111.93178378340312,40.397585257927368],[-111.93175259003192,40.397612054706833],[-111.93174872916599,40.397615501203703],[-111.93171834635373,40.397641199833046],[-111.93168618481496,40.397665600024744],[-111.93165233005136,40.397688624008929],[-111.93161689943818,40.397710204705483],[-111.93157695422241,40.397731698474708],[-111.93153984718336,40.39775120851094],[-111.93150373852616,40.397771755064419],[-111.9314686599525,40.397793321808059],[-111.93143637391445,40.397814631473857],[-111.93140519506456,40.397836859278598],[-111.93137514572692,40.397859996134713],[-111.93148935587234,40.397966369110918],[-111.93152290938868,40.397939444819094],[-111.93155819927074,40.397913833514743],[-111.93159513768322,40.397889616575796],[-111.93163362724272,40.397866855601883],[-111.93167357172706,40.397845609486708],[-111.93170462634102,40.397829465730595],[-111.93173478546464,40.39781235620783],[-111.93176400696386,40.397794324304108],[-111.93179595663726,40.397773117558444],[-111.93182667229202,40.397750875147125],[-111.93185608697779,40.397727627939169],[-111.93188414678748,40.397703420264676],[-111.93191707888221,40.397675136418677],[-111.93195169015229,40.397648063095644],[-111.93200937855153,40.397607830301681],[-111.93200940318043,40.397607813099],[-111.93213016388776,40.397528024613472],[-111.93215251212125,40.397512676617247],[-111.93215246483246,40.397512649773432],[-111.93215248472109,40.397512628085195],[-111.93216842413428,40.397500912528663],[-111.93219942303314,40.397478419499478],[-111.93223156354161,40.397456885002775],[-111.93228386282951,40.397425483609929],[-111.93229907231232,40.397416822020261],[-111.93235483402839,40.3973839956342],[-111.93239090170968,40.397359835692399],[-111.93242536825896,40.397334334335405],[-111.9324581434125,40.397307561245725],[-111.93248914631351,40.39727958336924],[-111.93251830552366,40.39725046671645],[-111.93253686187646,40.397230866443799],[-111.93253690570543,40.397230905008257],[-111.93253692560521,40.397230885121132],[-111.93266704045524,40.397093559826175],[-111.93266700257873,40.397093531146567],[-111.9327220656026,40.39703543226485],[-111.9327384905844,40.397017459150263],[-111.93275378934173,40.39699891560592],[-111.93276792325943,40.396979842302898],[-111.93278284234803,40.396957707599881],[-111.9327963008473,40.396935030723377],[-111.93280826615785,40.396911872135817],[-111.93281870916879,40.396888285081658],[-111.93283279580483,40.396857281478241],[-111.93284722890002,40.396830767965341],[-111.93286352601545,40.396804889693023],[-111.93288163226505,40.396779722515312],[-111.93290149629712,40.396755342273231],[-111.93292305730799,40.396731820339681],[-111.9329425401407,40.396714587893015],[-111.9329606334184,40.396696496894322],[-111.93298830716407,40.396671722083141],[-111.93301441391296,40.396645972293719],[-111.93303889395608,40.396619305387553],[-111.93303892231209,40.396619318791835],[-111.93303895871975,40.396619301545343],[-111.93309276232247,40.39655031057876],[-111.93311885877301,40.396513276977274],[-111.93311887981611,40.396513251682094],[-111.93314466240044,40.396479858628098],[-111.93320549986581,40.3964075957402],[-111.93320552794222,40.396407565015259],[-111.93327909407371,40.396318346774336],[-111.93329917468091,40.396292867806004],[-111.93331026590195,40.39627811245024],[-111.93339819112549,40.396161211823845],[-111.93339824425789,40.396161231440608],[-111.93339826177268,40.396161207059073],[-111.93339828864244,40.396161171835459],[-111.93344714386861,40.396096231085544],[-111.93346828238103,40.396066142411954],[-111.93348542990769,40.396038088605913],[-111.93350068274427,40.396009394274486],[-111.9335327267209,40.395927654430409],[-111.9335757271255,40.395795068371299],[-111.93359094068298,40.395748303293523],[-111.93359094988932,40.395748269035941],[-111.93362269525151,40.395620400667994],[-111.93362270214772,40.395620373623906],[-111.93362265384728,40.395620372902279],[-111.9336283980013,40.395597228271534],[-111.93364000345852,40.395550467551679],[-111.93365036224128,40.395513675876941],[-111.93366303365484,40.395477308824766],[-111.93367798643453,40.395441452068887],[-111.93369518694864,40.395406189490458],[-111.93371459448694,40.395371603195564],[-111.93373616479435,40.395337773502227],[-111.93375984536485,40.39530477985813],[-111.9337855824978,40.395272699013638],[-111.93381332253306,40.395241614023156],[-111.93383098196847,40.395222821105264],[-111.93389271445511,40.395157127206147],[-111.93393418265111,40.395109794569976],[-111.93404750969869,40.394970783587318],[-111.93420682960142,40.394775331224075],[-111.93422480593118,40.394751941217059],[-111.93424147000039,40.394727989589875],[-111.93425678910903,40.394703520594703],[-111.93427229624908,40.394675089084046],[-111.93428584674227,40.394646086638446],[-111.9342973939093,40.394616581878836],[-111.93430690763601,40.394586655072466],[-111.93431435899804,40.394556388283462],[-111.93433784840032,40.394445902506384],[-111.93433788138721,40.39444590328452],[-111.93435282458104,40.394375616763298],[-111.93435283455295,40.394375517658375],[-111.93437343218581,40.394186425911307],[-111.93437343274017,40.394186327741991],[-111.93438473306001,40.394082558973274],[-111.93438519883162,40.394052409075336],[-111.93438567555128,40.394023797390965],[-111.93438599272915,40.394003263036062],[-111.9343976293905,40.393926305293441],[-111.93440455453251,40.393880342682642],[-111.93443443303043,40.393682780343056],[-111.93443444757055,40.393682658705714],[-111.93443700434121,40.393661259543798],[-111.93443700272847,40.393661191102844],[-111.93443653384843,40.39363670415198],[-111.93443791324697,40.393612238256161],[-111.93443757068999,40.393593544508661],[-111.93443845366463,40.39357492996723],[-111.93443845675775,40.393574860608183],[-111.93444061816477,40.393556308865215],[-111.93444062832521,40.393556239479921],[-111.93445896790662,40.393433231662925],[-111.93445898042846,40.393433163169469],[-111.93446314890967,40.39341107715245],[-111.93446316732093,40.393411008637131],[-111.93446909829316,40.393389161942558],[-111.9344691225881,40.393389092504769],[-111.93447679535717,40.393367565364194],[-111.93447682555295,40.393367497705761],[-111.93448621000734,40.393346371286313],[-111.9344862460982,40.393346304506572],[-111.93449730975937,40.393325658182789],[-111.93449735168814,40.393325583275818],[-111.93451163180943,40.393303391251962],[-111.93452757583887,40.393281867608302],[-111.93455729080192,40.393245149821901],[-111.93468797314016,40.393083668073587],[-111.93468823265931,40.393083357296767],[-111.93472772380278,40.393034557373987],[-111.93475325248836,40.393001206289654],[-111.93477660796445,40.392966935639933],[-111.93479773422803,40.392931829391749],[-111.93481657644273,40.392895969706359],[-111.93483309160877,40.392859447707053],[-111.93484724022566,40.392822349100321],[-111.93485898516634,40.392784762285615],[-111.93486265922618,40.39276978846469],[-111.93486812635332,40.392746342170128],[-111.93487499495861,40.392708043078883],[-111.93487939099673,40.392669534328427],[-111.93488131033305,40.392630905996178],[-111.93488074296648,40.39259225178369],[-111.93487708346611,40.392514116969565],[-111.93489047970435,40.392382983125366],[-111.934893840999,40.392361062196365],[-111.93489941722508,40.3923394050192],[-111.93490717742581,40.392318145000225],[-111.93491707176462,40.392297410212009],[-111.93492904331491,40.392277325150971],[-111.93494301864312,40.392258011672929],[-111.93495891368096,40.392239586269469],[-111.93497663137545,40.392222160977383],[-111.93499606402143,40.392205839767399],[-111.93501709680712,40.392190720332408],[-111.93514871779821,40.392103198669716],[-111.93545354737536,40.391936093042027],[-111.93544930188476,40.391769907868508],[-111.93539266800201,40.39180095944009],[-111.93503554902054,40.391996758548167],[-111.93496221298372,40.392045503420007],[-111.93489768584337,40.392088441633732],[-111.93487136109349,40.39210712375214],[-111.93484668649917,40.392127094819159],[-111.9348237733445,40.392148258056039],[-111.93480272116395,40.392170521230774],[-111.93478362005801,40.392193790345182],[-111.93476655067059,40.39221796603249],[-111.93475158890558,40.392242944440447],[-111.93473879532669,40.392268617270616],[-111.93472822813622,40.392294875332524],[-111.93471992792638,40.392321618507431],[-111.93471989491758,40.392321614127034],[-111.93471429514727,40.392346988233427],[-111.93471056952639,40.392372567920646],[-111.93470650984464,40.392412303861398],[-111.93469926538589,40.39248321121562],[-111.93469638781144,40.392511381529424],[-111.9347004210093,40.39259719452869],[-111.93470041646384,40.392597220663525],[-111.93470084433946,40.392630438364606],[-111.93469906113344,40.392663629157518],[-111.93469508853522,40.392696684887483],[-111.93469508633976,40.392696710112929],[-111.9346888945559,40.392729576853334],[-111.93468051723208,40.392762174323771],[-111.93466997963731,40.392794401560671],[-111.9346573059774,40.392826175616797],[-111.93464251572395,40.392857409959632],[-111.93462768454316,40.392884615988841],[-111.93461125375619,40.392911265072584],[-111.93459324428278,40.392937313002335],[-111.93457369699816,40.392962704687726],[-111.93447253123895,40.393087770991741],[-111.93437361599817,40.393210041433186],[-111.93435580052726,40.393233278675517],[-111.93433970935131,40.393257234510088],[-111.93432537615537,40.393281834061192],[-111.93431284401348,40.393306997014662],[-111.93430138528014,40.393334254420573],[-111.93430137485078,40.393334281477806],[-111.93429199555327,40.393361607715022],[-111.93429198629607,40.393361633867286],[-111.93428472017837,40.3933893341204],[-111.93428471328264,40.393389361164523],[-111.93427956797463,40.393417338138946],[-111.93427956343469,40.393417365174336],[-111.93427479479791,40.393449382721734],[-111.93426687601892,40.393502482812103],[-111.93426121691361,40.39354044323661],[-111.93426177069348,40.393566067353589],[-111.93426053278588,40.393591678307843],[-111.93425750624792,40.393617201336632],[-111.93425786578733,40.393633754253308],[-111.93425704971159,40.393650298024774],[-111.93425506006112,40.39366678310931],[-111.93424369324708,40.393742106122303],[-111.93424365554331,40.393742104461012],[-111.93420555290619,40.393994314316167],[-111.93420559892397,40.393994326753969],[-111.93420434641094,40.3940757102934],[-111.93418628021031,40.394241690884876],[-111.93417355207937,40.39435865806994],[-111.93416384708821,40.394404290542305],[-111.93414772318921,40.394479922980942],[-111.93413616538204,40.394534292008267],[-111.93413619261669,40.394534314422621],[-111.93412979322555,40.394559781509429],[-111.93412152361989,40.394584931313716],[-111.93411142691127,40.394609689824406],[-111.93409949662531,40.394633965202182],[-111.93408580537297,40.394657691431966],[-111.93407037855789,40.394680788263955],[-111.93405327106571,40.394703180742574],[-111.93396783179229,40.39480799633354],[-111.93392561508603,40.394863382380493],[-111.93378334394033,40.395037897532845],[-111.93374834871869,40.395077843572061],[-111.93366895673317,40.395162333895797],[-111.93364466941701,40.395188993931306],[-111.93362175056421,40.395216352271007],[-111.93360024467958,40.395244368222961],[-111.93360021173226,40.39524437374876],[-111.93357532814886,40.395279738641186],[-111.93355248036791,40.395315901134651],[-111.9335317221762,40.395352797987876],[-111.93350359821824,40.395412354636207],[-111.93349663749892,40.395428481659799],[-111.93348237494286,40.395467132250431],[-111.93347035859802,40.395506136563839],[-111.93347033087602,40.395506223125729],[-111.9334515691978,40.395581217666127],[-111.93341730348023,40.395719241675543],[-111.93341638166164,40.395722110853626],[-111.93341634270462,40.395722097488687],[-111.93341632767132,40.395722141674618],[-111.9333636194781,40.395884649707845],[-111.93336365846937,40.395884668476398],[-111.9333553385883,40.395910319142544],[-111.93334638201667,40.395934947264394],[-111.93333564760042,40.395959155078366],[-111.93332316785751,40.395982869513595],[-111.93330898355154,40.39600601746853],[-111.9332931377965,40.396028524932326],[-111.93327403773021,40.396053882289863],[-111.93327399096125,40.396053937400694],[-111.9331809806969,40.396177575367545],[-111.9331809631649,40.396177597047306],[-111.93318093513993,40.396177635877578],[-111.93314523964712,40.39622507924237],[-111.93314519409005,40.396225139752367],[-111.93312890434497,40.396245819683188],[-111.93312886110381,40.396245873880275],[-111.93308443284471,40.396299750239322],[-111.93303351284062,40.396361449049401],[-111.93299625614232,40.396406626788689],[-111.93299622926082,40.396406660211007],[-111.93299006401793,40.396414133831165],[-111.93296253333129,40.396449022040535],[-111.93296250530608,40.396449060870786],[-111.93293706416684,40.396484859068742],[-111.93293703380851,40.396484901510057],[-111.93291423661941,40.396516147207912],[-111.93291422622895,40.396516180569222],[-111.93291418174111,40.396516223963417],[-111.93289477688965,40.396539812670035],[-111.93289471020343,40.396539884966117],[-111.93287380281446,40.396562817275708],[-111.93285150638302,40.39658497208498],[-111.93282792746228,40.396606248129771],[-111.93282786889607,40.396606300582199],[-111.93280067694425,40.396630895251398],[-111.93280061955022,40.396630946798886],[-111.93277230494088,40.396659444383509],[-111.93274603055799,40.396689061085318],[-111.93272187008311,40.396719712875814],[-111.93269991566333,40.396751255316666],[-111.93269989245219,40.396751310340179],[-111.93268081811786,40.396782662901913],[-111.93268078547743,40.396782717059637],[-111.93266391382245,40.396814798175882],[-111.93266388589943,40.396814853216753],[-111.93264925994033,40.396847572667731],[-111.93264923437893,40.396847628600511],[-111.93263993783869,40.396868293402477],[-111.93263991344379,40.396868347529683],[-111.93262896120964,40.396888538425024],[-111.93262893676916,40.39688858534744],[-111.93261408447223,40.396911787014716],[-111.93261405530855,40.3969118321534],[-111.93259715631257,40.396934201111677],[-111.93259712360368,40.396934244462201],[-111.93257825733514,40.396955674144159],[-111.932578221081,40.39695571570654],[-111.93251305738771,40.397024507958534],[-111.93251301877194,40.39702454862902],[-111.93248182227236,40.397057470713918],[-111.93243586343559,40.397105860507153],[-111.93237416771289,40.397170974349571],[-111.93231358763391,40.397227365167936],[-111.93231354311676,40.397227404058945],[-111.93228615847957,40.397248792218925]]]},"properties":{"GlobalID":"{3BD11D69-9900-422B-8EAC-4BB95CC49D02}","OBJECTID":84,"PARKID":50,"TYPE":"Trail","NAME":null,"COMMONNAME":" ","ADDRESS":" ","USE_":"Trail","STATUS":"Constructed","RESERVABLE":" ","PATH":null,"BATHROOM":" ","DRINKINGFNTN":null,"PAVILION":null,"TABLES":null,"BBQGRILLS":null,"FIREPIT":null,"BENCHES":null,"PLAYGRNDTOT":null,"PLAYGRNDSCHL":null,"SWINGSET":null,"BBALLCOURT":null,"TENNISCOURT":null,"VBALLCOURT":null,"HORSESHOES":null,"ADDAMENITIES":" ","OWNEDBY":"City","MAINTBY":"City","AREA_SQFT":128332.219838,"AREA_ACRES":2.9461023800000001,"LASTUPDATE":null,"LASTEDITOR":null,"NOTES":null,"FACILITYID":"648","PARKINGTYPE":null,"PARKINGNUMSTALLS":null,"BOATING":null,"HASPAVILION":null,"HASTABLES":null,"HASBBQGRILLS":null,"HASFIREPIT":null,"HASBENCHES":null,"BASEBALL":null,"FISHING":null,"URL":null,"PICURL":null,"created_user":null,"created_date":null,"last_edited_user":"BGIBSON","last_edited_date":1767747226000,"YEARBUILT":2004,"PHRAGMITES":null,"HASPICKLE":null,"TRAILHEAD":null,"Shape.STArea()":128332.21983800005,"Shape.STLength()":5263.3431732018489}},{"type":"Feature","id":85,"geometry":{"type":"Polygon","coordinates":[[[-111.91404226791312,40.384731074359379],[-111.91399330819874,40.384717792404302],[-111.91394208629376,40.384711170408949],[-111.91389013800108,40.384711406475994],[-111.91383902144011,40.384718494190928],[-111.91379027228409,40.384732220979679],[-111.91374535198037,40.384752174595626],[-111.91370560896326,40.384777755864981],[-111.91367223402082,40.384808198657467],[-111.91364622978371,40.384842588006038],[-111.91362837559376,40.384879893552927],[-111.91364802933235,40.38488931477643],[-111.91369321644116,40.384855231340268],[-111.9137432673851,40.384825387008441],[-111.91379750973923,40.384800183127986],[-111.91385520712524,40.384779961832095],[-111.91391558387269,40.384764994245387],[-111.91397782268464,40.384755484094498],[-111.91404108460357,40.38475155863177],[-111.91404226791312,40.384731074359379]]]},"properties":{"GlobalID":"{57F9EBDC-495E-4D83-9762-4CCD47E7AED6}","OBJECTID":85,"PARKID":45,"TYPE":"Frontage","NAME":null,"COMMONNAME":" ","ADDRESS":" ","USE_":"Island","STATUS":"Constructed","RESERVABLE":null,"PATH":null,"BATHROOM":null,"DRINKINGFNTN":null,"PAVILION":null,"TABLES":null,"BBQGRILLS":null,"FIREPIT":null,"BENCHES":null,"PLAYGRNDTOT":null,"PLAYGRNDSCHL":null,"SWINGSET":null,"BBALLCOURT":null,"TENNISCOURT":null,"VBALLCOURT":null,"HORSESHOES":null,"ADDAMENITIES":" ","OWNEDBY":"City","MAINTBY":"City","AREA_SQFT":2340.6310889900001,"AREA_ACRES":0.053733499999999997,"LASTUPDATE":null,"LASTEDITOR":null,"NOTES":null,"FACILITYID":"6100","PARKINGTYPE":null,"PARKINGNUMSTALLS":null,"BOATING":null,"HASPAVILION":null,"HASTABLES":null,"HASBBQGRILLS":null,"HASFIREPIT":null,"HASBENCHES":null,"BASEBALL":null,"FISHING":null,"URL":null,"PICURL":null,"created_user":null,"created_date":null,"last_edited_user":"BGIBSON","last_edited_date":1767747226000,"YEARBUILT":2003,"PHRAGMITES":null,"HASPICKLE":null,"TRAILHEAD":null,"Shape.STArea()":2340.6310889871388,"Shape.STLength()":282.41036794710237}},{"type":"Feature","id":86,"geometry":{"type":"Polygon","coordinates":[[[-111.92856446314603,40.366363156981407],[-111.92855792729614,40.367464108191093],[-111.92857377530265,40.367457616942865],[-111.92859431327439,40.367453967087712],[-111.92862981927526,40.367452406753834],[-111.92865225388501,40.367453039614674],[-111.92876171854095,40.367452784203927],[-111.92873714571857,40.367449530278378],[-111.92871360068105,40.3674432473792],[-111.92869171442516,40.367434103412023],[-111.92867207841061,40.367422345682719],[-111.92865521976579,40.367408290180883],[-111.92864159300073,40.367392314404825],[-111.92862547890593,40.367379259466006],[-111.92861198266949,40.367364570201566],[-111.92860138524918,40.36734854999397],[-111.92859390538447,40.367331532174305],[-111.92858969717365,40.367313869223381],[-111.92860069391396,40.36638377910834],[-111.92860056389405,40.3663630246675],[-111.92856446314603,40.366363156981407]]]},"properties":{"GlobalID":"{AF84B280-1429-49E9-A376-AB2E209FB532}","OBJECTID":86,"PARKID":39,"TYPE":"Frontage","NAME":null,"COMMONNAME":" ","ADDRESS":" ","USE_":"Landscape","STATUS":"Constructed","RESERVABLE":" ","PATH":null,"BATHROOM":" ","DRINKINGFNTN":null,"PAVILION":null,"TABLES":null,"BBQGRILLS":null,"FIREPIT":null,"BENCHES":null,"PLAYGRNDTOT":null,"PLAYGRNDSCHL":null,"SWINGSET":null,"BBALLCOURT":null,"TENNISCOURT":null,"VBALLCOURT":null,"HORSESHOES":null,"ADDAMENITIES":" ","OWNEDBY":"City","MAINTBY":"City","AREA_SQFT":4414.2684145699995,"AREA_ACRES":0.10133766,"LASTUPDATE":null,"LASTEDITOR":null,"NOTES":null,"FACILITYID":"667","PARKINGTYPE":null,"PARKINGNUMSTALLS":null,"BOATING":null,"HASPAVILION":null,"HASTABLES":null,"HASBBQGRILLS":null,"HASFIREPIT":null,"HASBENCHES":null,"BASEBALL":null,"FISHING":null,"URL":null,"PICURL":null,"created_user":null,"created_date":null,"last_edited_user":"BGIBSON","last_edited_date":1767747226000,"YEARBUILT":2012,"PHRAGMITES":null,"HASPICKLE":null,"TRAILHEAD":null,"Shape.STArea()":4414.2684145670391,"Shape.STLength()":889.46681212382305}},{"type":"Feature","id":87,"geometry":{"type":"Polygon","coordinates":[[[-111.93341656381898,40.391204174750925],[-111.93341793831053,40.391490941811277],[-111.93345382750972,40.39149083495105],[-111.93345245420535,40.391204093103433],[-111.93341656381898,40.391204174750925]]]},"properties":{"GlobalID":"{F87B0F90-732C-47B8-8A5C-A2FF2A8F1B04}","OBJECTID":87,"PARKID":240,"TYPE":"Trail","NAME":null,"COMMONNAME":" ","ADDRESS":" ","USE_":"Access","STATUS":"Unlandscaped","RESERVABLE":" ","PATH":null,"BATHROOM":" ","DRINKINGFNTN":null,"PAVILION":null,"TABLES":null,"BBQGRILLS":null,"FIREPIT":null,"BENCHES":null,"PLAYGRNDTOT":null,"PLAYGRNDSCHL":null,"SWINGSET":null,"BBALLCOURT":null,"TENNISCOURT":null,"VBALLCOURT":null,"HORSESHOES":null,"ADDAMENITIES":null,"OWNEDBY":"City","MAINTBY":"City","AREA_SQFT":1044.30124067,"AREA_ACRES":0.02397386,"LASTUPDATE":null,"LASTEDITOR":null,"NOTES":null,"FACILITYID":"163","PARKINGTYPE":null,"PARKINGNUMSTALLS":null,"BOATING":null,"HASPAVILION":null,"HASTABLES":null,"HASBBQGRILLS":null,"HASFIREPIT":null,"HASBENCHES":null,"BASEBALL":null,"FISHING":null,"URL":null,"PICURL":null,"created_user":null,"created_date":null,"last_edited_user":"BGIBSON","last_edited_date":1767747226000,"YEARBUILT":2006,"PHRAGMITES":null,"HASPICKLE":null,"TRAILHEAD":null,"Shape.STArea()":1044.3012406676464,"Shape.STLength()":228.91932966425489}},{"type":"Feature","id":88,"geometry":{"type":"Polygon","coordinates":[[[-111.91613891140803,40.332394176035315],[-111.91613890842206,40.332364841459075],[-111.91568351413341,40.332078619916778],[-111.91533610164498,40.332078654474593],[-111.91585920072419,40.332394204333703],[-111.91613891140803,40.332394176035315]]]},"properties":{"GlobalID":"{A1F016D1-7289-4603-A174-B17A7E3A0D67}","OBJECTID":88,"PARKID":241,"TYPE":"Open Space","NAME":null,"COMMONNAME":"South Parkside","ADDRESS":null,"USE_":"Trail","STATUS":"Constructed","RESERVABLE":null,"PATH":"Yes","BATHROOM":null,"DRINKINGFNTN":null,"PAVILION":null,"TABLES":null,"BBQGRILLS":null,"FIREPIT":null,"BENCHES":null,"PLAYGRNDTOT":null,"PLAYGRNDSCHL":null,"SWINGSET":null,"BBALLCOURT":null,"TENNISCOURT":null,"VBALLCOURT":null,"HORSESHOES":null,"ADDAMENITIES":null,"OWNEDBY":"City","MAINTBY":"City","AREA_SQFT":10728.35206073,"AREA_ACRES":0.24628907,"LASTUPDATE":null,"LASTEDITOR":null,"NOTES":null,"FACILITYID":"712","PARKINGTYPE":null,"PARKINGNUMSTALLS":null,"BOATING":null,"HASPAVILION":null,"HASTABLES":null,"HASBBQGRILLS":null,"HASFIREPIT":null,"HASBENCHES":null,"BASEBALL":null,"FISHING":null,"URL":null,"PICURL":null,"created_user":null,"created_date":null,"last_edited_user":"BGIBSON","last_edited_date":1767747226000,"YEARBUILT":2014,"PHRAGMITES":null,"HASPICKLE":null,"TRAILHEAD":null,"Shape.STArea()":10728.352060728654,"Shape.STLength()":535.48948332840382}},{"type":"Feature","id":89,"geometry":{"type":"Polygon","coordinates":[[[-111.90151895757863,40.318392973299616],[-111.90167266620116,40.318033613509023],[-111.90168598910583,40.318004359099241],[-111.90158789956246,40.317982642311698],[-111.90152295682503,40.317963016310827],[-111.90138724272578,40.317912756802826],[-111.90137213806645,40.317935544409224],[-111.9012056099135,40.318175011591876],[-111.90081482319454,40.318158601108699],[-111.90047629681877,40.318324995653441],[-111.90053496365508,40.318391705709679],[-111.9005733119142,40.318391703047425],[-111.90057337322345,40.318391724452574],[-111.90151895757863,40.318392973299616]]]},"properties":{"GlobalID":"{2DFED2F5-504D-49E7-A0F8-047A56D3805E}","OBJECTID":89,"PARKID":24,"TYPE":"Trail","NAME":null,"COMMONNAME":" ","ADDRESS":" ","USE_":"Access","STATUS":"Constructed","RESERVABLE":" ","PATH":null,"BATHROOM":" ","DRINKINGFNTN":null,"PAVILION":null,"TABLES":null,"BBQGRILLS":null,"FIREPIT":null,"BENCHES":null,"PLAYGRNDTOT":null,"PLAYGRNDSCHL":null,"SWINGSET":null,"BBALLCOURT":null,"TENNISCOURT":null,"VBALLCOURT":null,"HORSESHOES":null,"ADDAMENITIES":" ","OWNEDBY":"City","MAINTBY":"City","AREA_SQFT":30050.073044479999,"AREA_ACRES":0.68985474999999996,"LASTUPDATE":null,"LASTEDITOR":null,"NOTES":null,"FACILITYID":"632","PARKINGTYPE":null,"PARKINGNUMSTALLS":null,"BOATING":null,"HASPAVILION":null,"HASTABLES":null,"HASBBQGRILLS":null,"HASFIREPIT":null,"HASBENCHES":null,"BASEBALL":null,"FISHING":null,"URL":null,"PICURL":null,"created_user":null,"created_date":null,"last_edited_user":"BGIBSON","last_edited_date":1767747226000,"YEARBUILT":2005,"PHRAGMITES":null,"HASPICKLE":null,"TRAILHEAD":null,"Shape.STArea()":30050.073044476751,"Shape.STLength()":872.12705848761482}},{"type":"Feature","id":90,"geometry":{"type":"Polygon","coordinates":[[[-111.90033527991694,40.318391670389666],[-111.90033526687965,40.318391654222857],[-111.90026586614525,40.318308066844793],[-111.9002410180683,40.318279028010288],[-111.90021517171927,40.318250503251427],[-111.90018834721664,40.318222512312715],[-111.89988390612017,40.317913779027243],[-111.8998253526689,40.317850993232575],[-111.89938454095659,40.31735065855235],[-111.89938452674312,40.317350642389449],[-111.8990540322371,40.31752125011603],[-111.89905399469686,40.317521269157666],[-111.89865070685278,40.317628239302941],[-111.89865068571105,40.317628245679522],[-111.89865063865311,40.317628246740711],[-111.89837237225925,40.317637583400561],[-111.89809129596678,40.317569602842319],[-111.89781891050987,40.31743214917983],[-111.89754951758891,40.317296204976827],[-111.89728012692477,40.317160261944117],[-111.89701073732004,40.317024316483199],[-111.89674134879026,40.316888371295875],[-111.89650940507094,40.316771321719763],[-111.89650939557495,40.316771307341767],[-111.8964524915778,40.316690727535224],[-111.89645248090527,40.316690713161186],[-111.89645247141455,40.316690699683832],[-111.89626078179157,40.316419284930198],[-111.89626077112433,40.316419271456809],[-111.89625495047031,40.316110652150719],[-111.89638086834213,40.315811809144897],[-111.89663615152973,40.315558763022707],[-111.89663454892475,40.315281510298703],[-111.89616578508023,40.315283107783245],[-111.89616569918763,40.315283107173777],[-111.89613194527391,40.315282784801198],[-111.89613185938131,40.315282784191751],[-111.89615747308818,40.316641321171403],[-111.89623817676164,40.316689789200382],[-111.89632030772098,40.316736829323013],[-111.8964038246486,40.316782418259933],[-111.89648868269168,40.316826531843155],[-111.8987735454341,40.317979545638742],[-111.89886328017231,40.318025907755278],[-111.89895164136399,40.31807378846554],[-111.89903858769516,40.318123164497045],[-111.89912407314483,40.318174012593445],[-111.89920805990688,40.318226305867931],[-111.89929049959601,40.318280019271128],[-111.89937135675824,40.318335125908234],[-111.89945059710014,40.318391596178621],[-111.89945079124321,40.318391596415594],[-111.89945081830484,40.318391596323096],[-111.90033527991694,40.318391670389666]]]},"properties":{"GlobalID":"{CAD7EDDC-FAA4-4447-A920-EF8255618808}","OBJECTID":90,"PARKID":23,"TYPE":"Trail","NAME":null,"COMMONNAME":" ","ADDRESS":" ","USE_":"Detention","STATUS":"Constructed","RESERVABLE":" ","PATH":null,"BATHROOM":" ","DRINKINGFNTN":null,"PAVILION":null,"TABLES":null,"BBQGRILLS":null,"FIREPIT":null,"BENCHES":null,"PLAYGRNDTOT":null,"PLAYGRNDSCHL":null,"SWINGSET":null,"BBALLCOURT":null,"TENNISCOURT":null,"VBALLCOURT":null,"HORSESHOES":null,"ADDAMENITIES":" ","OWNEDBY":"City","MAINTBY":"City","AREA_SQFT":153611.57951745001,"AREA_ACRES":3.5264366300000001,"LASTUPDATE":null,"LASTEDITOR":null,"NOTES":null,"FACILITYID":"6107","PARKINGTYPE":null,"PARKINGNUMSTALLS":null,"BOATING":null,"HASPAVILION":null,"HASTABLES":null,"HASBBQGRILLS":null,"HASFIREPIT":null,"HASBENCHES":null,"BASEBALL":null,"FISHING":null,"URL":null,"PICURL":null,"created_user":null,"created_date":null,"last_edited_user":"BGIBSON","last_edited_date":1767747226000,"YEARBUILT":2005,"PHRAGMITES":null,"HASPICKLE":null,"TRAILHEAD":null,"Shape.STArea()":153611.57951745039,"Shape.STLength()":3972.1762671754045}},{"type":"Feature","id":91,"geometry":{"type":"Polygon","coordinates":[[[-111.90065903640777,40.319887147760021],[-111.90067441862776,40.319879504440287],[-111.9006840633662,40.319883090133338],[-111.90069430728018,40.319885514649819],[-111.90070491236561,40.319886722966174],[-111.90071563488792,40.319886686197059],[-111.90072622540349,40.31988540519788],[-111.90073644052571,40.319882910524314],[-111.90074604290413,40.319879258830049],[-111.90085324351583,40.319823444258873],[-111.90064592784806,40.319572749322219],[-111.900473350021,40.319364058705659],[-111.90036960338165,40.319238611267913],[-111.90029954597082,40.319155962843212],[-111.90029951648192,40.319155950335301],[-111.90023882200592,40.319087851131407],[-111.90017659684729,40.319020555102462],[-111.90016246647917,40.319005815912817],[-111.90013495515642,40.318977123020524],[-111.90011287413215,40.318954092754353],[-111.90005977109297,40.318900605534871],[-111.90000544515198,40.318847842987466],[-111.89994991990551,40.318795815837404],[-111.89989320014503,40.318744538476864],[-111.89982324371847,40.318683026493481],[-111.89982321770708,40.318683004967163],[-111.89975173096049,40.318622558227695],[-111.8997517049544,40.318622537601989],[-111.89967870438707,40.318563160550511],[-111.89967867838106,40.31856313992477],[-111.89960419236323,40.318504854977405],[-111.89960416518065,40.318504834355679],[-111.89952822089504,40.318447662131412],[-111.89952819371774,40.31844764241027],[-111.89947783704048,40.318411173901225],[-111.89945059710014,40.318391596178621],[-111.8991748464006,40.318391574808487],[-111.8993002882254,40.318471942493545],[-111.89942075738233,40.318556649204012],[-111.89953599985631,40.318645515695835],[-111.89964576981156,40.318738353690904],[-111.89974983311058,40.318834964063434],[-111.89984796970977,40.318935144037091],[-111.89988231108785,40.318966233638925],[-111.9001296385367,40.319240350955177],[-111.90032822921827,40.319470775431135],[-111.90065903640777,40.319887147760021]]]},"properties":{"GlobalID":"{690AD449-F90F-4217-B95F-4834D3F14020}","OBJECTID":91,"PARKID":27,"TYPE":"Frontage","NAME":null,"COMMONNAME":" ","ADDRESS":" ","USE_":"Landscape","STATUS":"Constructed","RESERVABLE":" ","PATH":null,"BATHROOM":" ","DRINKINGFNTN":null,"PAVILION":null,"TABLES":null,"BBQGRILLS":null,"FIREPIT":null,"BENCHES":null,"PLAYGRNDTOT":null,"PLAYGRNDSCHL":null,"SWINGSET":null,"BBALLCOURT":null,"TENNISCOURT":null,"VBALLCOURT":null,"HORSESHOES":null,"ADDAMENITIES":" ","OWNEDBY":"City","MAINTBY":"City","AREA_SQFT":36478.193646719999,"AREA_ACRES":0.8374241,"LASTUPDATE":null,"LASTEDITOR":null,"NOTES":null,"FACILITYID":"686","PARKINGTYPE":null,"PARKINGNUMSTALLS":null,"BOATING":null,"HASPAVILION":null,"HASTABLES":null,"HASBBQGRILLS":null,"HASFIREPIT":null,"HASBENCHES":null,"BASEBALL":null,"FISHING":null,"URL":null,"PICURL":null,"created_user":null,"created_date":null,"last_edited_user":"BGIBSON","last_edited_date":1767747226000,"YEARBUILT":2005,"PHRAGMITES":null,"HASPICKLE":null,"TRAILHEAD":null,"Shape.STArea()":36478.193646720247,"Shape.STLength()":1481.3734846571087}},{"type":"Feature","id":93,"geometry":{"type":"Polygon","coordinates":[[[-111.93136791988827,40.391127562842932],[-111.93107723197858,40.391128630815196],[-111.93074367110216,40.391130121624116],[-111.93041168144947,40.391131043714942],[-111.93007969059866,40.391131963066776],[-111.9297476997332,40.391132880575739],[-111.92969386391687,40.391133049521983],[-111.92950084251747,40.391133360309603],[-111.92941929909175,40.391133810981628],[-111.92914473544405,40.391134572693211],[-111.92885778305815,40.391135349459176],[-111.92830727690975,40.391136379310424],[-111.92740998321827,40.391139038008738],[-111.92721709305897,40.391139617435691],[-111.92652531127449,40.391141652809665],[-111.92608595872463,40.39114294233115],[-111.92608587597027,40.391184108076743],[-111.92606207527287,40.391184192064742],[-111.92605852755189,40.391219773389125],[-111.92606032952961,40.39125548570977],[-111.92606744084816,40.391290529198713],[-111.92607970223953,40.39132411900745],[-111.92617012881914,40.391225093592567],[-111.92664686155543,40.391223792615079],[-111.92700575957099,40.391222785692413],[-111.92772358277347,40.39122078645677],[-111.92829807353444,40.39121921402775],[-111.92941816643153,40.39121529675937],[-111.92941933485808,40.391215293370792],[-111.9296944135898,40.391214536328896],[-111.92973028503863,40.391214439681839],[-111.93003965798823,40.391213576554676],[-111.93034903096398,40.39121271801293],[-111.9306584040114,40.391211871261312],[-111.93096774157392,40.391211001306793],[-111.93096777690923,40.391211001176607],[-111.9312771240116,40.391210150182339],[-111.93166011965846,40.3912090833633],[-111.93167147466312,40.391178344791676],[-111.93167525807115,40.391168095304415],[-111.93167531320918,40.391167873548888],[-111.93168563394103,40.39112667090663],[-111.93136791988827,40.391127562842932]]]},"properties":{"GlobalID":"{DD2BC4A5-8CE8-4868-B1C5-4C596967D58B}","OBJECTID":93,"PARKID":243,"TYPE":"Trail","NAME":null,"COMMONNAME":" ","ADDRESS":" ","USE_":"Trail","STATUS":"Unlandscaped","RESERVABLE":" ","PATH":null,"BATHROOM":" ","DRINKINGFNTN":null,"PAVILION":null,"TABLES":null,"BBQGRILLS":null,"FIREPIT":null,"BENCHES":null,"PLAYGRNDTOT":null,"PLAYGRNDSCHL":null,"SWINGSET":null,"BBALLCOURT":null,"TENNISCOURT":null,"VBALLCOURT":null,"HORSESHOES":null,"ADDAMENITIES":null,"OWNEDBY":"City","MAINTBY":"City","AREA_SQFT":47276.835989009996,"AREA_ACRES":1.08532681,"LASTUPDATE":null,"LASTEDITOR":null,"NOTES":null,"FACILITYID":"152","PARKINGTYPE":null,"PARKINGNUMSTALLS":null,"BOATING":null,"HASPAVILION":null,"HASTABLES":null,"HASBBQGRILLS":null,"HASFIREPIT":null,"HASBENCHES":null,"BASEBALL":null,"FISHING":null,"URL":null,"PICURL":null,"created_user":null,"created_date":null,"last_edited_user":"BGIBSON","last_edited_date":1767747226000,"YEARBUILT":2017,"PHRAGMITES":null,"HASPICKLE":null,"TRAILHEAD":null,"Shape.STArea()":47276.835989006948,"Shape.STLength()":3237.1125373529881}},{"type":"Feature","id":94,"geometry":{"type":"Polygon","coordinates":[[[-111.92821947374264,40.337144748465562],[-111.92793199924903,40.337346770641723],[-111.92793361832018,40.33734745910305],[-111.92793518780883,40.337348123428718],[-111.92793675729756,40.337348787754394],[-111.92793832562059,40.337349453885629],[-111.92793989512063,40.337350120012481],[-111.92794146227247,40.337350787048585],[-111.92794302942433,40.337351454084654],[-111.92794459540495,40.337352122025564],[-111.92794616139687,40.337352791767763],[-111.92794772738884,40.337353461509906],[-111.92794929220949,40.337354132156932],[-111.92795085703024,40.337354802803937],[-111.92795242068532,40.337355475256494],[-111.92795398434043,40.337356147708974],[-111.92795554682993,40.337356821967049],[-111.92795710931946,40.337357496225039],[-111.92795867063776,40.337358171387969],[-111.92796023313299,40.337358846546529],[-111.92796179328566,40.337359523514948],[-111.92796335343834,40.337360200483332],[-111.92796491241981,40.337360878356584],[-111.92796647258388,40.337361557126165],[-111.92796803039971,40.337362236804957],[-111.92796958821562,40.337362916483741],[-111.92797114604282,40.337363597963673],[-111.9279727026875,40.337364278547355],[-111.92797425817216,40.337364961837103],[-111.92797581482817,40.337365644221904],[-111.92797737031292,40.337366327511624],[-111.92797892463206,40.337367012606869],[-111.92798047895121,40.337367697702106],[-111.92798203092781,40.337368384607181],[-111.92798358525266,40.337369070602939],[-111.92798513723494,40.33736975840857],[-111.92798668804036,40.337370446218507],[-111.927988240034,40.337371135825293],[-111.92798979085075,40.337371825436414],[-111.92799134167315,40.337372515948061],[-111.92799289014737,40.337373207368977],[-111.92799443980421,40.33737389968617],[-111.92799598828412,40.337374592007642],[-111.92799753559844,40.33737528613463],[-111.92799908408408,40.337375979356672],[-111.92800063022715,40.337376674388537],[-111.9280021763759,40.337377370321029],[-111.92800372253032,40.337378067154035],[-111.9280052675022,40.337378763090776],[-111.92800681131409,40.337379461733633],[-111.92800835512037,40.337380159475892],[-111.92800989893803,40.337380859019305],[-111.92801144276129,40.337381559463324],[-111.92801298423069,40.337382259915962],[-111.92801452688275,40.337382961264893],[-111.9280160671866,40.337383663522992],[-111.92801760749619,40.337384366681718],[-111.92801914781138,40.337385070741036],[-111.92802068694968,40.337385774804652],[-111.92802222727056,40.337386479764497],[-111.92802376406634,40.337387185637887],[-111.92802530204474,40.337387892407584],[-111.92802683884622,40.337388599181558],[-111.92802837565907,40.337389307756737],[-111.92802991247186,40.337390016331916],[-111.92803144693089,40.337390724915693],[-111.9280329825781,40.337391435296325],[-111.92803451705407,40.337392146581898],[-111.92803605035883,40.337392858772382],[-111.92803758366355,40.337393570962782],[-111.92803911579706,40.337394284058163],[-111.92804064793629,40.337394998054087],[-111.92804217889854,40.337395712054338],[-111.92804370986649,40.337396426955152],[-111.92804524084573,40.337397143657185],[-111.92804677064812,40.337397860363517],[-111.92804829927923,40.337398577974724],[-111.92804982791034,40.337399295585925],[-111.92805135537587,40.337400015002629],[-111.92805288284141,40.337400734419361],[-111.92805441031827,40.337401455637284],[-111.92805593543568,40.337402175963149],[-111.92805746173569,40.337402897185349],[-111.92805898687004,40.337403620213038],[-111.92806051082752,40.337404343245005],[-111.92806203479068,40.337405067177606],[-111.92806355758259,40.337405792015062],[-111.92806508155707,40.337406517748875],[-111.92806660317777,40.337407243491228],[-111.92806812480971,40.3374079710348],[-111.92806964526481,40.337408698582664],[-111.92807116572557,40.337409427031112],[-111.92807268500944,40.337410155483873],[-111.92807420430462,40.337410885737818],[-111.92807572359983,40.337411615991769],[-111.92807724172374,40.337412347150618],[-111.92807875867085,40.337413078313723],[-111.92808027562921,40.337413811278061],[-111.92808179141632,40.337414545147311],[-111.92808330720347,40.337415279016525],[-111.92808482181931,40.33741601379068],[-111.92808633643524,40.337416748564749],[-111.92808784988553,40.337417485144378],[-111.9280893633359,40.337418221723979],[-111.92809087562063,40.337418960109126],[-111.92809238789972,40.33741969759361],[-111.92809390019013,40.337420436879313],[-111.92809541013236,40.337421177074205],[-111.92809692125155,40.337421917264813],[-111.92809843002821,40.337422659265187],[-111.92809993879925,40.337423400364962],[-111.9281014475816,40.33742414326597],[-111.92810295518707,40.337424886171249],[-111.92810446280386,40.337425630877718],[-111.92810596924376,40.337426375588514],[-111.92810747568927,40.337427121199873],[-111.92810898095793,40.337427866815545],[-111.92811048623794,40.33742861423238],[-111.92811198916405,40.337429361657854],[-111.9281134932728,40.337430109979614],[-111.92811499621031,40.337430859206265],[-111.92811649914785,40.337431608432887],[-111.92811800091974,40.337432359465055],[-111.92811950151474,40.3374331105015],[-111.92812100212106,40.337433863339129],[-111.92812250272178,40.337434615276194],[-111.92812400918461,40.337435363589201],[-111.92841210105128,40.337232912683035],[-111.92822228367467,40.337142771185661],[-111.92821994245696,40.337144418917489],[-111.92821958760881,40.33714432475027],[-111.92821947374264,40.337144748465562]]]},"properties":{"GlobalID":"{A0BBE71B-E143-425A-84B8-F12D764502CD}","OBJECTID":94,"PARKID":33,"TYPE":"Trail","NAME":null,"COMMONNAME":"Benches Walkway","ADDRESS":" ","USE_":"Access","STATUS":"Constructed","RESERVABLE":" ","PATH":null,"BATHROOM":" ","DRINKINGFNTN":null,"PAVILION":null,"TABLES":null,"BBQGRILLS":null,"FIREPIT":null,"BENCHES":null,"PLAYGRNDTOT":null,"PLAYGRNDSCHL":null,"SWINGSET":null,"BBALLCOURT":null,"TENNISCOURT":null,"VBALLCOURT":null,"HORSESHOES":null,"ADDAMENITIES":" ","OWNEDBY":"City","MAINTBY":"City","AREA_SQFT":6539.2619354899998,"AREA_ACRES":0.1501208,"LASTUPDATE":null,"LASTEDITOR":null,"NOTES":null,"FACILITYID":"640","PARKINGTYPE":null,"PARKINGNUMSTALLS":null,"BOATING":null,"HASPAVILION":null,"HASTABLES":null,"HASBBQGRILLS":null,"HASFIREPIT":null,"HASBENCHES":null,"BASEBALL":null,"FISHING":null,"URL":null,"PICURL":null,"created_user":null,"created_date":null,"last_edited_user":"BGIBSON","last_edited_date":1767747226000,"YEARBUILT":2004,"PHRAGMITES":null,"HASPICKLE":null,"TRAILHEAD":null,"Shape.STArea()":6539.2619354916351,"Shape.STLength()":343.77826372245329}},{"type":"Feature","id":96,"geometry":{"type":"Polygon","coordinates":[[[-111.90243403696313,40.309433437523204],[-111.90238274696378,40.309384828247424],[-111.90228489953687,40.309292723383976],[-111.90206400208349,40.309398805639013],[-111.90165108247542,40.309597101516786],[-111.90130993060625,40.309660245114131],[-111.90100116973113,40.309617510668957],[-111.90094637663087,40.309645570852631],[-111.90089033597015,40.309672145630614],[-111.90083311226053,40.309697201456139],[-111.90077477945172,40.309720709253298],[-111.90071540677749,40.309742638161303],[-111.90065506703309,40.309762962710998],[-111.90059383536665,40.309781657425326],[-111.90053178576099,40.309798698632576],[-111.90046899457828,40.30981406715641],[-111.90040553935214,40.3098277429158],[-111.90034149764284,40.309839710333044],[-111.90027694818191,40.30984995292593],[-111.90021196973272,40.309858459616102],[-111.90014664223519,40.309865219321573],[-111.90008104564531,40.309870223662067],[-111.90001525993476,40.309873466959623],[-111.89995991968318,40.309874827248727],[-111.89990455096842,40.309874940221448],[-111.89984920203833,40.309873807513817],[-111.89979391995369,40.309871428964861],[-111.89973875414405,40.309867807107558],[-111.89975450494863,40.310016161721883],[-111.90033366980212,40.309977011041518],[-111.90062463496126,40.309957340718995],[-111.90088747114606,40.309927124216713],[-111.90114929716383,40.309896215295566],[-111.90120156728706,40.309886500732915],[-111.90145362341774,40.309821847937684],[-111.90170480266707,40.3097551999888],[-111.90193750253884,40.309659268582514],[-111.90219135756955,40.309554229555147],[-111.90243403696313,40.309433437523204]]]},"properties":{"GlobalID":"{8E7D442E-C211-48FC-B537-0FA01185859F}","OBJECTID":96,"PARKID":244,"TYPE":"Open Space","NAME":null,"COMMONNAME":" ","ADDRESS":" ","USE_":"NativeOpen","STATUS":"Constructed","RESERVABLE":" ","PATH":null,"BATHROOM":" ","DRINKINGFNTN":null,"PAVILION":null,"TABLES":null,"BBQGRILLS":null,"FIREPIT":null,"BENCHES":null,"PLAYGRNDTOT":null,"PLAYGRNDSCHL":null,"SWINGSET":null,"BBALLCOURT":null,"TENNISCOURT":null,"VBALLCOURT":null,"HORSESHOES":null,"ADDAMENITIES":" ","OWNEDBY":"City","MAINTBY":"City","AREA_SQFT":50278.390901070001,"AREA_ACRES":1.1542330300000001,"LASTUPDATE":null,"LASTEDITOR":null,"NOTES":null,"FACILITYID":"62","PARKINGTYPE":null,"PARKINGNUMSTALLS":null,"BOATING":null,"HASPAVILION":null,"HASTABLES":null,"HASBBQGRILLS":null,"HASFIREPIT":null,"HASBENCHES":null,"BASEBALL":null,"FISHING":null,"URL":null,"PICURL":null,"created_user":null,"created_date":null,"last_edited_user":"BGIBSON","last_edited_date":1767747226000,"YEARBUILT":2006,"PHRAGMITES":null,"HASPICKLE":null,"TRAILHEAD":null,"Shape.STArea()":50278.390901067403,"Shape.STLength()":1675.3847677216118}},{"type":"Feature","id":99,"geometry":{"type":"Polygon","coordinates":[[[-111.92972388442251,40.402679627622845],[-111.92978345183303,40.402908035215724],[-111.9297834518557,40.402908038818097],[-111.92983625782573,40.402899989669891],[-111.9297757840046,40.402668159494532],[-111.92977381387028,40.402668844894229],[-111.92977217041059,40.402669398504813],[-111.92977052098144,40.402669939528685],[-111.92976886323234,40.402670468875137],[-111.9297672006805,40.402670983829339],[-111.92976552981445,40.402671488006732],[-111.92976385415129,40.402671978692439],[-111.92976217015688,40.402672455899555],[-111.92976048019305,40.40267292051994],[-111.92975878543778,40.402673372549287],[-111.92975708470736,40.40267381109139],[-111.92975537682943,40.402674237051073],[-111.92975366533247,40.402674649514829],[-111.929751946688,40.402675049396194],[-111.92975022442447,40.402675435781596],[-111.92974849736387,40.40267580867539],[-111.92974676433376,40.402676168982495],[-111.92974502768469,40.402676515793644],[-111.92974328623845,40.40267684911317],[-111.92974153999518,40.402677168941118],[-111.92973979013848,40.402677476173622],[-111.9297380366571,40.402677769009621],[-111.92973627838438,40.402678049254575],[-111.92973451767058,40.402678315999289],[-111.92973275215407,40.402678568351739],[-111.92973098538025,40.402678808100177],[-111.92972921380372,40.402679033456423],[-111.92972744096993,40.402679246208663],[-111.929725663339,40.402679445469261],[-111.92972390208179,40.40267962575679],[-111.92972388442251,40.402679627622845]]]},"properties":{"GlobalID":"{761A74F8-C44A-43FF-B225-7CE9F799289E}","OBJECTID":99,"PARKID":246,"TYPE":"Trail","NAME":null,"COMMONNAME":" ","ADDRESS":" ","USE_":"Access","STATUS":"Constructed","RESERVABLE":" ","PATH":null,"BATHROOM":" ","DRINKINGFNTN":null,"PAVILION":null,"TABLES":null,"BBQGRILLS":null,"FIREPIT":null,"BENCHES":null,"PLAYGRNDTOT":null,"PLAYGRNDSCHL":null,"SWINGSET":null,"BBALLCOURT":null,"TENNISCOURT":null,"VBALLCOURT":null,"HORSESHOES":null,"ADDAMENITIES":" ","OWNEDBY":"City","MAINTBY":"City","AREA_SQFT":1275.95356943,"AREA_ACRES":0.029291859999999999,"LASTUPDATE":null,"LASTEDITOR":null,"NOTES":null,"FACILITYID":"62","PARKINGTYPE":null,"PARKINGNUMSTALLS":null,"BOATING":null,"HASPAVILION":null,"HASTABLES":null,"HASBBQGRILLS":null,"HASFIREPIT":null,"HASBENCHES":null,"BASEBALL":null,"FISHING":null,"URL":null,"PICURL":null,"created_user":null,"created_date":null,"last_edited_user":"BGIBSON","last_edited_date":1767747226000,"YEARBUILT":2000,"PHRAGMITES":null,"HASPICKLE":null,"TRAILHEAD":null,"Shape.STArea()":1275.9535694280344,"Shape.STLength()":201.06164313129878}},{"type":"Feature","id":100,"geometry":{"type":"Polygon","coordinates":[[[-111.91325784812955,40.386015660868459],[-111.91295746663731,40.38601520239699],[-111.91290517340869,40.385991826814575],[-111.91282039442486,40.386102656308289],[-111.91280371324559,40.386126225835014],[-111.91278911445114,40.386150588660506],[-111.91277666336714,40.386175640083295],[-111.9127664170263,40.386201267325347],[-111.91275841598403,40.386227359468052],[-111.91275269958527,40.386253800193188],[-111.91274929068133,40.386280472340012],[-111.91274820740706,40.386307257863685],[-111.91274945141419,40.386334039678033],[-111.91275301846555,40.386360700717447],[-111.91275889252472,40.386387120355415],[-111.91276704816555,40.386413183402183],[-111.91277744936737,40.386438775605761],[-111.91279004833166,40.386463782755676],[-111.91280479257583,40.386488095161035],[-111.91282411294877,40.38651949999754],[-111.91284112363681,40.386551675806558],[-111.91285577575103,40.386584523693593],[-111.91286802391899,40.386617942049675],[-111.91287782747359,40.38665182834859],[-111.91288515984819,40.386686074610481],[-111.91362864296454,40.386687189061],[-111.91362870539155,40.386687189740883],[-111.91363018350823,40.386115010579736],[-111.91363010577633,40.386115010854617],[-111.91325763233401,40.386114445113314],[-111.91325788463992,40.386015660739467],[-111.91325784812955,40.386015660868459]]]},"properties":{"GlobalID":"{E2B4ABA5-EDC0-4075-B3C0-8831C5ECDD04}","OBJECTID":100,"PARKID":20,"TYPE":"Landscape","NAME":"City Hall","COMMONNAME":" ","ADDRESS":"1307 N COMMERCE DR","USE_":"City Facility","STATUS":"Constructed","RESERVABLE":"No","PATH":null,"BATHROOM":" ","DRINKINGFNTN":null,"PAVILION":null,"TABLES":null,"BBQGRILLS":null,"FIREPIT":null,"BENCHES":null,"PLAYGRNDTOT":null,"PLAYGRNDSCHL":null,"SWINGSET":null,"BBALLCOURT":null,"TENNISCOURT":null,"VBALLCOURT":null,"HORSESHOES":null,"ADDAMENITIES":" ","OWNEDBY":"City","MAINTBY":"City","AREA_SQFT":52491.008653479999,"AREA_ACRES":1.20502775,"LASTUPDATE":null,"LASTEDITOR":null,"NOTES":null,"FACILITYID":"612","PARKINGTYPE":null,"PARKINGNUMSTALLS":null,"BOATING":null,"HASPAVILION":null,"HASTABLES":null,"HASBBQGRILLS":null,"HASFIREPIT":null,"HASBENCHES":null,"BASEBALL":null,"FISHING":null,"URL":null,"PICURL":null,"created_user":null,"created_date":null,"last_edited_user":"BGIBSON","last_edited_date":1767747226000,"YEARBUILT":2003,"PHRAGMITES":null,"HASPICKLE":null,"TRAILHEAD":null,"Shape.STArea()":52491.008653477562,"Shape.STLength()":924.95864516339805}},{"type":"Feature","id":102,"geometry":{"type":"Polygon","coordinates":[[[-111.92889647626711,40.336916639298515],[-111.92889030437608,40.336732377729852],[-111.9289434522594,40.336657434539312],[-111.92924649471367,40.336657081262643],[-111.92923584597807,40.336356827196092],[-111.9288033993253,40.336365809607351],[-111.9288092603496,40.336503875195078],[-111.9288163685525,40.33667137163755],[-111.92865135584536,40.336801644856855],[-111.92881843624937,40.336884560436523],[-111.92885659126804,40.33690183151311],[-111.92889647626711,40.336916639298515]]]},"properties":{"GlobalID":"{7999726E-DAC1-4A21-AF50-24F956649CA4}","OBJECTID":102,"PARKID":248,"TYPE":"Trail","NAME":null,"COMMONNAME":"Benches Walkway","ADDRESS":" ","USE_":"Access","STATUS":"Constructed","RESERVABLE":" ","PATH":null,"BATHROOM":" ","DRINKINGFNTN":null,"PAVILION":null,"TABLES":null,"BBQGRILLS":null,"FIREPIT":null,"BENCHES":null,"PLAYGRNDTOT":null,"PLAYGRNDSCHL":null,"SWINGSET":null,"BBALLCOURT":null,"TENNISCOURT":null,"VBALLCOURT":null,"HORSESHOES":null,"ADDAMENITIES":" ","OWNEDBY":"City","MAINTBY":"City","AREA_SQFT":16834.383416889999,"AREA_ACRES":0.38646427,"LASTUPDATE":null,"LASTEDITOR":null,"NOTES":null,"FACILITYID":"73","PARKINGTYPE":null,"PARKINGNUMSTALLS":null,"BOATING":null,"HASPAVILION":null,"HASTABLES":null,"HASBBQGRILLS":null,"HASFIREPIT":null,"HASBENCHES":null,"BASEBALL":null,"FISHING":null,"URL":null,"PICURL":null,"created_user":null,"created_date":null,"last_edited_user":"BGIBSON","last_edited_date":1767747226000,"YEARBUILT":2007,"PHRAGMITES":null,"HASPICKLE":null,"TRAILHEAD":null,"Shape.STArea()":16834.383416889777,"Shape.STLength()":670.38903322476403}},{"type":"Feature","id":103,"geometry":{"type":"Polygon","coordinates":[[[-111.93159713198084,40.36919933451486],[-111.92937248540679,40.369215553945679],[-111.92935846157236,40.369235081447684],[-111.92938585130713,40.369241473484266],[-111.93109748525045,40.369230847706291],[-111.93159703053179,40.369229728277965],[-111.93159713198084,40.36919933451486]]]},"properties":{"GlobalID":"{ED9E3AAD-6D44-4ED4-811E-7B5DA9C3CA5D}","OBJECTID":103,"PARKID":40,"TYPE":"Frontage","NAME":null,"COMMONNAME":" ","ADDRESS":" ","USE_":"Landscape","STATUS":"Constructed","RESERVABLE":" ","PATH":null,"BATHROOM":" ","DRINKINGFNTN":null,"PAVILION":null,"TABLES":null,"BBQGRILLS":null,"FIREPIT":null,"BENCHES":null,"PLAYGRNDTOT":null,"PLAYGRNDSCHL":null,"SWINGSET":null,"BBALLCOURT":null,"TENNISCOURT":null,"VBALLCOURT":null,"HORSESHOES":null,"ADDAMENITIES":" ","OWNEDBY":"City","MAINTBY":"City","AREA_SQFT":6207.2583969799998,"AREA_ACRES":0.14249903999999999,"LASTUPDATE":null,"LASTEDITOR":null,"NOTES":null,"FACILITYID":"666","PARKINGTYPE":null,"PARKINGNUMSTALLS":null,"BOATING":null,"HASPAVILION":null,"HASTABLES":null,"HASBBQGRILLS":null,"HASFIREPIT":null,"HASBENCHES":null,"BASEBALL":null,"FISHING":null,"URL":null,"PICURL":null,"created_user":null,"created_date":null,"last_edited_user":"BGIBSON","last_edited_date":1767747226000,"YEARBUILT":2012,"PHRAGMITES":null,"HASPICKLE":null,"TRAILHEAD":null,"Shape.STArea()":6207.2583969844154,"Shape.STLength()":1263.175243332649}},{"type":"Feature","id":104,"geometry":{"type":"Polygon","coordinates":[[[-111.94208963133673,40.375182192341185],[-111.94194457005914,40.375311917944479],[-111.94199343474578,40.375340969052552],[-111.94204457907387,40.375365788040966],[-111.94209763734924,40.375386197448016],[-111.94226902804536,40.375232923455371],[-111.94226911227366,40.375125374266844],[-111.94284322243936,40.375122435325707],[-111.94302290430196,40.375244044187923],[-111.94329418704598,40.375009594376273],[-111.94333207660154,40.374975054148294],[-111.94336542793546,40.374936114010985],[-111.94339373411711,40.374893365843199],[-111.94341656490069,40.374847459404762],[-111.94343357326485,40.3747990924603],[-111.94344450068739,40.374749000173416],[-111.94344918107463,40.374697943932425],[-111.94344983723464,40.37449579912213],[-111.94344622482122,40.374448514233073],[-111.9434371440119,40.374401969102649],[-111.94342271776226,40.374356793959201],[-111.94340314140598,40.374313600481237],[-111.94337868000999,40.37427297351519],[-111.94334966478539,40.374235463156545],[-111.94331648860287,40.374201577301413],[-111.94288368493227,40.373783613696396],[-111.94283396236833,40.373734107276199],[-111.94278890297964,40.373680321864647],[-111.94274887336628,40.373622695056127],[-111.94271419920643,40.373561695698385],[-111.94268516260668,40.373497820078001],[-111.94266199980677,40.373431587882614],[-111.94264489925767,40.373363537972793],[-111.94263400008826,40.373294223997931],[-111.94262939097344,40.373224209891738],[-111.94262983560883,40.372676885303697],[-111.94262787929071,40.372668763394827],[-111.9426245685564,40.372661093217353],[-111.94262000010592,40.372654098802109],[-111.9426143073748,40.372647984442253],[-111.9426076566365,40.372642928726236],[-111.94260024214607,40.372639079321608],[-111.94259228046623,40.372636548661944],[-111.94258400414203,40.372635410662831],[-111.94257565490867,40.372635698562995],[-111.942271064221,40.37263726966264],[-111.94209166193929,40.372638193865789],[-111.94209143763548,40.372918168199753],[-111.94209123013454,40.373178877191158],[-111.94209102263206,40.373439586159641],[-111.94209081512795,40.373700295105181],[-111.94209060762225,40.373961004027777],[-111.94209039893745,40.374221712931821],[-111.94209020284903,40.37446870076139],[-111.94209000557584,40.37471568767419],[-111.94208980602288,40.374965419675945],[-111.94208963133673,40.375182192341185]]]},"properties":{"GlobalID":"{9C8E327D-141A-468E-A431-57B34B9BDFB7}","OBJECTID":104,"PARKID":103,"TYPE":"RegionalPark","NAME":"Pinnacle Park","COMMONNAME":"Pinnacle Park","ADDRESS":"678 N PINNACLE LN","USE_":"Recreation","STATUS":"Constructed","RESERVABLE":null,"PATH":"Yes","BATHROOM":"Yes","DRINKINGFNTN":"No","PAVILION":0,"TABLES":0,"BBQGRILLS":0,"FIREPIT":0,"BENCHES":2,"PLAYGRNDTOT":"No","PLAYGRNDSCHL":"Yes","SWINGSET":"No","BBALLCOURT":"Yes","TENNISCOURT":"No","VBALLCOURT":"No","HORSESHOES":"No","ADDAMENITIES":null,"OWNEDBY":"City","MAINTBY":"City","AREA_SQFT":238789.52154503,"AREA_ACRES":5.4818531100000003,"LASTUPDATE":null,"LASTEDITOR":null,"NOTES":null,"FACILITYID":"6117","PARKINGTYPE":"Street-Unmarked","PARKINGNUMSTALLS":0,"BOATING":"No","HASPAVILION":null,"HASTABLES":null,"HASBBQGRILLS":null,"HASFIREPIT":null,"HASBENCHES":null,"BASEBALL":null,"FISHING":null,"URL":null,"PICURL":null,"created_user":null,"created_date":null,"last_edited_user":"BGIBSON","last_edited_date":1767747226000,"YEARBUILT":2015,"PHRAGMITES":null,"HASPICKLE":null,"TRAILHEAD":null,"Shape.STArea()":238789.52154503114,"Shape.STLength()":2578.2407142353877}},{"type":"Feature","id":105,"geometry":{"type":"Polygon","coordinates":[[[-111.88422611597368,40.294766434694047],[-111.88422609244992,40.294766434771425],[-111.88388412751213,40.294766486432508],[-111.88388410633573,40.294766485601471],[-111.88388438073085,40.294768014894665],[-111.88388462476718,40.294769374065865],[-111.88388487116096,40.294770734129948],[-111.88388511872587,40.294772093289524],[-111.88388536629583,40.294773453349727],[-111.88388561503197,40.294774811604832],[-111.88388586495428,40.294776171657311],[-111.88388611486658,40.294777529908508],[-111.88388636713634,40.294778889052651],[-111.88388661940606,40.294780248196751],[-111.88388687167074,40.294781606440253],[-111.88388712629286,40.294782965576637],[-111.88388738208613,40.294784323808514],[-111.8838876378845,40.29478568294104],[-111.88388789485396,40.294787041169045],[-111.88388815299966,40.294788399393219],[-111.88388841232154,40.294789757613508],[-111.8838886716434,40.294791115833775],[-111.88388893214155,40.294792474050226],[-111.8838891938108,40.294793831362135],[-111.88388945666129,40.294795189570806],[-111.88388972068289,40.29479654687502],[-111.88388998470454,40.294797904179184],[-111.88389024990744,40.29479926238016],[-111.88389051628148,40.294800619676614],[-111.88389078265556,40.294801976973091],[-111.88389105020076,40.294803333365039],[-111.88389131892724,40.294804690653756],[-111.88389159000606,40.294806047934763],[-111.88389186108492,40.294807405215735],[-111.88389213098253,40.294808761599974],[-111.88389240440877,40.294810117972617],[-111.88389267783494,40.294811474345245],[-111.88389295243741,40.29481283071398],[-111.88389322703983,40.29481418708275],[-111.88389350399461,40.294815543443782],[-111.8838937809444,40.294816898904159],[-111.88389405907543,40.294818255261312],[-111.88389433837759,40.294819610714022],[-111.8838946176848,40.294820967067324],[-111.88389489816322,40.294822322516112],[-111.88389517982286,40.294823678861654],[-111.88389546265364,40.29482503430274],[-111.88389574548442,40.294826389743783],[-111.88389602948641,40.294827744280354],[-111.88389631466956,40.294829099713652],[-111.88389660220014,40.294830454238664],[-111.88389688973571,40.294831809664238],[-111.88389717726625,40.294833164189193],[-111.88389746597304,40.294834518710317],[-111.88389775585598,40.294835873227541],[-111.88389804573896,40.294837227744779],[-111.88389833797429,40.294838582254258],[-111.88389863020465,40.294839935863131],[-111.8838989247924,40.294841290364907],[-111.88389921819895,40.294842643969908],[-111.8838995139629,40.294843998467769],[-111.88389980972187,40.294845352065067],[-111.88390010665195,40.294846704757845],[-111.88390040476331,40.294848058347398],[-111.88390070405082,40.294849411933072],[-111.8839010045146,40.29485076551483],[-111.88390130497328,40.294852118196012],[-111.88390160661321,40.294853471773941],[-111.88390190824813,40.294854824451271],[-111.88390221223547,40.29485617712082],[-111.88390251739899,40.294857529786547],[-111.88390282256245,40.294858882452196],[-111.88390312889717,40.294860234213445],[-111.88390343523692,40.294861586875257],[-111.88390374392905,40.294862939529381],[-111.88390405261609,40.294864291282821],[-111.88390436247938,40.294865643032423],[-111.88390467351891,40.294866994778182],[-111.8839049845584,40.294868346523927],[-111.88390529677413,40.294869698265785],[-111.88390561134221,40.294871049999927],[-111.88390592472909,40.29487240083732],[-111.88390624047338,40.294873752567547],[-111.88390655738883,40.294875103393338],[-111.88390687312814,40.294876454222972],[-111.88390719121982,40.294877805044877],[-111.88390751048264,40.294879154962331],[-111.88390783092673,40.294880505776462],[-111.88390815137085,40.294881856590642],[-111.88390847298609,40.294883206500309],[-111.88390879578259,40.294884557306716],[-111.88390911857408,40.294885907212546],[-111.88390944254171,40.29488725711451],[-111.88390976886181,40.294888607008659],[-111.8839100940006,40.294889956006124],[-111.88391042149692,40.294891305896435],[-111.88391075016436,40.294892654882311],[-111.88391107883685,40.2948940047688],[-111.88391140868048,40.294895353750739],[-111.88391173852413,40.294896702732707],[-111.88391207072021,40.29489805170698],[-111.88391240291624,40.294899400681182],[-111.88391273628351,40.294900748750926],[-111.88391307082691,40.294902096816806],[-111.88391340655154,40.294903445779454],[-111.8839137422712,40.294904793841454],[-111.88391407916706,40.294906141899595],[-111.88391441723908,40.294907489953857],[-111.88391475648737,40.294908838004268],[-111.8839150957356,40.294910186054672],[-111.88391543615504,40.294911533200569],[-111.88391577775063,40.294912880342643],[-111.88391612052249,40.294914227480817],[-111.8839164632943,40.294915574618962],[-111.88391680841855,40.294916921749405],[-111.88391715354278,40.294918268879833],[-111.88391749983822,40.294919615105776],[-111.88391784613867,40.294920962232339],[-111.88391819479152,40.294922309351193],[-111.88391854343431,40.294923654668757],[-111.88391889326338,40.294925001783724],[-111.88391924308235,40.294926347097444],[-111.8839195952588,40.294927693304054],[-111.88391994743526,40.294929039510642],[-111.88392030078288,40.294930384812751],[-111.88392065530671,40.294931730111003],[-111.88392100983047,40.294933075409233],[-111.88392136670672,40.294934420699747],[-111.88392172358294,40.294935765990203],[-111.88392208163037,40.294937110376232],[-111.88392243968281,40.294938455662887],[-111.88392280008262,40.294939800041142],[-111.88392315930619,40.294941144423277],[-111.88392352088225,40.294942488797687],[-111.88392388481067,40.294943833164375],[-111.88392424756287,40.294945177534906],[-111.88392461148628,40.294946521000924],[-111.88392497541476,40.294947865367568],[-111.8839253428667,40.29494920882204],[-111.88392570914256,40.294950552280362],[-111.88392607659964,40.294951896635396],[-111.88392644640405,40.294953240082123],[-111.88392681502724,40.294954582632037],[-111.88392718600788,40.29495592607487],[-111.88392755698348,40.294957268617075],[-111.8839279291353,40.294958611155423],[-111.88392830246327,40.294959953689869],[-111.88392867696248,40.294961295319865],[-111.88392905264291,40.294962637846588],[-111.88392942831831,40.294963979472676],[-111.88392980517496,40.294965321995541],[-111.88393018320274,40.294966663613884],[-111.88393056123058,40.294968005232263],[-111.8839309404346,40.294969346846777],[-111.88393132081481,40.294970688457404],[-111.88393170236624,40.294972029163553],[-111.88393208509379,40.294973369865836],[-111.88393246664526,40.294974710571907],[-111.88393285173031,40.294976052167073],[-111.88393323681031,40.294977392861604],[-111.88393362306152,40.294978732651671],[-111.88393400931773,40.294980073342309],[-111.88393439674515,40.294981413128482],[-111.88393478534876,40.294982752910784],[-111.8839351751286,40.294984092689198],[-111.8839355649084,40.294985432467634],[-111.88393595585941,40.294986771341577],[-111.88393634799165,40.294988111112247],[-111.88393674130008,40.294989450879093],[-111.88393713577972,40.294990789741426],[-111.88393753025431,40.294992127703118],[-111.88393792591009,40.294993466561571],[-111.88393832156595,40.294994805420011],[-111.8839387195742,40.294996144270748],[-111.88393911875363,40.294997482216978],[-111.88393951793306,40.294998820163222],[-111.88393991711244,40.29500015810941],[-111.88394031864431,40.295001496047895],[-111.88394072135235,40.295002833982537],[-111.88394112405535,40.295004171016501],[-111.88394152675838,40.295005508050515],[-111.88394193181381,40.295006845076749],[-111.88394233804543,40.295008182099167],[-111.88394274427711,40.295009519121507],[-111.88394315168496,40.295010856140081],[-111.88394356026397,40.295012192254084],[-111.88394396884297,40.295013528368081],[-111.88394437977442,40.295014864474382],[-111.88394479070587,40.295016200580669],[-111.88394520281352,40.295017536683083],[-111.88394561491614,40.295018871884878],[-111.88394602937625,40.295020207979547],[-111.88394644383122,40.295021543173583],[-111.88394685946248,40.295022878363795],[-111.88394727509373,40.29502421355398],[-111.88394769307742,40.295025548736405],[-111.88394811106112,40.295026883918858],[-111.88394853021596,40.295028218196776],[-111.88394894937082,40.295029552474745],[-111.8840477716756,40.295343202149404],[-111.88404777287202,40.295343205748068],[-111.8848387172627,40.295323397628032],[-111.88483873842915,40.295323396657636],[-111.88483874431016,40.295323396638253],[-111.88483953560042,40.295258032467018],[-111.88484016796953,40.29520583263669],[-111.88483740894672,40.295205691318756],[-111.88483562169388,40.295205588228932],[-111.88483383557681,40.295205477930153],[-111.88483204940914,40.295205358625118],[-111.88483026554833,40.295205231206594],[-111.88482848045562,40.295205093885073],[-111.88482669767487,40.295204949350719],[-111.88482491720092,40.295204796702926],[-111.88482313667643,40.295204635048819],[-111.88482135845878,40.295204465281344],[-111.88481958136668,40.29520428650364],[-111.88481780541038,40.295204100517005],[-111.88481603057454,40.295203904619619],[-111.88481425805067,40.295203701509365],[-111.88481248665241,40.295203489388982],[-111.88481071756094,40.295203269155159],[-111.88480895077133,40.295203039907257],[-111.88480718394125,40.29520280345438],[-111.8848054205942,40.295202558884114],[-111.88480365836772,40.295202304403091],[-111.88480189962934,40.295202042705384],[-111.88480014201659,40.29520177199749],[-111.88479838671573,40.295201494076814],[-111.88479663371668,40.295201207142092],[-111.88479488302453,40.295200912093939],[-111.88479313463412,40.295200608031735],[-111.88479138973187,40.29520029675281],[-111.88478964595524,40.295199976463792],[-111.88478790566168,40.295199648057398],[-111.88478616767495,40.295199311537608],[-111.88478443200019,40.295198967805021],[-111.88478269980341,40.295198615054531],[-111.88478097108458,40.295198253286067],[-111.88477924467777,40.295197884304876],[-111.88477752175396,40.295197507206296],[-111.88477579996086,40.295197121998228],[-111.88477408399814,40.295196727764498],[-111.88477236917119,40.295196326321843],[-111.88477065900344,40.295195916757955],[-111.88476895114263,40.29519549908067],[-111.88476724676485,40.295195073286131],[-111.88476554587014,40.29519463937428],[-111.88476384963469,40.295194197341225],[-111.88476215570613,40.295193747194773],[-111.88476046644188,40.295193289827751],[-111.88475878065566,40.295192823442832],[-111.88475709718138,40.295192349845067],[-111.88475541836132,40.29519186722559],[-111.88475374420555,40.295191377385507],[-111.88475207353794,40.295190880328803],[-111.88475040752958,40.295190375150888],[-111.88474874499923,40.29518986095507],[-111.88474708713322,40.295189339538666],[-111.88474543275028,40.295188810005008],[-111.88474378303165,40.295188273250815],[-111.88474213797741,40.29518772927608],[-111.8847404975773,40.295187176279519],[-111.88473886066538,40.29518661606631],[-111.88473722841779,40.295186048632537],[-111.88473560200062,40.295185472173095],[-111.8847339790766,40.295184889397632],[-111.88473236080682,40.295184297600407],[-111.88473074838765,40.295183700379972],[-111.8847291394415,40.295183093241],[-111.8847275363409,40.295182479778255],[-111.88472593789962,40.29518185819434],[-111.88472434529884,40.295181229386017],[-111.88472275735732,40.295180592456518],[-111.8847211740852,40.295179949207103],[-111.8847195954724,40.295179297836498],[-111.88471802269503,40.295178638340879],[-111.88471645576328,40.295177972521508],[-111.88471489466698,40.295177298577052],[-111.88471333823502,40.295176617412046],[-111.88471178764358,40.295175929022683],[-111.8847102417165,40.295175233412735],[-111.88470870280617,40.295174530574549],[-111.88470716855502,40.295173819615123],[-111.88470564014956,40.295173102331994],[-111.8847041175846,40.295172377824407],[-111.8847026020364,40.295171646088562],[-111.88470109115252,40.295170907132146],[-111.88469958728531,40.295170160947492],[-111.88469808807743,40.295169406641634],[-111.88469659589643,40.295168646908785],[-111.88469510955088,40.295167879050886],[-111.88469363022709,40.295167104865307],[-111.8846921567439,40.295166323455341],[-111.88469068910626,40.295165535721594],[-111.88468922730412,40.295164739862791],[-111.88468777369992,40.295163937672513],[-111.88468632476011,40.295163128261677],[-111.88468488402333,40.295162313419929],[-111.88468344912201,40.295161490453133],[-111.88468202006631,40.295160661162591],[-111.88468059920349,40.295159824639882],[-111.88467918418635,40.295158981793378],[-111.88467777619094,40.295158132619214],[-111.88467637521228,40.295157276216791],[-111.88467498125542,40.295156413486716],[-111.88467359314416,40.295155544432859],[-111.8846722132258,40.295154668146864],[-111.88467084032928,40.295153785533238],[-111.88466947445453,40.295152896591873],[-111.88466811560659,40.295152002223574],[-111.88466676495162,40.295151100623102],[-111.88466542013715,40.295150191798214],[-111.88466408470194,40.295149277538535],[-111.88466275393614,40.29514835695899],[-111.88466143136837,40.295147430047912],[-111.88466011817471,40.295146496801451],[-111.88465881082666,40.295145557231187],[-111.88465751167668,40.295144611329398],[-111.88465621955348,40.295143660000619],[-111.88465493562825,40.2951427023403],[-111.88465365872484,40.295141738352378],[-111.88465239119559,40.295140768028986],[-111.88465113069826,40.295139793179274],[-111.88464987721768,40.295138811101239],[-111.88464863311631,40.295137823588448],[-111.88464739603675,40.29513682974801],[-111.88464616833645,40.29513583047283],[-111.88464494648679,40.295134825774468],[-111.88464373401128,40.29513381474073],[-111.88464252973382,40.29513279737548],[-111.8846413336644,40.29513177547998],[-111.88464014579806,40.295130748153596],[-111.88463896612971,40.295129714495658],[-111.88463779465935,40.295128674506223],[-111.88463663139709,40.295127629986531],[-111.88463547751402,40.295126580032047],[-111.88463433183406,40.295125524646721],[-111.88463319435708,40.29512446383044],[-111.8846320650832,40.295123397583332],[-111.88463094518852,40.29512232590141],[-111.88462983467819,40.295121249685423],[-111.88462873119467,40.295120168042338],[-111.88462763708534,40.295119080063927],[-111.88462655118404,40.295117987555237],[-111.88462547466716,40.295116890512453],[-111.88462440870053,40.295115787130335],[-111.88462334859474,40.295114680126382],[-111.88462229903934,40.295113566783151],[-111.88462125887325,40.29511244980641],[-111.88462022691022,40.295111327398786],[-111.88461920433149,40.295110200457074],[-111.88461819113195,40.295109068080563],[-111.88461718731676,40.295107931169888],[-111.8846161905284,40.295106788832271],[-111.88461520548175,40.2951056428534],[-111.88461422864324,40.295104492344208],[-111.884613261189,40.295103337300944],[-111.88461230311398,40.295102176822923],[-111.88461135442833,40.29510101271137],[-111.88461041394066,40.295099842268307],[-111.88460948520485,40.295098669985279],[-111.88460856467206,40.295097492271339],[-111.88460765351854,40.295096309122655],[-111.88460675175939,40.29509512324114],[-111.88460586056071,40.295093932821551],[-111.88460497874634,40.295092737867883],[-111.88460410631623,40.295091538380035],[-111.88460324327551,40.295090335258777],[-111.88460239079528,40.295089127599446],[-111.8846015465332,40.295087917211134],[-111.88460071283163,40.295086702284841],[-111.88459988969055,40.295085482820561],[-111.88459907593882,40.295084259722749],[-111.88459827157639,40.295083032991435],[-111.88459747777955,40.295081802622768],[-111.88459669337205,40.295080568620605],[-111.88459591953003,40.295079330981061],[-111.88459515507233,40.295078088807415],[-111.88459440000906,40.295076843900866],[-111.88459365668241,40.295075594452499],[-111.8845929227502,40.295074342271214],[-111.88459219821236,40.295073087357075],[-111.88459148541118,40.295071827901076],[-111.8845907808282,40.295070565716074],[-111.88459008798695,40.295069299889846],[-111.88458940454014,40.295068031330658],[-111.88458873165881,40.295066759134208],[-111.88458806934808,40.295065484200983],[-111.88458741642674,40.295064205634269],[-111.88458677407591,40.295062924330828],[-111.88458614229066,40.295061639389999],[-111.88458552107089,40.295060350811809],[-111.88458491043185,40.29505906129814],[-111.88458430918216,40.295057768150961],[-111.88458371849795,40.295056471366401],[-111.88458313956561,40.295055172741883],[-111.88458257002766,40.295053871384503],[-111.88458201106033,40.295052567290384],[-111.88458146383971,40.295051260455629],[-111.88458092601351,40.295049950888057],[-111.88458039876292,40.295048639484357],[-111.88457988207786,40.295047324443246],[-111.88457937714973,40.29504600846284],[-111.88457888161089,40.29504468884889],[-111.88457839547151,40.295043367402748],[-111.88457792226012,40.295042044112726],[-111.88457745961932,40.295040718085978],[-111.88457700755419,40.295039390223089],[-111.88457656488345,40.295038059627373],[-111.88457613396449,40.295036727191665],[-111.88457571362119,40.295035392919836],[-111.88457530385347,40.295034056811915],[-111.88457490466148,40.29503271886788],[-111.88457451722125,40.295031379083866],[-111.88457414035162,40.295030036563098],[-111.88457377406262,40.295028693106879],[-111.88457341717309,40.295027347818412],[-111.88457307321156,40.295026000686065],[-111.88457273865455,40.295024652622153],[-111.88457241702049,40.295023301813728],[-111.88457210479595,40.295021950974345],[-111.88457180314202,40.295020597398207],[-111.88457151206876,40.295019242886596],[-111.88457123275236,40.295017887435613],[-111.88457096401159,40.295016530148551],[-111.88457070702772,40.295015171922138],[-111.8845704606245,40.295013812760239],[-111.88457022597308,40.295012451758375],[-111.88457000072621,40.295011089824861],[-111.88456978723613,40.295009726952003],[-111.88456958550299,40.295008363139843],[-111.88456939317432,40.295006998396062],[-111.8845692126025,40.2950056327129],[-111.88456904261132,40.295004266094267],[-111.88456888438212,40.29500289943693],[-111.88456873790973,40.2950015318402],[-111.88456860084185,40.295000163311869],[-111.88456847553091,40.294998793844215],[-111.8845683608005,40.294997423441075],[-111.88456825666098,40.294996053903688],[-111.88456816544939,40.294994682522507],[-111.88456808365244,40.294993312010916],[-111.88456801361238,40.294991940560017],[-111.88456795415293,40.29499056817361],[-111.88456790646048,40.294989196649091],[-111.88456786934873,40.294987824189143],[-111.88456784282265,40.294986451694299],[-111.88456782805848,40.29498507916076],[-111.88456782388006,40.294983706592369],[-111.88456807972965,40.294766381135091],[-111.88422611597368,40.294766434694047]]]},"properties":{"GlobalID":"{BA0FD430-9908-47ED-9E17-AB4825AF9E6D}","OBJECTID":105,"PARKID":5,"TYPE":"Public Park","NAME":"Lakewood Park","COMMONNAME":"Plat E (Lake Vista Park)","ADDRESS":"3696 S LAKE MOUNTAIN DR","USE_":"Recreation","STATUS":"Constructed","RESERVABLE":"No","PATH":"Yes","BATHROOM":"No","DRINKINGFNTN":"Yes","PAVILION":1,"TABLES":2,"BBQGRILLS":0,"FIREPIT":0,"BENCHES":1,"PLAYGRNDTOT":"No","PLAYGRNDSCHL":"Yes","SWINGSET":"Yes","BBALLCOURT":"No","TENNISCOURT":"No","VBALLCOURT":"Yes","HORSESHOES":"No","ADDAMENITIES":" ","OWNEDBY":"City","MAINTBY":"City","AREA_SQFT":40034.120558909999,"AREA_ACRES":0.91905694999999998,"LASTUPDATE":null,"LASTEDITOR":null,"NOTES":null,"FACILITYID":"627","PARKINGTYPE":"None","PARKINGNUMSTALLS":0,"BOATING":null,"HASPAVILION":null,"HASTABLES":null,"HASBBQGRILLS":null,"HASFIREPIT":null,"HASBENCHES":null,"BASEBALL":null,"FISHING":null,"URL":null,"PICURL":null,"created_user":null,"created_date":null,"last_edited_user":"BGIBSON","last_edited_date":1767747226000,"YEARBUILT":2000,"PHRAGMITES":null,"HASPICKLE":null,"TRAILHEAD":null,"Shape.STArea()":40034.120558911221,"Shape.STLength()":870.89518462554099}},{"type":"Feature","id":109,"geometry":{"type":"Polygon","coordinates":[[[-111.88992523109835,40.303848405875925],[-111.88992524411503,40.303848419342096],[-111.89000531092111,40.303931423653616],[-111.89071314365724,40.303723540980599],[-111.89067879021832,40.303672387707394],[-111.89065019885933,40.303631787795666],[-111.89062068513583,40.303591577336086],[-111.8905902596976,40.30355176710011],[-111.89055893085198,40.303512369668248],[-111.89052670925373,40.303473396712491],[-111.89049360555246,40.303434859004312],[-111.89045962688921,40.303396770929346],[-111.89042478508458,40.303359142354388],[-111.89038909196942,40.303321984947509],[-111.89035255584541,40.303285310388624],[-111.89031519089075,40.303249129437226],[-111.89027700657815,40.303213452868604],[-111.89023801356183,40.303178292354765],[-111.89019822719082,40.303143657750731],[-111.89015765459024,40.303109560740239],[-111.89011631346153,40.303076011170447],[-111.89007421326686,40.303043018015387],[-111.89003136701771,40.303010593839808],[-111.88998778769474,40.302978745804715],[-111.88994349065162,40.302947484665793],[-111.88989848653671,40.302916821194358],[-111.88985279068818,40.302886763444235],[-111.88980641610165,40.302857321278353],[-111.88975937811519,40.302828502750486],[-111.88971169090067,40.302800317719687],[-111.88966336743806,40.302772773346973],[-111.88961442424652,40.302745878582982],[-111.88961334295628,40.302747079142975],[-111.88961232478783,40.302748209242338],[-111.88961191213805,40.302748666343646],[-111.88961130543788,40.302749338445018],[-111.88961028608793,40.302750467647634],[-111.88960926555647,40.302751595953559],[-111.88960824502497,40.302752724259499],[-111.88960722331713,40.302753852569325],[-111.88960620160414,40.302754979978516],[-111.88960544409058,40.30275581649979],[-111.88960517989111,40.302756107387722],[-111.88960415700174,40.302757234800829],[-111.88960313293086,40.302758361317231],[-111.88960210886509,40.302759488734225],[-111.88960108361272,40.302760614353907],[-111.8896000583603,40.302761739973562],[-111.88959903310781,40.302762865593223],[-111.88959800667902,40.302763991216771],[-111.88959697907384,40.302765116844292],[-111.88959595146353,40.302766241571121],[-111.88959492384802,40.30276736539733],[-111.88959389505617,40.302768489227461],[-111.88959286509309,40.302769613962127],[-111.88959183511976,40.302770736895539],[-111.88959080514636,40.30277185982893],[-111.88958977399663,40.302772982766221],[-111.88958874284681,40.30277410570352],[-111.88958771051553,40.302775227744092],[-111.88958667701303,40.302776350689236],[-111.8895856446766,40.302777471829181],[-111.8895846111638,40.302778592973048],[-111.88958357647456,40.302779714120803],[-111.88958254178026,40.302780834367944],[-111.88958150591466,40.302781955519634],[-111.88958047004397,40.30278307577067],[-111.88957943299175,40.302784195124985],[-111.88957839593949,40.302785314479323],[-111.88957735771089,40.302786433837525],[-111.88957631947716,40.302787552295122],[-111.88957528124844,40.302788671653346],[-111.88957424183833,40.302789790114815],[-111.88957320124668,40.302790907679629],[-111.88957216183128,40.302792025240429],[-111.88957112006328,40.302793142809136],[-111.88957007829524,40.302794260377816],[-111.8895690353457,40.302795377049797],[-111.88956799239098,40.302796492821152],[-111.88956694943623,40.302797608592435],[-111.88956590530515,40.302798724367669],[-111.88956539318457,40.30279927276537],[-111.88956486117404,40.302799840142903],[-111.88956381586655,40.302800955922038],[-111.88956276938268,40.302802071705074],[-111.88956172288854,40.302803185686876],[-111.88956067757071,40.302804299664757],[-111.88955962990016,40.302805413650404],[-111.88955858104816,40.302806526739424],[-111.88955753337761,40.302807640725071],[-111.8895564833492,40.302808753817978],[-111.8895554344971,40.302809866906912],[-111.88955438446345,40.302810979099156],[-111.88955333325355,40.302812091295301],[-111.88955228203839,40.302813202590805],[-111.8895512296521,40.302814314790893],[-111.88955017843692,40.302815426086397],[-111.8895491248639,40.302816536489082],[-111.88954807129092,40.302817646891768],[-111.88954701771786,40.30281875729446],[-111.88954596296841,40.302819867701025],[-111.88954490703755,40.302820977210921],[-111.8895438522778,40.302822085816253],[-111.88954279516537,40.302823194429422],[-111.88954173805803,40.30282430394319],[-111.88954068094557,40.302825412556345],[-111.88953962265161,40.302826520272795],[-111.88953856435759,40.302827627989181],[-111.88953750488213,40.302828734808926],[-111.88953644541172,40.302829842529206],[-111.88953538475984,40.302830949352803],[-111.88953432410793,40.302832056176442],[-111.88953326345083,40.302833162099432],[-111.88953220043599,40.302834267129569],[-111.88953113860255,40.302835373056446],[-111.8895300755927,40.302836478987189],[-111.88952901140138,40.302837584021283],[-111.88952794838127,40.302838688150779],[-111.88952688183207,40.302839792292033],[-111.88952581763046,40.302840895524845],[-111.88952475108121,40.302841999666079],[-111.88952368570828,40.302843103803369],[-111.8895226179724,40.30284420614727],[-111.88952155023655,40.302845308491172],[-111.88952048250063,40.302846410835009],[-111.88951941359346,40.302847514083453],[-111.88951834467599,40.302848615530593],[-111.88951771665161,40.302849261583887],[-111.88951727458222,40.302849716981626],[-111.88951620448321,40.302850817532097],[-111.88951513438423,40.302851918082524],[-111.88951406193766,40.302853019541359],[-111.88951299065711,40.302854119195061],[-111.8895119182003,40.302855218852663],[-111.8895108457485,40.302856319410886],[-111.88951081065338,40.302856353752311],[-111.88950977092864,40.302857417275057],[-111.88950869729534,40.302858516936553],[-111.88950762248052,40.302859615701358],[-111.8895065464843,40.302860713569423],[-111.88950547048796,40.302861811437467],[-111.88950439449161,40.302862909305489],[-111.88950331731891,40.30286400717749],[-111.88950224014107,40.302865104148815],[-111.88950116178169,40.302866200223406],[-111.88950008342233,40.302867296298018],[-111.88949900388658,40.302868392376546],[-111.88949792435078,40.302869488455023],[-111.88949684363354,40.302870583636846],[-111.88949576409262,40.302871678814661],[-111.88949468102261,40.302872774004285],[-111.88949360030011,40.302873868285403],[-111.88949251722494,40.302874962574379],[-111.88949143414462,40.302876055962706],[-111.88949034988794,40.302877149354956],[-111.8894892668024,40.302878241842627],[-111.88948818254563,40.302879335234849],[-111.8894870959362,40.302880428634914],[-111.88948601049282,40.302881520229768],[-111.88948492387304,40.302882611828544],[-111.88948383725327,40.302883703427305],[-111.88948274945196,40.302884794129376],[-111.88948166165576,40.302885885732046],[-111.88948057267297,40.302886975537362],[-111.88947948369527,40.302888066243341],[-111.88947839353604,40.302889156052565],[-111.88947730454802,40.30289024495724],[-111.88947621321759,40.302891335671013],[-111.88947512187171,40.302892423682835],[-111.88947403053092,40.302893512595396],[-111.88947293800864,40.302894600611154],[-111.88947184431004,40.302895688630834],[-111.88947075061139,40.302896776650506],[-111.88946965573122,40.302897863773431],[-111.88946893751292,40.302898577675371],[-111.88946856202739,40.30289895089247],[-111.88946746714201,40.30290003711476],[-111.88946637108543,40.302901124241636],[-111.8894652750237,40.302902210467835],[-111.8894641789568,40.302903295793421],[-111.88946308053724,40.302904381126815],[-111.88946198565171,40.302905467349106],[-111.88946173412435,40.302905711361092],[-111.88946088369285,40.302906550892978],[-111.88945978526802,40.302907635325724],[-111.88945868566172,40.302908718861765],[-111.88945758606056,40.302909803298419],[-111.88945648527273,40.302910885937742],[-111.88945538331367,40.302911969481585],[-111.88945428253092,40.302913053021477],[-111.88945317938521,40.302914134768002],[-111.88945207742096,40.302915217411183],[-111.88945097309887,40.302916299161559],[-111.88944986995305,40.302917380908035],[-111.88944876444947,40.302918461761742],[-111.88944766012214,40.302919542611455],[-111.88944655461337,40.302920622564478],[-111.8894454491045,40.302921702517509],[-111.88944434124808,40.302922783378961],[-111.88944323455776,40.302923862435257],[-111.88944212669105,40.302924941495455],[-111.88944101882429,40.302926020555624],[-111.88943990978119,40.302927099619744],[-111.88943880073293,40.302928177783222],[-111.88943768932684,40.302929255053861],[-111.88943658027333,40.30293033231667],[-111.88943546886725,40.302931409587323],[-111.88943435746104,40.302932486857976],[-111.88943324487337,40.302933563231889],[-111.88943213228569,40.302934639605773],[-111.88943101851645,40.302935715082974],[-111.88942990474725,40.302936790560167],[-111.88942879097793,40.302937866037318],[-111.88942767603238,40.302938941518399],[-111.88942656108159,40.302940016098894],[-111.88942544494931,40.302941089782614],[-111.88942432764583,40.302942164370847],[-111.88942321151349,40.30294323805456],[-111.88942209302333,40.302944310845469],[-111.88942097570948,40.302945383632462],[-111.88941985604295,40.302946456427286],[-111.88941874108167,40.302947529206399],[-111.88941761787581,40.302948600211685],[-111.88941649702772,40.302949672109804],[-111.88941537735079,40.302950743103303],[-111.8894142553212,40.302951814104624],[-111.88941313329153,40.302952885106023],[-111.88941201125674,40.302953955206689],[-111.88941161813078,40.302954329383056],[-111.88941088804556,40.302955025311284],[-111.88940976482922,40.302956094515253],[-111.88940864043656,40.302957163723178],[-111.88940751604382,40.302958232931012],[-111.88940639164593,40.302959301238282],[-111.88940526607165,40.302960369549425],[-111.88940413814471,40.302961437868376],[-111.88940301256532,40.30296250527892],[-111.88940188463317,40.30296357269723],[-111.88940075670101,40.302964640115547],[-111.8893996287637,40.302965706633202],[-111.88939850082635,40.302966773150885],[-111.88939737053116,40.302967838775807],[-111.88939624023085,40.302968903500023],[-111.88939510993561,40.30296996912486],[-111.88939397845888,40.302971033852998],[-111.8893928469821,40.302972098581151],[-111.88939171432899,40.302973163313169],[-111.88939058167074,40.302974227144588],[-111.88938945018361,40.302975290071409],[-111.88938831517261,40.302976353910644],[-111.88938718133281,40.302977416845316],[-111.88938604631146,40.302978478883233],[-111.88938491129521,40.302979541821777],[-111.8893837750975,40.302980603863631],[-111.88938263889465,40.302981665004843],[-111.88938150151543,40.302982726149978],[-111.88938036413612,40.302983787295084],[-111.88937922557534,40.302984847543449],[-111.88937808701459,40.302985907791836],[-111.88937694845374,40.302986968040209],[-111.88937580871143,40.302988027391862],[-111.88937466896908,40.302989086743494],[-111.88937352804528,40.302990145198379],[-111.88937238712649,40.302991204553948],[-111.88937124502117,40.302992262112127],[-111.88937010291576,40.3029933196703],[-111.889368959634,40.302994377232402],[-111.88936781753368,40.302995435691187],[-111.88936667188894,40.302996491459822],[-111.88936552742565,40.302997548125205],[-111.88936438295721,40.302998603889911],[-111.88936323731747,40.302999660559145],[-111.88936209166751,40.303000715427167],[-111.88936094484627,40.303001771199654],[-111.88936040887847,40.303002263836099],[-111.88935979801475,40.30300282517095],[-111.88935865001201,40.303003880046745],[-111.88935750200925,40.303004934922534],[-111.88935635281987,40.303005988000969],[-111.88935520363042,40.30300704107939],[-111.88935405444097,40.303008094157782],[-111.88935290407514,40.303009147240132],[-111.88935175253295,40.303010200326362],[-111.8893506021568,40.303011251607408],[-111.88934944942798,40.303012302896271],[-111.88934829788057,40.303013355081852],[-111.88934714397534,40.303014406374629],[-111.88934599124129,40.303015456762843],[-111.8893448373309,40.303016507155029],[-111.88934368106774,40.303017557554959],[-111.88934252715215,40.303018607046418],[-111.88934137088386,40.303019656545736],[-111.88934021461037,40.303020705144412],[-111.88933905833689,40.303021753743089],[-111.88933790088704,40.303022802345623],[-111.889336743432,40.303023850047566],[-111.88933558480061,40.303024897753396],[-111.88933442616413,40.303025944558648],[-111.88933326635629,40.30302699226835],[-111.88933210771971,40.303028039073524],[-111.88933094672528,40.303029084985901],[-111.88932978573084,40.303030130898293],[-111.88932862473632,40.303031176810656],[-111.88932746256036,40.303032221826278],[-111.88932629920802,40.303033266845844],[-111.88932513702684,40.303034310960811],[-111.88932397367444,40.303035355980342],[-111.88932280913542,40.303036399202547],[-111.88932164459634,40.303037442424731],[-111.88932048005725,40.303038485646887],[-111.88931931434185,40.303039528872958],[-111.8893181474449,40.30304057120226],[-111.88931698054792,40.303041613531626],[-111.88931581364579,40.303042654960322],[-111.8893157925794,40.303042673944034],[-111.8893146455673,40.303043696392955],[-111.88931347748877,40.303044737825523],[-111.88931230822872,40.303045778361415],[-111.88931113896869,40.303046818897272],[-111.88930996852716,40.303047858536452],[-111.8893087980907,40.303048899076202],[-111.88930808061022,40.303049536419991],[-111.88930762764394,40.30304993781467],[-111.88930645602083,40.303050976557103],[-111.88930528439774,40.303052015299485],[-111.88930411277458,40.303053054041897],[-111.88930293879359,40.303054091891482],[-111.88930176481254,40.303055129741047],[-111.88930059200273,40.303056166686069],[-111.88929941684532,40.303057204539535],[-111.88929824167762,40.303058240591746],[-111.8892970665099,40.303059276643936],[-111.8892958901658,40.303060312700062],[-111.88929471264535,40.303061348760039],[-111.88929353629608,40.303062383915524],[-111.88929235758897,40.303063418178205],[-111.88929118005812,40.303064452436921],[-111.88929000135097,40.303065486699545],[-111.88928882146743,40.30306652096607],[-111.88928764157876,40.303067554331953],[-111.88928646168492,40.303068586797238],[-111.8892852806198,40.303069620166994],[-111.88928409837327,40.303070652640152],[-111.88928291729782,40.303071684208653],[-111.88928173386974,40.303072715785],[-111.88928055161793,40.303073747357416],[-111.88927936818465,40.303074778033107],[-111.889278183575,40.303075808712677],[-111.88927700014165,40.303076839388368],[-111.88927581435046,40.303077869171275],[-111.8892746297356,40.303078898950204],[-111.88927344276289,40.303079927836315],[-111.88927225579016,40.303080956722503],[-111.88927106881739,40.303081985608621],[-111.88926988183948,40.303083013594105],[-111.88926869368515,40.303084041583475],[-111.88926750434939,40.30308506867614],[-111.8892663150187,40.303086096669425],[-111.88926512567771,40.303087122861449],[-111.88926393516043,40.303088149057366],[-111.88926274346669,40.303089175257242],[-111.88926262173243,40.303089281938625],[-111.88926155412564,40.303090201449201],[-111.88926036125039,40.303091226752336],[-111.88925916955147,40.303092252051478],[-111.88925797666597,40.303093275553316],[-111.88925678261431,40.303094300860302],[-111.88925558972868,40.303095324362125],[-111.88925439213264,40.303096346978975],[-111.88925319925205,40.303097371381369],[-111.88925200519002,40.303098394887058],[-111.88925080876507,40.303099416599309],[-111.88924961234008,40.303100438311546],[-111.88924841592011,40.303101460924417],[-111.88924721831869,40.303102482640583],[-111.8892460195358,40.303103503460036],[-111.88924482075286,40.303104524279426],[-111.88924362196481,40.303105544198175],[-111.88924242318183,40.303106565017593],[-111.88924122203586,40.30310758404358],[-111.88924002207133,40.303108603966223],[-111.88923882092533,40.303109622992139],[-111.88923761860293,40.303110642021949],[-111.88923641744665,40.303111659246674],[-111.88923521511907,40.303112677375822],[-111.88923401160997,40.303113694608321],[-111.88923280810602,40.303114712741404],[-111.88923160341547,40.303115729077135],[-111.88923039872482,40.303116745412893],[-111.88922919285783,40.303117761752524],[-111.88922798816719,40.303118778088226],[-111.88922678111358,40.303119792630469],[-111.88922435994824,40.303121821738529],[-111.88922434930495,40.303121811866951],[-111.88922275120977,40.303123153744529],[-111.88922154297966,40.303124168290672],[-111.88922033356296,40.303125181039483],[-111.88921912415128,40.303126194688879],[-111.8892179135582,40.303127207441577],[-111.88921670414142,40.303128220190345],[-111.88921549236674,40.303129232046281],[-111.8892142805921,40.303130243902238],[-111.88921306999373,40.303131255754266],[-111.88921185703239,40.303132265812863],[-111.88921064289477,40.303133275875382],[-111.88921055040994,40.303133354539355],[-111.8892094299385,40.303134286834535],[-111.88920821697705,40.303135296893103],[-111.88920700048664,40.303136306963431],[-111.88920578634369,40.303137316125223],[-111.88920457101929,40.303138324390318],[-111.88920335452359,40.303139333559962],[-111.88920213801768,40.303140340928316],[-111.88920092151676,40.303141349197276],[-111.88919970383448,40.303142356569545],[-111.88919848497572,40.303143363945729],[-111.88919802131886,40.303143747362732],[-111.88919726611186,40.303144370421265],[-111.88919604724794,40.303145376896765],[-111.88919482720772,40.303146383376166],[-111.88919360715713,40.303147388054313],[-111.88919238711169,40.303148393633123],[-111.88919116470841,40.3031493983191],[-111.8891899434814,40.303150403001119],[-111.88918872224932,40.303151406782561],[-111.88918749866444,40.303152410571748],[-111.88918627507447,40.303153413460343],[-111.88918505266589,40.303154417245644],[-111.88918382789953,40.30315542013809],[-111.88918260312796,40.303156422129938],[-111.88918137835634,40.303157424121743],[-111.8891801524084,40.303158426117513],[-111.88917892527897,40.303159427216542],[-111.88917769814439,40.303160427414895],[-111.88917647219122,40.303161428509945],[-111.88917524388026,40.303162428712234],[-111.88917401439286,40.303163428918367],[-111.88917278607154,40.303164427319373],[-111.88917155658416,40.303165427525535],[-111.88917032708645,40.303166425930421],[-111.88916909758869,40.303167424335278],[-111.88916786690946,40.303168421843395],[-111.88916663505901,40.303169420256083],[-111.88916540319822,40.303170416867509],[-111.88916417134259,40.303171414379534],[-111.88916293830542,40.303172410994868],[-111.88916170408677,40.303173406713434],[-111.88916047104442,40.303174402428098],[-111.88915923682065,40.303175397246051],[-111.88915800142551,40.303176392968503],[-111.88915676602532,40.303177387790278],[-111.88915552826214,40.303178380818714],[-111.88915533154942,40.303178541788306],[-111.88915429403816,40.303179375636574],[-111.88915305745635,40.303180369561652],[-111.88915182086944,40.303181362586088],[-111.88915058192981,40.303182355618361],[-111.88914934298502,40.303183347750007],[-111.88914810521652,40.303184339877689],[-111.8891468650953,40.303185332013207],[-111.88914562496896,40.303186323248056],[-111.88914438484255,40.303187314482948],[-111.88914314471103,40.303188304817155],[-111.88914248072984,40.303188834805312],[-111.8891419022268,40.303189295159257],[-111.88914066091884,40.303190285497337],[-111.88913941842941,40.303191274938754],[-111.88913817593993,40.303192264380137],[-111.88913693226897,40.303193252924814],[-111.88913568859799,40.303194241469434],[-111.88913444375063,40.303195230017998],[-111.88913320006934,40.303196216761371],[-111.88913195404045,40.303197204413159],[-111.88913070800642,40.303198191164327],[-111.88912946197235,40.303199177915552],[-111.88912821476194,40.303200164670614],[-111.8891269675463,40.30320115052502],[-111.88912571914926,40.303202135482763],[-111.88912447193354,40.303203121337177],[-111.88912322235501,40.30320410539813],[-111.88912197278148,40.303205090359704],[-111.88912072320279,40.303206074420643],[-111.88911947361896,40.30320705758097],[-111.88911822285878,40.303208040745183],[-111.88911697092219,40.303209023913311],[-111.88911571898052,40.303210006180805],[-111.88911446703875,40.303210988448264],[-111.88911321274429,40.303211970723552],[-111.88911196079738,40.303212952090369],[-111.88911070649264,40.303213932564368],[-111.88910945219295,40.303214913938994],[-111.88910819671176,40.303215894416887],[-111.88910694240177,40.303216873990245],[-111.88910568691544,40.303217853567503],[-111.8891044302527,40.303218833148648],[-111.88910317358483,40.30321981182918],[-111.88910191691183,40.303220789609057],[-111.88910065789119,40.303221768297362],[-111.88909939767888,40.303222744287751],[-111.88909906507419,40.303223004780499],[-111.88909814101085,40.303223722968177],[-111.88909688197991,40.303224699855214],[-111.88909562177257,40.303225676746166],[-111.88909436156013,40.303226652736434],[-111.8890931013476,40.303227628726724],[-111.8890918399587,40.3032286047209],[-111.88909057856465,40.303229579814435],[-111.88908931598915,40.303230554011279],[-111.88908805341362,40.303231528208094],[-111.88908678966166,40.30323250240879],[-111.88908594754739,40.303233150974023],[-111.8890855259046,40.303233475708907],[-111.88908426214748,40.30323444900894],[-111.88908299721405,40.30323542231293],[-111.88908173227539,40.30323639471623],[-111.8890804673316,40.303237366218902],[-111.88907920003513,40.303238337729418],[-111.88907793391493,40.303239309235998],[-111.88907666661834,40.303240280746472],[-111.88907539931665,40.30324125135634],[-111.88907413083855,40.303242221970059],[-111.88907286235536,40.30324319168318],[-111.88907159386694,40.303244160495638],[-111.88907032302588,40.303245129315904],[-111.88906905336619,40.303246099032904],[-111.88906778251989,40.303247066952544],[-111.88906651284989,40.303248034868268],[-111.88906524082724,40.303249002791773],[-111.88906396879938,40.303249969814644],[-111.88906269677156,40.303250936837529],[-111.88906142356218,40.303251902963666],[-111.88906014917646,40.303252869093704],[-111.88905887596704,40.303253835219834],[-111.88905760157607,40.303254800449217],[-111.88905632600368,40.303255764781923],[-111.88905505043128,40.30325672911458],[-111.8890537748639,40.303257694347849],[-111.88905249928629,40.303258657779828],[-111.88905122135593,40.303259621219681],[-111.88904994342046,40.30326058375887],[-111.88904866666643,40.303261547194758],[-111.88904738755451,40.303262509737834],[-111.8890461096138,40.303263471376368],[-111.88904482931531,40.303264432122056],[-111.88904355020328,40.30326539466509],[-111.88904226872836,40.303266355414685],[-111.88904180838385,40.303266700993071],[-111.8890409884246,40.303267315259745],[-111.88903970812085,40.303268275104728],[-111.88903842546438,40.303269234957639],[-111.88903714280269,40.303270193909825],[-111.88903586014104,40.303271152862017],[-111.88903457747935,40.303272111814245],[-111.88903329363613,40.303273069869675],[-111.8890320097878,40.303274027024528],[-111.8890307247682,40.303274985083867],[-111.88902943973831,40.30327594134193],[-111.88902815235569,40.303276897607837],[-111.88902686850724,40.303277854762626],[-111.88902558112457,40.30327881102852],[-111.88902429373168,40.303279765493087],[-111.88902300634894,40.303280721758959],[-111.88902171895086,40.303281675322893],[-111.88902043038661,40.303282630692017],[-111.88901914063065,40.303283583363132],[-111.8890178508849,40.303284537835559],[-111.88901656113399,40.303285491407266],[-111.88901527137281,40.303286443177718],[-111.88901398044545,40.303287396753348],[-111.88901268833158,40.303288348531602],[-111.88901139621248,40.303289299409236],[-111.88901010409847,40.303290251187512],[-111.88900881080299,40.303291202069026],[-111.88900751867872,40.303292152045991],[-111.88900622420169,40.303293102030757],[-111.88900492972466,40.303294052015524],[-111.88900363524759,40.303295002000283],[-111.8890023395839,40.303295950187696],[-111.88900104392535,40.303296899275736],[-111.88899974708525,40.303297847467014],[-111.88899845141633,40.303298794753744],[-111.88899715457619,40.303299742945001],[-111.88899585654943,40.303300689338954],[-111.88899455852778,40.303301636633414],[-111.88899325932464,40.303302583031275],[-111.88899196129262,40.303303528524481],[-111.88899066090798,40.30330447402558],[-111.88898936052324,40.303305419526652],[-111.88898806013336,40.303306364127032],[-111.88898675973834,40.303307307826834],[-111.88898545817206,40.303308252431115],[-111.88898415660064,40.303309196134762],[-111.88898356145292,40.3033096259215],[-111.88898285384775,40.303310138941711],[-111.88898154991846,40.303311081752533],[-111.88898024716548,40.303312024559418],[-111.888978943231,40.303312966469647],[-111.88897763929647,40.303313908379813],[-111.88897633418048,40.303314849393225],[-111.88897502906447,40.30331579040665],[-111.88897372276696,40.30331673052337],[-111.88897241764575,40.303317670636147],[-111.88897111017185,40.303318610756754],[-111.88896980268763,40.303319549076079],[-111.88896849521362,40.303320489196622],[-111.88896718772941,40.303321427515904],[-111.88896587789246,40.303322365843037],[-111.88896456922156,40.30332330236498],[-111.88896325938454,40.303324240692064],[-111.88896195071354,40.303325177213949],[-111.88896063969496,40.303326114644314],[-111.88895932867129,40.303327051174001],[-111.88895801764239,40.303327986803083],[-111.88895670543209,40.303328921535446],[-111.88895539205043,40.303329857172294],[-111.88895407984008,40.303330791904614],[-111.88895276644816,40.303331725740186],[-111.88895145187988,40.303332659579667],[-111.8889501384879,40.303333593415253],[-111.88894882391445,40.303334526354107],[-111.88894750816462,40.303335459296832],[-111.88894619240963,40.303336391338924],[-111.88894487665463,40.303337323380966],[-111.88894355972326,40.303338255426958],[-111.88894224278671,40.303339186572323],[-111.8889409246687,40.303340116820934],[-111.88893960655572,40.303341047970136],[-111.8889382884325,40.303341977318084],[-111.8889369703093,40.303342906666067],[-111.88893564983846,40.303343836922451],[-111.88893432935734,40.303344765377567],[-111.88893301005251,40.303345693828796],[-111.88893168956628,40.303346621383255],[-111.8889303679087,40.303347549842236],[-111.88892904624089,40.303348476499934],[-111.88892772339673,40.30334940316159],[-111.88892640055249,40.303350329823189],[-111.88892507770315,40.303351255584168],[-111.88892435827749,40.303351758736348],[-111.88892375367739,40.303352181349055],[-111.88892242965161,40.303353107113928],[-111.88892110444435,40.303354031982032],[-111.88891977923195,40.303354955949551],[-111.88891845402462,40.303355880817634],[-111.88891712881214,40.303356804785082],[-111.88891580241309,40.30335772695522],[-111.88891447484784,40.303358650930491],[-111.88891314727233,40.303359573104501],[-111.88891181969684,40.30336049527844],[-111.88891049212125,40.303361417452443],[-111.8889103761142,40.303361497095146],[-111.88890916218278,40.303362337832972],[-111.88890783342569,40.303363259110228],[-111.88890650349218,40.303364180391341],[-111.88890517237731,40.303365100775736],[-111.88890384242843,40.303366019354968],[-111.8889025113134,40.303366939739313],[-111.88890118018811,40.303367858322424],[-111.88889984671013,40.303368776913381],[-111.88889851558483,40.303369695496436],[-111.88889718210167,40.303370613186708],[-111.88889584861843,40.303371530876973],[-111.88889451395376,40.303372447670462],[-111.88889317928901,40.303373364463994],[-111.88889184579547,40.303374280352962],[-111.88889050994923,40.303375196249739],[-111.88888917410299,40.303376112146459],[-111.88888783824642,40.303377026241954],[-111.88888650122375,40.303377942142632],[-111.88888516419078,40.30337885624197],[-111.88888382597632,40.303379769444639],[-111.8888824889433,40.303380683544006],[-111.88888114954737,40.303381595849892],[-111.88887981133279,40.303382509052476],[-111.88887847193679,40.30338342135839],[-111.8888771313644,40.303384333668163],[-111.88887579078173,40.30338524417666],[-111.88887445020924,40.303386156486432],[-111.8888731096214,40.303387066094267],[-111.88887176668594,40.303387976610537],[-111.88887042492682,40.303388887122928],[-111.88886908198104,40.303389795837923],[-111.88886773904039,40.303390705453545],[-111.88886639491825,40.30339161417244],[-111.88886505079094,40.303392521990709],[-111.88886421759742,40.303393084963552],[-111.88886370666361,40.30339342980897],[-111.88886236253622,40.303394337627154],[-111.88886101605617,40.303395245453203],[-111.88885967074216,40.303396151474061],[-111.88885832425687,40.30339705839949],[-111.88885697776138,40.303397963523565],[-111.88885563009457,40.303398869552204],[-111.88885428242263,40.303399774680223],[-111.8888529335692,40.303400678911515],[-111.88885158589207,40.303401583138843],[-111.88885023822519,40.303402489167397],[-111.88884987960631,40.303402726329338],[-111.88884888700876,40.303403391605215],[-111.88884753696864,40.303404294039112],[-111.88884618693353,40.303405197373586],[-111.88884483454068,40.303406099815277],[-111.88884348449535,40.303407001348489],[-111.8888421320973,40.303407902889475],[-111.88884077969921,40.303408804430511],[-111.88883942729086,40.303409704170242],[-111.88883807371124,40.303410604814488],[-111.88883672012651,40.303411504558106],[-111.88883536654679,40.303412405202366],[-111.88883401178053,40.303413304049222],[-111.88883265700908,40.303414201995494],[-111.88883130106639,40.303415100846223],[-111.88882994511854,40.303415998796368],[-111.88882858916561,40.303416895845849],[-111.88882723204129,40.303417793799824],[-111.88882587490681,40.303418689952565],[-111.88882451659596,40.303419586109229],[-111.88882315946138,40.303420482261934],[-111.88882179879261,40.303421377525709],[-111.88882044047652,40.30342227278171],[-111.88881908098405,40.303423168041547],[-111.8888177214813,40.303424061500131],[-111.88881636080731,40.303424955863264],[-111.88881500012818,40.303425849325741],[-111.88881363827268,40.303426742792126],[-111.88881227641203,40.303427635357863],[-111.8888109145513,40.303428527923593],[-111.88880955150914,40.303429419592582],[-111.88880818846179,40.303430310360937],[-111.8888068242432,40.303431202033799],[-111.88880546119069,40.303432091901513],[-111.88880409579059,40.303432982677641],[-111.8888027327482,40.303433874346538],[-111.88880136615637,40.303434762424686],[-111.88880000074595,40.303435651399511],[-111.88879863297767,40.303436539481574],[-111.88879726638569,40.303437427559651],[-111.88879589979884,40.303438316538333],[-111.88879453202023,40.303439202819071],[-111.88879316424671,40.303440090000386],[-111.88879179529681,40.303440977185609],[-111.88879042869955,40.303441864363016],[-111.88879020599329,40.303442005604374],[-111.88878905738154,40.303442748854174],[-111.888787687245,40.303443634241987],[-111.88878631710841,40.303444519629835],[-111.88878494578525,40.303445403220323],[-111.88878357564853,40.303446288608129],[-111.88878220314892,40.303447172202482],[-111.88878083064931,40.303448055796814],[-111.88877945814451,40.303448938490554],[-111.88877808446338,40.303449821188131],[-111.88877671195853,40.303450703881794],[-111.88877533826704,40.303451584778109],[-111.88877396339926,40.303452465678362],[-111.88877258853648,40.303453347479184],[-111.88877121366345,40.303454227478724],[-111.88876983761405,40.303455107482144],[-111.88876846156465,40.303455987485599],[-111.88876708433376,40.303456866592327],[-111.88876570827915,40.30345774569512],[-111.88876432986676,40.303458623905087],[-111.88876295263059,40.303459502111124],[-111.88876157421814,40.303460380321027],[-111.88876019580047,40.30346125763036],[-111.88875881620133,40.303462134042917],[-111.88875743660216,40.303463010455431],[-111.88875605582665,40.303463886871931],[-111.88875467504597,40.303464762387726],[-111.88875329543646,40.303465636998972],[-111.8887519134794,40.303466512518654],[-111.88875053151203,40.30346738623706],[-111.88874914837345,40.303468260860036],[-111.88874776640598,40.3034691345784],[-111.88874638325709,40.303470007400044],[-111.88874500010817,40.303470880221695],[-111.88874361460138,40.303471752150529],[-111.88874223027092,40.303472624075461],[-111.88874084594043,40.303473496000294],[-111.88873946042847,40.303474367028485],[-111.88873807491642,40.303475238056613],[-111.88873668704657,40.303476108191916],[-111.88873530152429,40.303476977418789],[-111.88873391365436,40.303477847554078],[-111.88873252695564,40.303478716784817],[-111.88873113790423,40.303479586023371],[-111.88872975001885,40.303480453456729],[-111.88872836095715,40.303481320893987],[-111.88872697190051,40.303482189231879],[-111.88872558283357,40.303483055768488],[-111.88872419260055,40.303483924110225],[-111.88872280117066,40.303484788853353],[-111.88872140974586,40.303485654497123],[-111.88802771497474,40.303917203953432],[-111.88802771379835,40.30391720395734],[-111.8880276985722,40.303917215716268],[-111.88802766108741,40.303917243760701],[-111.88802732482885,40.303917483547693],[-111.88802512106035,40.303919067891556],[-111.88802635087406,40.303918119933982],[-111.88802700715193,40.303917680942774],[-111.88802766108741,40.303917243760701],[-111.88778289208274,40.304069511149123],[-111.88778320758171,40.30406934438377],[-111.88778292735277,40.304069507429489],[-111.88684824687485,40.304650954272724],[-111.88684612976611,40.304652269915607],[-111.88684473828879,40.304653134636069],[-111.88684334445873,40.304653999364326],[-111.8868419506184,40.304654862291244],[-111.8868405567781,40.304655725218204],[-111.88683916176137,40.304656588149058],[-111.88683776673952,40.304657450179228],[-111.88683637171259,40.304658311308756],[-111.88683497550917,40.304659172442186],[-111.88683357812435,40.304660032678882],[-111.8868321807395,40.304660892915535],[-111.88683078334441,40.304661751350913],[-111.88682938478313,40.304662611591432],[-111.88682798620651,40.304663469130091],[-111.88682658528225,40.3046643275771],[-111.88682518552415,40.304665184218976],[-111.88682378577107,40.304666041761465],[-111.88682238483148,40.30466689750655],[-111.88682098272051,40.304667754156156],[-111.88681957942299,40.304668609008381],[-111.88681817730183,40.30466946385669],[-111.88681677399919,40.304670317808252],[-111.88681537069138,40.304671170859216],[-111.8868139662123,40.3046720248146],[-111.88681256054663,40.304672876972703],[-111.88681115605729,40.304673729126868],[-111.88680975039161,40.304674581284871],[-111.88680834354437,40.304675432546162],[-111.88680693669203,40.304676282906776],[-111.88680552866332,40.304677133271312],[-111.88680412062951,40.304677982735178],[-111.8868027125956,40.304678832199031],[-111.88680130338028,40.304679680766135],[-111.88679989298851,40.304680529337134],[-111.88679848376292,40.30468137610292],[-111.88679707218458,40.304682222876515],[-111.88679566178253,40.304683069646231],[-111.88679425019902,40.304683915519171],[-111.8867928362628,40.304684761399891],[-111.88679142467413,40.304685606372111],[-111.88679001190394,40.304686450447676],[-111.88678859678107,40.304687294530964],[-111.88678718282941,40.304688137709753],[-111.88678576770135,40.304688980892415],[-111.88678435256817,40.304689823174371],[-111.88678293625352,40.304690664559644],[-111.88678151994392,40.304691506845515],[-111.88678010244773,40.304692347333983],[-111.88677868495155,40.304693187822451],[-111.88677726627387,40.304694027414193],[-111.88677584876743,40.304694866101357],[-111.88677442890824,40.304695704796316],[-111.88677300904902,40.304696543491239],[-111.88677158917956,40.304697380384923],[-111.88677016813878,40.304698218183091],[-111.88676874708786,40.304699054179984],[-111.88676732603689,40.304699890176913],[-111.8867659038095,40.30470072617765],[-111.88676448040063,40.304701561281682],[-111.88676305699174,40.304702396385672],[-111.88676163239627,40.304703229692294],[-111.88676020897715,40.304704062995022],[-111.88675878320524,40.304704896305502],[-111.88675735742824,40.304705728715348],[-111.88675593165118,40.304706561125187],[-111.88675450586902,40.304707392634363],[-111.88675307890539,40.304708223246784],[-111.88675165194169,40.304709053859227],[-111.88675022262015,40.304709883578745],[-111.88674879447497,40.304710713294405],[-111.88674736514321,40.30471154121269],[-111.88674593581139,40.304712369130961],[-111.88674450647959,40.304713197049189],[-111.88674307478992,40.304714024074592],[-111.88674164310531,40.304714852000579],[-111.8867402114054,40.304715677224671],[-111.88673877970547,40.304716502448755],[-111.88673734801058,40.304717328573425],[-111.88673591395273,40.30471815290467],[-111.88673447989486,40.304718977235851],[-111.88673304583193,40.30471980066639],[-111.88673161176381,40.304720623196339],[-111.88673017651932,40.304721445730124],[-111.88672874009337,40.304722267367168],[-111.88672730366739,40.304723089004177],[-111.88672586605989,40.304723909744411],[-111.88672442962876,40.304724730480771],[-111.88672299201609,40.30472555032037],[-111.88672155322199,40.304726369263228],[-111.88672011443295,40.304727189106742],[-111.88671867445728,40.304728007152818],[-111.88671723447654,40.304728824298266],[-111.88671579449577,40.3047296414437],[-111.88671435451496,40.304730458589113],[-111.88671291217631,40.304731274841672],[-111.88671146983252,40.304732090193575],[-111.88671002748366,40.304732904644858],[-111.8867085851398,40.30473371999674],[-111.88670714160941,40.30473453355124],[-111.88670569690262,40.304735347109585],[-111.88670425219067,40.304736159767359],[-111.88670280747873,40.304736972425061],[-111.88670136276161,40.30473778418218],[-111.88669991569185,40.304738595947001],[-111.88669846979325,40.304739406807336],[-111.88669702271316,40.304740216770895],[-111.88669557445164,40.304741025837686],[-111.88669412737148,40.304741835801195],[-111.8866926779335,40.304742644871858],[-111.88669122966677,40.304743453038014],[-111.8866897790422,40.304744260311303],[-111.88668832959398,40.304745067580654],[-111.88668687896424,40.304745873953266],[-111.88668542832937,40.304746679425243],[-111.88668397652324,40.304747485801713],[-111.8866825235305,40.304748290380815],[-111.88668107053776,40.304749094959881],[-111.88667961754496,40.304749899538976],[-111.88667816454199,40.304750702316724],[-111.88667671153893,40.304751505094522],[-111.88667525618317,40.304752307880022],[-111.88667380082228,40.30475310976496],[-111.8866723442799,40.304753910753121],[-111.88667088890877,40.304754710836733],[-111.88666943236635,40.304755511824851],[-111.88666797581365,40.304756311011666],[-111.88666651690828,40.304757110206289],[-111.88666505917412,40.304757908496356],[-111.88666360143992,40.304758706786423],[-111.88666214134788,40.304759504183622],[-111.88666068242711,40.304760300676307],[-111.886659222335,40.304761098073456],[-111.88665776105631,40.304761893673245],[-111.88665629977758,40.304762689272998],[-111.8866548384938,40.304763483972152],[-111.88665337602852,40.304764277774531],[-111.88665191356826,40.304765072477522],[-111.88665044991636,40.304765864482491],[-111.88664898626953,40.304766657388072],[-111.88664752261758,40.30476744939304],[-111.88664605778919,40.304768241401874],[-111.88664459295576,40.304769032510038],[-111.88664312811711,40.304769822717553],[-111.88664166092578,40.304770612932877],[-111.88664019490572,40.304771402243652],[-111.88663872770921,40.304772191558293],[-111.88663725932612,40.304772979075516],[-111.88663579212447,40.304773767489515],[-111.88663432374135,40.304774555006759],[-111.88663285417672,40.30477534162722],[-111.88663138461213,40.30477612824766],[-111.88662991503728,40.304776913066874],[-111.88662844429111,40.304777698790566],[-111.88662697353476,40.304778482712955],[-111.8866255016071,40.304779267539899],[-111.88662402966926,40.304780050565554],[-111.88662255655495,40.304780833595082],[-111.88662108343554,40.304781615723947],[-111.88661961031616,40.304782397852811],[-111.88661813601529,40.30478317908495],[-111.88661666171434,40.304783960317017],[-111.88661518623195,40.304784740652366],[-111.88661371192077,40.304785520083179],[-111.8866122352518,40.304786298621124],[-111.88661075976421,40.304787078055753],[-111.88660928309004,40.304787855693078],[-111.88660780523949,40.304788633334226],[-111.88660632621254,40.304789410979254],[-111.88660484835179,40.304790186819133],[-111.88660337049099,40.30479096265897],[-111.88660189027742,40.304791738506587],[-111.88660041123511,40.304792513449684],[-111.88659892983493,40.304793287499898],[-111.88659744961113,40.30479406154619],[-111.88659596820577,40.304794834695784],[-111.88659448679532,40.304795606944666],[-111.88659300420849,40.304796379197477],[-111.88659152162164,40.304797151450224],[-111.88659003784824,40.304797921905646],[-111.88658855407478,40.304798692361025],[-111.8865870703013,40.304799462816405],[-111.88658558534122,40.30480023147436],[-111.8865841003812,40.304801000132329],[-111.88658261542103,40.304801768790242],[-111.88658112927945,40.304802536551435],[-111.88657964195639,40.304803303415895],[-111.8865781558147,40.304804071177067],[-111.88657666730509,40.304804836244116],[-111.88657517997682,40.30480560220785],[-111.88657369146706,40.304806367274864],[-111.88657220177583,40.304807131445116],[-111.88657071208462,40.304807895615355],[-111.88656922238825,40.304808658884923],[-111.88656773269184,40.304809422154541],[-111.88656624180889,40.304810183626742],[-111.88656474975464,40.304810946003435],[-111.88656325887162,40.304811707475544],[-111.88656176563074,40.304812468054863],[-111.88656027238474,40.304813227733526],[-111.88655877913877,40.304813987412132],[-111.88655728588763,40.304814746190139],[-111.88655579146011,40.304815504972012],[-111.88655429702746,40.304816262853215],[-111.88655280141337,40.304817019837678],[-111.88655094006106,40.304818005894617],[-111.88654950482251,40.30481883022739],[-111.88654810859704,40.304819688655478],[-111.88654674787075,40.304820583892408],[-111.88654542850517,40.304821512316217],[-111.88654414932385,40.304822473930749],[-111.88654291266947,40.304823466927061],[-111.88654172090473,40.304824493098621],[-111.88654057399937,40.304825547041574],[-111.88653947313975,40.304826630553393],[-111.88653842066842,40.30482774182493],[-111.88653741657524,40.304828879055066],[-111.88653646320797,40.304830041335315],[-111.88653556055625,40.304831226864437],[-111.88653470979656,40.304832435638545],[-111.88653391208999,40.304833664951886],[-111.88653316978416,40.304834913896023],[-111.88653248169257,40.304836180673654],[-111.88653184781523,40.304837465284734],[-111.88653142152536,40.304838429481158],[-111.88653127166593,40.304838765015703],[-111.88653088660455,40.304839738982785],[-111.88653075206329,40.304840078969868],[-111.8865304094017,40.304841061803053],[-111.88653028899198,40.304841404445334],[-111.88652998991165,40.304842397041391],[-111.88652988480987,40.30484274233492],[-111.88652962929042,40.304843741091382],[-111.88652953949151,40.304844088135567],[-111.88652932636175,40.304845093956899],[-111.88652925304712,40.304845443648468],[-111.88652908346809,40.304846453828937],[-111.88652902427489,40.304846804374392],[-111.88652889942294,40.304847818910105],[-111.88652885553262,40.304848171206217],[-111.88652877540275,40.30484918919651],[-111.8865287479814,40.304849541438159],[-111.88652871021071,40.304850561089609],[-111.88652869808209,40.304850913280625],[-111.88652870619451,40.304851933680901],[-111.88652870935859,40.304852285821362],[-111.88652876099125,40.30485330517697],[-111.88652877944799,40.304853657266818],[-111.8865288757723,40.304854674673301],[-111.88652890951663,40.304855025811932],[-111.88652905052733,40.304856040368662],[-111.88652909955928,40.30485639055609],[-111.88652928407504,40.304857401366277],[-111.88652928773124,40.304857423870217],[-111.88652934838954,40.304857749701831],[-111.88652957757645,40.304858754960399],[-111.88652958122755,40.304858776563698],[-111.88652965600221,40.30485910234863],[-111.88652992867897,40.304860101158823],[-111.88652994068148,40.304860143449282],[-111.88653002237703,40.304860444893947],[-111.88653033854359,40.304861437255759],[-111.88653035530747,40.304861489437506],[-111.88653044752421,40.304861779139038],[-111.88653080716524,40.304862762350552],[-111.88653082628694,40.304862815425174],[-111.88653093024186,40.304863100584654],[-111.88653133218109,40.304864074649849],[-111.88653136318334,40.304864148399879],[-111.88653147053009,40.304864409230831],[-111.88653191475731,40.304865372348374],[-111.88653195286345,40.304865454180721],[-111.88653206720737,40.30486570418082],[-111.88653255371247,40.3048666545495],[-111.88653260010395,40.304866745360833],[-111.88653272025856,40.304866982732683],[-111.8865332466887,40.304867920360309],[-111.88653329659408,40.304868008458065],[-111.88653342849699,40.304868243089182],[-111.88653419074645,40.304869485254109],[-111.88653419667396,40.304869493340277],[-111.88653498710019,40.304870725504934],[-111.88653504050411,40.304870808187246],[-111.88653577752136,40.304871956768913],[-111.88653583092528,40.304872039451283],[-111.88653656794759,40.30487318893352],[-111.88653662135157,40.30487327161589],[-111.88653735837389,40.304874421098155],[-111.88653741177782,40.304874503780511],[-111.88653814997149,40.30487565235827],[-111.88653820219906,40.304875735044526],[-111.8865389403978,40.304876884522884],[-111.88653899380176,40.304876967205246],[-111.88653973200054,40.304878116683618],[-111.88653978422309,40.304878198469261],[-111.88654052242188,40.304879347947576],[-111.88654057582586,40.304879430629953],[-111.88654131519591,40.304880579203797],[-111.88654136859991,40.304880661886124],[-111.88654210679367,40.304881810463833],[-111.88654216019766,40.304881893146174],[-111.88654289956783,40.304883041720004],[-111.88654295297177,40.304883124402366],[-111.88654369116563,40.304884272980097],[-111.88654374456956,40.304884355662416],[-111.88654448393979,40.304885504236275],[-111.88654453734374,40.304885586918566],[-111.88654527671399,40.304886735492374],[-111.88654533011798,40.304886818174751],[-111.88654606948823,40.304887966748538],[-111.88654612288714,40.304888048530245],[-111.88654686343378,40.304889197100152],[-111.8865469156614,40.304889279786408],[-111.88654765620807,40.304890428356288],[-111.88654770961207,40.304890511038671],[-111.8865484501537,40.304891658707945],[-111.88654850355765,40.304891741390264],[-111.88654924410437,40.304892889960165],[-111.88654929750838,40.304892972642492],[-111.88655003805006,40.304894120311779],[-111.88655009144892,40.304894202093479],[-111.88655083317212,40.304895350659464],[-111.88655088657609,40.304895433341827],[-111.88655162711781,40.304896581011086],[-111.88655168052183,40.304896663693391],[-111.88655242341626,40.304897811354877],[-111.88655247564394,40.304897894041119],[-111.88655321736208,40.304899041706449],[-111.88655327076101,40.304899123488177],[-111.88655401366057,40.30490027205024],[-111.88655406588313,40.304900353835826],[-111.88655480877772,40.304901501497305],[-111.88655486100534,40.304901584183554],[-111.88655560389994,40.304902731844948],[-111.88655565848032,40.30490281452343],[-111.88655640019346,40.30490396128814],[-111.88655645359748,40.304904043970438],[-111.88655719649208,40.304905191631882],[-111.88655724989101,40.304905273413581],[-111.88655799278565,40.304906421075025],[-111.8865580461846,40.30490650285671],[-111.88655878907932,40.304907650518139],[-111.8865588424833,40.30490773320048],[-111.88655958654932,40.304908879957352],[-111.88655963995333,40.304908962639708],[-111.88656038401936,40.304910109396566],[-111.88656043742334,40.304910192078928],[-111.88656118148941,40.304911338835844],[-111.88656123488829,40.304911420617529],[-111.88656197895946,40.304912568275057],[-111.88656203235843,40.304912650056743],[-111.88656277642963,40.304913797714256],[-111.88656282982851,40.304913879495942],[-111.88656357507104,40.304915026248942],[-111.88656362847505,40.304915108931247],[-111.88656437371247,40.304916254783592],[-111.88656442594016,40.304916337469841],[-111.88656517118271,40.304917484222813],[-111.88656522458669,40.304917566905118],[-111.88656596982423,40.304918712757477],[-111.88656602440454,40.304918795435889],[-111.88656676964722,40.304919942188896],[-111.88656682304612,40.304920023970588],[-111.88656756828371,40.304921169822876],[-111.88656762286405,40.304921252501344],[-111.88656836810166,40.304922398353646],[-111.88656842150566,40.304922481035952],[-111.8865691667483,40.304923627788909],[-111.88656922132365,40.304923709566722],[-111.88656996773764,40.304924855415109],[-111.88657002114167,40.30492493809745],[-111.8865707675557,40.304926083945873],[-111.8865708209597,40.304926166628199],[-111.88657156737378,40.3049273124766],[-111.88657162077777,40.304927395158956],[-111.88657236836313,40.304928540102836],[-111.88657242176211,40.304928621884514],[-111.88657316935766,40.304929768629634],[-111.88657322275661,40.304929850411384],[-111.88657397034709,40.304930996255855],[-111.88657402375111,40.304931078938189],[-111.88657477133653,40.304932223882055],[-111.88657482591694,40.304932306560481],[-111.88657557350749,40.30493345240496],[-111.88657562690642,40.304933534186681],[-111.88657637449701,40.304934680031145],[-111.88657642789599,40.304934761812845],[-111.88657717666293,40.304935907653395],[-111.88657723006186,40.30493598943513],[-111.88657797882887,40.304937135275694],[-111.88657803222783,40.3049372170574],[-111.88657878098974,40.304938361997323],[-111.88657883556507,40.304938443775143],[-111.8865795843321,40.304939589615728],[-111.88657963773618,40.30493967229804],[-111.88658038649307,40.304940816337336],[-111.88658044107348,40.304940899015754],[-111.88658118983548,40.304942043955684],[-111.88658124323445,40.304942125737426],[-111.8865819920016,40.304943271577962],[-111.8865820465769,40.304943353355732],[-111.88658279651534,40.304944498291761],[-111.88658284991429,40.304944580073467],[-111.88658359985276,40.304945725009482],[-111.88658365325679,40.304945807691801],[-111.88658440436656,40.304946951723323],[-111.88658445776557,40.304947033505009],[-111.88658520888039,40.304948178437101],[-111.88658526228448,40.304948261119442],[-111.88658601221789,40.304949405154801],[-111.88658606679836,40.304949487833277],[-111.88658681790821,40.304950631864713],[-111.88658687130714,40.304950713646441],[-111.88658762241704,40.304951857677885],[-111.88658767582113,40.304951940360233],[-111.88658842693097,40.304953084391663],[-111.88658848150632,40.304953166169504],[-111.88658923262133,40.304954311101582],[-111.88658928720179,40.304954393779973],[-111.8865900383117,40.304955537811452],[-111.88659009288706,40.304955619589251],[-111.88659084399704,40.304956763620702],[-111.88659089739606,40.304956845402394],[-111.8865916496824,40.304957989429965],[-111.88659170308138,40.304958071211637],[-111.88659245654412,40.3049592152353],[-111.88659250994314,40.304959297017007],[-111.88659326222954,40.30496044104455],[-111.88659331680999,40.30496052372294],[-111.88659406909137,40.304961666849842],[-111.88659412367181,40.304961749528282],[-111.88659487595318,40.304962892655169],[-111.88659492935217,40.304962974436911],[-111.8865956839914,40.304964118456617],[-111.88659573739038,40.304964200238338],[-111.88659648967182,40.304965343365204],[-111.88659654425228,40.304965426043644],[-111.88659729771521,40.304966570067251],[-111.88659735228548,40.304966650944408],[-111.88659810574843,40.30496779496805],[-111.88659816032381,40.304967876745849],[-111.88659891378167,40.304969019868807],[-111.88659896835708,40.30496910164662],[-111.88659972181496,40.304970244769592],[-111.88659977639036,40.304970326547362],[-111.88660053102465,40.304971469666476],[-111.88660058442875,40.304971552348775],[-111.88660134023432,40.304972694563311],[-111.88660139363338,40.304972776345039],[-111.8866021482677,40.304973919464089],[-111.88660220284311,40.304974001241881],[-111.88660295747748,40.304975144360974],[-111.88660301205792,40.304975227039385],[-111.88660376668724,40.304976369257787],[-111.88660382009138,40.304976451940114],[-111.88660457589708,40.304977594154657],[-111.88660463047754,40.304977676833076],[-111.88660538628326,40.304978819047591],[-111.88660544085359,40.304978899924762],[-111.88660619666443,40.304980043039926],[-111.88660625006858,40.304980125722217],[-111.88660700705071,40.304981267932831],[-111.88660706162611,40.304981349710665],[-111.88660781743195,40.304982491925152],[-111.88660787083096,40.304982573706845],[-111.88660862781315,40.304983715917444],[-111.88660868238856,40.304983797695229],[-111.88660943937077,40.304984939905836],[-111.88660949276982,40.304985021687557],[-111.88661025092848,40.304986163894249],[-111.8866103043275,40.304986245675913],[-111.88661106130976,40.304987387886513],[-111.8866111158852,40.304987469664312],[-111.88661187286748,40.304988611874883],[-111.88661192744291,40.304988693652703],[-111.88661268442523,40.304989835863296],[-111.88661273900065,40.30498991764108],[-111.88661349715942,40.304991059847751],[-111.88661355173484,40.30499114162555],[-111.88661430989356,40.304992283832206],[-111.8866143644639,40.304992364709378],[-111.88661512262264,40.304993506916027],[-111.88661517601665,40.3049935877971],[-111.88661593535183,40.304994729999883],[-111.88661598875088,40.304994811781597],[-111.886616748081,40.304995953083697],[-111.88661680148007,40.304996034865411],[-111.88661756081022,40.304997176167518],[-111.8866176153856,40.304997257945338],[-111.88661837471578,40.304998399247431],[-111.88661842929122,40.304998481025258],[-111.88661918862142,40.304999622327365],[-111.88661924319686,40.304999704105192],[-111.88662000252711,40.305000845407264],[-111.88662005710756,40.305000928085683],[-111.88662081643274,40.305002068487155],[-111.88662086983184,40.305002150268891],[-111.88662163033848,40.305003291567097],[-111.88662168491391,40.305003373344867],[-111.88662244541548,40.305004513742446],[-111.88662249999604,40.305004596420872],[-111.88662325932124,40.305005736822338],[-111.88662331507308,40.30500581859625],[-111.8866240755747,40.3050069589938],[-111.88662413015017,40.305007040771578],[-111.88662489065182,40.305008181169157],[-111.88662494522725,40.305008262946941],[-111.88662570573403,40.305009404245126],[-111.88662576030943,40.305009486022918],[-111.88662652198248,40.305010625515933],[-111.88662657656299,40.305010708194366],[-111.88662733706474,40.305011848591882],[-111.8866273916402,40.30501193036968],[-111.88662815449466,40.30501307075945],[-111.88662820789378,40.305013152541122],[-111.88662896956683,40.305014292034137],[-111.88662902532378,40.305014374708669],[-111.88662978699686,40.305015514201692],[-111.88662984157232,40.305015595979441],[-111.88663060325052,40.305016736373098],[-111.88663065782599,40.305016818150897],[-111.88663142067553,40.305017957639983],[-111.88663147525098,40.30501803941776],[-111.88663223810559,40.305019179807495],[-111.88663229268106,40.305019261585286],[-111.88663305553065,40.305020401074373],[-111.88663311010613,40.305020482852186],[-111.88663387295568,40.305021622341258],[-111.88663392753116,40.305021704119028],[-111.88663469155716,40.305022843604235],[-111.88663474613264,40.305022925381984],[-111.88663551015864,40.305024064867204],[-111.88663556473414,40.305024146644982],[-111.88663632758384,40.305025286134061],[-111.88663638334074,40.305025368808586],[-111.88663714618539,40.305026507396988],[-111.88663720076082,40.305026589174787],[-111.8866379659684,40.305027729556677],[-111.88663802053881,40.305027810433849],[-111.88663878456494,40.305028949919006],[-111.8866388391353,40.30502903079617],[-111.88663960433784,40.305030170277419],[-111.88663965891332,40.305030252055218],[-111.88664042411587,40.305031391536481],[-111.88664047869136,40.305031473314244],[-111.88664124271247,40.305032611898774],[-111.88664129846431,40.305032693672651],[-111.88664206366182,40.305033832253272],[-111.88664211823732,40.305033914031057],[-111.88664288343485,40.305035052611686],[-111.88664293801034,40.305035134389477],[-111.8866437043843,40.30503627296617],[-111.88664375895979,40.305036354743962],[-111.88664452533372,40.305037493320647],[-111.88664457990923,40.305037575098453],[-111.8866453451069,40.305038713679082],[-111.88664539968235,40.305038795456831],[-111.88664616723273,40.305039934029637],[-111.88664622180823,40.305040015807386],[-111.88664698818231,40.305041154384092],[-111.88664704393416,40.305041236157962],[-111.88664780912676,40.305042373837928],[-111.88664786487863,40.305042455611826],[-111.88664863125274,40.305043594188518],[-111.88664868700459,40.305043675962374],[-111.88664945337366,40.305044813638453],[-111.88664950794917,40.305044895416209],[-111.88665027549456,40.305046033088345],[-111.88665033124647,40.305046114862257],[-111.88665109761554,40.305047252538294],[-111.8866511533674,40.305047334312192],[-111.886651920918,40.305048472884927],[-111.88665197666984,40.305048554658811],[-111.88665274303393,40.30504969143422],[-111.88665279878582,40.305049773208097],[-111.88665356751279,40.305050911776966],[-111.8866536220883,40.305050993554694],[-111.88665439081024,40.305052131222965],[-111.88665444538069,40.305052212100108],[-111.88665521410266,40.305053349768322],[-111.88665526867815,40.305053431546121],[-111.88665603740017,40.30505456921432],[-111.88665609314697,40.305054650087577],[-111.88665686186899,40.305055787755798],[-111.88665691762085,40.305055869529653],[-111.88665768633781,40.305057006297254],[-111.88665774091332,40.305057088075039],[-111.8866585108067,40.305058224838717],[-111.88665856538219,40.305058306616466],[-111.88665933410432,40.305059444284694],[-111.88665938985622,40.305059526058528],[-111.88666016092598,40.305060662818299],[-111.88666021550148,40.305060744596076],[-111.88666098539493,40.305061881359762],[-111.88666103997048,40.305061963137533],[-111.8866618110403,40.305063099897275],[-111.88666186679221,40.305063181671166],[-111.88666263668566,40.30506431843483],[-111.88666269126119,40.305064400212608],[-111.88666346232601,40.305065536071716],[-111.8866635180779,40.305065617845578],[-111.88666428914783,40.305066754605321],[-111.88666434372335,40.305066836383105],[-111.88666511478822,40.305067972242227],[-111.88666517054013,40.30506805401609],[-111.8866659416101,40.305069190775804],[-111.88666599618051,40.305069271652961],[-111.88666676842691,40.30507040840881],[-111.8866668241788,40.305070490182707],[-111.88666759524375,40.305071626041801],[-111.88666765099565,40.305071707815664],[-111.88666842206058,40.305072843674765],[-111.88666847781762,40.305072926349261],[-111.88666925005897,40.305074062204419],[-111.88666930462942,40.305074143081548],[-111.88667007687589,40.305075279837425],[-111.88667013262271,40.305075360710688],[-111.88667090486921,40.305076497466466],[-111.88667096061603,40.305076578339694],[-111.88667173285745,40.305077714194894],[-111.88667178860427,40.305077795068122],[-111.88667256202723,40.305078931820006],[-111.88667261659772,40.305079012697171],[-111.88667339001555,40.305080148548427],[-111.88667344576237,40.305080229421698],[-111.88667421800898,40.305081366177454],[-111.8866742737558,40.305081447050704],[-111.88667504835011,40.305082582898073],[-111.88667510292058,40.305082663775224],[-111.88667587751489,40.305083799622565],[-111.88667593209041,40.305083881400314],[-111.88667670667967,40.305085016347071],[-111.88667676243159,40.305085098120948],[-111.88667753584963,40.305086233972176],[-111.88667759159645,40.305086314845411],[-111.88667836618576,40.305087449792133],[-111.8866784219377,40.305087531565995],[-111.88667919535064,40.305088666516603],[-111.88667925227895,40.305088748286593],[-111.88668002686829,40.305089883233308],[-111.88668008143878,40.305089964110429],[-111.88668085720452,40.305091099053236],[-111.88668091295646,40.30509118082712],[-111.88668168871715,40.305092314869285],[-111.88668174329274,40.305092396647012],[-111.88668251905854,40.305093531589861],[-111.88668257481046,40.305093613363667],[-111.8866833505712,40.305094747405825],[-111.88668340515189,40.305094830084244],[-111.88668418208906,40.305095964122479],[-111.88668423784101,40.30509604589637],[-111.88668501360181,40.3050971799385],[-111.88668506935376,40.305097261712348],[-111.88668584629093,40.305098395750626],[-111.88668590203778,40.305098476623883],[-111.88668667780372,40.305099611566611],[-111.88668673237424,40.305099692443747],[-111.88668751049295,40.305100827378737],[-111.88668756506347,40.305100908255859],[-111.88668834200581,40.305102043194744],[-111.88668839775268,40.305102124067972],[-111.88668917586637,40.305103258102307],[-111.88668923161323,40.305103338975542],[-111.88669000855562,40.305104473914383],[-111.8866900643025,40.305104554787597],[-111.88669084241624,40.305105688821946],[-111.88669089698675,40.305105769699075],[-111.88669167510047,40.305106903733375],[-111.88669173202884,40.305106985503343],[-111.88669250896622,40.305108119541565],[-111.88669256588952,40.305108200410906],[-111.88669334282692,40.305109334449078],[-111.88669339857383,40.30510941532232],[-111.88669417668767,40.305110549356606],[-111.88669423243454,40.305110630229869],[-111.88669501172477,40.305111764260275],[-111.88669506747165,40.305111845133517],[-111.88669584558551,40.305112979167767],[-111.88669590133243,40.305113060040995],[-111.88669668179399,40.305114193166872],[-111.88669673636961,40.305114274944621],[-111.88669751565484,40.30511540807435],[-111.88669757257807,40.305115488943713],[-111.88669835186332,40.305116622073456],[-111.88669840643895,40.305116703851233],[-111.88669918690059,40.305117836977089],[-111.88669924264748,40.305117917850311],[-111.88670002311423,40.305119051876765],[-111.88670007886111,40.305119132749994],[-111.88670085814645,40.305120265879729],[-111.88670091506975,40.305120346749071],[-111.88670169553147,40.305121479874906],[-111.88670175127837,40.305121560748134],[-111.88670253174011,40.305122693873955],[-111.88670258748706,40.30512277474719],[-111.88670336794883,40.305123907873011],[-111.88670342369571,40.305123988746224],[-111.88670420415752,40.305125121872059],[-111.88670426108084,40.305125202741372],[-111.88670504153757,40.305126334966594],[-111.88670509846591,40.305126416736513],[-111.88670587892268,40.305127548961721],[-111.88670593584598,40.305127629831063],[-111.88670671747913,40.305128762052348],[-111.88670677323117,40.305128843826175],[-111.88670755486434,40.305129976047468],[-111.88670761061634,40.305130057821287],[-111.8867083922496,40.305131190042552],[-111.88670844917286,40.305131270911907],[-111.88670923080613,40.305132403133129],[-111.88670928655306,40.305132484006357],[-111.88671006936271,40.305133616223735],[-111.88671012510963,40.305133697096942],[-111.88671090791931,40.305134829314319],[-111.88671096366625,40.305134910187547],[-111.88671174647595,40.305136042404918],[-111.88671180222288,40.305136123278146],[-111.88671258620894,40.305137255491552],[-111.88671264195588,40.305137336364758],[-111.88671342476056,40.305138467681495],[-111.88671348051257,40.30513854945535],[-111.88671426449362,40.305139680768171],[-111.88671432141692,40.305139761637513],[-111.88671510422674,40.305140893854819],[-111.88671516114499,40.305140973823512],[-111.88671594513119,40.305142106036946],[-111.8867160008832,40.305142187810773],[-111.886716783688,40.305143319127446],[-111.88671684060618,40.305143399096167],[-111.88671762458738,40.305144530408981],[-111.88671768151579,40.305144612178914],[-111.88671846549697,40.305145743491678],[-111.88671852242028,40.305145824361006],[-111.8867193064015,40.305146955673834],[-111.88671936332484,40.305147036543147],[-111.88672014730099,40.305148166955263],[-111.88672020422939,40.305148248725217],[-111.88672098938198,40.305149379133447],[-111.88672104513398,40.305149460907337],[-111.88672183028659,40.305150591315545],[-111.88672188720993,40.30515067218488],[-111.88672267236763,40.305151803493708],[-111.88672272811966,40.305151885267563],[-111.88672351444868,40.305153015671912],[-111.88672357019564,40.305153096545148],[-111.8867243565247,40.305154226949448],[-111.88672441227165,40.305154307822676],[-111.88672519860582,40.30515543912761],[-111.88672525552911,40.305155519996923],[-111.88672604185824,40.305156650401251],[-111.88672609877646,40.305156730369944],[-111.88672688511069,40.305157861674857],[-111.88672694085764,40.305157942548085],[-111.88672772718679,40.305159072952371],[-111.88672778411011,40.30515915382167],[-111.88672857161573,40.305160284222119],[-111.88672862736269,40.30516036509534],[-111.88672941486317,40.305161494595083],[-111.88672947061522,40.305161576368953],[-111.88673025929718,40.305162706765444],[-111.88673031504415,40.305162787638658],[-111.88673110254469,40.305163917138422],[-111.88673115946806,40.305163998007735],[-111.88673194697371,40.305165128408092],[-111.88673200389705,40.305165209277433],[-111.88673279139763,40.30516633877717],[-111.88673284714461,40.305166419650391],[-111.88673363582164,40.305167549146205],[-111.88673369274498,40.305167630015518],[-111.88673448142706,40.305168760412002],[-111.88673453717405,40.305168841285251],[-111.88673532585112,40.30516997078103],[-111.88673538277446,40.30517005165035],[-111.88673617144649,40.305171180245559],[-111.8867362283749,40.305171262015506],[-111.8867370170469,40.305172390610714],[-111.88673707397029,40.305172471480056],[-111.88673786264742,40.305173600975863],[-111.88673791957079,40.305173681845183],[-111.88673870825303,40.305174812241617],[-111.88673876517127,40.305174892210268],[-111.88673955502486,40.305176021702181],[-111.8867396119482,40.305176102571487],[-111.88674040062037,40.305177231166681],[-111.88674045754371,40.305177312036008],[-111.8867412485737,40.305178441524014],[-111.88674130432068,40.305178522397206],[-111.8867420953456,40.305179650984563],[-111.88674215226894,40.30517973185389],[-111.88674294211755,40.305180860445162],[-111.88674299904604,40.305180942215081],[-111.88674379006594,40.30518206990179],[-111.88674384581802,40.305182151675623],[-111.88674463683793,40.305183279362389],[-111.88674469376637,40.305183361132322],[-111.88674548478633,40.305184488819023],[-111.88674554170969,40.30518456968835],[-111.88674633391115,40.305185698271806],[-111.8867463908345,40.305185779141127],[-111.8867471818596,40.305186907728434],[-111.88674723878295,40.30518698859774],[-111.88674802980806,40.305188117185082],[-111.88674808672639,40.30518819715379],[-111.88674887892789,40.305189325737217],[-111.88674893585124,40.305189406606523],[-111.88674972805282,40.305190535189951],[-111.8867497849711,40.305190615158608],[-111.88675057717269,40.305191743742043],[-111.886750634091,40.3051918237107],[-111.88675142629258,40.305192952294114],[-111.88675148321595,40.305193033163434],[-111.88675227658888,40.305194160842319],[-111.88675233351225,40.305194241711582],[-111.88675312571394,40.305195370295031],[-111.88675318263225,40.305195450263668],[-111.88675397600515,40.305196577942596],[-111.88675403292858,40.305196658811894],[-111.88675482630154,40.305197786490744],[-111.88675488322497,40.305197867360043],[-111.88675567659796,40.305198995038907],[-111.88675573351631,40.305199075007607],[-111.8867565268893,40.305200202686436],[-111.88675658498909,40.305200283551848],[-111.88675737836219,40.305201411230705],[-111.88675743528557,40.305201492099989],[-111.88675822865362,40.305202618878226],[-111.88675828675335,40.305202699743631],[-111.88675908129775,40.305203826517932],[-111.88675913822115,40.305203907387259],[-111.88675993158924,40.305205034165475],[-111.88675998851771,40.305205115935379],[-111.88676078423858,40.305206242705779],[-111.88676084116197,40.305206323575099],[-111.88676163688284,40.305207450345506],[-111.88676169380628,40.305207531214805],[-111.88676248952716,40.305208657985204],[-111.88676254644545,40.30520873795389],[-111.88676334099512,40.30520986562879],[-111.8867633979134,40.305209945597483],[-111.88676419363441,40.305211072367861],[-111.88676425055779,40.305211153237174],[-111.88676504745511,40.305212280003651],[-111.88676510437347,40.305212359972295],[-111.88676590009446,40.305213486742673],[-111.88676595701786,40.305213567611965],[-111.88676675391021,40.305214693477851],[-111.88676681083361,40.305214774347121],[-111.88676760655466,40.305215901117499],[-111.88676766464938,40.305215981082277],[-111.88676846037045,40.305217107852592],[-111.88676851847026,40.305217188717997],[-111.88676931536263,40.30521831458384],[-111.8867693722861,40.305218395453146],[-111.88677016918358,40.305219522219609],[-111.88677022610196,40.305219602188295],[-111.88677102417073,40.30522072805018],[-111.88677108109418,40.305220808919493],[-111.88677187916305,40.305221934781414],[-111.88677193608646,40.305222015650706],[-111.88677273297385,40.30522314061588],[-111.88677279107368,40.30522322148127],[-111.88677358914261,40.305224347343199],[-111.88677364606603,40.305224428212483],[-111.88677444412987,40.305225553173734],[-111.8867745010533,40.30522563404304],[-111.88677529912225,40.305226759904947],[-111.88677535722209,40.305226840770352],[-111.88677615529109,40.305227966632252],[-111.88677621338577,40.305228046596994],[-111.8867770114548,40.305229172458887],[-111.88677706954955,40.305229252423679],[-111.88677786761855,40.305230378285493],[-111.88677792571329,40.305230458250307],[-111.88677872495366,40.3052315832076],[-111.88677878187713,40.305231664076921],[-111.8867795811226,40.305232789934912],[-111.88677963804093,40.305232869903577],[-111.88678043845769,40.305233994856991],[-111.88678049538117,40.30523407572629],[-111.88678129579795,40.305235200679718],[-111.88678135272144,40.305235281549017],[-111.88678215313318,40.305236405601832],[-111.88678221005661,40.305236486471109],[-111.88678301047351,40.305237611424545],[-111.88678306739695,40.305237692293829],[-111.8867838678138,40.305238817247215],[-111.88678392590857,40.305238897212035],[-111.88678472749677,40.305240021260893],[-111.88678478324388,40.305240102134093],[-111.88678558483721,40.305241227083606],[-111.8867856429319,40.305241307048377],[-111.88678644334892,40.305242432001769],[-111.88678650144362,40.305242511966547],[-111.88678730186066,40.30524363691989],[-111.88678735877903,40.305243716888583],[-111.88678816154371,40.305244840933511],[-111.88678821846716,40.305244921802831],[-111.88678902005552,40.305246045851689],[-111.88678907697896,40.305246126720981],[-111.88678987973861,40.305247249865282],[-111.88678993783847,40.30524733073068],[-111.88679073943197,40.305248455680157],[-111.88679079635037,40.305248535648801],[-111.88679159911514,40.305249659693786],[-111.88679165720991,40.3052497396585],[-111.88679245879833,40.305250863707343],[-111.88679251572184,40.305250944576635],[-111.88679331965795,40.305252067717042],[-111.88679337658148,40.305252148586348],[-111.88679417934631,40.305253272631241],[-111.88679423744107,40.305253352596019],[-111.88679504137725,40.305254475736412],[-111.88679509830078,40.305254556605696],[-111.88679590106061,40.305255679749983],[-111.88679595916044,40.305255760615395],[-111.88679676309673,40.305256883755767],[-111.88679682119655,40.305256964621151],[-111.88679762395644,40.305258087765445],[-111.88679768205633,40.305258168630829],[-111.88679848598751,40.305259290870559],[-111.8867985440874,40.305259371735943],[-111.88679934802371,40.305260494876329],[-111.88679940612359,40.305260575741706],[-111.88680021005995,40.305261698882099],[-111.88680026697837,40.305261778850728],[-111.88680107209109,40.305262901987206],[-111.88680113018592,40.305262981951962],[-111.88680193529864,40.305264105088384],[-111.88680199221709,40.305264185057034],[-111.88680279732985,40.305265308193505],[-111.88680285542976,40.305265389058896],[-111.88680366053754,40.305266511294683],[-111.88680371745593,40.30526659126334],[-111.88680452374007,40.305267713495226],[-111.88680458184506,40.305267795261294],[-111.88680538695282,40.305268917497067],[-111.88680544505273,40.305268998362443],[-111.88680625133694,40.305270120594408],[-111.88680630825536,40.305270200563008],[-111.88680711453958,40.305271322794916],[-111.88680717263439,40.305271402759658],[-111.88680797892374,40.305272525892164],[-111.88680803584214,40.305272605860836],[-111.8868088433028,40.305273728088792],[-111.8868089002212,40.305273808057464],[-111.88680970768193,40.305274930285428],[-111.8868097657767,40.305275010250227],[-111.88681057206105,40.305276132482049],[-111.88681063016098,40.30527621334744],[-111.88681143761661,40.30527733467482],[-111.8868114957165,40.305277415540189],[-111.88681230199582,40.305278536871427],[-111.88681236009569,40.305278617736803],[-111.88681316755138,40.305279739064133],[-111.88681322564621,40.30527981902889],[-111.88681403310703,40.305280941256832],[-111.88681409120184,40.305281021221596],[-111.88681489983904,40.305282143445602],[-111.88681495793386,40.30528222341038],[-111.88681576538967,40.305283344737674],[-111.88681582348958,40.305283425603058],[-111.88681663212176,40.305284546926472],[-111.88681669021659,40.305284626891243],[-111.88681749767242,40.305285748218544],[-111.88681755577235,40.305285829083907],[-111.88681836439947,40.305286949506673],[-111.88681842249942,40.305287030372071],[-111.88681923112662,40.305288150794823],[-111.8868192904029,40.305288231656327],[-111.88682009903007,40.305289352079029],[-111.88682015713003,40.305289432944427],[-111.88682096693366,40.30529055336325],[-111.88682102503353,40.305290634228662],[-111.88682183366083,40.305291754651407],[-111.88682189176072,40.305291835516798],[-111.8868227015644,40.305292955935641],[-111.8868227608356,40.305293035896504],[-111.88682356946804,40.305294157219855],[-111.88682362756285,40.305294237184569],[-111.88682443854293,40.305295357599526],[-111.88682449663779,40.305295437564268],[-111.88682530761791,40.305296557979233],[-111.88682536571787,40.305296638844588],[-111.88682617669798,40.30529775925951],[-111.88682623361645,40.305297839228139],[-111.88682704459661,40.305298959643032],[-111.88682710269147,40.305299039607817],[-111.88682791367167,40.305300160022718],[-111.88682797176654,40.30530023998746],[-111.88682878274679,40.305301360402353],[-111.88682884201799,40.305301440363245],[-111.88682965299824,40.305302560778131],[-111.88682970991671,40.305302640746724],[-111.88683052324976,40.305303761153858],[-111.88683058016314,40.30530384022191],[-111.88683139349619,40.305304960628959],[-111.88683145159108,40.305305040593723],[-111.88683226374778,40.305306161004701],[-111.88683232184265,40.30530624096945],[-111.8868331339943,40.305307360479787],[-111.88683319209424,40.305307441345171],[-111.88683400424084,40.305308559954852],[-111.8868340623408,40.30530864082025],[-111.88683487566885,40.305309760326693],[-111.88683493376372,40.305309840291457],[-111.88683574591543,40.30531095980178],[-111.88683580401033,40.305311039766536],[-111.88683661851483,40.305312159269036],[-111.88683667661481,40.30531224013442],[-111.88683748993788,40.305313358740236],[-111.88683754803274,40.305313438704964],[-111.88683836136096,40.305314558211386],[-111.88683841946093,40.305314639076748],[-111.88683923278404,40.305315757682536],[-111.88683929087892,40.305315837647292],[-111.8868401065548,40.305316956245264],[-111.8868401646497,40.305317036210013],[-111.88684097797795,40.305318155716392],[-111.88684103607285,40.305318235681135],[-111.8868418517488,40.305319354279113],[-111.88684190984878,40.305319435144476],[-111.88684272317204,40.305320553750221],[-111.8868427824433,40.305320633711084],[-111.88684359694295,40.305321752312956],[-111.88684365503779,40.305321832277698],[-111.88684447071388,40.305322950875613],[-111.88684452880872,40.305323030840377],[-111.88684534448484,40.305324149438327],[-111.88684540257968,40.305324229403084],[-111.88684621825583,40.30532534800102],[-111.8868462775271,40.305325427961883],[-111.88684709202688,40.305326546563698],[-111.88684715012171,40.305326626528455],[-111.88684796696919,40.305327744221842],[-111.88684802506913,40.305327825087218],[-111.88684884074027,40.305328942784541],[-111.88684889883513,40.305329022749213],[-111.88684971568775,40.305330141343283],[-111.88684977378266,40.305330221308004],[-111.88685059063013,40.30533133900137],[-111.8868506499014,40.305331418962226],[-111.88685146557259,40.305332536659506],[-111.88685152484894,40.305332617520996],[-111.88685234052021,40.305333735218248],[-111.88685239979148,40.305333815179054],[-111.88685321663905,40.305334932872455],[-111.88685327473397,40.305335012837176],[-111.8868540927529,40.305336129626035],[-111.88685415202929,40.305336210487518],[-111.88685496887183,40.30533732728022],[-111.88685502696674,40.305337407244956],[-111.88685584499083,40.30533852493442],[-111.88685590309083,40.305338605799797],[-111.88685672110981,40.305339722588627],[-111.88685678038109,40.305339802549426],[-111.88685759840523,40.305340920238876],[-111.88685765767652,40.305341000199746],[-111.88685847569559,40.305342116988534],[-111.88685853379052,40.305342196953241],[-111.88685935181471,40.305343314642691],[-111.88685941108601,40.30534339460354],[-111.88686023028148,40.305344511388455],[-111.88686028837134,40.305344590452535],[-111.88686110757192,40.30534570813807],[-111.88686116566682,40.305345788102812],[-111.88686198486241,40.305346904887685],[-111.88686204413371,40.305346984848519],[-111.8868628633242,40.305348100732765],[-111.88686292142417,40.305348181598141],[-111.8868637417911,40.305349297478514],[-111.88686379989113,40.305349378343863],[-111.88686461908165,40.305350494228087],[-111.88686467835296,40.305350574188928],[-111.88686549872496,40.305351690969879],[-111.88686555799626,40.305351770930727],[-111.88686637718688,40.305352886814923],[-111.88686643645816,40.305352966775793],[-111.8868672568303,40.305354083556743],[-111.8868673161016,40.305354163517542],[-111.88686813646861,40.305355279397908],[-111.88686819456356,40.305355359362615],[-111.886869016107,40.305356475239066],[-111.88686907537831,40.305356555199843],[-111.88686989574539,40.305357671080195],[-111.88686995384036,40.305357751044895],[-111.88687077538384,40.305358866921324],[-111.88687083465517,40.305358946882144],[-111.88687165502228,40.30536006276246],[-111.8868717142936,40.305360142723259],[-111.88687253701352,40.305361258595802],[-111.88687259510849,40.305361338560466],[-111.88687341665207,40.30536245443686],[-111.88687347591831,40.30536253349706],[-111.88687429746184,40.30536364937349],[-111.88687435673319,40.30536372933431],[-111.88687517827682,40.305364845210683],[-111.88687523754815,40.305364925171503],[-111.88687606026309,40.305366040143333],[-111.88687611953443,40.305366120104175],[-111.88687694224939,40.305367235075998],[-111.88687700034946,40.305367315941375],[-111.88687782424081,40.305368430909304],[-111.88687788233069,40.305368509973391],[-111.8868787050508,40.305369625845856],[-111.88687876549851,40.305369705802768],[-111.88687958821355,40.305370820774606],[-111.8868796474798,40.305370899834806],[-111.88688047019485,40.305372014806622],[-111.88688052946623,40.305372094767456],[-111.88688135335774,40.305373209735372],[-111.88688141262907,40.305373289696163],[-111.88688223534422,40.305374404667965],[-111.88688229461555,40.305374484628814],[-111.88688311850198,40.305375598696109],[-111.88688317777331,40.305375678656922],[-111.88688400283621,40.305376792720281],[-111.88688406210755,40.305376872681094],[-111.88688488599912,40.30537798764901],[-111.88688494527048,40.305378067609837],[-111.88688576915699,40.305379181677061],[-111.88688582842835,40.305379261637853],[-111.8868866534913,40.305380375701226],[-111.88688671276265,40.305380455662089],[-111.88688753782563,40.305381569725398],[-111.886887597097,40.305381649686218],[-111.88688842333634,40.305382763745683],[-111.88688848143131,40.305382843710369],[-111.88688930649434,40.305383957773714],[-111.88688936694206,40.305384037730654],[-111.88689019200511,40.305385151793978],[-111.88689025127141,40.305385230854171],[-111.88689107751085,40.305386344913614],[-111.88689113560586,40.305386424878279],[-111.88689196301661,40.305387538033209],[-111.88689202111162,40.30538761799793],[-111.88689284735113,40.305388732057324],[-111.88689290662251,40.305388812018144],[-111.88689373403329,40.30538992517301],[-111.88689379330468,40.305390005133845],[-111.88689461953915,40.305391118292619],[-111.88689467881053,40.305391198253417],[-111.88689550622139,40.305392311408291],[-111.88689556549276,40.305392391369104],[-111.8868963917273,40.305393504527899],[-111.88689645099868,40.305393584488677],[-111.88689727840959,40.305394697643564],[-111.88689733885732,40.305394777600497],[-111.88689816508683,40.305395889858595],[-111.88689822553971,40.305395970716162],[-111.88689905294559,40.305397082970352],[-111.88689911221698,40.305397162931179],[-111.8868999408044,40.30539827608213],[-111.88690000007578,40.305398356042936],[-111.88690082748683,40.305399469197752],[-111.8869008867531,40.305399548257959],[-111.88690171534051,40.305400661408839],[-111.88690177460683,40.30540074046904],[-111.88690260319433,40.305401853619998],[-111.88690266246573,40.305401933580775],[-111.88690349222452,40.305403045827198],[-111.88690355149591,40.30540312578799],[-111.88690438007832,40.305404238038243],[-111.88690444052612,40.305404317995183],[-111.88690526910858,40.30540543024545],[-111.88690532837997,40.305405510206278],[-111.8869061569625,40.305406622456559],[-111.88690621740515,40.305406701512879],[-111.88690704716407,40.305407813759224],[-111.88690710643547,40.305407893720002],[-111.8869079361944,40.305409005966361],[-111.88690799546072,40.305409085026575],[-111.88690882521963,40.305410197272913],[-111.88690888449105,40.30541027723374],[-111.88690971542646,40.305411389476177],[-111.88690977469278,40.305411468536356],[-111.88691060562813,40.305412580778778],[-111.88691066489447,40.305412659839007],[-111.88691149465352,40.305413772085309],[-111.88691155510129,40.305413852042257],[-111.88691238603163,40.30541496338401],[-111.88691244530304,40.305415043344837],[-111.8869132762334,40.305416154686633],[-111.88691333550483,40.305416234647446],[-111.88691416760656,40.305417345084692],[-111.88691422687796,40.305417425045533],[-111.8869150578135,40.305418537287935],[-111.88691511707984,40.305418616348092],[-111.88691594918664,40.30541972768598],[-111.88691600963449,40.305419807642913],[-111.88691684056498,40.305420918984673],[-111.88691689983642,40.305420998945465],[-111.88691773311454,40.30542210937881],[-111.88691779238088,40.305422188438982],[-111.88691862449294,40.305423300677489],[-111.88691868375928,40.305423379737682],[-111.88691951704263,40.305424491071626],[-111.88691957630896,40.305424570131812],[-111.88692040959228,40.305425681465763],[-111.88692046886372,40.305425761426584],[-111.88692130213693,40.305426870959252],[-111.88692136140837,40.305426950920094],[-111.88692219469181,40.305428062254016],[-111.88692225395815,40.305428141314195],[-111.88692308723651,40.305429251747469],[-111.88692314767921,40.30542933080379],[-111.88692398096269,40.305430442137713],[-111.8869240414105,40.305430522094596],[-111.88692487468893,40.305431632527878],[-111.88692493395527,40.305431711588064],[-111.88692576840501,40.305432821116845],[-111.88692582885281,40.305432901073729],[-111.88692666213127,40.305434011507032],[-111.88692672140273,40.305434091467788],[-111.88692755585251,40.305435200996577],[-111.88692761512395,40.305435280957347],[-111.88692845075522,40.305436391382834],[-111.88692851002158,40.30543647044302],[-111.8869293444765,40.305437580872379],[-111.88692940491929,40.305437659928636],[-111.88693024055058,40.305438770354122],[-111.88693029981695,40.30543884941428],[-111.88693113426686,40.305439958942976],[-111.88693119471466,40.30544003889991],[-111.886932030341,40.30544114842472],[-111.88693208960737,40.305441227484927],[-111.88693292523877,40.30544233791035],[-111.8869329856815,40.305442416966635],[-111.88693382130789,40.305443526491459],[-111.88693388057935,40.305443606452236],[-111.88693471620064,40.305444715076433],[-111.88693477664845,40.30544479503331],[-111.88693561345126,40.305445904554198],[-111.88693567271764,40.305445983614391],[-111.88693650834405,40.305447093139151],[-111.88693656878685,40.305447172195414],[-111.88693740558966,40.305448281716345],[-111.88693746603239,40.305448360772587],[-111.88693830283529,40.30544947029346],[-111.88693836327802,40.305449549349767],[-111.88693920007586,40.305450657970013],[-111.88693925934733,40.305450737930769],[-111.8869400961452,40.305451846551037],[-111.88694015659303,40.305451926507921],[-111.88694099456727,40.305453035124245],[-111.88694105383874,40.305453115085072],[-111.88694189180792,40.305454222800741],[-111.88694195225577,40.305454302757639],[-111.88694279023008,40.305455411373977],[-111.88694285067281,40.305455490430241],[-111.88694368747079,40.305456599050444],[-111.88694374791865,40.305456679007392],[-111.88694458706433,40.30545778671916],[-111.88694464633582,40.305457866679923],[-111.88694548430512,40.30545897439562],[-111.88694554475296,40.305459054352518],[-111.88694638390373,40.305460162964906],[-111.88694644317015,40.305460242025077],[-111.88694728231586,40.305461349736852],[-111.88694734276376,40.3054614296937],[-111.8869481819095,40.305462537405504],[-111.88694824235225,40.305462616461753],[-111.88694908149809,40.305463724173507],[-111.88694914076954,40.30546380413432],[-111.88694998109175,40.305464911842151],[-111.8869500415345,40.305464990898429],[-111.88695087950907,40.305466099514689],[-111.8869509399519,40.305466178570967],[-111.88695178027412,40.305467286278791],[-111.88695184071688,40.305467365335041],[-111.88695268103918,40.305468473042879],[-111.8869527403056,40.305468552103036],[-111.88695358180429,40.305469659806974],[-111.88695364224706,40.305469738863216],[-111.886954481393,40.305470846574941],[-111.88695454301728,40.305470926527917],[-111.88695538333458,40.305472033335143],[-111.88695544378245,40.305472113291977],[-111.88695633861487,40.305473291069305],[-111.88695634454255,40.30547329915543],[-111.88795414481702,40.304478022274147],[-111.88813163298015,40.304367609368796],[-111.88813162706772,40.304367603984595],[-111.88813162115027,40.304367597699752],[-111.88833745929031,40.304239546680613],[-111.88833744155316,40.304239530528037],[-111.88833746980086,40.304239533136048],[-111.88916866498144,40.303950546803897],[-111.88918897952553,40.303943483843604],[-111.88918907814912,40.303943450191284],[-111.88956019401533,40.303880831823079],[-111.88957698111038,40.303877998264468],[-111.88957701285629,40.303877995456673],[-111.8899252275847,40.30384840858958],[-111.88992522404027,40.303848405899508],[-111.88992522281779,40.303848397797772],[-111.88992523109835,40.303848405875925]],[[-111.88779245388034,40.304065819201057],[-111.88779073743017,40.304066212174703],[-111.88778906031965,40.304066696883169],[-111.88778743194932,40.304067271494077],[-111.88778586171983,40.304067934174874],[-111.88778544528445,40.304068141804159],[-111.88778580533162,40.304067947871637],[-111.88778737437971,40.304067284294156],[-111.88778900039219,40.304066708790444],[-111.88779067749252,40.304066222280689],[-111.8877923939427,40.304065829307106],[-111.88779245388034,40.304065819201057]],[[-111.88801857947901,40.303934050183948],[-111.88801856783294,40.303934070937402],[-111.88801845180389,40.303932901388691],[-111.88801844402673,40.303931528836038],[-111.88801856332036,40.303930160364509],[-111.88801880971015,40.303928800477287],[-111.8880191832524,40.30392745908123],[-111.88801968161987,40.303926140687253],[-111.88802030250577,40.303924853408866],[-111.888019701434,40.303926108198361],[-111.88801920188511,40.303927425695591],[-111.88801882717163,40.303928767996169],[-111.88801857842395,40.303930126990579],[-111.88801845678277,40.303931496370573],[-111.88801846338362,40.30393286892717],[-111.88801857947901,40.303934050183948]]]},"properties":{"GlobalID":"{84DD9E2A-8C04-4E62-AF44-EBAFFCE3D034}","OBJECTID":109,"PARKID":6,"TYPE":"Open Space","NAME":null,"COMMONNAME":" ","ADDRESS":" ","USE_":"Detention","STATUS":"Unlandscaped","RESERVABLE":" ","PATH":null,"BATHROOM":" ","DRINKINGFNTN":null,"PAVILION":null,"TABLES":null,"BBQGRILLS":null,"FIREPIT":null,"BENCHES":null,"PLAYGRNDTOT":null,"PLAYGRNDSCHL":null,"SWINGSET":null,"BBALLCOURT":null,"TENNISCOURT":null,"VBALLCOURT":null,"HORSESHOES":null,"ADDAMENITIES":" ","OWNEDBY":"City","MAINTBY":"City","AREA_SQFT":284657.10744734999,"AREA_ACRES":6.5348279900000001,"LASTUPDATE":null,"LASTEDITOR":null,"NOTES":null,"FACILITYID":"193","PARKINGTYPE":null,"PARKINGNUMSTALLS":null,"BOATING":null,"HASPAVILION":null,"HASTABLES":null,"HASBBQGRILLS":null,"HASFIREPIT":null,"HASBENCHES":null,"BASEBALL":null,"FISHING":null,"URL":null,"PICURL":null,"created_user":null,"created_date":null,"last_edited_user":"BGIBSON","last_edited_date":1767747226000,"YEARBUILT":2005,"PHRAGMITES":null,"HASPICKLE":null,"TRAILHEAD":null,"Shape.STArea()":284657.10744734597,"Shape.STLength()":3215.8935956750715}},{"type":"Feature","id":110,"geometry":{"type":"Polygon","coordinates":[[[-111.93036824680334,40.368031268699333],[-111.93036827152972,40.368031268608348],[-111.93036826064647,40.368029538547418],[-111.93097297371882,40.368027311452899],[-111.93097476681903,40.368027281428176],[-111.9309765584582,40.368027206377562],[-111.93097834627565,40.368027085409111],[-111.93098012673343,40.368026917635248],[-111.9309818998542,40.368026706658405],[-111.93098366326603,40.368026449785411],[-111.9309854134423,40.368026147929932],[-111.93098714920556,40.368025801096273],[-111.93098886938964,40.368025411089981],[-111.93099057281155,40.368024977014834],[-111.93099225476706,40.36802449978876],[-111.93099225946548,40.368024497970211],[-111.93099391526185,40.368023980312351],[-111.93099555193547,40.368023417693742],[-111.9309971624386,40.36802281284217],[-111.93099716713702,40.368022811023579],[-111.93099874678828,40.368022168459447],[-111.93099875148668,40.368022166640891],[-111.93100030263525,40.368021485454875],[-111.93100030732805,40.368021482735699],[-111.93100182760773,40.368020761135305],[-111.93100183230615,40.368020759316757],[-111.93100332055653,40.368020000008123],[-111.93100332524926,40.368019997288947],[-111.93100477911544,40.368019200280806],[-111.93100478263642,40.368019198466556],[-111.93100620211837,40.36801836375885],[-111.93100620563931,40.368018361944614],[-111.93100758722177,40.368017492252179],[-111.93100759191452,40.368017489532996],[-111.93100893442561,40.368016585760834],[-111.93100893911267,40.36801658214106],[-111.9310102413807,40.368015645194028],[-111.93101024489035,40.36801564157863],[-111.93101150456614,40.368014672366073],[-111.93101151043062,40.368014668741921],[-111.93101272750845,40.368013666363225],[-111.93101273101806,40.368013662747799],[-111.93101390434316,40.368012630809751],[-111.93101390903023,40.368012627189962],[-111.93101503625341,40.368011566601787],[-111.93101504093481,40.368011562081435],[-111.93101612086728,40.368010471046297],[-111.93101612438259,40.368010468331455],[-111.93101715588091,40.368009352257332],[-111.93101716056231,40.368009347736937],[-111.93101814362088,40.368008205723214],[-111.931018148308,40.368008202103447],[-111.93101908057753,40.368007035059414],[-111.93101908290403,40.368007030547695],[-111.9310199655791,40.368005841170813],[-111.93101996908305,40.368005836654795],[-111.9310207974538,40.368004624962403],[-111.93102080096344,40.368004621346991],[-111.93102157621296,40.368003388235429],[-111.9310215785395,40.368003383723689],[-111.93102229951307,40.36800213279971],[-111.93102230183962,40.368002128287984],[-111.93102296970909,40.368000858646553],[-111.93102297204125,40.368000855035461],[-111.93102358329125,40.367999569391479],[-111.93102358561779,40.367999564879746],[-111.93102414025398,40.367998264133817],[-111.93102414140874,40.367998260527074],[-111.93102464062001,40.36799694647604],[-111.93102464176904,40.367996941968684],[-111.93102508203428,40.367995616426789],[-111.93102508318334,40.367995611919397],[-111.93102546568009,40.367994274882321],[-111.93102546683481,40.367994271275577],[-111.93102579040261,40.36799292544945],[-111.93102579155166,40.367992920942079],[-111.93102605737931,40.36799156812377],[-111.93102605853403,40.367991564516977],[-111.93102626191742,40.367990205624444],[-111.93102626306649,40.367990201117109],[-111.93102641107598,40.367988837024932],[-111.9310264110476,40.367988832521903],[-111.9310264954581,40.367987465962287],[-111.93102652126599,40.367985955518606],[-111.93101873669843,40.366750344127368],[-111.93101870214815,40.366748971701277],[-111.93101870211977,40.366748967198227],[-111.93101860285101,40.366747601315076],[-111.93101860282265,40.36674759681204],[-111.93101844469977,40.366746233847685],[-111.93101844467708,40.366746230245283],[-111.93101822417921,40.36674487201396],[-111.93101794717646,40.366743515792137],[-111.93101761017053,40.366742166996495],[-111.93101721671079,40.36674082831582],[-111.93101676327062,40.366739500663783],[-111.93101625338795,40.366738184927861],[-111.93101568706847,40.366736882008752],[-111.93101506198569,40.366735596418089],[-111.93101438283232,40.366734325436745],[-111.9310136484593,40.366733073572107],[-111.93101285886661,40.366731840824073],[-111.9310120175922,40.366730628080361],[-111.93101112348133,40.366729438947623],[-111.93101017770576,40.366728272520909],[-111.93100918145429,40.366727130597184],[-111.9310081370931,40.366726014968869],[-111.93100704345045,40.366724926541011],[-111.93100590289247,40.366723867106018],[-111.93100471659662,40.366722836659669],[-111.93100348692913,40.366721836994444],[-111.93100221508442,40.366720870807789],[-111.93100089986802,40.366719935402237],[-111.93099954719543,40.366719035259131],[-111.93099815353439,40.366718170391522],[-111.93099672476632,40.366717339876992],[-111.93099525856476,40.366716548227387],[-111.93099375962804,40.366715793624024],[-111.93099222913924,40.366715076963253],[-111.93099066829282,40.36671440094247],[-111.93098907826051,40.366713764656765],[-111.93098746258029,40.366713168993741],[-111.93098582008032,40.36671261485828],[-111.93098415547037,40.366712102233123],[-111.93098246876747,40.36671163382001],[-111.93098076231502,40.36671120780904],[-111.93097903965669,40.366710825988392],[-111.93097730079246,40.366710488358208],[-111.93097554807153,40.366710194009045],[-111.93097378386571,40.366709945634085],[-111.930972008175,40.366709743233315],[-111.93097022687523,40.366709584983901],[-111.93096843879459,40.366709471790692],[-111.93096664629361,40.366709404545659],[-111.93096467158723,40.366709384804651],[-111.93035587391334,40.366711626932677],[-111.9303558847224,40.366713345286527],[-111.93007918588866,40.366714363287073],[-111.93007911171105,40.366714363559893],[-111.92998500627147,40.366714709633222],[-111.92998303191051,40.366714744812533],[-111.92998124033863,40.366714825251584],[-111.92997945375944,40.366714950703553],[-111.92997767335031,40.366715121164027],[-111.9299759014775,40.366715338425671],[-111.92997413930142,40.366715599782275],[-111.92997239153733,40.366715906117108],[-111.92997065583049,40.366716257438888],[-111.92996893687352,40.366716651028447],[-111.92996723703834,40.366717089578948],[-111.92996555631352,40.366717571289186],[-111.92996389822572,40.366718095245538],[-111.92996226395236,40.366718661443784],[-111.92996065466518,40.366719268978848],[-111.9299590727134,40.366719916941541],[-111.92995752044614,40.366720604422596],[-111.92995599786909,40.366721332322612],[-111.92995450967497,40.366722097922462],[-111.92995305350892,40.366722901230816],[-111.92995163524678,40.366723740424789],[-111.9299502537167,40.36672461640935],[-111.9299489112622,40.366725527374619],[-111.92994760786641,40.366726470618779],[-111.92994634707277,40.36672744793006],[-111.92994513003623,40.366728455701725],[-111.92994395793976,40.366729494830047],[-111.92994283077205,40.366730563513784],[-111.92994175204841,40.366731659038138],[-111.92994071942529,40.366732783213031],[-111.9299397387615,40.366733931513735],[-111.9299388077079,40.366735104849631],[-111.92993792860807,40.366736301410683],[-111.92993710145052,40.36673751939577],[-111.92993632858456,40.366738757895682],[-111.92993561000452,40.366740016009707],[-111.92993494568776,40.366741290135501],[-111.92993433800044,40.366742582065548],[-111.92993378809733,40.366743888193191],[-111.92993329480106,40.36674520852273],[-111.92993285808889,40.366746539451711],[-111.9299324803158,40.366747880971502],[-111.92993216147607,40.36674923218149],[-111.92993190037527,40.366750590384214],[-111.92993170053441,40.366751953765458],[-111.92993155959294,40.366753321433272],[-111.92993147872266,40.366754692482687],[-111.92993145673482,40.36675606511691],[-111.9299392087876,40.367991688333525],[-111.92993925477974,40.367993198512863],[-111.92993935994433,40.367994568877783],[-111.9299395239584,40.367995935423799],[-111.92993974681642,40.367997297250305],[-111.92994002968446,40.367998652551861],[-111.92994037137379,40.367999999531513],[-111.92994077188432,40.368001338189281],[-111.92994123118788,40.368002664022093],[-111.92994174694087,40.368003978839852],[-111.92994232030374,40.368005279936455],[-111.92994294890461,40.368006564618668],[-111.92994363392663,40.368007833782876],[-111.92994437417531,40.36800908473144],[-111.92994516845629,40.368010314766998],[-111.92994601559778,40.368011524794454],[-111.92994691440533,40.36801271211629],[-111.9299478660508,40.36801387582765],[-111.9299488669961,40.368015015040783],[-111.92994991722989,40.368016127954618],[-111.9299510155692,40.368017213672793],[-111.9299521608252,40.368018270398451],[-111.92995335063731,40.368019297239627],[-111.92995458499993,40.368020293295736],[-111.929955860375,40.368021257679189],[-111.92995718028361,40.368022188575743],[-111.92995853766107,40.368023086011355],[-111.92995993367344,40.368023948180536],[-111.92996136713204,40.368024773286372],[-111.9299627600651,40.368025520186798],[-111.92996283803114,40.3680255604283],[-111.92996426017963,40.368026272096884],[-111.92996433931744,40.368026311433454],[-111.92996579185878,40.368026987865925],[-111.92996587098527,40.368027025401233],[-111.92996735273067,40.368027664800678],[-111.92996743537252,40.368027699621223],[-111.92996902891859,40.368028329603263],[-111.92997064813071,40.36802892166471],[-111.92997229180318,40.368029471306826],[-111.9299739587585,40.368029978533883],[-111.92997564781932,40.3680304433503],[-111.92997735544752,40.368030864868352],[-111.92997908046009,40.368031242191883],[-111.92998082168521,40.368031576225718],[-111.92998257557917,40.368031865181727],[-111.92998434096462,40.368032109064153],[-111.92998611665841,40.368032306976772],[-111.92998790031696,40.368032460729459],[-111.92998968840224,40.368032569434611],[-111.929991480903,40.368032631290959],[-111.92999327547562,40.368032648108382],[-111.93000067689186,40.368032620892365],[-111.93000070161817,40.368032620801422],[-111.93036824680334,40.368031268699333]]]},"properties":{"GlobalID":"{E085A4DF-8A88-48A7-8B0A-2CE5B4157B2E}","OBJECTID":110,"PARKID":54,"TYPE":"Public Park","NAME":"Triton Park","COMMONNAME":"Sunset Park","ADDRESS":"563 W MALIA LN","USE_":"OpenSpace","STATUS":"Constructed","RESERVABLE":"No","PATH":"Yes","BATHROOM":"No","DRINKINGFNTN":"No","PAVILION":0,"TABLES":0,"BBQGRILLS":0,"FIREPIT":0,"BENCHES":0,"PLAYGRNDTOT":"No","PLAYGRNDSCHL":"No","SWINGSET":"No","BBALLCOURT":"No","TENNISCOURT":"No","VBALLCOURT":"No","HORSESHOES":"No","ADDAMENITIES":" ","OWNEDBY":"City","MAINTBY":"City","AREA_SQFT":145267.35100917,"AREA_ACRES":3.3348795,"LASTUPDATE":null,"LASTEDITOR":null,"NOTES":null,"FACILITYID":"625","PARKINGTYPE":"None","PARKINGNUMSTALLS":null,"BOATING":null,"HASPAVILION":null,"HASTABLES":null,"HASBBQGRILLS":null,"HASFIREPIT":null,"HASBENCHES":null,"BASEBALL":null,"FISHING":null,"URL":null,"PICURL":null,"created_user":null,"created_date":null,"last_edited_user":"BGIBSON","last_edited_date":1767747226000,"YEARBUILT":2006,"PHRAGMITES":null,"HASPICKLE":null,"TRAILHEAD":null,"Shape.STArea()":145267.35100916997,"Shape.STLength()":1541.6742351158684}},{"type":"Feature","id":113,"geometry":{"type":"Polygon","coordinates":[[[-111.94227124033664,40.372425907754959],[-111.94227125447847,40.372425909502745],[-111.94227195412273,40.371570975459576],[-111.9421486062929,40.371133714827216],[-111.94196533291415,40.371134669699316],[-111.9420925300325,40.37158558474983],[-111.94209206667104,40.372150719441883],[-111.94209183873727,40.372426851771749],[-111.94227124033664,40.372425907754959]]]},"properties":{"GlobalID":"{C0D98F7E-F75A-4155-B19E-04478CA46DD3}","OBJECTID":113,"PARKID":252,"TYPE":"Trail","NAME":null,"COMMONNAME":null,"ADDRESS":null,"USE_":"Access","STATUS":"Constructed","RESERVABLE":null,"PATH":"Yes","BATHROOM":null,"DRINKINGFNTN":null,"PAVILION":null,"TABLES":null,"BBQGRILLS":null,"FIREPIT":null,"BENCHES":null,"PLAYGRNDTOT":null,"PLAYGRNDSCHL":null,"SWINGSET":null,"BBALLCOURT":null,"TENNISCOURT":null,"VBALLCOURT":null,"HORSESHOES":null,"ADDAMENITIES":null,"OWNEDBY":"City","MAINTBY":"City","AREA_SQFT":23717.18394721,"AREA_ACRES":0.54447162000000005,"LASTUPDATE":null,"LASTEDITOR":null,"NOTES":null,"FACILITYID":"108","PARKINGTYPE":null,"PARKINGNUMSTALLS":null,"BOATING":null,"HASPAVILION":null,"HASTABLES":null,"HASBBQGRILLS":null,"HASFIREPIT":null,"HASBENCHES":null,"BASEBALL":null,"FISHING":null,"URL":null,"PICURL":null,"created_user":null,"created_date":null,"last_edited_user":"BGIBSON","last_edited_date":1767747226000,"YEARBUILT":2015,"PHRAGMITES":null,"HASPICKLE":null,"TRAILHEAD":null,"Shape.STArea()":23717.183947205627,"Shape.STLength()":1049.9597229913516}},{"type":"Feature","id":114,"geometry":{"type":"Polygon","coordinates":[[[-111.91945654076429,40.3945670292469],[-111.91964321334594,40.394313332435289],[-111.91957923366107,40.394288441024415],[-111.91940833143715,40.394520696957521],[-111.9191958030234,40.394568397046626],[-111.91906928941776,40.39409773686959],[-111.91908853783299,40.394082556467254],[-111.91923020892304,40.393971551286384],[-111.9194871377196,40.393769762094806],[-111.91964980235062,40.393545073693076],[-111.91980621345932,40.393328999371477],[-111.91996264938784,40.393112907620328],[-111.92011907836648,40.392896803957349],[-111.9202929155586,40.392656727036623],[-111.9204931496738,40.392380129485538],[-111.9205449708798,40.392374370180363],[-111.92059475492944,40.39238652064715],[-111.92075830321406,40.392460701755077],[-111.92079038199215,40.392482346183165],[-111.9208097923469,40.392511422136664],[-111.92069819671775,40.392692796247751],[-111.92071869143486,40.392691347298666],[-111.92073388968629,40.392691325059928],[-111.92075414256946,40.392692688701302],[-111.92077612730594,40.392696022964486],[-111.92080050940424,40.392702092780461],[-111.92082328136671,40.392710466758729],[-111.92098179026273,40.392495105531758],[-111.92048961647238,40.392271775409114],[-111.92050545062317,40.392249903739049],[-111.92121856660816,40.391264841002418],[-111.922829344365,40.39125150514333],[-111.92469406704205,40.391236078937744],[-111.92487594927553,40.391234581794514],[-111.92523483978816,40.391231602575907],[-111.92575020584971,40.391227322458533],[-111.92581714391793,40.391322992817543],[-111.92582767156547,40.391294865249641],[-111.92583410287237,40.391265528758183],[-111.9258363077745,40.39123557663229],[-111.92583633675224,40.391219989532935],[-111.92583339614134,40.391185457037942],[-111.92470239644337,40.391194839126683],[-111.92118650484092,40.391224467377967],[-111.92044326428883,40.392250713563293],[-111.91997744268708,40.392895209590392],[-111.91936588735571,40.393734514382871],[-111.91899496779372,40.39402090039161],[-111.91915918240807,40.394631814588926],[-111.91918718961345,40.394735710224531],[-111.91921049342278,40.394731421740175],[-111.9192383050711,40.394726540701988],[-111.91921027664327,40.394622269596958],[-111.91945654076429,40.3945670292469]]]},"properties":{"GlobalID":"{807650C7-A768-41A2-928D-4F4312547556}","OBJECTID":114,"PARKID":253,"TYPE":"Trail","NAME":null,"COMMONNAME":" ","ADDRESS":" ","USE_":"Trail","STATUS":"Unlandscaped","RESERVABLE":" ","PATH":null,"BATHROOM":" ","DRINKINGFNTN":null,"PAVILION":null,"TABLES":null,"BBQGRILLS":null,"FIREPIT":null,"BENCHES":null,"PLAYGRNDTOT":null,"PLAYGRNDSCHL":null,"SWINGSET":null,"BBALLCOURT":null,"TENNISCOURT":null,"VBALLCOURT":null,"HORSESHOES":null,"ADDAMENITIES":null,"OWNEDBY":"City","MAINTBY":"City","AREA_SQFT":65755.429427759998,"AREA_ACRES":1.50953695,"LASTUPDATE":null,"LASTEDITOR":null,"NOTES":null,"FACILITYID":"152","PARKINGTYPE":null,"PARKINGNUMSTALLS":null,"BOATING":null,"HASPAVILION":null,"HASTABLES":null,"HASBBQGRILLS":null,"HASFIREPIT":null,"HASBENCHES":null,"BASEBALL":null,"FISHING":null,"URL":null,"PICURL":null,"created_user":null,"created_date":null,"last_edited_user":"BGIBSON","last_edited_date":1767747226000,"YEARBUILT":2016,"PHRAGMITES":null,"HASPICKLE":null,"TRAILHEAD":null,"Shape.STArea()":65755.429427761774,"Shape.STLength()":6319.0889074222296}},{"type":"Feature","id":115,"geometry":{"type":"Polygon","coordinates":[[[-111.87313818613278,40.292799026519376],[-111.87299537857763,40.292542032463217],[-111.8728312923608,40.292262900740425],[-111.87259523511273,40.292020605975715],[-111.87235590955234,40.291779992736579],[-111.87211638517614,40.291539494009669],[-111.87197148481073,40.291400345074628],[-111.87182324753088,40.29126475653942],[-111.87167176079622,40.29113280840096],[-111.87151711398359,40.291004578508343],[-111.87132690151817,40.291088864989383],[-111.87143788225258,40.291167743663628],[-111.87220788567562,40.291886737004482],[-111.87258759936749,40.292278525452957],[-111.87274630222993,40.292503151467173],[-111.87289640592729,40.292807488334908],[-111.87304684408249,40.2930317584214],[-111.873523238045,40.293510168720488],[-111.87385114048674,40.294035556238491],[-111.87402391421779,40.294229381987229],[-111.87428139729032,40.294428479542482],[-111.87496413399764,40.294885704002098],[-111.87510557889895,40.295017288799457],[-111.875292837933,40.295304495319328],[-111.87562796799983,40.295940733565935],[-111.87589210752778,40.296506874246454],[-111.87594654610716,40.296656849861286],[-111.87612987690488,40.296581577425705],[-111.87612984847286,40.296581540590843],[-111.8760098126441,40.296290075249658],[-111.87590038932575,40.296038386769247],[-111.87587107095874,40.295973513170843],[-111.87587102957892,40.295973474576321],[-111.87575542133222,40.295730758239714],[-111.87561002886002,40.29545015469143],[-111.87545412453251,40.295173836669321],[-111.87530409991312,40.294943406257822],[-111.87508217393659,40.294749130532225],[-111.8748004693001,40.294553909587094],[-111.87450063525581,40.294357852642349],[-111.87419371538365,40.294120502366859],[-111.87396319857214,40.293840948378119],[-111.87380695464667,40.293561936211745],[-111.87360139163437,40.293308465333588],[-111.8733585606761,40.293076809732518],[-111.87318023900571,40.292860100881128],[-111.87318027890664,40.292860084542042],[-111.87313818613278,40.292799026519376]]]},"properties":{"GlobalID":"{46BA599F-4074-4B5E-BDF8-D56ACE688D24}","OBJECTID":115,"PARKID":254,"TYPE":"Trail","NAME":null,"COMMONNAME":null,"ADDRESS":null,"USE_":"Trail","STATUS":"Unlandscaped","RESERVABLE":null,"PATH":null,"BATHROOM":null,"DRINKINGFNTN":null,"PAVILION":null,"TABLES":null,"BBQGRILLS":null,"FIREPIT":null,"BENCHES":null,"PLAYGRNDTOT":null,"PLAYGRNDSCHL":null,"SWINGSET":null,"BBALLCOURT":null,"TENNISCOURT":null,"VBALLCOURT":null,"HORSESHOES":null,"ADDAMENITIES":null,"OWNEDBY":"City","MAINTBY":"City","AREA_SQFT":146421.84773364,"AREA_ACRES":3.3613830999999998,"LASTUPDATE":null,"LASTEDITOR":null,"NOTES":null,"FACILITYID":"161","PARKINGTYPE":null,"PARKINGNUMSTALLS":null,"BOATING":null,"HASPAVILION":null,"HASTABLES":null,"HASBBQGRILLS":null,"HASFIREPIT":null,"HASBENCHES":null,"BASEBALL":null,"FISHING":null,"URL":null,"PICURL":null,"created_user":null,"created_date":null,"last_edited_user":"BGIBSON","last_edited_date":1767747226000,"YEARBUILT":2009,"PHRAGMITES":null,"HASPICKLE":null,"TRAILHEAD":null,"Shape.STArea()":146421.84773364413,"Shape.STLength()":4997.0132456275715}},{"type":"Feature","id":118,"geometry":{"type":"Polygon","coordinates":[[[-111.91272494951157,40.375847441899026],[-111.91272605952331,40.375837019586548],[-111.91272831067602,40.375815869540688],[-111.91273365235837,40.375784457708185],[-111.91274095967671,40.375753277602925],[-111.91280395797251,40.375521846658962],[-111.91280979553441,40.375497487642278],[-111.91281390666951,40.375472923072863],[-111.91281392438025,40.37547273568093],[-111.91281627886663,40.375448225945391],[-111.91281690784122,40.375423466523678],[-111.91281665914907,40.375382256733992],[-111.91281652726104,40.375382257199519],[-111.91281648486843,40.375382257349152],[-111.91281630717322,40.375352812135404],[-111.91245752465777,40.375354078023861],[-111.91223147094104,40.375354875041495],[-111.91200541604137,40.375355671626323],[-111.9117793611365,40.375356467774239],[-111.91155403514333,40.375357260920119],[-111.91156559808282,40.375473934545298],[-111.91160300766246,40.375851397669081],[-111.91212495713457,40.375849559543759],[-111.91236931797064,40.375848698188896],[-111.91272481408984,40.375847442376944],[-111.91272494951157,40.375847441899026]]]},"properties":{"GlobalID":"{59C7230A-6D33-4142-9399-9DE8D92FB11D}","OBJECTID":118,"PARKID":16,"TYPE":"Public Park","NAME":"Devonshire Park","COMMONNAME":"Dalmore Meadows Park","ADDRESS":"756 N DEVONSHIRE DR","USE_":"Recreation","STATUS":"Constructed","RESERVABLE":"No","PATH":"Yes","BATHROOM":"No","DRINKINGFNTN":"No","PAVILION":1,"TABLES":3,"BBQGRILLS":0,"FIREPIT":0,"BENCHES":1,"PLAYGRNDTOT":"No","PLAYGRNDSCHL":"Yes","SWINGSET":"No","BBALLCOURT":"No","TENNISCOURT":"No","VBALLCOURT":"No","HORSESHOES":"No","ADDAMENITIES":" ","OWNEDBY":"City","MAINTBY":"City","AREA_SQFT":60226.117112159998,"AREA_ACRES":1.3826014,"LASTUPDATE":null,"LASTEDITOR":null,"NOTES":null,"FACILITYID":"69","PARKINGTYPE":"None","PARKINGNUMSTALLS":null,"BOATING":null,"HASPAVILION":null,"HASTABLES":null,"HASBBQGRILLS":null,"HASFIREPIT":null,"HASBENCHES":null,"BASEBALL":null,"FISHING":null,"URL":null,"PICURL":null,"created_user":null,"created_date":null,"last_edited_user":"BGIBSON","last_edited_date":1767747226000,"YEARBUILT":2005,"PHRAGMITES":null,"HASPICKLE":null,"TRAILHEAD":null,"Shape.STArea()":60226.117112156782,"Shape.STLength()":1027.3958794892205}},{"type":"Feature","id":119,"geometry":{"type":"Polygon","coordinates":[[[-111.91988999192463,40.378372950327602],[-111.91988671977114,40.37836862468167],[-111.91915964646174,40.378701502303777],[-111.91896125961405,40.378818737328501],[-111.91896315040781,40.378822305121574],[-111.91925025109609,40.378690454753411],[-111.91956544687733,40.37854627875128],[-111.91966526745834,40.378501241684049],[-111.91969556076737,40.378487133720327],[-111.91972971126197,40.378466756189049],[-111.91988999192463,40.378372950327602]]]},"properties":{"GlobalID":"{BB7E5FA9-92EC-4E54-A24F-8C44B8753F8D}","OBJECTID":119,"PARKID":256,"TYPE":"Island","NAME":null,"COMMONNAME":"Market St","ADDRESS":null,"USE_":"Landscape","STATUS":"Constructed","RESERVABLE":null,"PATH":null,"BATHROOM":null,"DRINKINGFNTN":null,"PAVILION":null,"TABLES":null,"BBQGRILLS":null,"FIREPIT":null,"BENCHES":null,"PLAYGRNDTOT":null,"PLAYGRNDSCHL":null,"SWINGSET":null,"BBALLCOURT":null,"TENNISCOURT":null,"VBALLCOURT":null,"HORSESHOES":null,"ADDAMENITIES":null,"OWNEDBY":"City","MAINTBY":"City","AREA_SQFT":2375.67942541,"AREA_ACRES":0.054538099999999999,"LASTUPDATE":null,"LASTEDITOR":null,"NOTES":null,"FACILITYID":"5377","PARKINGTYPE":null,"PARKINGNUMSTALLS":null,"BOATING":null,"HASPAVILION":null,"HASTABLES":null,"HASBBQGRILLS":null,"HASFIREPIT":null,"HASBENCHES":null,"BASEBALL":null,"FISHING":null,"URL":null,"PICURL":null,"created_user":null,"created_date":null,"last_edited_user":"BGIBSON","last_edited_date":1767747226000,"YEARBUILT":2015,"PHRAGMITES":null,"HASPICKLE":null,"TRAILHEAD":null,"Shape.STArea()":2375.6794254094229,"Shape.STLength()":615.23640322393294}},{"type":"Feature","id":120,"geometry":{"type":"Polygon","coordinates":[[[-111.93558276890825,40.383436745314846],[-111.9355878806188,40.383451037142386],[-111.9355959009383,40.383464525591343],[-111.9356066262774,40.383476865580917],[-111.93561978257827,40.383487742913921],[-111.93563503595456,40.383496880541095],[-111.93565199626431,40.383504044852913],[-111.93567023129995,40.383509054632469],[-111.93568927738801,40.38351178101636],[-111.93570864649551,40.383512153772436],[-111.93624770114741,40.383480604127683],[-111.93731274620249,40.383415949423664],[-111.93774011338085,40.383388801974],[-111.93776770553838,40.383386616471846],[-111.93779477198639,40.383381970633387],[-111.93782093860297,40.383374927101549],[-111.93781309722453,40.383298752216398],[-111.93710842141753,40.383341991371339],[-111.93589217121392,40.383416621101048],[-111.93578391224482,40.383423242384453],[-111.9357389190538,40.383425999294566],[-111.93573002578769,40.383425972083423],[-111.93572125851159,40.383424831234969],[-111.93571285646723,40.383422601976093],[-111.93570504853211,40.383419346497647],[-111.93569804725058,40.383415151368219],[-111.93569204416316,40.383410133855918],[-111.93568720266563,40.383404430246465],[-111.93568365563068,40.383398192250063],[-111.93568149721575,40.383391595137169],[-111.93568078861358,40.38338481610208],[-111.93568113027695,40.383313465848708],[-111.93568393740223,40.382733918454299],[-111.93568522247391,40.382459565589528],[-111.93568787369321,40.381910650536803],[-111.93569306535368,40.380813013269012],[-111.93569844572917,40.379687898714636],[-111.93564367526133,40.379687644318516],[-111.93563211391248,40.37969427993373],[-111.93562193226656,40.37970212714923],[-111.93561334713823,40.37971102034389],[-111.9356065375145,40.379720771522209],[-111.93560164928829,40.379731173898612],[-111.93559878470512,40.379742009142063],[-111.93559028427434,40.380064534571069],[-111.93558855302894,40.381636089611483],[-111.93558069767009,40.38342201346871],[-111.93558276890825,40.383436745314846]]]},"properties":{"GlobalID":"{1B8E638F-98C7-4B71-8FED-AE23A932A9E1}","OBJECTID":120,"PARKID":42,"TYPE":"Frontage","NAME":null,"COMMONNAME":" ","ADDRESS":" ","USE_":"Landscape","STATUS":"Constructed","RESERVABLE":" ","PATH":null,"BATHROOM":" ","DRINKINGFNTN":null,"PAVILION":null,"TABLES":null,"BBQGRILLS":null,"FIREPIT":null,"BENCHES":null,"PLAYGRNDTOT":null,"PLAYGRNDSCHL":null,"SWINGSET":null,"BBALLCOURT":null,"TENNISCOURT":null,"VBALLCOURT":null,"HORSESHOES":null,"ADDAMENITIES":" ","OWNEDBY":"City","MAINTBY":"City","AREA_SQFT":57816.97921718,"AREA_ACRES":1.3272952099999999,"LASTUPDATE":null,"LASTEDITOR":null,"NOTES":null,"FACILITYID":"618","PARKINGTYPE":null,"PARKINGNUMSTALLS":null,"BOATING":null,"HASPAVILION":null,"HASTABLES":null,"HASBBQGRILLS":null,"HASFIREPIT":null,"HASBENCHES":null,"BASEBALL":null,"FISHING":null,"URL":null,"PICURL":null,"created_user":null,"created_date":null,"last_edited_user":"BGIBSON","last_edited_date":1767747226000,"YEARBUILT":2001,"PHRAGMITES":null,"HASPICKLE":null,"TRAILHEAD":null,"Shape.STArea()":57816.979217181797,"Shape.STLength()":4003.9317436622619}},{"type":"Feature","id":121,"geometry":{"type":"Polygon","coordinates":[[[-111.92976150493074,40.36626817248986],[-111.92968978632987,40.366268444154883],[-111.92968975100744,40.366268444284685],[-111.92969158449168,40.366560371752229],[-111.92976333877203,40.366560108061734],[-111.92976150493074,40.36626817248986]]]},"properties":{"GlobalID":"{99B58990-F297-4C56-B34C-7FA2D6378732}","OBJECTID":121,"PARKID":257,"TYPE":"Trail","NAME":null,"COMMONNAME":" ","ADDRESS":" ","USE_":"Access","STATUS":"Unlandscaped","RESERVABLE":" ","PATH":null,"BATHROOM":" ","DRINKINGFNTN":null,"PAVILION":null,"TABLES":null,"BBQGRILLS":null,"FIREPIT":null,"BENCHES":null,"PLAYGRNDTOT":null,"PLAYGRNDSCHL":null,"SWINGSET":null,"BBALLCOURT":null,"TENNISCOURT":null,"VBALLCOURT":null,"HORSESHOES":null,"ADDAMENITIES":null,"OWNEDBY":"City","MAINTBY":"City","AREA_SQFT":2126.3352220299998,"AREA_ACRES":0.04881394,"LASTUPDATE":null,"LASTEDITOR":null,"NOTES":null,"FACILITYID":"150","PARKINGTYPE":null,"PARKINGNUMSTALLS":null,"BOATING":null,"HASPAVILION":null,"HASTABLES":null,"HASBBQGRILLS":null,"HASFIREPIT":null,"HASBENCHES":null,"BASEBALL":null,"FISHING":null,"URL":null,"PICURL":null,"created_user":null,"created_date":null,"last_edited_user":"BGIBSON","last_edited_date":1767747226000,"YEARBUILT":2006,"PHRAGMITES":null,"HASPICKLE":null,"TRAILHEAD":null,"Shape.STArea()":2126.3352220293827,"Shape.STLength()":252.68486230147377}},{"type":"Feature","id":123,"geometry":{"type":"Polygon","coordinates":[[[-111.86697794985442,40.364853426821377],[-111.86698006986995,40.364833576734362],[-111.86697795808736,40.364771108922497],[-111.86697707620135,40.364771108087695],[-111.86678407602193,40.364770888661454],[-111.86659033762376,40.364770672131669],[-111.86638583290741,40.364770443083735],[-111.8662064566733,40.364770243059056],[-111.8659768482042,40.364769983837526],[-111.86597676109926,40.364811148899115],[-111.86597678845689,40.364812521363405],[-111.8659768746793,40.364813892742823],[-111.86598040517121,40.364876517340228],[-111.86630161771185,40.36493720695411],[-111.8663580316549,40.364944990828548],[-111.86638927750806,40.364949536542895],[-111.86644218377856,40.364950033617113],[-111.86652458029563,40.364951102894487],[-111.8667960299337,40.364950251725482],[-111.86696662177548,40.364957662687232],[-111.86697695615364,40.364853433542443],[-111.86697794985442,40.364853426821377]]]},"properties":{"GlobalID":"{C7676098-8098-4D9E-A932-B22AF05A35E0}","OBJECTID":123,"PARKID":38,"TYPE":"Frontage","NAME":null,"COMMONNAME":" ","ADDRESS":" ","USE_":"Frontage","STATUS":"Constructed","RESERVABLE":" ","PATH":null,"BATHROOM":" ","DRINKINGFNTN":null,"PAVILION":null,"TABLES":null,"BBQGRILLS":null,"FIREPIT":null,"BENCHES":null,"PLAYGRNDTOT":null,"PLAYGRNDSCHL":null,"SWINGSET":null,"BBALLCOURT":null,"TENNISCOURT":null,"VBALLCOURT":null,"HORSESHOES":null,"ADDAMENITIES":" ","OWNEDBY":"City","MAINTBY":"City","AREA_SQFT":16775.607207329998,"AREA_ACRES":0.38511495000000001,"LASTUPDATE":null,"LASTEDITOR":null,"NOTES":null,"FACILITYID":"694","PARKINGTYPE":null,"PARKINGNUMSTALLS":null,"BOATING":null,"HASPAVILION":null,"HASTABLES":null,"HASBBQGRILLS":null,"HASFIREPIT":null,"HASBENCHES":null,"BASEBALL":null,"FISHING":null,"URL":null,"PICURL":null,"created_user":null,"created_date":null,"last_edited_user":"BGIBSON","last_edited_date":1767747226000,"YEARBUILT":2002,"PHRAGMITES":null,"HASPICKLE":null,"TRAILHEAD":null,"Shape.STArea()":16775.607207327848,"Shape.STLength()":664.15526262688957}},{"type":"Feature","id":125,"geometry":{"type":"Polygon","coordinates":[[[-111.9346329954687,40.338584510323791],[-111.93463385451835,40.33863935034784],[-111.934633855884,40.33863938006369],[-111.93506415673504,40.338635427676451],[-111.9350641553692,40.338635397960594],[-111.93506329824851,40.338580545322316],[-111.9346329954687,40.338584510323791]]]},"properties":{"GlobalID":"{E42B9C81-1116-438A-991E-86D083A540E9}","OBJECTID":125,"PARKID":35,"TYPE":"Trail","NAME":null,"COMMONNAME":"Rocky Ridge path ways","ADDRESS":" ","USE_":"Access","STATUS":"Constructed","RESERVABLE":" ","PATH":null,"BATHROOM":" ","DRINKINGFNTN":null,"PAVILION":null,"TABLES":null,"BBQGRILLS":null,"FIREPIT":null,"BENCHES":null,"PLAYGRNDTOT":null,"PLAYGRNDSCHL":null,"SWINGSET":null,"BBALLCOURT":null,"TENNISCOURT":null,"VBALLCOURT":null,"HORSESHOES":null,"ADDAMENITIES":" ","OWNEDBY":"City","MAINTBY":"City","AREA_SQFT":2398.1970738300001,"AREA_ACRES":0.055055029999999998,"LASTUPDATE":null,"LASTEDITOR":null,"NOTES":null,"FACILITYID":"683","PARKINGTYPE":null,"PARKINGNUMSTALLS":null,"BOATING":null,"HASPAVILION":null,"HASTABLES":null,"HASBBQGRILLS":null,"HASFIREPIT":null,"HASBENCHES":null,"BASEBALL":null,"FISHING":null,"URL":null,"PICURL":null,"created_user":null,"created_date":null,"last_edited_user":"BGIBSON","last_edited_date":1767747226000,"YEARBUILT":2006,"PHRAGMITES":null,"HASPICKLE":null,"TRAILHEAD":null,"Shape.STArea()":2398.1970738323694,"Shape.STLength()":279.90031112397935}},{"type":"Feature","id":128,"geometry":{"type":"Polygon","coordinates":[[[-111.93972241839339,40.376566615302515],[-111.93972244206097,40.376566633226005],[-111.93974497774575,40.3765727970165],[-111.939749484179,40.376574030136972],[-111.93992816174314,40.376251898750645],[-111.93992820413617,40.376251898591185],[-111.93992818982562,40.376251870725653],[-111.93992840319586,40.376029610524931],[-111.93981890886678,40.375948815852546],[-111.93978607148327,40.375955079788312],[-111.93989967172946,40.376038928371393],[-111.93989949364376,40.376251857081598],[-111.93989949380016,40.376251881397813],[-111.93989701728026,40.376251881706658],[-111.93989698077512,40.376251881843949],[-111.93972241839339,40.376566615302515]]]},"properties":{"GlobalID":"{870DDCBA-17F3-4081-A974-98477BE61731}","OBJECTID":128,"PARKID":260,"TYPE":"Trail","NAME":null,"COMMONNAME":" ","ADDRESS":" ","USE_":"Access","STATUS":"Constructed","RESERVABLE":" ","PATH":null,"BATHROOM":" ","DRINKINGFNTN":null,"PAVILION":null,"TABLES":null,"BBQGRILLS":null,"FIREPIT":null,"BENCHES":null,"PLAYGRNDTOT":null,"PLAYGRNDSCHL":null,"SWINGSET":null,"BBALLCOURT":null,"TENNISCOURT":null,"VBALLCOURT":null,"HORSESHOES":null,"ADDAMENITIES":" ","OWNEDBY":"City","MAINTBY":"City","AREA_SQFT":1987.3591906199999,"AREA_ACRES":0.045623490000000003,"LASTUPDATE":null,"LASTEDITOR":null,"NOTES":null,"FACILITYID":"633","PARKINGTYPE":null,"PARKINGNUMSTALLS":null,"BOATING":null,"HASPAVILION":null,"HASTABLES":null,"HASBBQGRILLS":null,"HASFIREPIT":null,"HASBENCHES":null,"BASEBALL":null,"FISHING":null,"URL":null,"PICURL":null,"created_user":null,"created_date":null,"last_edited_user":"BGIBSON","last_edited_date":1767747226000,"YEARBUILT":2005,"PHRAGMITES":null,"HASPICKLE":null,"TRAILHEAD":null,"Shape.STArea()":1987.3591906243628,"Shape.STLength()":515.09386048813224}},{"type":"Feature","id":130,"geometry":{"type":"Polygon","coordinates":[[[-111.9081950717493,40.372415460794116],[-111.90836360876774,40.372426065877015],[-111.90853162785042,40.372443000522722],[-111.9086988913694,40.372466240780689],[-111.90897026841682,40.37250833013006],[-111.90918385950374,40.372541677867574],[-111.90977329366052,40.372610598396371],[-111.90911427797495,40.372515651038896],[-111.90882974788623,40.37247360800572],[-111.90872002096275,40.372455546791265],[-111.90854691839986,40.372430958820374],[-111.90837304965801,40.372412554304809],[-111.90819863554728,40.372400356617973],[-111.9081950717493,40.372415460794116]]]},"properties":{"GlobalID":"{2BDA70A3-B87B-4AC4-B1DE-D533CAE85998}","OBJECTID":130,"PARKID":262,"TYPE":"Island","NAME":null,"COMMONNAME":"Pioneer Xing","ADDRESS":null,"USE_":"Landscape","STATUS":"Constructed","RESERVABLE":null,"PATH":null,"BATHROOM":null,"DRINKINGFNTN":null,"PAVILION":null,"TABLES":null,"BBQGRILLS":null,"FIREPIT":null,"BENCHES":null,"PLAYGRNDTOT":null,"PLAYGRNDSCHL":null,"SWINGSET":null,"BBALLCOURT":null,"TENNISCOURT":null,"VBALLCOURT":null,"HORSESHOES":null,"ADDAMENITIES":null,"OWNEDBY":"UDOT","MAINTBY":"City","AREA_SQFT":1899.00100757,"AREA_ACRES":0.043595059999999998,"LASTUPDATE":null,"LASTEDITOR":null,"NOTES":null,"FACILITYID":"5321","PARKINGTYPE":null,"PARKINGNUMSTALLS":null,"BOATING":null,"HASPAVILION":null,"HASTABLES":null,"HASBBQGRILLS":null,"HASFIREPIT":null,"HASBENCHES":null,"BASEBALL":null,"FISHING":null,"URL":null,"PICURL":null,"created_user":null,"created_date":null,"last_edited_user":"BGIBSON","last_edited_date":1767747273000,"YEARBUILT":null,"PHRAGMITES":null,"HASPICKLE":null,"TRAILHEAD":null,"Shape.STArea()":1899.0010075667767,"Shape.STLength()":896.92759323935775}},{"type":"Feature","id":133,"geometry":{"type":"MultiPolygon","coordinates":[[[[-111.91607477357621,40.375763005610501],[-111.9160752227837,40.375927660256998],[-111.91607567083774,40.376092318500888],[-111.91607611886651,40.376256972232618],[-111.91607737384732,40.376695818332365],[-111.91629818630804,40.376694734447675],[-111.91622820946957,40.375598305028028],[-111.91607432524718,40.375598301417511],[-111.91607477357621,40.375763005610501]]],[[[-111.91607089294806,40.374317645658834],[-111.91607295693956,40.3750825406064],[-111.91607410567991,40.375411769820602],[-111.91621930002239,40.375409843702073],[-111.91617901440323,40.374317012372536],[-111.91607089294806,40.374317645658834]]]]},"properties":{"GlobalID":"{1BBF07DF-F4F0-402B-9150-35D9D782783E}","OBJECTID":133,"PARKID":264,"TYPE":"Frontage","NAME":null,"COMMONNAME":"Dalmore Frontage","ADDRESS":null,"USE_":"Landscape","STATUS":"Constructed","RESERVABLE":null,"PATH":null,"BATHROOM":null,"DRINKINGFNTN":null,"PAVILION":null,"TABLES":null,"BBQGRILLS":null,"FIREPIT":null,"BENCHES":null,"PLAYGRNDTOT":null,"PLAYGRNDSCHL":null,"SWINGSET":null,"BBALLCOURT":null,"TENNISCOURT":null,"VBALLCOURT":null,"HORSESHOES":null,"ADDAMENITIES":null,"OWNEDBY":"UDOT","MAINTBY":"City","AREA_SQFT":34931.904980400002,"AREA_ACRES":0.80192618999999998,"LASTUPDATE":null,"LASTEDITOR":null,"NOTES":null,"FACILITYID":"5198","PARKINGTYPE":null,"PARKINGNUMSTALLS":null,"BOATING":null,"HASPAVILION":null,"HASTABLES":null,"HASBBQGRILLS":null,"HASFIREPIT":null,"HASBENCHES":null,"BASEBALL":null,"FISHING":null,"URL":null,"PICURL":null,"created_user":null,"created_date":null,"last_edited_user":"BGIBSON","last_edited_date":1767747226000,"YEARBUILT":2005,"PHRAGMITES":null,"HASPICKLE":null,"TRAILHEAD":null,"Shape.STArea()":34931.904980400985,"Shape.STLength()":1771.5265281179368}},{"type":"Feature","id":136,"geometry":{"type":"Polygon","coordinates":[[[-111.92459404382883,40.401121940677236],[-111.92460279062574,40.40116498083448],[-111.92461771823953,40.401227878728065],[-111.92463473027622,40.401290467347209],[-111.9246538146984,40.401352704405895],[-111.92476154199875,40.401687584260742],[-111.92476872036279,40.401709852913491],[-111.92499942005568,40.401621454654503],[-111.92536727966791,40.401482928068617],[-111.92585985424067,40.401258958111569],[-111.92621864268595,40.401066361001469],[-111.9262186225362,40.401066341261348],[-111.92639913502398,40.400969457313927],[-111.92658539534047,40.400869474724281],[-111.92667243723194,40.400821186967903],[-111.92691936284645,40.400684170843476],[-111.92699800023134,40.400640607513658],[-111.92716683963704,40.400546912611851],[-111.92741373509413,40.400409910844374],[-111.92741376209813,40.400409896335916],[-111.92759619596229,40.400308662522654],[-111.92759622296057,40.400308647113526],[-111.92765932726398,40.400271497542768],[-111.9276593530842,40.400271482137939],[-111.92790115467371,40.400129133877208],[-111.92790118049386,40.400129118472314],[-111.92805789275369,40.400036858063388],[-111.92814552197351,40.399989388401693],[-111.92814555131621,40.399989371182642],[-111.92852156717156,40.399785709119364],[-111.92854798879235,40.39977139882803],[-111.92878137673583,40.399644989801409],[-111.92885842899574,40.399605638681535],[-111.92861410369883,40.399533435588879],[-111.92791543861978,40.399911206589188],[-111.92787075448162,40.399895477759216],[-111.92769952569986,40.399835206947884],[-111.92769079483347,40.399847924032088],[-111.92768036751099,40.39985987098671],[-111.92766836189237,40.399870916790178],[-111.92765490442341,40.399880936694892],[-111.92764015827626,40.399889839141728],[-111.92774512851456,40.400003273361776],[-111.92752533528407,40.400122130293042],[-111.92724689790273,40.400272651360403],[-111.92702660383617,40.400391756835432],[-111.92677348389353,40.400528531019617],[-111.9267613404886,40.400535095768568],[-111.92657588535452,40.400635363014594],[-111.92641900433892,40.400720180240526],[-111.92626221862795,40.400805041035063],[-111.92601077222551,40.400553652304623],[-111.92592516949468,40.400603598669925],[-111.92617418670613,40.400852538650192],[-111.92590860208544,40.400996124453464],[-111.92569329440003,40.401112527187841],[-111.92543350180861,40.40111000569577],[-111.925146379392,40.401107218193694],[-111.92487724676567,40.401104604221089],[-111.92459012018564,40.4011018964245],[-111.92459404382883,40.401121940677236]]]},"properties":{"GlobalID":"{1A71D060-E6E6-4CD1-BF40-34D5ADE07AC3}","OBJECTID":136,"PARKID":50,"TYPE":"Trail","NAME":null,"COMMONNAME":" ","ADDRESS":" ","USE_":"Trail","STATUS":"Constructed","RESERVABLE":" ","PATH":null,"BATHROOM":" ","DRINKINGFNTN":null,"PAVILION":null,"TABLES":null,"BBQGRILLS":null,"FIREPIT":null,"BENCHES":null,"PLAYGRNDTOT":null,"PLAYGRNDSCHL":null,"SWINGSET":null,"BBALLCOURT":null,"TENNISCOURT":null,"VBALLCOURT":null,"HORSESHOES":null,"ADDAMENITIES":" ","OWNEDBY":"City","MAINTBY":"City","AREA_SQFT":120259.83509461999,"AREA_ACRES":2.7607859299999999,"LASTUPDATE":null,"LASTEDITOR":null,"NOTES":null,"FACILITYID":"647","PARKINGTYPE":null,"PARKINGNUMSTALLS":null,"BOATING":null,"HASPAVILION":null,"HASTABLES":null,"HASBBQGRILLS":null,"HASFIREPIT":null,"HASBENCHES":null,"BASEBALL":null,"FISHING":null,"URL":null,"PICURL":null,"created_user":null,"created_date":null,"last_edited_user":"BGIBSON","last_edited_date":1767747226000,"YEARBUILT":2000,"PHRAGMITES":null,"HASPICKLE":null,"TRAILHEAD":null,"Shape.STArea()":120259.83509461954,"Shape.STLength()":3293.4121586091933}},{"type":"Feature","id":138,"geometry":{"type":"Polygon","coordinates":[[[-111.89988126178964,40.315116745604719],[-111.89987939442159,40.314802451346203],[-111.89987938831274,40.314802412639615],[-111.8997841943151,40.314802587976189],[-111.89977184618236,40.314802756313981],[-111.8997736816531,40.31511711282576],[-111.89978468815077,40.31511707516789],[-111.89988126178964,40.315116745604719]]]},"properties":{"GlobalID":"{3FAA888E-4A32-40F6-ADB5-ED78D70176CD}","OBJECTID":138,"PARKID":51,"TYPE":"Trail","NAME":null,"COMMONNAME":"Summerhill Rock Path","ADDRESS":" ","USE_":"Access","STATUS":"Constructed","RESERVABLE":" ","PATH":null,"BATHROOM":" ","DRINKINGFNTN":null,"PAVILION":null,"TABLES":null,"BBQGRILLS":null,"FIREPIT":null,"BENCHES":null,"PLAYGRNDTOT":null,"PLAYGRNDSCHL":null,"SWINGSET":null,"BBALLCOURT":null,"TENNISCOURT":null,"VBALLCOURT":null,"HORSESHOES":null,"ADDAMENITIES":" ","OWNEDBY":"City","MAINTBY":"City","AREA_SQFT":3435.4517879700002,"AREA_ACRES":0.078867119999999999,"LASTUPDATE":null,"LASTEDITOR":null,"NOTES":null,"FACILITYID":"670","PARKINGTYPE":null,"PARKINGNUMSTALLS":null,"BOATING":null,"HASPAVILION":null,"HASTABLES":null,"HASBBQGRILLS":null,"HASFIREPIT":null,"HASBENCHES":null,"BASEBALL":null,"FISHING":null,"URL":null,"PICURL":null,"created_user":null,"created_date":null,"last_edited_user":"BGIBSON","last_edited_date":1767747226000,"YEARBUILT":2006,"PHRAGMITES":null,"HASPICKLE":null,"TRAILHEAD":null,"Shape.STArea()":3435.4517879663608,"Shape.STLength()":289.01103508876673}},{"type":"Feature","id":139,"geometry":{"type":"Polygon","coordinates":[[[-111.92429133673559,40.338479007624024],[-111.92429370152117,40.338480379711484],[-111.92429843458766,40.338483687670269],[-111.9243063417219,40.338487532592701],[-111.9243150023018,40.338490268801294],[-111.92432414865441,40.338491815309908],[-111.92433350860522,40.338492124472268],[-111.92434279609128,40.338491186519228],[-111.92435173117414,40.338489030386796],[-111.92436004121738,40.338485723711756],[-111.92436725682524,40.338481490654829],[-111.9245515987096,40.33835133532228],[-111.92459891481337,40.338316604332569],[-111.92464443688471,40.338280497367982],[-111.92468809816823,40.33824306781046],[-111.92472983192582,40.338204371743807],[-111.92476957615006,40.338164468837284],[-111.9248072700108,40.338123418755757],[-111.92484285975131,40.338081282939662],[-111.92487622516749,40.338038225743212],[-111.92487630105846,40.33803812729824],[-111.92490743717144,40.337994104610331],[-111.92490750361895,40.337994001696472],[-111.92493640623846,40.337949096392414],[-111.92493646679009,40.337948991698724],[-111.92496307626514,40.337903263438776],[-111.92496313209216,40.337903156060399],[-111.92498740531084,40.337856674351734],[-111.92498744699795,40.337856564322855],[-111.92498986401004,40.337850047553864],[-111.92499084897131,40.337843200055168],[-111.92499032725543,40.337836323810649],[-111.92498831299459,40.337829609703192],[-111.92498486386702,40.337823248457497],[-111.92498007511767,40.337817415350699],[-111.92497408311635,40.337812274702884],[-111.9249670535385,40.337807971814122],[-111.92495918603369,40.337804626643425],[-111.924950697743,40.337802332967691],[-111.92493249996855,40.337798202172245],[-111.92490828462807,40.337793152987658],[-111.92486676052232,40.337783278974577],[-111.92485546116902,40.337780713611394],[-111.92461140623929,40.33771867225402],[-111.92436742130212,40.337656648145952],[-111.9243132222504,40.337643837954744],[-111.92425835866328,40.337632804399391],[-111.92420293305182,40.337623566920982],[-111.92414704436827,40.337616140470281],[-111.92409079392391,40.33761054089053],[-111.92403428062606,40.337606775928123],[-111.92397761163134,40.337604855100864],[-111.92392088580226,40.337604778950627],[-111.92357545399378,40.337609920197032],[-111.92343199489621,40.337612055722815],[-111.92337525787246,40.337614166087533],[-111.92336654332286,40.337615238785489],[-111.92335817674831,40.337617388281217],[-111.92335038140156,40.33762055522503],[-111.92334336743883,40.337624655997523],[-111.92333732483061,40.337629578232189],[-111.92333241636136,40.337635190747683],[-111.92332877173931,40.337641342668576],[-111.92332649468031,40.337647867001969],[-111.92332565619874,40.337654447368266],[-111.9233256382425,40.337654588832841],[-111.92332623191228,40.337661327927627],[-111.92332825807675,40.337667900620843],[-111.92333166269984,40.337674133285695],[-111.92333635174089,40.337679854241649],[-111.92336142400603,40.337704354340246],[-111.92338777538799,40.337728053639744],[-111.92341536446085,40.337750914462625],[-111.92344405992871,40.337772831008948],[-111.92344412851904,40.337772883897813],[-111.92344414743343,40.337772897338823],[-111.92429133673559,40.338479007624024]]]},"properties":{"GlobalID":"{637F1877-3173-4392-BBF5-F49F09163AF9}","OBJECTID":139,"PARKID":11,"TYPE":"Public Park","NAME":"Island Park","COMMONNAME":"Saratoga Hills Park/Triangle Park","ADDRESS":"352 W ALPINE DR","USE_":"Recreation","STATUS":"Constructed","RESERVABLE":"No","PATH":"Yes","BATHROOM":"No","DRINKINGFNTN":"Yes","PAVILION":1,"TABLES":3,"BBQGRILLS":1,"FIREPIT":0,"BENCHES":3,"PLAYGRNDTOT":"No","PLAYGRNDSCHL":"Yes","SWINGSET":"No","BBALLCOURT":"No","TENNISCOURT":"No","VBALLCOURT":"No","HORSESHOES":"No","ADDAMENITIES":" ","OWNEDBY":"City","MAINTBY":"City","AREA_SQFT":82924.166601050005,"AREA_ACRES":1.9036769200000001,"LASTUPDATE":null,"LASTEDITOR":null,"NOTES":null,"FACILITYID":"630","PARKINGTYPE":"None","PARKINGNUMSTALLS":null,"BOATING":null,"HASPAVILION":null,"HASTABLES":null,"HASBBQGRILLS":null,"HASFIREPIT":null,"HASBENCHES":null,"BASEBALL":null,"FISHING":null,"URL":null,"PICURL":null,"created_user":null,"created_date":null,"last_edited_user":"BGIBSON","last_edited_date":1767747226000,"YEARBUILT":2002,"PHRAGMITES":null,"HASPICKLE":null,"TRAILHEAD":null,"Shape.STArea()":82924.166601048593,"Shape.STLength()":1213.9396676901317}},{"type":"Feature","id":140,"geometry":{"type":"Polygon","coordinates":[[[-111.9106943141829,40.320175501999493],[-111.91069433420168,40.320175504631052],[-111.91069400800889,40.319798466084769],[-111.9106626016079,40.319779521651576],[-111.91066259215714,40.319779515380354],[-111.91036293499036,40.319598760686446],[-111.91034634713137,40.319578995882814],[-111.9103463306804,40.319578999543111],[-111.90980423790781,40.31967205193871],[-111.90994652829235,40.320157721991933],[-111.90994982845035,40.320165918832743],[-111.9099547552978,40.320173620019311],[-111.90996119006728,40.320180641337302],[-111.90996897522733,40.32018680951586],[-111.90997792043569,40.320191973915328],[-111.90998780725656,40.320196008311825],[-111.90999839389386,40.320198815383897],[-111.91000942341731,40.320200324882379],[-111.91002062499257,40.320200502632595],[-111.91003172676511,40.320199340581986],[-111.9100949616745,40.32018963225547],[-111.91015857662829,40.320181495975973],[-111.91022249989442,40.320174938299211],[-111.91028666798283,40.320169966652706],[-111.91035101269158,40.320166587580033],[-111.91035102442542,40.320166582135009],[-111.91040830422529,40.320164917437658],[-111.91046562217949,40.320164514372628],[-111.91052293122625,40.320165373105219],[-111.91058018429298,40.320167491999506],[-111.91063733548378,40.320170869415691],[-111.9106943141829,40.320175501999493]]]},"properties":{"GlobalID":"{A91F7143-CE0B-45B5-986A-64637380DF0A}","OBJECTID":140,"PARKID":9,"TYPE":"Public Park","NAME":"Remington Park","COMMONNAME":"Jacobs Ranch Tot Lot","ADDRESS":"2317 S WESTERN DR","USE_":"Recreation","STATUS":"Constructed","RESERVABLE":"No","PATH":"No","BATHROOM":"No","DRINKINGFNTN":"Yes","PAVILION":1,"TABLES":6,"BBQGRILLS":2,"FIREPIT":0,"BENCHES":2,"PLAYGRNDTOT":"Yes","PLAYGRNDSCHL":"No","SWINGSET":"Yes","BBALLCOURT":"No","TENNISCOURT":"No","VBALLCOURT":"No","HORSESHOES":"No","ADDAMENITIES":" ","OWNEDBY":"City","MAINTBY":"City","AREA_SQFT":43540.383315179999,"AREA_ACRES":0.99954966000000001,"LASTUPDATE":null,"LASTEDITOR":null,"NOTES":null,"FACILITYID":"63","PARKINGTYPE":"None","PARKINGNUMSTALLS":null,"BOATING":null,"HASPAVILION":null,"HASTABLES":null,"HASBBQGRILLS":null,"HASFIREPIT":null,"HASBENCHES":null,"BASEBALL":null,"FISHING":null,"URL":null,"PICURL":null,"created_user":null,"created_date":null,"last_edited_user":"BGIBSON","last_edited_date":1767747226000,"YEARBUILT":2005,"PHRAGMITES":null,"HASPICKLE":null,"TRAILHEAD":null,"Shape.STArea()":43540.383315180712,"Shape.STLength()":816.72787179259069}},{"type":"Feature","id":141,"geometry":{"type":"Polygon","coordinates":[[[-111.93126849699644,40.332837278275278],[-111.93069247123519,40.332837420061331],[-111.93068851885661,40.33283585040769],[-111.92899274526012,40.332836987606555],[-111.92892687989246,40.332927747725563],[-111.92881399578916,40.33314545558089],[-111.92911583130221,40.333214872942733],[-111.92938142999233,40.333341836368625],[-111.9296872537348,40.333488042895482],[-111.9294134305086,40.333792458908135],[-111.92948095483075,40.333839833698008],[-111.92974526145798,40.333542688228334],[-111.92995328776487,40.333738683175675],[-111.92995325250448,40.333738690510508],[-111.93017651683962,40.333910481161318],[-111.93039603620839,40.334079455374592],[-111.93062031642623,40.334252050196355],[-111.93084802795202,40.334399142155043],[-111.93061917653792,40.334688567965564],[-111.93069607590823,40.334725548399867],[-111.9307812291224,40.334758441001448],[-111.93095751546291,40.334463811201182],[-111.93095754594805,40.33446379307604],[-111.93095757408204,40.334463962291728],[-111.93204685474383,40.334884630857957],[-111.93226924810274,40.334900120874764],[-111.93222212747921,40.335246809091409],[-111.93222276351744,40.335246703166327],[-111.93224818948072,40.335240950782989],[-111.93227269420062,40.335232057626918],[-111.93229589137,40.335220163895173],[-111.93229797228889,40.335218882700651],[-111.93233996630016,40.334905046968046],[-111.93234066568786,40.334905095717197],[-111.93234070336494,40.334905098279741],[-111.93277647602348,40.334935434673675],[-111.93277654667014,40.334935439815887],[-111.93277658081662,40.334935442391377],[-111.9326858236191,40.334844531452532],[-111.93250446737592,40.334662851973761],[-111.93250444489587,40.334662833143625],[-111.93230400617448,40.334496418576428],[-111.93230398251201,40.334496398849979],[-111.93210355882523,40.334329973971066],[-111.9318957667532,40.33415744444563],[-111.93223230714989,40.333967084939843],[-111.93216516397605,40.333919821102874],[-111.93209687009961,40.333873520657747],[-111.9320274550892,40.333828206909843],[-111.9320207621881,40.333824483204417],[-111.93201340252114,40.33382158874646],[-111.9320055483695,40.33381959585062],[-111.93199738831404,40.333818548851497],[-111.93198911323815,40.33381848396963],[-111.9319812876855,40.333819344179574],[-111.93198092311029,40.333819385155024],[-111.93195936917765,40.333822104578672],[-111.93193755767524,40.33382298585262],[-111.93191574979303,40.333822016303237],[-111.93189421862003,40.333819203927767],[-111.93187322335042,40.33381459280033],[-111.93185302320659,40.333808231498431],[-111.93183386584643,40.333800201065337],[-111.93181598607882,40.333790597902507],[-111.93179960472642,40.333779540078709],[-111.93178491918781,40.333767163761841],[-111.93177210572895,40.333753613303692],[-111.93176133731764,40.33373906999428],[-111.93175273624843,40.333723704503043],[-111.93174640844741,40.333707704672122],[-111.9317424304872,40.333691269259369],[-111.93174085187258,40.333674597122531],[-111.93174169271533,40.333657891731129],[-111.93174494256878,40.333641362971761],[-111.93175056031421,40.333625209135867],[-111.93175847777124,40.333609629515486],[-111.93176859728727,40.333594815405569],[-111.93178079525691,40.333580948289956],[-111.93179491386678,40.333568197169903],[-111.9315566711968,40.332968072144347],[-111.93146157768528,40.332923235634603],[-111.9313655117608,40.332879635606545],[-111.93126998160787,40.332837931161826],[-111.93126849699644,40.332837278275278]]]},"properties":{"GlobalID":"{4D42208F-92DB-4411-BEBB-8D9D7473A713}","OBJECTID":141,"PARKID":36,"TYPE":"Public Park","NAME":"Fitness Trail Park","COMMONNAME":"Benches Nature Park","ADDRESS":"1582 S ROCKY RIDGE CT","USE_":"OpenSpace","STATUS":"Constructed","RESERVABLE":"No","PATH":"Yes","BATHROOM":"No","DRINKINGFNTN":"No","PAVILION":0,"TABLES":0,"BBQGRILLS":0,"FIREPIT":0,"BENCHES":0,"PLAYGRNDTOT":"No","PLAYGRNDSCHL":"No","SWINGSET":"No","BBALLCOURT":"No","TENNISCOURT":"No","VBALLCOURT":"No","HORSESHOES":"No","ADDAMENITIES":" ","OWNEDBY":"City","MAINTBY":"City","AREA_SQFT":389725.07752607,"AREA_ACRES":8.9468566900000006,"LASTUPDATE":null,"LASTEDITOR":null,"NOTES":null,"FACILITYID":"638","PARKINGTYPE":"None","PARKINGNUMSTALLS":null,"BOATING":null,"HASPAVILION":null,"HASTABLES":null,"HASBBQGRILLS":null,"HASFIREPIT":null,"HASBENCHES":null,"BASEBALL":null,"FISHING":null,"URL":null,"PICURL":null,"created_user":null,"created_date":null,"last_edited_user":"BGIBSON","last_edited_date":1767747226000,"YEARBUILT":2006,"PHRAGMITES":null,"HASPICKLE":null,"TRAILHEAD":null,"Shape.STArea()":389725.07752607059,"Shape.STLength()":3890.8464893022865}},{"type":"Feature","id":142,"geometry":{"type":"Polygon","coordinates":[[[-111.89693084559909,40.301877427510902],[-111.89690700163219,40.301861849042801],[-111.89688338705821,40.30184606714576],[-111.89686000424551,40.301830084513831],[-111.89683685555711,40.301813902940388],[-111.89681394453766,40.301797525115468],[-111.89679127354508,40.301780951931882],[-111.89676884495273,40.301764186984215],[-111.89674666229494,40.301747231161251],[-111.89672472793465,40.301730086256441],[-111.89670304541644,40.301712754959773],[-111.89668161710854,40.301695239965277],[-111.89666044419772,40.301677543070348],[-111.8966395313996,40.301659666060424],[-111.89661888108236,40.301641611629478],[-111.89659849443791,40.301623382475569],[-111.89657837500033,40.301604979487458],[-111.89655852514308,40.301586406259815],[-111.89653894722383,40.301567663685383],[-111.89651964243971,40.301548755362852],[-111.89650061551147,40.301529683978252],[-111.89648186879683,40.301510450424288],[-111.89646340231661,40.301491058303654],[-111.8964452196099,40.301471509405758],[-111.89642732304496,40.30145180642463],[-111.89640971498987,40.301431952054266],[-111.89639239780747,40.301411948088059],[-111.89637537268962,40.301391797224007],[-111.89635864318588,40.301371503052806],[-111.89634220930134,40.301351066475164],[-111.89632607458555,40.301330491081771],[-111.89631024140142,40.301309778666024],[-111.89629471094061,40.301288931925896],[-111.8962794844002,40.301267954460009],[-111.89626456531916,40.301246848057787],[-111.89624995489459,40.301225616317851],[-111.89616606835885,40.301260870998362],[-111.89615225854358,40.301254805164035],[-111.89613827484813,40.301248979488818],[-111.89612412199313,40.301243396658563],[-111.89610980939935,40.3012380584425],[-111.89609534297419,40.30123296932377],[-111.89608072978575,40.301228131079661],[-111.89606597808354,40.301223546384101],[-111.89605109611196,40.301219217010328],[-111.89603608976806,40.301215145640242],[-111.8960209672961,40.301211334047146],[-111.89600573694565,40.301207784904932],[-111.89599040577957,40.301204499090325],[-111.89597498086593,40.30120147838052],[-111.89595947280674,40.30119872544158],[-111.89594388630718,40.301196240257468],[-111.89592823078773,40.30119402459745],[-111.89591251448756,40.301192079334356],[-111.89589674447471,40.301190406245397],[-111.89588092898303,40.301189005302689],[-111.89586507743316,40.301187878275528],[-111.89584919570112,40.301187024243404],[-111.89583329320762,40.301186444975635],[-111.89581737701018,40.30118614044833],[-111.89580145651902,40.301186110629544],[-111.89578553996282,40.301186354590826],[-111.89576963323324,40.301186874113434],[-111.89575374690639,40.30118766736031],[-111.89573788686883,40.301188735212122],[-111.89572206369652,40.301190075831819],[-111.89570628327085,40.301191689199456],[-111.89569055382042,40.301193574386495],[-111.89567488475559,40.301195731361219],[-111.89565928194186,40.301198157401714],[-111.89564375596589,40.301200852472171],[-111.89562831269325,40.301203813850904],[-111.89561296035799,40.301207041510025],[-111.89559770718351,40.301210533620363],[-111.89558256021189,40.301214287456261],[-111.89556752767184,40.301218302089275],[-111.8955526177817,40.301222574789591],[-111.8955378364176,40.301227104636837],[-111.89552319296376,40.301231887095952],[-111.89550869330154,40.301236922147147],[-111.89549434681525,40.301242205255477],[-111.89548015819948,40.30124773460382],[-111.89546613684895,40.301253507458469],[-111.89545228745315,40.301259521101748],[-111.89543862057778,40.301265771895274],[-111.89542513973618,40.301272257125333],[-111.89541185431771,40.3012789731577],[-111.895398769012,40.301285917274583],[-111.89538589202706,40.30129308494503],[-111.89537322804713,40.301300472550729],[-111.89536078646708,40.301308077357966],[-111.89534857078969,40.30131589485184],[-111.89533658804683,40.301323920505304],[-111.89532484528053,40.301332151592703],[-111.89531334834632,40.301340583591049],[-111.89530210191822,40.301349211080833],[-111.89529111185696,40.301358030439637],[-111.89528038519956,40.301367038041157],[-111.8952699254385,40.301376227569172],[-111.89525973961079,40.301385595397356],[-111.89524983121946,40.301395137010701],[-111.89524020611485,40.301404846985648],[-111.89523087014726,40.301414719898624],[-111.89522182682489,40.301424752135198],[-111.89521071771421,40.301436998835932],[-111.89519931241742,40.301449085322375],[-111.89518761679525,40.301461007972058],[-111.89517563435052,40.301472762269903],[-111.89516336740981,40.301484343704651],[-111.89515082301524,40.301495749550448],[-111.89513800231192,40.301506974399601],[-111.89512491351317,40.3015180146216],[-111.89511155777446,40.301528866609843],[-111.89509794096173,40.301539527642447],[-111.89508406893047,40.301549993196403],[-111.89506994518368,40.30156025875656],[-111.89505557441609,40.301570322505526],[-111.89504096130705,40.301580179924358],[-111.89502611289362,40.301589827386444],[-111.89501103151285,40.301599262181952],[-111.89499572538328,40.301608481581063],[-111.89498019683167,40.30161748107259],[-111.8949644540766,40.301626257926756],[-111.89494849946037,40.301634810334257],[-111.89493234119126,40.301643133763982],[-111.89491598395894,40.301651225498183],[-111.8948994324584,40.301659083719606],[-111.8948826937267,40.301666704801704],[-111.89486577245891,40.301674086927335],[-111.89484867569732,40.301681227370629],[-111.89483140813175,40.301688123413832],[-111.89481397680458,40.301694772331039],[-111.8947963864108,40.30170117230508],[-111.89477864399278,40.301707320610127],[-111.89476075542186,40.301713215425025],[-111.8947427277508,40.301718855825229],[-111.89472456566433,40.301724238192243],[-111.89470627621516,40.301729361601524],[-111.89468786526953,40.301734223331302],[-111.89466933988533,40.301738823357709],[-111.89465070592367,40.30174315805823],[-111.89462639635335,40.301748953857533],[-111.89460219651973,40.301755013169455],[-111.89457811229884,40.301761335073643],[-111.89455414720906,40.301767917756919],[-111.89453030595533,40.301774761203497],[-111.8945065955797,40.301781862687726],[-111.8945063646121,40.30178158787097],[-111.89450633886305,40.301781610473995],[-111.89450634112744,40.301781595155425],[-111.89450634110671,40.301781591552924],[-111.89450343249295,40.301782486707175],[-111.89450341017941,40.301782493087089],[-111.89450176975718,40.301782998483525],[-111.89450174627254,40.301783005767952],[-111.89450010585549,40.301783512065015],[-111.89450008471827,40.301783518440885],[-111.89449844431159,40.30178402653916],[-111.89449842199802,40.301784032919002],[-111.89449675927263,40.301784546496535],[-111.8944950989257,40.301785064569131],[-111.89449343857358,40.301785581741115],[-111.89449177941326,40.301786101611015],[-111.89449012143969,40.301786623278112],[-111.89448846346606,40.301787144945223],[-111.89448680667908,40.301787668409609],[-111.89448514989726,40.301788192774524],[-111.89448349430209,40.301788718936777],[-111.89448183871725,40.301789246900171],[-111.89448018430876,40.301789774859628],[-111.89447855222409,40.301790298240491],[-111.89447853108689,40.301790304616368],[-111.89447687787538,40.301790836174277],[-111.89447522466897,40.301791368632799],[-111.89447357264413,40.301791901987976],[-111.89447192180067,40.301792436239786],[-111.89447027214912,40.301792973189428],[-111.89446862132118,40.301793510143057],[-111.89446697285625,40.301794048889931],[-111.89446532557798,40.301794589434117],[-111.89446367712337,40.301795129982217],[-111.89446203103172,40.3017956723236],[-111.89446038495038,40.301796216466222],[-111.89445874005054,40.301796761505486],[-111.89445709516106,40.301797308345968],[-111.89445545144791,40.301797855182414],[-111.89445380656875,40.301798403824122],[-111.89445216522878,40.301798954255084],[-111.89445052271779,40.301799505590665],[-111.89444888256453,40.301800057818916],[-111.8944472424164,40.301800610947723],[-111.89444560228388,40.301801166778425],[-111.89444396333278,40.301801723505733],[-111.89444232555796,40.301802280229026],[-111.89444068779871,40.301802839654243],[-111.8944390512157,40.301803399075396],[-111.89443741581934,40.301803960293832],[-111.89443578043333,40.301804523313507],[-111.89443414622882,40.301805087229795],[-111.89443251085316,40.301805652050653],[-111.89443087784046,40.301806218664822],[-111.89442924600921,40.30180678617559],[-111.89442761536461,40.301807355483611],[-111.89442598354373,40.301807924795597],[-111.89442435409096,40.301808496801513],[-111.89442272463812,40.301809068807366],[-111.89442109637201,40.301809642610472],[-111.89441946811102,40.301810217314241],[-111.89441784103667,40.301810793815221],[-111.89441621514901,40.301811372113491],[-111.89441458926132,40.30181195041169],[-111.89441296456027,40.301812530507164],[-111.89441134104069,40.301813111499285],[-111.8944097175315,40.301813694292619],[-111.8944080940274,40.301814277986587],[-111.89440647288112,40.301814862573153],[-111.89440485174516,40.301815448961001],[-111.89440323179066,40.301816036245434],[-111.89440161302804,40.301816626227811],[-111.89439999426017,40.301817215309498],[-111.89439837668415,40.301817807089094],[-111.89439675911331,40.30181839976926],[-111.89439514154245,40.301818992449419],[-111.89439352633971,40.301819587823502],[-111.89439191231841,40.301820184094204],[-111.89439029830231,40.301820781265498],[-111.89438868429656,40.301821380238039],[-111.89438707264856,40.301821980103234],[-111.89438546101094,40.301822581769635],[-111.89438384937324,40.301823183436078],[-111.89438224009854,40.301823786895774],[-111.89438063083419,40.301824392156682],[-111.89437902157498,40.301824998318168],[-111.89437741349722,40.301825605376344],[-111.89437580660098,40.301826213331104],[-111.89437420089135,40.301826823083147],[-111.8943725951921,40.301827434636422],[-111.89437099066909,40.301828046185719],[-111.8943693873379,40.301828660432889],[-111.89436778400675,40.301829274679996],[-111.89436618303851,40.301829890720441],[-111.89436458089915,40.301830507665443],[-111.89436298111754,40.301831125503107],[-111.89436138016995,40.30183174514594],[-111.89435978158536,40.301832366582126],[-111.89435818300069,40.301832988018234],[-111.89435658677907,40.301833611247616],[-111.89435499056771,40.30183423627831],[-111.89435339436154,40.301834862209532],[-111.89435179933167,40.301835488136796],[-111.89435020549361,40.301836116761919],[-111.89434861283701,40.301836746283676],[-111.89434701900927,40.301837376710026],[-111.89434542753928,40.301838008029037],[-111.89434383843228,40.301838641141302],[-111.89434224815412,40.30183927515818],[-111.89434065906261,40.301839910972333],[-111.89433906997107,40.301840546786437],[-111.8943374832477,40.301841185294442],[-111.89433589770577,40.301841824699089],[-111.89433431099269,40.301842465008292],[-111.89433272663739,40.301843106210214],[-111.89433114229242,40.301843749213326],[-111.89432955912893,40.301844393113093],[-111.89432797597055,40.301845037913459],[-111.89432639517517,40.301845684507072],[-111.89432481438499,40.301846332001311],[-111.89432323477618,40.301846980392199],[-111.89432165517776,40.301847630584312],[-111.89432007794234,40.301848282569701],[-111.89431850070685,40.301848934555068],[-111.89431692348168,40.301849588341682],[-111.894315347438,40.30185024302493],[-111.89431377258097,40.301850899505425],[-111.89431220007651,40.301851555977976],[-111.8943106264113,40.301852215156309],[-111.89430905509866,40.301852874326727],[-111.89430748379633,40.301853535298356],[-111.8943059136755,40.301854197166605],[-111.89430434238353,40.301854859939461],[-111.89430277463597,40.30185552540221],[-111.89430120688843,40.301856190864981],[-111.89429963914598,40.301856857228344],[-111.89429807376652,40.301857525384996],[-111.89429650839742,40.301858195342895],[-111.89429494420462,40.301858865296758],[-111.89429338119839,40.301859537047918],[-111.89429181819736,40.301860209699669],[-111.894290256383,40.301860884148731],[-111.89428869575006,40.301861559494363],[-111.89428713629863,40.301862235736614],[-111.89428557685231,40.301862912879514],[-111.89428401859266,40.301863591819654],[-111.89428246151446,40.301864271656477],[-111.89428090562295,40.301864953290512],[-111.89427934973654,40.301865635825131],[-111.89427779503164,40.301866319256426],[-111.89427624150818,40.301867003584341],[-111.89427468917133,40.301867689709518],[-111.89427313683973,40.301868376735293],[-111.89427158569467,40.301869065558343],[-111.89427003572595,40.301869754377371],[-111.89426848694909,40.30187044589433],[-111.89426693817215,40.301871137411254],[-111.89426539058188,40.301871830725425],[-111.89426384417304,40.301872524936222],[-111.89426229894573,40.301873220043696],[-111.8942607537287,40.301873916952339],[-111.89425921087459,40.30187461565432],[-111.89425766801533,40.30187531345566],[-111.8942561263479,40.301876013954839],[-111.8942545846856,40.301876715354666],[-111.89425304420999,40.301877418551726],[-111.8942515049106,40.301878121744778],[-111.89424996679789,40.301878826735127],[-111.89424842986668,40.301879532622145],[-111.89424689294574,40.301880240310318],[-111.89424535720626,40.301880948895217],[-111.89424382382462,40.3018816583727],[-111.89424228927174,40.301882368754789],[-111.89424075708189,40.301883080930139],[-111.89423922489713,40.301883794006116],[-111.89423769389907,40.301884508879368],[-111.89423616407726,40.30188522374862],[-111.89423463544213,40.301885940415133],[-111.89423310798841,40.301886657978272],[-111.89423157936876,40.301887377346645],[-111.89423005428318,40.301888097603666],[-111.89422852920273,40.301888818761306],[-111.89422700530898,40.301889541716228],[-111.89422548141512,40.30189026467113],[-111.89422395871314,40.301890990323898],[-111.89422243718742,40.30189171597268],[-111.89422091684838,40.301892443418751],[-111.8942193976856,40.301893170860815],[-111.89421787853831,40.301893901004718],[-111.89421636174366,40.301894631140662],[-111.89421484496449,40.301895363978517],[-111.89421332935643,40.301896095911722],[-111.89421181494021,40.301896830542738],[-111.89421030052912,40.301897566074487],[-111.8942087872943,40.301898301602186],[-111.89420727642765,40.301899039823816],[-111.89420576438459,40.301899778049368],[-111.89420425470972,40.301900518968864],[-111.89420274620599,40.301901258983712],[-111.89420123771771,40.301902001700462],[-111.89419973041092,40.301902745313846],[-111.89419822428559,40.301903489823843],[-111.89419671934174,40.301904235230452],[-111.89419521558449,40.301904982434365],[-111.89419371300353,40.301905729634264],[-111.89419221043812,40.301906479536065],[-111.89419070905413,40.301907230334479],[-111.89418920884646,40.301907981128899],[-111.8941877098254,40.30190873372058],[-111.89418621198581,40.301909487208917],[-111.89418471415657,40.30191024249843],[-111.89418321868509,40.30191099868064],[-111.89418172204245,40.301911755767456],[-111.89418022775756,40.301912513746885],[-111.89417873465936,40.301913273523652],[-111.89417724274259,40.301914034196969],[-111.89417575200727,40.301914795766983],[-111.8941742612823,40.301915559138209],[-111.89417277173365,40.301916322505477],[-111.89417128337675,40.301917088570569],[-111.89416979619101,40.301917853731091],[-111.89416831019707,40.301918621589522],[-111.89416682420824,40.30191939034848],[-111.89416534058242,40.301920160900821],[-111.89416385695138,40.301920930552491],[-111.89416237451215,40.301921702902014],[-111.89416089325438,40.301922476148221],[-111.89415941317807,40.301923250291033],[-111.89415793428843,40.301924026231148],[-111.89415645539873,40.301924802171172],[-111.89415497769568,40.301925579908499],[-111.89415350235559,40.301926359439136],[-111.89415202701545,40.301927138969745],[-111.89415055286196,40.301927920297601],[-111.89414907988991,40.30192870252209],[-111.89414760809935,40.30192948564325],[-111.89414613631395,40.301930269665021],[-111.89414466689665,40.301931056380703],[-111.89414319747418,40.301931842195742],[-111.89414172923829,40.301932629808022],[-111.89414026218908,40.301933419217562],[-111.89413879749769,40.3019342095198],[-111.89413733045876,40.301935000730523],[-111.89413586813023,40.301935792826072],[-111.89413440463575,40.301936586726754],[-111.89413208742566,40.301937841934894],[-111.89413062392073,40.301938634034308],[-111.89412915805273,40.301939424340389],[-111.89412769100323,40.301940213749774],[-111.89412622394335,40.301941001357889],[-111.89412475453081,40.301941788973942],[-111.89412328510784,40.301942574788718],[-111.89412181450854,40.301943360607446],[-111.89412034271736,40.301944143728242],[-111.89411887092614,40.301944926849032],[-111.89411739677189,40.301945708176454],[-111.89411592143094,40.301946487706608],[-111.89411444609507,40.301947268137333],[-111.89411296839111,40.301948045874127],[-111.89411149185815,40.301948822706322],[-111.89411001296739,40.301949598645798],[-111.89410853289513,40.301950373688591],[-111.89410705163611,40.30195114693408],[-111.89410557037195,40.301951919278991],[-111.89410408674985,40.301952690731106],[-111.8941026031226,40.301953461282572],[-111.89410111830867,40.301954230036799],[-111.89409963231314,40.301954997894342],[-111.89409814513613,40.301955764855165],[-111.89409665795384,40.301956530915376],[-111.89409516840863,40.30195729518222],[-111.89409367885813,40.301958058548472],[-111.89409218812094,40.301958820117392],[-111.89409069620743,40.30195958169022],[-111.89408920310716,40.301960341465822],[-111.89408770882538,40.301961100344727],[-111.89408621453839,40.30196185832294],[-111.89408471906471,40.301962614503886],[-111.89408322240945,40.301963369788147],[-111.8940817245727,40.301964124175726],[-111.89408022554925,40.301964876766043],[-111.89407872417318,40.301965629364233],[-111.89407722513927,40.301966380153225],[-111.89407572257122,40.301967130053505],[-111.89407421999279,40.301967878152496],[-111.89407271623284,40.301968625354803],[-111.89407121246768,40.301969371656448],[-111.89406970633948,40.301970116164775],[-111.8940681990349,40.301970860677088],[-111.89406669171997,40.301971603388075],[-111.89406518322355,40.301972345202415],[-111.89406367354037,40.301973085219437],[-111.89406216385197,40.301973824335832],[-111.89406065180577,40.301974562559508],[-111.89405913857281,40.30197529898588],[-111.89405762533983,40.301976035412217],[-111.89405611092018,40.301976770041279],[-111.89405459649529,40.301977503769699],[-111.89405307970736,40.301978235704773],[-111.89405156291429,40.301978966739185],[-111.89405004493963,40.301979696876948],[-111.89404852460193,40.301980425221331],[-111.89404700543538,40.301981152661149],[-111.89404548391096,40.301981879208221],[-111.89404396238132,40.301982604854686],[-111.89404243966501,40.301983328703813],[-111.89404091576718,40.301984051656277],[-111.89403939068778,40.301984773712036],[-111.89403786442688,40.301985494871168],[-111.8940363381556,40.301986214229004],[-111.89403480952642,40.301986932694135],[-111.89403328206323,40.301987649354018],[-111.89403175224733,40.301988366021817],[-111.89403022241588,40.301989079987734],[-111.89402869140811,40.301989793957596],[-111.89402715803728,40.301990506134089],[-111.89402562466123,40.301991217409956],[-111.89402409010368,40.301991927789167],[-111.89402255553576,40.301992636367082],[-111.89402101978628,40.301993344048348],[-111.89401948285527,40.301994050832874],[-111.89401794473757,40.301994755820125],[-111.89401640543829,40.301995459910735],[-111.89401486613387,40.301996163100647],[-111.8940133256479,40.301996865393924],[-111.89401178397526,40.301997565889891],[-111.89401024112101,40.301998265489168],[-111.89400869826159,40.30199896418781],[-111.89400715303917,40.301999661093078],[-111.89400560898267,40.302000356193105],[-111.8940040625787,40.302001052201724],[-111.8940025149828,40.302001745512364],[-111.89400096738173,40.302002437922411],[-111.89399941859392,40.302003128535098],[-111.89399786862978,40.302003819151814],[-111.89399631865525,40.302004507967183],[-111.89399476632286,40.302005195889848],[-111.89399321397495,40.302005881110652],[-111.89399166045584,40.302006567235978],[-111.89399010692115,40.302007250659422],[-111.8939885510338,40.302007934090817],[-111.89398699631241,40.302008615716943],[-111.89398543923313,40.302009296450386],[-111.89398388096718,40.302009975386468],[-111.89398232269602,40.302010653421924],[-111.89398076206702,40.302011330564689],[-111.89397920142758,40.302012005906214],[-111.89397764078302,40.302012680347012],[-111.89397607896205,40.302013354791789],[-111.89397451594401,40.302014025638037],[-111.89397295175486,40.302014697388849],[-111.89397138637378,40.302015366441701],[-111.89396982099268,40.302016035494518],[-111.89396825442489,40.302016702750088],[-111.89396668667554,40.302017369108924],[-111.89396511891584,40.302018033666492],[-111.89396354879824,40.302018697331391],[-111.89396197985182,40.302019360091656],[-111.89396040854751,40.302020021959237],[-111.89395883722766,40.302020681124887],[-111.89395726473145,40.302021340294466],[-111.89395569104855,40.302021997666778],[-111.89395411618931,40.30202265504299],[-111.89395254131962,40.302023310617976],[-111.89395096526331,40.302023964395644],[-111.89394938802545,40.302024617276629],[-111.89394781077718,40.302025268356317],[-111.89394623235259,40.302025919439977],[-111.89394465274125,40.302026568726312],[-111.89394307194843,40.302027217115977],[-111.89394149113998,40.302027862803783],[-111.89393990798413,40.302028509400088],[-111.893938325989,40.302029153290569],[-111.89393674164123,40.302029797188887],[-111.89393515727784,40.302030438385358],[-111.89393357173815,40.30203107958576],[-111.89393198618804,40.302031718984892],[-111.89393039828015,40.302032357491285],[-111.89392881036181,40.302032994196445],[-111.89392722243831,40.302033630000935],[-111.89392563215689,40.302034264912713],[-111.89392404187033,40.302034898923836],[-111.89392245157339,40.302035531133711],[-111.8939208589134,40.302036161550241],[-111.89391926625338,40.302036791966728],[-111.8939176724015,40.302037419685313],[-111.89391607855477,40.302038048304503],[-111.89391448351098,40.3020386733251],[-111.893912887296,40.302039299250261],[-111.89391128988916,40.302039922477533],[-111.89390969130594,40.302040545708735],[-111.89390809271237,40.302041167138668],[-111.89390649410842,40.302041786767326],[-111.89390489314663,40.302042405503244],[-111.89390329335072,40.302043022433956],[-111.89390169120219,40.302043639372592],[-111.89390008786697,40.302044254513845],[-111.89389848452134,40.302044867853894],[-111.89389688117566,40.3020454811939],[-111.893895275467,40.302046092740575],[-111.89389366975314,40.302046703386566],[-111.89389206285257,40.30204731223531],[-111.89389045594159,40.302047919282757],[-111.89388884785431,40.302048526334126],[-111.89388723858032,40.302049131588241],[-111.89388562929591,40.302049735041017],[-111.89388401765885,40.302050338501743],[-111.89388240718776,40.302050940157223],[-111.89388079435361,40.30205154001932],[-111.89387918151944,40.302052139881468],[-111.89387756749339,40.302052737045628],[-111.89387595346727,40.302053334209795],[-111.89387433825453,40.302053929576623],[-111.89387272186022,40.302054524046795],[-111.89387110545553,40.302055116715707],[-111.89386948786934,40.302055708487899],[-111.89386786909645,40.302056298462787],[-111.8938662503235,40.302056888437697],[-111.89386463036391,40.302057476615282],[-111.89386301039387,40.302058062991563],[-111.89386138924232,40.302058648471146],[-111.89385976572777,40.302059232157454],[-111.8938581422132,40.302059815843698],[-111.8938565198645,40.302060397724716],[-111.89385489397655,40.302060977816346],[-111.89385326926485,40.302061557904032],[-111.8938516433613,40.302062135293745],[-111.89385001628136,40.302062712687359],[-111.89384839036738,40.302063288275818],[-111.89384676209038,40.302063862070881],[-111.89384513263705,40.302064435869951],[-111.89384350316816,40.302065006967048],[-111.89384187134658,40.302065578072067],[-111.89384024068579,40.302066146471276],[-111.89383860884861,40.302066714874357],[-111.89383697582478,40.302067281480177],[-111.89383534161944,40.302067847189271],[-111.89383370858518,40.302068411993773],[-111.89383207318271,40.302068974104351],[-111.89383043778028,40.30206953621483],[-111.89382880119626,40.302070097428675],[-111.8938271645967,40.302070655940597],[-111.89382552564446,40.302071214460419],[-111.89382388785819,40.302071771175015],[-111.89382224889042,40.302072326992942],[-111.89382060873589,40.302072881013565],[-111.89381896739988,40.302073434137469],[-111.89381732605864,40.302073986360725],[-111.89381568352552,40.302074535886113],[-111.89381404099761,40.302075086312037],[-111.89381239727774,40.302075634040023],[-111.89381075237124,40.302076179970747],[-111.89380910746468,40.302076725901436],[-111.89380746137144,40.3020772700348],[-111.89380581527296,40.302077813267516],[-111.89380416798784,40.302078354702957],[-111.89380252069746,40.30207889523772],[-111.89380087104931,40.302079434879765],[-111.89379922256185,40.302079971815957],[-111.89379757172691,40.302080509660676],[-111.89379592205277,40.3020810447995],[-111.89379427001559,40.302081578145035],[-111.89379261797845,40.302082111490478],[-111.89379096475449,40.302082643038652],[-111.89378931152542,40.302083173686178],[-111.89378765710966,40.3020837025364],[-111.89378600268869,40.302084230485953],[-111.89378434708098,40.302084756638251],[-111.89378269029694,40.302085282794444],[-111.89378103349736,40.302085806248705],[-111.89377937669256,40.302086328802353],[-111.8937777187062,40.302086850459332],[-111.8937760818625,40.302087366641153],[-111.89377605954878,40.302087373020861],[-111.89377439800241,40.302087889285936],[-111.89377273763751,40.302088406447609],[-111.89377110077294,40.302088919026879],[-111.8937710784644,40.302088926307235],[-111.89376943921613,40.302089433490629],[-111.8937694169076,40.302089440770956],[-111.89376777648297,40.302089947958294],[-111.89376775534561,40.302089954334051],[-111.89376609023391,40.302090464306509],[-111.89376444980923,40.302090971493783],[-111.89376442749554,40.302090977873519],[-111.89376278587382,40.302091481462242],[-111.89376276356528,40.302091488742569],[-111.89376112075689,40.302091990533981],[-111.89376109844318,40.302091996913738],[-111.89375945445322,40.302092497808445],[-111.89375943332104,40.302092505084843],[-111.8937577881444,40.302093004182268],[-111.89375776583587,40.302093011462631],[-111.89375612182521,40.30209350875478],[-111.89375609951665,40.302093516035136],[-111.89375445432445,40.302094012430651],[-111.89375443083962,40.302094019714922],[-111.89375278564222,40.302094515209774],[-111.89375276332849,40.302094521589531],[-111.89375111694956,40.302095016187664],[-111.89375109463585,40.302095022567386],[-111.89374944589909,40.30209551627285],[-111.89374942476172,40.302095522648592],[-111.89374777601458,40.302096014552788],[-111.89374775487721,40.302096020928509],[-111.89374608144297,40.302096515617841],[-111.89374443387211,40.302097007517993],[-111.8937444115584,40.302097013897715],[-111.89374276161416,40.302097502203267],[-111.89374273930045,40.302097508583003],[-111.89374108817472,40.302097995991872],[-111.89374106703733,40.302098002367593],[-111.89373941472483,40.302098487979165],[-111.89373939241119,40.302098494358908],[-111.89373774009353,40.302098979069854],[-111.89373771895609,40.302098985445582],[-111.89373606545178,40.302099468359174],[-111.89373604431439,40.302099474734959],[-111.89373439080485,40.302099956747895],[-111.89373436849112,40.302099963127596],[-111.89373222056676,40.302100588207821],[-111.89373219825822,40.302100595488156],[-111.89373054593008,40.302101078397726],[-111.89373052361643,40.302101084777426],[-111.89372887248012,40.302101570384892],[-111.89372885016641,40.302101576764606],[-111.89372719903011,40.30210206237205],[-111.8937271767164,40.302102068751751],[-111.89372552559044,40.302102556160442],[-111.89372550445303,40.302102562536163],[-111.89372385451369,40.302103051742137],[-111.89372383219998,40.302103058121816],[-111.89372218226063,40.302103547327725],[-111.89372216112326,40.302103553703461],[-111.89372051237056,40.302104044706603],[-111.89372048888055,40.302104051090254],[-111.89371884131963,40.302104544791327],[-111.89371881900595,40.302104551171048],[-111.89371714911577,40.302105048549905],[-111.89371550392818,40.302105545845464],[-111.89371548043816,40.302105552229172],[-111.89371383406906,40.302106048628076],[-111.89371381293165,40.302106055003776],[-111.89371214423844,40.302106555981126],[-111.89371050025302,40.302107057775807],[-111.89371047911558,40.302107064151514],[-111.89370883394342,40.302107564148905],[-111.89370881280605,40.30210757052464],[-111.89370716881534,40.302108071418672],[-111.89370714767797,40.302108077794372],[-111.89370550370278,40.302108581390257],[-111.89370548256539,40.302108587765971],[-111.89370383976646,40.30210909135787],[-111.8937038174528,40.302109097737564],[-111.8937021758405,40.302109603126695],[-111.89370215470313,40.302109609502395],[-111.89370051427233,40.302110115788182],[-111.89370049195867,40.302110122167875],[-111.8936988515382,40.302110630254873],[-111.89369882922966,40.302110637535215],[-111.89369718879881,40.302111143820902],[-111.89369716648514,40.302111150200616],[-111.89369550493755,40.302111666464533],[-111.89369386808221,40.30211218084397],[-111.89369384694484,40.30211218721972],[-111.89369218657872,40.302112704380235],[-111.8936905274044,40.302113224238688],[-111.89368886942196,40.302113746795015],[-111.8936872114395,40.3021142693513],[-111.89368555464367,40.302114793704867],[-111.89368389903446,40.302115319855687],[-111.8936822434252,40.302115846006501],[-111.89368058900781,40.302116374855196],[-111.89367893459041,40.302116903703869],[-111.89367728135957,40.302117434349825],[-111.89367562931548,40.302117966792991],[-111.89367397727126,40.302118499236194],[-111.8936723252426,40.302119034381199],[-111.89367067557173,40.302119570418917],[-111.89366902590082,40.302120106456556],[-111.89366737625055,40.302120646096739],[-111.89366572777143,40.302121184832259],[-111.89366407930788,40.302121726269682],[-111.89366243202052,40.302122267703083],[-111.89366078591985,40.302122810933753],[-111.89365914100581,40.302123355961683],[-111.89365749609692,40.302123901890248],[-111.89365585236948,40.302124448715425],[-111.89365420865235,40.302124997341807],[-111.89365256611673,40.302125546864858],[-111.89365092476258,40.302126097284514],[-111.89364928224239,40.302126649509411],[-111.89364764208001,40.30212720262692],[-111.89364600310428,40.302127757541747],[-111.89364436295739,40.302128313361102],[-111.89364272399713,40.302128870977754],[-111.89364108621831,40.302129429491039],[-111.89363944962096,40.302129988900923],[-111.89363781303396,40.302130550112075],[-111.89363617762328,40.302131111319248],[-111.89363454340958,40.30213167612493],[-111.89363291036695,40.302132240025969],[-111.8936312761583,40.302132805732242],[-111.89362964431265,40.302133373231783],[-111.89362801247219,40.302133941631929],[-111.89362638181829,40.302134511829358],[-111.89362475116444,40.302135082026737],[-111.8936231205209,40.302135654025413],[-111.89362149224546,40.302136228717927],[-111.89361986396482,40.302136802509885],[-111.89361823687598,40.30213737899966],[-111.89361661096346,40.302137955485463],[-111.89361498506642,40.302138534673126],[-111.89361335916939,40.302139113860775],[-111.89361173563529,40.302139694841685],[-111.8936101121063,40.302140276723236],[-111.89360848976401,40.302140860402076],[-111.89360686742685,40.302141444981451],[-111.89360524627115,40.302142030457489],[-111.89360362513096,40.302142618635401],[-111.89360200516701,40.302143206809305],[-111.89360038638461,40.302143795879886],[-111.89359876878879,40.302144386747671],[-111.89359715119807,40.302144978516132],[-111.89359553479409,40.302145572081812],[-111.8935939183952,40.302146166548084],[-111.89359230435927,40.302146762807681],[-111.89359069032847,40.30214735996789],[-111.89358907630287,40.302147958028677],[-111.89358746346385,40.302148557886724],[-111.89358585062483,40.302149157744793],[-111.89358424015396,40.302149760296786],[-111.89358262968305,40.302150362848742],[-111.89358102039877,40.302150967197925],[-111.8935794111248,40.302151573348382],[-111.8935778042086,40.302152180391488],[-111.89357619612123,40.302152788339185],[-111.89357459039167,40.302153397179545],[-111.89357298467762,40.30215400872175],[-111.8935713801398,40.302154620259984],[-111.89356977560722,40.302155232698816],[-111.89356817226117,40.302155846934944],[-111.89356657010184,40.302156462968291],[-111.89356496912393,40.302157079898308],[-111.89356336815115,40.302157697728923],[-111.8935617671887,40.302158317360757],[-111.8935601697552,40.30215893698071],[-111.89355857116087,40.302159559306432],[-111.89355697256646,40.302160181632132],[-111.89355537633509,40.302160805751164],[-111.89355378010879,40.302161430770781],[-111.89355218506914,40.30216205758768],[-111.89355059121098,40.302162685301255],[-111.89354899736314,40.302163314815992],[-111.89354740469673,40.302163945227399],[-111.89354581321183,40.302164576535482],[-111.89354422290837,40.302165208740128],[-111.89354263261519,40.302165842746085],[-111.8935410423272,40.302166477652584],[-111.893539454397,40.30216711345178],[-111.89353786647708,40.302167751052188],[-111.89353627973865,40.30216838954928],[-111.89353469301051,40.302169029847576],[-111.8935331086402,40.302169671038541],[-111.89353152427498,40.302170313130141],[-111.89352994109119,40.302170956118324],[-111.89352835909928,40.302171601804488],[-111.89352677710733,40.302172247490589],[-111.89352519630199,40.302172894973964],[-111.89352361550185,40.302173543357917],[-111.89352203588309,40.302174192638503],[-111.89352045745105,40.302174843716358],[-111.89351888020042,40.302175495690847],[-111.89351730296009,40.302176149466604],[-111.89351572807242,40.302176803234424],[-111.89351415320017,40.302177459704083],[-111.89351257832793,40.302178116173685],[-111.89351100464233,40.302178774440613],[-111.893509432133,40.302179432703511],[-111.89350786082069,40.302180094564939],[-111.89350629067945,40.302180755521761],[-111.89350472173004,40.302181419176463],[-111.89350315160429,40.302182082835117],[-111.89350158384144,40.302182748287088],[-111.89350001725492,40.302183413735065],[-111.89349845068389,40.302184081884874],[-111.89349688411798,40.302184750935318],[-111.89349531990989,40.302185420878466],[-111.8934937568832,40.302186091718234],[-111.89349219386688,40.302186764359206],[-111.89349063203714,40.302187438797446],[-111.89348907138374,40.302188113231729],[-111.89348751074068,40.30218878946723],[-111.893485951279,40.30218946659938],[-111.89348439182253,40.302190144632121],[-111.89348283590525,40.302190824454215],[-111.89348127881685,40.302191505180872],[-111.8934797229151,40.302192187704833],[-111.89347816819479,40.302192871125364],[-111.89347661465595,40.302193555442564],[-111.89347506112222,40.302194240660405],[-111.89347350877513,40.302194927675487],[-111.89347195760952,40.302195615587202],[-111.8934704064542,40.302196305300193],[-111.89346885765151,40.302196995005197],[-111.89346730885912,40.302197686511406],[-111.89346576125338,40.302198379814925],[-111.89346421482387,40.302199073114458],[-111.89346266958107,40.302199768211253],[-111.89346112434855,40.302200465109287],[-111.89345957911598,40.302201162007286],[-111.89345803624639,40.302201860698617],[-111.89345649455822,40.302202560286553],[-111.89345495288039,40.302203261675757],[-111.89345341238402,40.302203963961588],[-111.89345187424541,40.302204667140082],[-111.89345033493566,40.302205371223152],[-111.89344879681254,40.30220607710352],[-111.893447259876,40.302206784781113],[-111.89344572411581,40.302207492454762],[-111.89344418954222,40.302208201925644],[-111.89344265615009,40.302208912293217],[-111.89344112276308,40.30220962356136],[-111.89343959056269,40.302210336626786],[-111.8934380607201,40.302211050584887],[-111.89343652853006,40.30221176545151],[-111.89343499987922,40.302212482107493],[-111.89343347123359,40.302213199664067],[-111.8934319449457,40.30221391811331],[-111.89343041748657,40.302214637467166],[-111.89342889356681,40.302215358610319],[-111.8934273684758,40.30221608065807],[-111.89342584339512,40.302216804507047],[-111.89342432184853,40.30221752924475],[-111.89342280030196,40.302218253982389],[-111.89342127877082,40.302218981421959],[-111.89341975959748,40.302219709754169],[-111.89341824042407,40.302220438086323],[-111.89341672244248,40.302221169116436],[-111.89341520563721,40.302221900142555],[-111.89341369001852,40.302222632965922],[-111.89341217439984,40.30222336578926],[-111.89341065997296,40.3022241013105],[-111.89340914672232,40.302224836827783],[-111.89340763583985,40.302225575038989],[-111.89340612378102,40.302226313254124],[-111.89340461290882,40.302227053266556],[-111.89340310438919,40.302227793271037],[-111.89340159587988,40.30222853507675],[-111.89340008855721,40.302229278679704],[-111.89339858241084,40.302230022278721],[-111.89339707745111,40.302230767674956],[-111.8933955724965,40.302231513971833],[-111.89339406872853,40.302232262065971],[-111.89339256614201,40.302233011056757],[-111.89339106473693,40.302233760944198],[-111.89338956451328,40.302234511728265],[-111.89338806547632,40.302235264309616],[-111.89338656644448,40.302236017791543],[-111.89338506859409,40.30223677217014],[-111.89338357192518,40.302237527445392],[-111.8933820764429,40.302238284517877],[-111.89338058214204,40.302239042487052],[-111.89337908902264,40.30223980135284],[-111.89337759591353,40.302240562019868],[-111.89337610398594,40.302241323583516],[-111.89337461323977,40.302242086043854],[-111.89337312485135,40.302242849396876],[-111.893371635297,40.302243614555074],[-111.89337014810037,40.302244380605941],[-111.89336866208522,40.302245147553506],[-111.89336717490404,40.302245916306198],[-111.89336569125176,40.302246685047002],[-111.89336420760984,40.302247455589075],[-111.89336272514936,40.302248227027754],[-111.89336124387552,40.302249000263728],[-111.89335976260676,40.302249774400295],[-111.89335828251954,40.302250549433502],[-111.89335680479002,40.302251325359428],[-111.89335532706565,40.302252102185932],[-111.89335385053313,40.302252881710352],[-111.89335237517166,40.302253660330138],[-111.89335090100205,40.30225444164784],[-111.89334942683755,40.302255223866119],[-111.89334795385449,40.302256006981089],[-111.89334648322402,40.302256790088109],[-111.89334501260906,40.302257575896952],[-111.89334354317559,40.302258362602501],[-111.89334207491835,40.302259149304035],[-111.89334060784773,40.302259937802845],[-111.89333914196381,40.302260728098901],[-111.89333767608497,40.302261519295605],[-111.89333621138239,40.302262310488288],[-111.89333474904284,40.302263103474331],[-111.89333328671354,40.302263898261558],[-111.89333182556051,40.302264693044847],[-111.89333036559414,40.302265489625356],[-111.89332890681439,40.302266288003175],[-111.89332744921089,40.302267086376986],[-111.89332599161777,40.302267886552073],[-111.89332453520085,40.302268686723181],[-111.89332308114695,40.302269488687543],[-111.89332162709815,40.302270291552581],[-111.89332017423595,40.302271096214831],[-111.89331872255525,40.3022719017738],[-111.893317272056,40.302272708229324],[-111.8933158215619,40.302273515585497],[-111.89331437343068,40.302274324735023],[-111.89331292648096,40.302275134781127],[-111.89331148070754,40.302275944823286],[-111.89331003494441,40.302276756666707],[-111.89330859036792,40.302277570307353],[-111.89330714697287,40.302278384844698],[-111.89330570475927,40.302279200278612],[-111.89330426372709,40.302280016609217],[-111.89330282387643,40.302280833836519],[-111.89330138521235,40.302281652861019],[-111.89329994655347,40.302282472786125],[-111.89329851025228,40.302283293603949],[-111.89329707513259,40.302284115318422],[-111.8932956400232,40.302284938834106],[-111.89329420491379,40.302285762349818],[-111.89329277334362,40.302286587654848],[-111.89329134178377,40.302287414761139],[-111.89328991257655,40.302288241859415],[-111.89328848219807,40.302289069862304],[-111.89328705418261,40.30228989965854],[-111.89328562734858,40.302290730351423],[-111.89328420052485,40.302291562845468],[-111.89328277605374,40.302292395331641],[-111.89328135276922,40.30229322961506],[-111.89327992948985,40.302294064799078],[-111.89327850856829,40.302294900875793],[-111.8932770876518,40.30229573785315],[-111.89327566792196,40.302296576627761],[-111.89327424936847,40.302297415398385],[-111.89327283200151,40.302298255966285],[-111.89327141582123,40.302299098331417],[-111.89327000081721,40.302299940692627],[-111.89326858699467,40.302300783950457],[-111.8932671743587,40.302301629005584],[-111.89326576173308,40.302302475861921],[-111.89326435145486,40.302303321809696],[-111.89326294236849,40.3023041704554],[-111.89326153446355,40.302305019997725],[-111.89326012655857,40.302305869540071],[-111.8932587198402,40.302306720879677],[-111.89325731430331,40.302307573115918],[-111.89325591112417,40.302308426244821],[-111.89325450795533,40.302309281174985],[-111.89325310596796,40.30231013700179],[-111.89325170516722,40.302310994625877],[-111.89325030554275,40.302311852245957],[-111.89324890827608,40.302312710758777],[-111.89324751101971,40.302313571072808],[-111.89324611376325,40.302314431386833],[-111.89324471886975,40.302315293494132],[-111.89324332515775,40.302316156498122],[-111.89324193263236,40.302317021299345],[-111.89324054128326,40.302317886096688],[-111.89323914994443,40.302318752695172],[-111.8932377609634,40.30231962018636],[-111.89323637316383,40.302320488574168],[-111.89323498536936,40.302321357862645],[-111.89323359993787,40.302322228944455],[-111.89323221450631,40.302323100026179],[-111.89323083026137,40.302323972905192],[-111.89322944837426,40.302324846676925],[-111.89322806649223,40.30232572134927],[-111.89310400166819,40.302402602553542],[-111.89300520401405,40.302461378565901],[-111.89290507988763,40.302518826003066],[-111.89280366212509,40.30257492673848],[-111.89270098121031,40.302629662653558],[-111.89259706764821,40.302683019232163],[-111.89249195310484,40.302734979252584],[-111.89238567160447,40.302785526385783],[-111.89227825247148,40.302834645219257],[-111.89216972856487,40.30288232122934],[-111.89206013744905,40.302928539876781],[-111.89194950728347,40.302973287554444],[-111.89183787445691,40.303016549727154],[-111.89172527183992,40.303058313672949],[-111.89161173465587,40.303098566661994],[-111.89149729695217,40.303137295968533],[-111.89130049641609,40.303202330528606],[-111.89101177372099,40.303229015079218],[-111.89101176902082,40.303229015995626],[-111.89101175020977,40.30322901785987],[-111.89074504962035,40.303357919398607],[-111.8907462955474,40.30335939138417],[-111.89074726908795,40.303360543652097],[-111.89074824381005,40.303361696816722],[-111.89074921617434,40.303362849088572],[-111.89075018736749,40.303364002264971],[-111.89075115856582,40.303365156342004],[-111.89075212976412,40.303366310419001],[-111.89075309979133,40.303367465400555],[-111.89075406863707,40.303368619485425],[-111.89075503631163,40.303369774474845],[-111.8907560039914,40.303370930364856],[-111.89075697167118,40.303372086254896],[-111.89075793699831,40.303373242152801],[-111.89075890233066,40.303374398951306],[-111.89075986766299,40.303375555749774],[-111.8907608318242,40.303376713452792],[-111.89076179362756,40.303377870263127],[-111.89076275661765,40.30337902887068],[-111.89076371843144,40.30338018748219],[-111.89076468024518,40.303381346093694],[-111.89076563970633,40.303382504713099],[-111.890766600349,40.303383664229138],[-111.89076755746267,40.303384823756964],[-111.89076851575787,40.303385984181482],[-111.89076947405307,40.303387144605971],[-111.89077042999565,40.303388305038396],[-111.89077138594855,40.303389467272019],[-111.89077234072002,40.303390628608923],[-111.89077329549148,40.303391789945856],[-111.89077424909183,40.303392952187302],[-111.8907752026973,40.303394115329382],[-111.89077615394504,40.303395277578723],[-111.89077710637426,40.303396440724683],[-111.89077805763232,40.303397604775256],[-111.89077900653774,40.303398768833659],[-111.89077995662463,40.303399933788775],[-111.89078090553011,40.303401097847171],[-111.89078185326443,40.303402262810103],[-111.89078279982246,40.303403427776963],[-111.89078374638562,40.303404593644473],[-111.89078469060134,40.303405760420461],[-111.8907856371646,40.30340692628792],[-111.89078658020399,40.303408093067823],[-111.89078752442491,40.303409260744424],[-111.89078846746442,40.303410427524334],[-111.89078940933271,40.303411595208743],[-111.89079035002986,40.303412763797702],[-111.89079129072704,40.303413932386704],[-111.89079223025307,40.30341510188024],[-111.890793169774,40.303416270473143],[-111.89079410812373,40.303417439970573],[-111.89079504530231,40.303418610372589],[-111.89079598129946,40.303419779877885],[-111.89079691848325,40.303420951180499],[-111.89079785331442,40.30342212249095],[-111.89079878814556,40.303423293801444],[-111.89079972180048,40.303424465115832],[-111.89080065545537,40.303425636430227],[-111.89080158794425,40.303426809549762],[-111.89080251925171,40.303427981772657],[-111.89080344938797,40.303429154900044],[-111.89080438070063,40.303430328023545],[-111.89080530966579,40.303431502055467],[-111.89080623863096,40.303432676087454],[-111.89080716642492,40.303433851023932],[-111.89080809303752,40.303435025063763],[-111.89080901965524,40.303436200004171],[-111.89080994510179,40.303437375849164],[-111.89081087054845,40.303438551694107],[-111.89081179481872,40.303439727543051],[-111.89081271791788,40.303440904296458],[-111.890813641017,40.303442081049923],[-111.89081456293991,40.303443257807288],[-111.89081548369161,40.303444435469231],[-111.89081640561966,40.303445613127195],[-111.89081732402387,40.303446791697574],[-111.89081824360449,40.303447970264081],[-111.89081916200875,40.303449148834424],[-111.89082007924188,40.303450328309395],[-111.89082099646988,40.303451506883704],[-111.89082191253191,40.303452687263174],[-111.89082282741758,40.303453867646603],[-111.89082374230331,40.30345504803001],[-111.89082465601786,40.303456229317945],[-111.89082556973244,40.303457410605887],[-111.89082648227073,40.303458591897751],[-111.89082739363788,40.303459774094215],[-111.89082830382353,40.30346095539393],[-111.8908292140195,40.303462138494922],[-111.89083012303404,40.303463320699215],[-111.89083103323007,40.303464503800143],[-111.89083193990231,40.303465687813542],[-111.89083284775086,40.303466871822998],[-111.89083375442317,40.303468055836355],[-111.89083465992427,40.303469240754282],[-111.89083556424902,40.303470425676132],[-111.89083646857387,40.303471610597967],[-111.89083737172241,40.303472795523746],[-111.89083827488123,40.303473982250765],[-111.89083917686376,40.30347516898172],[-111.89084007766486,40.303476354815928],[-111.8908409772948,40.303477541554734],[-111.89084187810617,40.303478729190232],[-111.89084277656499,40.303479916833552],[-111.89084367502382,40.303481104476894],[-111.89084457231145,40.303482293024778],[-111.89084546959914,40.303483481572691],[-111.89084636453417,40.303484670128412],[-111.89084726065073,40.303485859580832],[-111.89084815441464,40.303487049041131],[-111.89084904817857,40.303488238501437],[-111.89084994077136,40.303489428866264],[-111.8908508333641,40.303490619231113],[-111.89085172478063,40.303491809599876],[-111.89085261620741,40.303493001769866],[-111.89085350527645,40.303494193047101],[-111.89085439552697,40.303495385221019],[-111.8908552834249,40.303496577402818],[-111.89085617132277,40.303497769584602],[-111.89085705804956,40.303498962670922],[-111.89085794360001,40.303500155761192],[-111.8908588291505,40.303501348851434],[-111.89085971470611,40.303502542842303],[-111.89086059790912,40.303503736841051],[-111.89086148111215,40.303504930839743],[-111.89086236314915,40.303506126643683],[-111.89086324517592,40.303507320646354],[-111.89086412603666,40.303508516454187],[-111.89086500689743,40.303509712262006],[-111.89086588540556,40.303510908077683],[-111.89086676510028,40.303512105690629],[-111.89086764243213,40.3035133015103],[-111.89086851977432,40.303514499131147],[-111.89086939593506,40.303515695855253],[-111.89087027210604,40.303516894380664],[-111.89087114591928,40.303518092013348],[-111.89087202091402,40.303519290542646],[-111.89087289355098,40.303520488179231],[-111.89087376619827,40.303521687617014],[-111.89087463766921,40.303522887058755],[-111.89087550914019,40.303524086500452],[-111.89087637944,40.303525286846757],[-111.89087724973989,40.30352648719299],[-111.89087811768714,40.303527687547174],[-111.89087898563949,40.303528888801942],[-111.89087985359193,40.303530090056668],[-111.89088072036802,40.303531291315316],[-111.89088158597296,40.303532493478528],[-111.89088245040156,40.303533695645747],[-111.89088331601174,40.303534898709572],[-111.89088417808773,40.303536100884585],[-111.89088504252163,40.303537303952368],[-111.89088590342648,40.303538507031917],[-111.89088676551802,40.303539711908797],[-111.89088762524665,40.303540914992254],[-111.89088848498557,40.303542119877015],[-111.89088934472963,40.303543325662353],[-111.89089020328711,40.303544529650402],[-111.89089105950228,40.303545735447514],[-111.89089191689379,40.303546941240747],[-111.89089277193264,40.303548147041809],[-111.89089362814782,40.303549352838921],[-111.89089448201557,40.303550559544568],[-111.89089533588847,40.303551767150722],[-111.89089618858506,40.303552974760912],[-111.89089704128165,40.303554182371073],[-111.89089789162563,40.303555389989114],[-111.89089874314594,40.303556597603169],[-111.89089959350027,40.303557807022472],[-111.89090044267313,40.303559015544991],[-111.89090129067482,40.303560224972102],[-111.89090213749503,40.303561433502544],[-111.89090298432558,40.303562643834177],[-111.89090383115617,40.303563854165837],[-111.89090467681045,40.303565064501448],[-111.89090552129359,40.303566275741552],[-111.89090636459524,40.303567486085022],[-111.89090720790206,40.303568697329084],[-111.89090805003774,40.30356990947773],[-111.89090889099705,40.303571121630263],[-111.89090973195646,40.303572333782789],[-111.89091057173952,40.303573545939287],[-111.89091141152775,40.30357475899639],[-111.8909122489685,40.303575972961966],[-111.89091308758047,40.303577186022927],[-111.89091392501615,40.303578399087897],[-111.89091476010945,40.303579613961958],[-111.89091559637393,40.303580827931441],[-111.89091643029096,40.303582042809452],[-111.89091726420803,40.303583257687421],[-111.89091809694872,40.30358447256932],[-111.89091892969979,40.303585689252444],[-111.89091976126937,40.303586905038941],[-111.89092059166781,40.303588121729952],[-111.89092142206623,40.303589338420949],[-111.89092225128839,40.303590555115889],[-111.89092307933421,40.30359177181473],[-111.89092390738521,40.303592989414206],[-111.8909247342599,40.303594207017625],[-111.89092555996345,40.303595425525607],[-111.890926385667,40.30359664403354],[-111.89092721019426,40.303597862545452],[-111.89092803472664,40.303599081957962],[-111.89092885690644,40.30360030137831],[-111.89092968026257,40.303601520794757],[-111.89093050127123,40.303602741119661],[-111.89093132227472,40.303603960543974],[-111.89093214211222,40.303605181773463],[-111.89093296076827,40.303606402106254],[-111.89093378060581,40.303607623335701],[-111.89093459809074,40.303608844573034],[-111.8909354144096,40.303610067615566],[-111.89093623071821,40.303611288856764],[-111.89093704703718,40.303612511899274],[-111.89093786099829,40.303613734049009],[-111.89093867496462,40.30361495709937],[-111.89093948775459,40.303616180153647],[-111.89094030054981,40.30361740410855],[-111.89094111098719,40.3036186271707],[-111.89094192260609,40.303619851129525],[-111.89094273305894,40.303621076893528],[-111.8909435411489,40.303622300864163],[-111.89094435042546,40.303623526632123],[-111.89094515852058,40.303624751503371],[-111.89094596426823,40.303625977283076],[-111.89094677119222,40.303627203058866],[-111.89094757694502,40.303628429739213],[-111.89094838034005,40.303629655526777],[-111.89094918492171,40.303630883111687],[-111.89094998832196,40.303632109799899],[-111.89095079055616,40.303633338293288],[-111.89095159160891,40.303634565889965],[-111.8909523926617,40.303635793486663],[-111.89095319254331,40.303637021987903],[-111.89095399124864,40.30363825049308],[-111.89095478995392,40.303639478998178],[-111.89095558748811,40.303640708407904],[-111.89095638384595,40.303641937821595],[-111.89095718138528,40.303643168131899],[-111.89095797656685,40.303644397549462],[-111.89095877057727,40.30364562787161],[-111.89095956459794,40.303646859994963],[-111.89096035743209,40.303648090321026],[-111.89096114909503,40.303649321551639],[-111.89096194075799,40.303650552782216],[-111.89096273124977,40.303651784917378],[-111.89096352174163,40.303653017052554],[-111.8909643110571,40.303654249191652],[-111.89096509920147,40.303655482235271],[-111.89096588734584,40.303656715278905],[-111.8909666731376,40.303657948330375],[-111.89096746011086,40.303659182278579],[-111.89096824473143,40.303660416234642],[-111.89096902935202,40.303661650190655],[-111.89096981279633,40.303662884150647],[-111.89097059507458,40.303664119915801],[-111.8909713785241,40.303665354776406],[-111.89097215962097,40.30366658964487],[-111.89097293954664,40.303667825417868],[-111.89097371947231,40.30366906119086],[-111.89097449940319,40.303670297864528],[-111.89097527697631,40.303671533645371],[-111.89097605455967,40.303672771227504],[-111.89097683096674,40.303674008813552],[-111.8909776073687,40.303675245498944],[-111.89097838259951,40.303676483088942],[-111.89097915665403,40.303677720682849],[-111.89097992953734,40.303678959181291],[-111.89098070242066,40.303680197679761],[-111.8909814741277,40.303681436182117],[-111.89098224583991,40.303682675585158],[-111.89098301637577,40.303683914992078],[-111.89098378573533,40.303685154402956],[-111.8909845551001,40.303686394714411],[-111.89098532328855,40.303687635029839],[-111.89098609030063,40.303688875349202],[-111.89098685731793,40.303690116569165],[-111.89098762315375,40.303691356892465],[-111.89098838781841,40.303692598120286],[-111.8909891524883,40.303693840248741],[-111.89098991480031,40.303695081484427],[-111.890990678299,40.303696324517446],[-111.89099143943989,40.303697566657668],[-111.89099220058081,40.303698808797897],[-111.89099296173202,40.303700052739401],[-111.8909937205255,40.303701295788159],[-111.89099447932406,40.303702539737479],[-111.8909952369464,40.303703783690771],[-111.89099599456871,40.303705027644007],[-111.89099675101473,40.303706271601214],[-111.89099750628958,40.303707516462993],[-111.89099826156442,40.303708761324749],[-111.89099901566814,40.303710007091041],[-111.89099976859036,40.303711251960685],[-111.89100052034145,40.303712497734836],[-111.89100127209763,40.303713744409656],[-111.89100202385391,40.303714991084469],[-111.89100277325751,40.303716237767119],[-111.89100352266114,40.303717484449756],[-111.89100427089362,40.303718732036948],[-111.89100501912098,40.303719978723556],[-111.89100576617717,40.303721226314671],[-111.89100651206218,40.303722474810414],[-111.89100725794719,40.303723723306078],[-111.89100800147959,40.30372497180965],[-111.89100874618836,40.303726220309265],[-111.89100948854956,40.303727469717366],[-111.89101023091085,40.303728719125495],[-111.8910109732721,40.303729968533567],[-111.89101171328591,40.303731218850182],[-111.89101245329972,40.303732469166746],[-111.89101319213718,40.303733719487262],[-111.89101393097987,40.303734970708426],[-111.89101466746469,40.303736221036829],[-111.89101540395986,40.303737473166407],[-111.89101614044992,40.303738724395444],[-111.89101687459245,40.303739976532924],[-111.89101760990626,40.303741227765876],[-111.89101834405399,40.303742480803955],[-111.89101907584391,40.303743732949314],[-111.89101980882053,40.303744986891978],[-111.89102053943931,40.30374623994188],[-111.89102127005816,40.303747492991796],[-111.89102199950581,40.303748746946226],[-111.89102272777716,40.303750000904664],[-111.89102345604847,40.30375125486303],[-111.89102418314869,40.303752509725953],[-111.89102491024887,40.30375376458889],[-111.89102563499645,40.303755019459693],[-111.89102635974919,40.30375627523113],[-111.89102708449678,40.303757530101947],[-111.89102780689689,40.303758785881222],[-111.89102853047851,40.303760042557194],[-111.89102925170748,40.303761299241046],[-111.89102997293644,40.303762555924884],[-111.89103069299422,40.303763813513285],[-111.8910314118706,40.303765070204967],[-111.89103213075209,40.303766327797305],[-111.89103284728097,40.303767585397495],[-111.89103356499133,40.303768843894403],[-111.89103428152026,40.303770101494564],[-111.89103499687799,40.303771359999303],[-111.89103571106455,40.303772619408612],[-111.89103642524603,40.303773877917308],[-111.89103713825625,40.303775137330511],[-111.89103785009026,40.303776396747651],[-111.89103856192941,40.30377765706546],[-111.8910392725922,40.303778917387135],[-111.89103998207869,40.303780177712802],[-111.89104069038891,40.303781438042364],[-111.89104139988061,40.303782699268652],[-111.89104208682124,40.303783925445337],[-111.89104210226797,40.303783952412907],[-111.8910421070196,40.303783960502749],[-111.89104211993363,40.303783955956334],[-111.89136529985143,40.303677059097183],[-111.89141233954651,40.303661088928664],[-111.89145487720289,40.303645928192836],[-111.89149706222901,40.303630202119045],[-111.89153888170483,40.303613914353605],[-111.89158032507356,40.303597070336046],[-111.89162137706771,40.303579674621211],[-111.89166202596451,40.303561734453957],[-111.89170226001526,40.303543252575949],[-111.8917420674973,40.303524236232086],[-111.89178143432487,40.303504690873893],[-111.89182034994647,40.303484622841708],[-111.89185880145287,40.303464037583026],[-111.89189677946892,40.303442941434326],[-111.89193426991433,40.303421340747811],[-111.8919712622429,40.303399242764414],[-111.89200774473228,40.30337665472905],[-111.89204370800239,40.303353582077584],[-111.89207913915456,40.303330032058874],[-111.89211402764282,40.30330601191389],[-111.89214836292652,40.303281529784378],[-111.89218213563615,40.303256592907317],[-111.89221533522073,40.303231207623114],[-111.89224794996845,40.303205382978021],[-111.89227997169162,40.303179127105764],[-111.89231138866293,40.303152446350765],[-111.89234219505261,40.303125349739432],[-111.89247167890821,40.303009429925879],[-111.89250363491007,40.302981589980654],[-111.89252480108904,40.302963957236365],[-111.89254636767907,40.302946610447691],[-111.892568324119,40.302929554153067],[-111.89259066691076,40.302912793767902],[-111.89261338784598,40.302896333822787],[-111.89263648107911,40.302880180641615],[-111.89265993957808,40.302864338751014],[-111.89268375512943,40.30284881178099],[-111.89270792071133,40.30283360605938],[-111.89273242811028,40.302818725216227],[-111.89275727265213,40.302804174670847],[-111.8927824449471,40.30278995805719],[-111.89280793678688,40.302776079905755],[-111.89283374113437,40.302762543842753],[-111.89285985096288,40.302749355295354],[-111.89288625687745,40.302736516996895],[-111.89291295067515,40.302724034378635],[-111.89293992531373,40.302711910165939],[-111.89296717257987,40.302700147988951],[-111.89299468426032,40.302688751477547],[-111.8930224497892,40.302677724269785],[-111.89305046330577,40.30266706998767],[-111.89307871542056,40.302656792265211],[-111.89310719790994,40.302646892931264],[-111.89313590138445,40.302637375619774],[-111.89316481999393,40.302628245754114],[-111.89316484113152,40.3026282393785],[-111.89319393961249,40.302619501580452],[-111.89319396192641,40.302619495200872],[-111.89322325438481,40.302611147621526],[-111.89322327669872,40.302611141241947],[-111.89325275491109,40.302603185710126],[-111.89325277722502,40.302603179330539],[-111.89328243180708,40.30259562038092],[-111.89328245530247,40.302595614897967],[-111.8933122780153,40.302588451657527],[-111.8933123003344,40.302588446178568],[-111.89334228179374,40.302581683181948],[-111.89334230529431,40.302581678599601],[-111.89337243609522,40.302575316779084],[-111.89337245959575,40.302575312196709],[-111.89340273033858,40.302569353385067],[-111.89340275384433,40.30256934970329],[-111.89387896527749,40.302479012876965],[-111.89387898878316,40.302479009195167],[-111.8938822096096,40.302478395805871],[-111.89388223311011,40.302478391223445],[-111.89388394868213,40.302478063009097],[-111.89388397218262,40.302478058426672],[-111.89388568892582,40.302477729307711],[-111.89388571125001,40.30247772472925],[-111.8938874268065,40.302477393813021],[-111.89388745030702,40.302477389230553],[-111.89388916468712,40.30247705831826],[-111.89388918818763,40.302477053735778],[-111.89389090255743,40.302476721022195],[-111.89389092605792,40.302476716439742],[-111.89389264042251,40.302476382825546],[-111.89389266274668,40.302476378247029],[-111.89389437828235,40.302476043728213],[-111.89389440060654,40.302476039149688],[-111.89389611377921,40.302475702837491],[-111.89389613727971,40.30247569825503],[-111.89389785044719,40.302475361042241],[-111.89389787277136,40.302475356463724],[-111.89389958710996,40.302475018346222],[-111.89389960943414,40.30247501376779],[-111.89390132259125,40.30247467475364],[-111.89390134491542,40.302474670175165],[-111.89390305806732,40.302474330260338],[-111.89390308038632,40.302474324781265],[-111.89390479235672,40.302473983969747],[-111.89390481585203,40.30247397848666],[-111.89390652664086,40.302473636778487],[-111.89390655014134,40.302473632196069],[-111.89390826091986,40.302473288686585],[-111.89390828442035,40.302473284104153],[-111.89390999518844,40.302472938793471],[-111.89391001751261,40.302472934214947],[-111.8939117282755,40.302472588003567],[-111.89391175177599,40.302472583421142],[-111.89391346018625,40.302472237217643],[-111.89391348368673,40.302472232635211],[-111.89391519326291,40.30247188462652],[-111.89391521676339,40.302471880044045],[-111.89391692515289,40.30247153023803],[-111.89391694865338,40.302471525655577],[-111.89391865704286,40.302471175849561],[-111.89391868054335,40.302471171267058],[-111.89392038892245,40.302470819659781],[-111.89392041242293,40.302470815077335],[-111.89392211962054,40.302470462573304],[-111.89392214312103,40.302470457990871],[-111.89392385031339,40.30247010458622],[-111.89392387381386,40.302470100003774],[-111.89392557982475,40.302469745702425],[-111.89392560332007,40.302469740219351],[-111.89392731050202,40.302469385013353],[-111.89392733400251,40.302469380430949],[-111.89392903999777,40.302469023427648],[-111.89392906232196,40.302469018849145],[-111.89393076831203,40.302468660945266],[-111.89393079181251,40.302468656362791],[-111.89393249779745,40.302468297558221],[-111.89393252012158,40.302468292979789],[-111.89393422609611,40.302467932373929],[-111.89393424841506,40.302467926894806],[-111.89393595321324,40.302467566292918],[-111.89393597671371,40.302467561710444],[-111.89393768150151,40.302467199307266],[-111.89393770382569,40.302467194728777],[-111.89393940743197,40.302466831428937],[-111.89393943093245,40.302466826846448],[-111.89394113570987,40.302466462641995],[-111.89394115802885,40.302466457162851],[-111.89394286162469,40.302466092061721],[-111.89394288394369,40.302466086582591],[-111.89394458753438,40.302465720580791],[-111.89394460985332,40.302465715101661],[-111.89394631225733,40.302465347302565],[-111.89394633458146,40.302465342724041],[-111.89394803698026,40.302464974024282],[-111.89394806048075,40.302464969441836],[-111.89394976287433,40.302464599841421],[-111.8939497851933,40.302464594362306],[-111.89395148640536,40.302464223865194],[-111.89395150990066,40.302464218382113],[-111.89395320993121,40.302463846988303],[-111.89395323343167,40.302463842405857],[-111.89395493345185,40.302463469210778],[-111.89395495694714,40.302463463727676],[-111.89395665696208,40.302463089632006],[-111.89395667928106,40.302463084152848],[-111.89395837929082,40.302462709156501],[-111.893958401615,40.302462704578026],[-111.89396010161433,40.302462327780376],[-111.89396012393853,40.302462323201901],[-111.8939618239327,40.302461945503609],[-111.89396184625689,40.302461940925099],[-111.89396354389321,40.302461562334059],[-111.89396356738851,40.302461556850965],[-111.89396526501963,40.302461177359348],[-111.89396528852012,40.302461172776873],[-111.89396698614084,40.302460791483931],[-111.89396700964133,40.30246078690147],[-111.89396870608059,40.302460404711873],[-111.89396872957587,40.302460399228785],[-111.8939704248388,40.302460017043082],[-111.89397044833927,40.302460012460642],[-111.89397214594442,40.302459628465762],[-111.89397216826342,40.302459622986618],[-111.89397386351069,40.302459238099054],[-111.89397388700598,40.302459232615945],[-111.89397558224812,40.30245884682769],[-111.89397560456712,40.302458841348574],[-111.89397729980401,40.302458454659657],[-111.89397732329928,40.302458449176562],[-111.89397901853103,40.302458061587039],[-111.89397904085001,40.302458056107895],[-111.89398073371872,40.30245766672504],[-111.89398075721401,40.302457661241917],[-111.89398245125381,40.302457270954427],[-111.89398247357279,40.302457265475283],[-111.8939841676074,40.302456874287131],[-111.89398419110267,40.302456868804036],[-111.89398588395576,40.302456476719165],[-111.89398590627476,40.302456471240092],[-111.89398759911747,40.302456077353931],[-111.89398762143641,40.302456071874843],[-111.89398931427908,40.302455677988682],[-111.89398933659808,40.302455672509574],[-111.89399102825408,40.302455276826116],[-111.89399105057301,40.302455271346972],[-111.89399274340012,40.302454874758915],[-111.89399276571912,40.302454869279792],[-111.89399445618317,40.302454470898361],[-111.89399447850735,40.30245446631988],[-111.89399616896627,40.302454067037814],[-111.89399619128521,40.302454061558684],[-111.8939978817389,40.302453661375999],[-111.8939979052342,40.30245365589289],[-111.89399959451154,40.302453255714141],[-111.89399961682528,40.302453249334341],[-111.89400130609228,40.302452847354331],[-111.89400132958758,40.302452841871236],[-111.8940030176678,40.302452438093837],[-111.89400303998677,40.302452432614729],[-111.894004728067,40.302452028837365],[-111.89400475156231,40.302452023354256],[-111.89400643845582,40.302451617779596],[-111.89400646195109,40.302451612296487],[-111.89400814883948,40.302451205821178],[-111.89400817233475,40.302451200338076],[-111.89400985921786,40.302450792962077],[-111.89400988270796,40.302450786578355],[-111.89401156723325,40.302450378309651],[-111.89401159072854,40.302450372826549],[-111.894013276425,40.302449963653245],[-111.89401329992027,40.302449958170122],[-111.89401498560628,40.302449547195543],[-111.89401500792522,40.302449541716456],[-111.89401669360606,40.302449129841186],[-111.89401671591982,40.302449123461415],[-111.89401840041911,40.30244871068949],[-111.89401842391442,40.302448705206416],[-111.89402010723222,40.302448291537786],[-111.8940201307223,40.302448285154078],[-111.89402181403484,40.302447870584814],[-111.89402183635384,40.302447865105677],[-111.89402351965605,40.302447448735137],[-111.89402354197496,40.302447443256042],[-111.89402522527197,40.302447025984861],[-111.89402524759097,40.302447020505717],[-111.89402692970124,40.302446601437218],[-111.89402695319652,40.302446595954095],[-111.89402863530675,40.302446176885596],[-111.89402865762573,40.302446171406451],[-111.89403033854929,40.302445750540649],[-111.89403036204457,40.302445745057533],[-111.89403204179182,40.302445324195673],[-111.89403206528193,40.302445317811951],[-111.89403374619508,40.302444895144816],[-111.89403376850882,40.302444888765052],[-111.89403544824563,40.302444466101896],[-111.89403547055944,40.302444459722125],[-111.89403715146219,40.302444035253728],[-111.89403717378116,40.302444029774563],[-111.89403885232086,40.302443603512806],[-111.89403887463985,40.302443598033669],[-111.89404055317434,40.302443170871292],[-111.89404057666962,40.302443165388169],[-111.89404225519895,40.302442737325102],[-111.89404227751788,40.30244273184595],[-111.89404395486049,40.302442301985572],[-111.89404397717945,40.302442296506442],[-111.89404565452205,40.30244186664607],[-111.89404567684103,40.302441861166926],[-111.89404735417322,40.302441429505294],[-111.89404737766331,40.30244142312155],[-111.89404905381919,40.302440991463811],[-111.89404907613815,40.302440985984667],[-111.8940507522836,40.302440552525667],[-111.8940507745974,40.302440546145881],[-111.89405245073769,40.302440111786261],[-111.89405247305663,40.302440106307138],[-111.8940541480102,40.302439670150193],[-111.8940541703292,40.302439664671056],[-111.89405584528269,40.302439228514011],[-111.89405586759651,40.302439222134268],[-111.89405754136332,40.302438784179984],[-111.89405756368228,40.302438778700868],[-111.89405923744393,40.302438339845914],[-111.89405925975771,40.302438333466156],[-111.89406093351931,40.302437894611174],[-111.89406095583313,40.302437888231417],[-111.89406262840804,40.302437447579138],[-111.89406265072695,40.3024374421],[-111.89406432329147,40.302436999646467],[-111.89406434561046,40.302436994167309],[-111.89406601699341,40.302436550817113],[-111.89406603930721,40.30243654443732],[-111.89406771069019,40.30243610108711],[-111.89406773300395,40.302436094707346],[-111.89406940320025,40.302435649559769],[-111.89406942669035,40.30243564317604],[-111.89407109688139,40.302435197127835],[-111.89407111919519,40.302435190748078],[-111.89407278820472,40.30243474380319],[-111.8940728117,40.302434738320066],[-111.89407448070433,40.302434290474558],[-111.89407450301808,40.302434284094772],[-111.89407617201202,40.302433834447974],[-111.89407619314952,40.302433828072161],[-111.89407786214343,40.302433378425327],[-111.89407788445725,40.302433372045549],[-111.89407955226442,40.302432920601397],[-111.89407957457821,40.302432914221626],[-111.89408124238024,40.302432461876869],[-111.89408126469397,40.302432455497097],[-111.89408293130931,40.302432001354966],[-111.89408295362824,40.302431995875814],[-111.89408462023836,40.302431540833098],[-111.89408464255214,40.302431534453333],[-111.89408630798592,40.302431079414539],[-111.89408633147602,40.302431073030768],[-111.89408799572307,40.302430616194677],[-111.8940880180368,40.302430609814898],[-111.89408968345496,40.302430152074152],[-111.89408970576875,40.30243014569438],[-111.89409137000541,40.302429687056986],[-111.89409139231921,40.302429680677193],[-111.8940930553743,40.302429221143122],[-111.8940930788644,40.302429214759385],[-111.89409474191433,40.302428754324659],[-111.89409476422807,40.302428747944909],[-111.89409642726761,40.302428285708878],[-111.89409644958137,40.302428279329071],[-111.8940981114394,40.302427816196378],[-111.89409813375312,40.302427809816635],[-111.89409979560597,40.302427345783251],[-111.8940998179197,40.302427339403494],[-111.89410147976727,40.302426874469504],[-111.89410150089959,40.302426867193077],[-111.89410316274196,40.302426401358439],[-111.89410318387944,40.302426394982639],[-111.89410484453506,40.302425927350676],[-111.89410486684886,40.302425920970897],[-111.89410652749933,40.302425452438328],[-111.89410654981312,40.30242544605855],[-111.89410820811091,40.30242497753386],[-111.89410823042469,40.302424971154046],[-111.89410988988321,40.302424499923511],[-111.89410991102071,40.302424493547697],[-111.89411157047921,40.302424022317126],[-111.89411159161668,40.302424015941298],[-111.89411324988849,40.302423542913466],[-111.89411327220228,40.302423536533702],[-111.89411492929257,40.302423062609115],[-111.8941149516063,40.302423056229344],[-111.89411660869141,40.302422581404109],[-111.89411663100519,40.30242257502433],[-111.89411828690876,40.302422099302447],[-111.89411830922255,40.302422092922662],[-111.89411996392901,40.302421613602235],[-111.8941216421463,40.302421131500466],[-111.89412166446007,40.302421125120716],[-111.89412331916655,40.30242064580024],[-111.89412334148028,40.302420639420461],[-111.89412499501037,40.302420160103885],[-111.89412501731898,40.30242015282348],[-111.89412667201499,40.302419671701685],[-111.89412669432876,40.302419665321921],[-111.89412834666697,40.302419183307393],[-111.89412836898074,40.302419176927621],[-111.89413002131371,40.302418694012452],[-111.8941300436223,40.302418686732068],[-111.89413169475823,40.302418200218355],[-111.8941333693997,40.302417710022745],[-111.89413339053719,40.302417703646952],[-111.89413504284933,40.302417217129168],[-111.89413506398681,40.302417210753376],[-111.89413671394114,40.302416723342958],[-111.89413673625492,40.302416716963165],[-111.89413838620402,40.302416228652056],[-111.8941384085126,40.302416221371672],[-111.89414005726466,40.30241572946202],[-111.89414172952746,40.302415234771111],[-111.89414175066494,40.302415228395297],[-111.89414339941696,40.302414736485581],[-111.89414342173067,40.302414730105824],[-111.89414506930117,40.302414237299445],[-111.89414509161494,40.30241423091968],[-111.89414673800388,40.302413737216582],[-111.89414676148877,40.30241372993224],[-111.89414840787251,40.30241323532853],[-111.8941484301811,40.302413228048117],[-111.89415007655963,40.302412732543786],[-111.89415009769709,40.302412726167923],[-111.89415174406523,40.302412228862323],[-111.89415176637898,40.302412222482552],[-111.89415341037375,40.302411721582331],[-111.89415507787925,40.302411217900826],[-111.89415510019303,40.302411211521047],[-111.89415674301657,40.302410711525361],[-111.89415676532516,40.302410704244984],[-111.89415840931984,40.302410203344692],[-111.89415843045728,40.30241019696885],[-111.89416007326528,40.302409694271276],[-111.894160095579,40.302409687891462],[-111.89416173838696,40.302409185193895],[-111.89416175951921,40.302409177917419],[-111.89416340231678,40.302408673418519],[-111.8941634234542,40.302408667042741],[-111.89416506507021,40.302408161647165],[-111.89416508737881,40.30240815436678],[-111.8941667278133,40.302407648074507],[-111.89416675012703,40.302407641694728],[-111.89416839055632,40.302407134501841],[-111.89416841168854,40.302407127225372],[-111.89417005210746,40.302406618231231],[-111.89417007442124,40.302406611851445],[-111.8941717124719,40.302406100163275],[-111.89417337166003,40.302405582099354],[-111.89417503321107,40.302405065828673],[-111.89417505552484,40.302405059448823],[-111.89417669120206,40.302404544166109],[-111.89417835037453,40.302404023400179],[-111.89418000836544,40.302403501737594],[-111.89418166517487,40.302402979178268],[-111.89418332315026,40.30240245481378],[-111.89418497877287,40.302401930457158],[-111.89418663556147,40.302401404295324],[-111.89418828999226,40.302400877240757],[-111.89418994559408,40.302400349281534],[-111.89419159883815,40.302399820429656],[-111.89419325325323,40.302399290673186],[-111.89419490648164,40.302398759119363],[-111.89419655852853,40.302398226668856],[-111.89419821057022,40.302397693317751],[-111.8941998626067,40.302397159065947],[-111.89420151228013,40.302396623020819],[-111.89420316312982,40.302396086971655],[-111.89420481161652,40.302395549129244],[-111.89420646127429,40.30239501038217],[-111.89420810975058,40.302394470738413],[-111.89420975704533,40.302393930197994],[-111.8942114043349,40.302393388756897],[-111.89421305043771,40.302392845518547],[-111.89421469771678,40.302392302276175],[-111.89421634262769,40.302391756339823],[-111.89421798754373,40.302391211304055],[-111.8942196312731,40.302390664471027],[-111.89422127499205,40.302390115836708],[-111.89422291871099,40.302389567202383],[-111.89422456124318,40.302389016770746],[-111.89422620259384,40.302388465442412],[-111.8942278439393,40.302387913213451],[-111.89422948410325,40.302387360087806],[-111.89423112426199,40.302386806061492],[-111.89423276323397,40.302386250237916],[-111.89423440220079,40.302385693513692],[-111.89423604116755,40.302385136789411],[-111.89423767894246,40.302384577367221],[-111.8942393167173,40.302384017945009],[-111.89424095213431,40.302383457630071],[-111.89424258754609,40.302382896414478],[-111.89424422294749,40.302382333397617],[-111.89424585716732,40.302381769484072],[-111.89424749138196,40.302381204669906],[-111.89424912441508,40.302380638959065],[-111.894250757443,40.302380072347539],[-111.8942523892842,40.302379503938759],[-111.89425402112539,40.302378935529887],[-111.89425565177983,40.302378365323747],[-111.89425728242909,40.302377794216987],[-111.89425891189678,40.302377222213487],[-111.8942605413593,40.302376649309423],[-111.89426216963508,40.302376074607984],[-111.89426379673449,40.302375499910546],[-111.89426542382354,40.30237492341179],[-111.89426704973621,40.302374346916999],[-111.89426867680967,40.302373767716325],[-111.89427030152522,40.302373187622926],[-111.89427192624598,40.302372608430161],[-111.89427354977482,40.302372026539466],[-111.89427517330365,40.302371444648792],[-111.89427679564574,40.302370860960735],[-111.8942784179826,40.302370276372052],[-111.89428003913795,40.302369690886714],[-111.8942816602829,40.302369103600128],[-111.89428328142783,40.302368516313464],[-111.89428490021493,40.30236792813411],[-111.89428651899158,40.302367338153466],[-111.89428813776308,40.302366747272231],[-111.89428975417665,40.302366155498206],[-111.89429137176141,40.302365562819617],[-111.89429298816457,40.302364969244358],[-111.89429460338626,40.302364374772402],[-111.89429621859749,40.302363778499149],[-111.89429783380353,40.302363181325283],[-111.89429944665174,40.30236258325872],[-111.89430105949472,40.302361984291494],[-111.8943026723325,40.302361384423627],[-111.89430428398353,40.302360782758427],[-111.89430589445826,40.302360181097214],[-111.89430750492254,40.302359577634725],[-111.8943091142105,40.302358974176158],[-111.89431072466436,40.302358368912337],[-111.89431233276041,40.302357762755832],[-111.89431394085125,40.302357155698701],[-111.8943155477605,40.302356547744836],[-111.89431715348306,40.302355937993724],[-111.89431876037675,40.302355327337985],[-111.89432036491777,40.302354716690104],[-111.89432196944314,40.302354103340399],[-111.89432357279742,40.302353490895257],[-111.89432517614125,40.302352876648818],[-111.89432677947991,40.302352261501738],[-111.89432838045553,40.302351644561313],[-111.89432998142591,40.302351026720288],[-111.89433158239628,40.302350408879207],[-111.89433318217472,40.30234978834018],[-111.89433478078203,40.302349168705767],[-111.89433637937374,40.302348546369416],[-111.89433797679429,40.302347924937642],[-111.89433957419924,40.302347300804001],[-111.89434117042789,40.302346676674304],[-111.89434276664605,40.30234605074336],[-111.89434436168796,40.302345424816302],[-111.8943459555379,40.302344796191377],[-111.89434754939302,40.302344168466973],[-111.89434914205624,40.302343538044717],[-111.89435073471944,40.302342907622403],[-111.89435232620104,40.302342276303449],[-111.89435391649604,40.302341643187177],[-111.89435550679092,40.302341010070855],[-111.89435709707024,40.302340374252672],[-111.89435868617839,40.302339739339047],[-111.89436027409465,40.302339101727476],[-111.89436186083972,40.302338465020512],[-111.89436344756923,40.30233782561163],[-111.89436503429353,40.302337185302143],[-111.89436661866512,40.3023365450005],[-111.89436820420265,40.302335902893653],[-111.89436978738236,40.30233525989415],[-111.89437137055681,40.302334615993907],[-111.89437295372609,40.302333971193114],[-111.89437453570861,40.302333324594933],[-111.89437611651995,40.302332678901379],[-111.89437769731573,40.302332030505909],[-111.8943792769352,40.302331382114403],[-111.8943808565442,40.302330731921593],[-111.89438243379539,40.3023300808361],[-111.89438401221771,40.302329428845987],[-111.89438558945841,40.302328775959232],[-111.89438716551763,40.30232812217578],[-111.8943887403953,40.302327467495616],[-111.89439031526263,40.302326811014211],[-111.89439189012984,40.302326154532778],[-111.89439346263407,40.302325496258035],[-111.89439503513306,40.302324837082622],[-111.8943966076268,40.302324177006547],[-111.89439817776791,40.302323516938422],[-111.89439974906976,40.302322854164395],[-111.89440131919525,40.30232219139436],[-111.89440288813923,40.302321527727635],[-111.89440445589642,40.302320862263599],[-111.89440602364844,40.302320195898922],[-111.89440759022412,40.302319529538195],[-111.89440915678937,40.302318861376243],[-111.8944107209968,40.302318192321515],[-111.89441228637531,40.302317522362245],[-111.89441385057225,40.302316851506227],[-111.89441541358774,40.302316179753547],[-111.89441697659274,40.302315506199619],[-111.89441853842145,40.302314832649621],[-111.89442009906342,40.302314157302348],[-111.89442165852903,40.302313481959004],[-111.89442321798427,40.30231280481437],[-111.89442477743425,40.302312126769159],[-111.89442633570269,40.302311447827194],[-111.89442789278966,40.302310767988608],[-111.89442944987135,40.302310087249353],[-111.89443100577155,40.302309405613428],[-111.894432560485,40.302308722180193],[-111.89443411519321,40.302308037846323],[-111.89443566872511,40.302307353516419],[-111.89443722107028,40.302306667389189],[-111.89443722445392,40.302306642159763],[-111.89443724457068,40.302306662806643],[-111.89446787698003,40.302293889133672],[-111.89449236204953,40.302283603972576],[-111.89451702145183,40.302273564993691],[-111.89454184930027,40.302263771316177],[-111.89456684091054,40.30225422655829],[-111.89459199276433,40.3022449325331],[-111.89461730015653,40.302235889256416],[-111.89464276074509,40.302227098537287],[-111.89466836748799,40.302218563101448],[-111.89469411685654,40.30221028296063],[-111.89472000533745,40.30220226082848],[-111.89474602823104,40.302194497621613],[-111.89477218083225,40.302186993355733],[-111.89479845845688,40.302179751649163],[-111.89482485757098,40.302172771613108],[-111.89485137230886,40.302166055969288],[-111.89487799914193,40.302159604729496],[-111.89490473455174,40.302153419706883],[-111.8949315714809,40.302147500925223],[-111.89495850759251,40.302141851094291],[-111.89498553700528,40.302136470233869],[-111.89501265619066,40.302131358355894],[-111.89503985928293,40.302126518182021],[-111.89506714274829,40.302121948823412],[-111.89509450189729,40.302117652997957],[-111.89512193201463,40.302113628920225],[-111.89514942723473,40.302109879311871],[-111.89517698402889,40.302106404184897],[-111.89520459769219,40.302103203555035],[-111.895232263525,40.302100278338926],[-111.89525997800374,40.302097629448987],[-111.89528773407093,40.302095256909169],[-111.89531552702688,40.302093161635931],[-111.89534335451928,40.302091343637194],[-111.89537121066175,40.302089802032235],[-111.89539909076487,40.302088539538829],[-111.89542698893706,40.302087554375689],[-111.89545490283126,40.302086847451278],[-111.89548282538993,40.30208641878955],[-111.8955107530897,40.302086269303032],[-111.89553868121519,40.302086397206395],[-111.89556660389036,40.302086803420245],[-111.89559451876826,40.302087488853147],[-111.8956224187808,40.302088451727684],[-111.89565030040465,40.302089692956521],[-111.89567815775335,40.302091211658968],[-111.89570598729838,40.30209300784702],[-111.89590810701424,40.302106932377114],[-111.89613415065875,40.302151480156063],[-111.89686990754866,40.301936609552193],[-111.89693084559909,40.301877427510902]]]},"properties":{"GlobalID":"{DE0682A8-0A8E-4CE6-ADAA-71F7205196F9}","OBJECTID":142,"PARKID":266,"TYPE":"Open Space","NAME":null,"COMMONNAME":" ","ADDRESS":" ","USE_":"NativeOpen","STATUS":"Unlandscaped","RESERVABLE":" ","PATH":null,"BATHROOM":" ","DRINKINGFNTN":null,"PAVILION":null,"TABLES":null,"BBQGRILLS":null,"FIREPIT":null,"BENCHES":null,"PLAYGRNDTOT":null,"PLAYGRNDSCHL":null,"SWINGSET":null,"BBALLCOURT":null,"TENNISCOURT":null,"VBALLCOURT":null,"HORSESHOES":null,"ADDAMENITIES":" ","OWNEDBY":"City","MAINTBY":"City","AREA_SQFT":302911.06585551001,"AREA_ACRES":6.9538812200000004,"LASTUPDATE":null,"LASTEDITOR":null,"NOTES":null,"FACILITYID":"168","PARKINGTYPE":null,"PARKINGNUMSTALLS":null,"BOATING":null,"HASPAVILION":null,"HASTABLES":null,"HASBBQGRILLS":null,"HASFIREPIT":null,"HASBENCHES":null,"BASEBALL":null,"FISHING":null,"URL":null,"PICURL":null,"created_user":null,"created_date":null,"last_edited_user":"BGIBSON","last_edited_date":1767747226000,"YEARBUILT":2007,"PHRAGMITES":null,"HASPICKLE":null,"TRAILHEAD":null,"Shape.STArea()":302911.06585550716,"Shape.STLength()":4103.6677806093057}},{"type":"Feature","id":143,"geometry":{"type":"Polygon","coordinates":[[[-111.94023630662572,40.382749166095202],[-111.94024503548357,40.37956547428292],[-111.9402188882291,40.379632171008964],[-111.94021206493703,40.379649576897286],[-111.94008322345668,40.379978233145735],[-111.93997887273461,40.380244411001527],[-111.93987582126657,40.380507276767247],[-111.93982966863463,40.380625003100974],[-111.93976820956121,40.380781772179517],[-111.93968464692176,40.380994921274691],[-111.93963920445401,40.38104898800016],[-111.93930212866366,40.380919675196047],[-111.93930056868538,40.380922131646983],[-111.9392997852066,40.380923366640211],[-111.93929900172773,40.380924601633438],[-111.93929821588776,40.380925835734935],[-111.93929743122546,40.380927069831962],[-111.93929664420772,40.3809283039378],[-111.93929585718422,40.380929537143089],[-111.939295068983,40.380930770352776],[-111.93929427959831,40.380932002666306],[-111.93929349021937,40.380933235880406],[-111.93929269965699,40.380934468198298],[-111.93929190909456,40.380935700516247],[-111.93929111734862,40.38093693193796],[-111.939290324425,40.380938163364128],[-111.93928953150136,40.380939394790225],[-111.93928873739424,40.380940625320186],[-111.93928794210946,40.380941855854594],[-111.93928714564116,40.380943085492767],[-111.9392863503563,40.380944316027147],[-111.93928555153259,40.380945545674159],[-111.93928475388654,40.380946775316758],[-111.93928395505705,40.380948004063157],[-111.93928315622746,40.38094923280957],[-111.93928235504255,40.380950461564801],[-111.93928155385188,40.380951689419462],[-111.93928075148342,40.380952917278549],[-111.93927994910919,40.380954144236988],[-111.93927914556303,40.380955372100459],[-111.93927834553254,40.380956597248876],[-111.93960993284735,40.381083809785494],[-111.93940500060411,40.381327633328674],[-111.93920852297674,40.381561392716002],[-111.93901448442588,40.381792247997332],[-111.93882044576029,40.382023105636044],[-111.93862640924857,40.382253952114269],[-111.93833360267487,40.382110025467568],[-111.93830449939831,40.382144640936986],[-111.93859730141752,40.382288578479688],[-111.9384152554251,40.382505165113372],[-111.93838038751014,40.382546647825613],[-111.93837813743403,40.38274096437042],[-111.93837496151639,40.383015378402909],[-111.93837178553287,40.383289786105486],[-111.93932060765458,40.383292167565628],[-111.93933458061336,40.38274544709428],[-111.94023630662572,40.382749166095202]]]},"properties":{"GlobalID":"{748F4313-7A8B-4E33-8108-DD9C17C7B172}","OBJECTID":143,"PARKID":99,"TYPE":"Public Park","NAME":"Sunrise Bike Park","COMMONNAME":"Bike Park","ADDRESS":"943 W 1200 N","USE_":null,"STATUS":"Constructed","RESERVABLE":null,"PATH":null,"BATHROOM":null,"DRINKINGFNTN":null,"PAVILION":null,"TABLES":null,"BBQGRILLS":null,"FIREPIT":null,"BENCHES":null,"PLAYGRNDTOT":null,"PLAYGRNDSCHL":null,"SWINGSET":null,"BBALLCOURT":null,"TENNISCOURT":null,"VBALLCOURT":null,"HORSESHOES":null,"ADDAMENITIES":null,"OWNEDBY":"City","MAINTBY":"City","AREA_SQFT":323751.86904769001,"AREA_ACRES":7.4323202300000002,"LASTUPDATE":null,"LASTEDITOR":null,"NOTES":null,"FACILITYID":"133","PARKINGTYPE":null,"PARKINGNUMSTALLS":null,"BOATING":null,"HASPAVILION":null,"HASTABLES":null,"HASBBQGRILLS":null,"HASFIREPIT":null,"HASBENCHES":null,"BASEBALL":null,"FISHING":null,"URL":null,"PICURL":null,"created_user":null,"created_date":null,"last_edited_user":"BGIBSON","last_edited_date":1767747226000,"YEARBUILT":2005,"PHRAGMITES":null,"HASPICKLE":null,"TRAILHEAD":null,"Shape.STArea()":323751.86904769414,"Shape.STLength()":3763.1050392673105}},{"type":"Feature","id":144,"geometry":{"type":"Polygon","coordinates":[[[-111.91511203395008,40.387435039571535],[-111.91511200466259,40.387430214161242],[-111.91430747383335,40.387439822062447],[-111.91438453073977,40.387451130160137],[-111.91446980260501,40.387464339124698],[-111.91457715146535,40.387476022489203],[-111.914587885712,40.387476949006441],[-111.91466302759817,40.387479025676605],[-111.91473806100757,40.387474486613939],[-111.91480996352593,40.387468441576829],[-111.91506346808323,40.387439071963698],[-111.91511203395008,40.387435039571535]]]},"properties":{"GlobalID":"{99FD2695-04E4-40CC-831D-2086AA4C6C0F}","OBJECTID":144,"PARKID":267,"TYPE":"Island","NAME":null,"COMMONNAME":"Crossroad Islands","ADDRESS":null,"USE_":"Landscape","STATUS":"Constructed","RESERVABLE":null,"PATH":null,"BATHROOM":null,"DRINKINGFNTN":null,"PAVILION":null,"TABLES":null,"BBQGRILLS":null,"FIREPIT":null,"BENCHES":null,"PLAYGRNDTOT":null,"PLAYGRNDSCHL":null,"SWINGSET":null,"BBALLCOURT":null,"TENNISCOURT":null,"VBALLCOURT":null,"HORSESHOES":null,"ADDAMENITIES":null,"OWNEDBY":"City","MAINTBY":"City","AREA_SQFT":2109.9746710200002,"AREA_ACRES":0.048438349999999998,"LASTUPDATE":null,"LASTEDITOR":null,"NOTES":null,"FACILITYID":"5333","PARKINGTYPE":null,"PARKINGNUMSTALLS":null,"BOATING":null,"HASPAVILION":null,"HASTABLES":null,"HASBBQGRILLS":null,"HASFIREPIT":null,"HASBENCHES":null,"BASEBALL":null,"FISHING":null,"URL":null,"PICURL":null,"created_user":null,"created_date":null,"last_edited_user":"BGIBSON","last_edited_date":1767747273000,"YEARBUILT":null,"PHRAGMITES":null,"HASPICKLE":null,"TRAILHEAD":null,"Shape.STArea()":2109.9746710161753,"Shape.STLength()":452.28982713255306}},{"type":"Feature","id":146,"geometry":{"type":"Polygon","coordinates":[[[-111.86267360364779,40.364814290429088],[-111.8626738637215,40.364812932383366],[-111.8626740660696,40.364811568212311],[-111.86267420952889,40.364810200621406],[-111.86267429174465,40.364808829617985],[-111.86267431389901,40.364807456098944],[-111.86267409745139,40.364766401863449],[-111.86244089317172,40.364766131540819],[-111.86225791758667,40.364765920404231],[-111.86207494199321,40.364765707180098],[-111.86190272919127,40.364765507192068],[-111.86172334238213,40.364765299422416],[-111.86152960282921,40.364765072710227],[-111.86134662724983,40.364764860147638],[-111.8611672392572,40.364764649727299],[-111.86096862755886,40.364764418220929],[-111.86096829905689,40.36476441743379],[-111.86096716988239,40.36484653522939],[-111.86096716922293,40.364846633399367],[-111.86096749418836,40.364846633296793],[-111.86097189439809,40.36494486598113],[-111.86157649666217,40.364942614348294],[-111.86210240336951,40.364942904401424],[-111.86223325575692,40.364943650118761],[-111.86230745326755,40.36493949623258],[-111.86238057283273,40.364929004352675],[-111.86262346583263,40.364880700264877],[-111.86265400766744,40.364873318605135],[-111.8626735208514,40.364865972044477],[-111.86267347465856,40.364814833904923],[-111.86267360364779,40.364814290429088]]]},"properties":{"GlobalID":"{D78B62C0-37F2-42E7-A929-24C0D96CF719}","OBJECTID":146,"PARKID":38,"TYPE":"Frontage","NAME":null,"COMMONNAME":" ","ADDRESS":" ","USE_":"Frontage","STATUS":"Constructed","RESERVABLE":" ","PATH":null,"BATHROOM":" ","DRINKINGFNTN":null,"PAVILION":null,"TABLES":null,"BBQGRILLS":null,"FIREPIT":null,"BENCHES":null,"PLAYGRNDTOT":null,"PLAYGRNDSCHL":null,"SWINGSET":null,"BBALLCOURT":null,"TENNISCOURT":null,"VBALLCOURT":null,"HORSESHOES":null,"ADDAMENITIES":" ","OWNEDBY":"City","MAINTBY":"City","AREA_SQFT":29404.468676370001,"AREA_ACRES":0.67503371999999995,"LASTUPDATE":null,"LASTEDITOR":null,"NOTES":null,"FACILITYID":"693","PARKINGTYPE":null,"PARKINGNUMSTALLS":null,"BOATING":null,"HASPAVILION":null,"HASTABLES":null,"HASBBQGRILLS":null,"HASFIREPIT":null,"HASBENCHES":null,"BASEBALL":null,"FISHING":null,"URL":null,"PICURL":null,"created_user":null,"created_date":null,"last_edited_user":"BGIBSON","last_edited_date":1767747226000,"YEARBUILT":2000,"PHRAGMITES":null,"HASPICKLE":null,"TRAILHEAD":null,"Shape.STArea()":29404.468676365152,"Shape.STLength()":1055.315272435829}},{"type":"Feature","id":147,"geometry":{"type":"Polygon","coordinates":[[[-111.91260699626052,40.324310307933615],[-111.91306038623142,40.324432828492178],[-111.91306037456228,40.324432844744848],[-111.91288509352553,40.324679028314826],[-111.91288507485042,40.324679053598636],[-111.91288513965586,40.324679067779876],[-111.91288728755541,40.32467952041673],[-111.91288901021554,40.324679899803122],[-111.91289072825583,40.324680293615991],[-111.91289244284205,40.32468070005001],[-111.91289415044409,40.324681119117521],[-111.91289585223875,40.324681550814482],[-111.91289754823688,40.32468199694209],[-111.91289923842206,40.324682454798534],[-111.91290092280532,40.324682926184963],[-111.91290260019896,40.324683409304384],[-111.91290427179609,40.324683906854403],[-111.91290593758032,40.324684416133259],[-111.91290759638589,40.324684938946326],[-111.91290924820731,40.32468547439295],[-111.91291089186248,40.324686021576674],[-111.91291252853352,40.324686581393969],[-111.91291415940259,40.324687154741305],[-111.91291578092871,40.324687739829919],[-111.91291739547064,40.324688337552097],[-111.9129190006751,40.324688947916158],[-111.91292060006674,40.324689570009063],[-111.91292219012084,40.32469020474386],[-111.91292377200323,40.324690850315108],[-111.91292534573024,40.32469150942476],[-111.91292691011429,40.324692180275669],[-111.91292846633215,40.324692862863706],[-111.91293001202489,40.324693556296523],[-111.91293155073896,40.324694263263581],[-111.91293307893335,40.324694981976066],[-111.91293459777397,40.324695710628539],[-111.91293610610576,40.324696452827745],[-111.91293760626046,40.324697204962803],[-111.91293909589551,40.324697968843303],[-111.91294057619305,40.324698745365701],[-111.91294204478338,40.324699531836465],[-111.91294350403081,40.324700330048501],[-111.91294495157638,40.324701139109514],[-111.91294638977359,40.324701959011186],[-111.91294781745121,40.3247027906583],[-111.91294923342154,40.324703632253765],[-111.91294924974868,40.324703607878895],[-111.91312886774337,40.324451334984282],[-111.9131289349183,40.324451351858862],[-111.91330058792387,40.324497739261751],[-111.91330065625931,40.324497753430279],[-111.91368458784275,40.324575479028653],[-111.91368459491922,40.324575481705516],[-111.91374708593375,40.32458812878054],[-111.91374709418695,40.324588131453176],[-111.91410011990976,40.324550464674964],[-111.91410014577529,40.324550460980767],[-111.91410015518345,40.324550460046808],[-111.91411888946186,40.32454846089292],[-111.91416965347,40.324543045587205],[-111.9141696781589,40.324543041897158],[-111.91453330344966,40.324546591736812],[-111.91453333051369,40.324546591640818],[-111.91458056694213,40.324559096942451],[-111.91507929549196,40.324691129775672],[-111.91547442131422,40.324877892227661],[-111.9158065290784,40.325035536618834],[-111.91580683160537,40.32503419809612],[-111.9158069061001,40.325033869999118],[-111.91580713875713,40.325032846047407],[-111.9158072156107,40.325032518842583],[-111.91580745532794,40.325031494865712],[-111.91580753335825,40.325031167656746],[-111.91580777661653,40.325030145468546],[-111.91580785581806,40.325029817354789],[-111.91580810142979,40.325028795158246],[-111.91580818299016,40.325028467936697],[-111.91580843330871,40.3250274457234],[-111.91580851369238,40.325027118506092],[-111.91580876872864,40.325026098077245],[-111.91580885146575,40.325025770851518],[-111.91580910885543,40.32502475041435],[-111.91580919276923,40.325024423184452],[-111.91580945368902,40.325023402734686],[-111.91580953996166,40.325023076397009],[-111.91580980441702,40.325022056835323],[-111.91580989068973,40.325021730497689],[-111.91581015985737,40.325020711819874],[-111.91581024730674,40.325020385477977],[-111.9158105200045,40.325019366787615],[-111.91581060981272,40.325019041337988],[-111.91581088486937,40.325018023539869],[-111.91581097584887,40.325017697185451],[-111.9158112556232,40.325016681171817],[-111.91581134659722,40.32501635391678],[-111.91581162990173,40.325015337890548],[-111.91581172324007,40.325015012428395],[-111.91581201124588,40.325013995484781],[-111.91581210576643,40.325013670919084],[-111.91581239614204,40.325012656668925],[-111.9158124918338,40.325012331198415],[-111.9158128790779,40.325010991473583],[-111.91581318003838,40.325009976285159],[-111.91581327692325,40.325009653512289],[-111.91581357907138,40.325008640120942],[-111.91581367712199,40.325008315542647],[-111.9158139839824,40.325007303035107],[-111.91581408438644,40.325006978448457],[-111.91581439360021,40.325005965932561],[-111.91581449518644,40.32500564224236],[-111.91581480793035,40.325004629713902],[-111.91581491069874,40.325004306920114],[-111.9158152281549,40.325003295275515],[-111.91581533092331,40.325002972481705],[-111.91581575350672,40.325001638935596],[-111.9158161831613,40.325000307165567],[-111.91581661869938,40.324998975374619],[-111.91581705894974,40.324997644467508],[-111.91581750391788,40.32499631534494],[-111.91581795359275,40.324994986205567],[-111.91581840797994,40.324993657950067],[-111.91581886709035,40.324992332379708],[-111.91581933207881,40.32499100588776],[-111.91581980178502,40.324989681180305],[-111.91582027620342,40.324988357356709],[-111.91582075533965,40.324987035317598],[-111.91582123918263,40.324985713261754],[-111.91582172656119,40.324984392093981],[-111.91582222101638,40.32498307360288],[-111.9158227189962,40.324981754198667],[-111.91582322169921,40.324980437479482],[-111.91582373146244,40.324979120735222],[-111.91582372674469,40.32497911895075],[-111.91548589659394,40.324818728193677],[-111.91548588597084,40.324818722827608],[-111.915508389626,40.324702578586027],[-111.91552783083061,40.324602242404232],[-111.91552783648994,40.324602205457914],[-111.91574561990615,40.324515411904684],[-111.91623355984301,40.324320947594536],[-111.91659858780447,40.324273235230883],[-111.91695227132135,40.324227005022387],[-111.91730627182559,40.324180732981077],[-111.91752223967062,40.324063093035278],[-111.91783364448818,40.323893468925611],[-111.91783363252894,40.323893437446074],[-111.91771031216027,40.323571985882985],[-111.91771029304221,40.323571938217533],[-111.91756667988801,40.323767416118876],[-111.91721982327461,40.323955042856312],[-111.91670453618836,40.323914277645109],[-111.91623875634713,40.324006473292506],[-111.91566325802788,40.324298815178167],[-111.91566298687343,40.324298925119805],[-111.91534416159932,40.324427832139634],[-111.91510011311605,40.324464296960812],[-111.91464408129976,40.324343568833434],[-111.9141578305187,40.324322600655449],[-111.9137646422278,40.324364553655194],[-111.91338514985395,40.324287725861602],[-111.91338461238999,40.324287580058275],[-111.91293216571269,40.324165315903052],[-111.91293218177891,40.324165248298485],[-111.91260699626052,40.324310307933615]]]},"properties":{"GlobalID":"{37FBEE1E-3871-43DC-9468-620936488AEC}","OBJECTID":147,"PARKID":269,"TYPE":"Open Space","NAME":null,"COMMONNAME":null,"ADDRESS":null,"USE_":"OpenSpace","STATUS":"Unlandscaped","RESERVABLE":null,"PATH":null,"BATHROOM":null,"DRINKINGFNTN":null,"PAVILION":null,"TABLES":null,"BBQGRILLS":null,"FIREPIT":null,"BENCHES":null,"PLAYGRNDTOT":null,"PLAYGRNDSCHL":null,"SWINGSET":null,"BBALLCOURT":null,"TENNISCOURT":null,"VBALLCOURT":null,"HORSESHOES":null,"ADDAMENITIES":null,"OWNEDBY":"City","MAINTBY":"City","AREA_SQFT":140818.01314818999,"AREA_ACRES":3.2327367599999999,"LASTUPDATE":null,"LASTEDITOR":null,"NOTES":null,"FACILITYID":"91","PARKINGTYPE":null,"PARKINGNUMSTALLS":null,"BOATING":null,"HASPAVILION":null,"HASTABLES":null,"HASBBQGRILLS":null,"HASFIREPIT":null,"HASBENCHES":null,"BASEBALL":null,"FISHING":null,"URL":null,"PICURL":null,"created_user":null,"created_date":null,"last_edited_user":"BGIBSON","last_edited_date":1767747226000,"YEARBUILT":2006,"PHRAGMITES":null,"HASPICKLE":null,"TRAILHEAD":null,"Shape.STArea()":140818.01314819162,"Shape.STLength()":3770.5406718734721}},{"type":"Feature","id":148,"geometry":{"type":"Polygon","coordinates":[[[-111.91603443330254,40.372928664628255],[-111.91602892155176,40.372944411816079],[-111.91607472126515,40.372970301804301],[-111.91611731297589,40.373001186289294],[-111.91615615447847,40.373036672102131],[-111.91619075130873,40.373076307497584],[-111.91622066303843,40.373119587904959],[-111.91623124742289,40.373118120044801],[-111.91623008755161,40.372927492001004],[-111.91603443330254,40.372928664628255]]]},"properties":{"GlobalID":"{1AAAC865-CBD1-41B6-9C96-8395125C89CC}","OBJECTID":148,"PARKID":270,"TYPE":"Island","NAME":null,"COMMONNAME":"Pioneer Xing","ADDRESS":null,"USE_":"Landscape","STATUS":"Constructed","RESERVABLE":null,"PATH":null,"BATHROOM":null,"DRINKINGFNTN":null,"PAVILION":null,"TABLES":null,"BBQGRILLS":null,"FIREPIT":null,"BENCHES":null,"PLAYGRNDTOT":null,"PLAYGRNDSCHL":null,"SWINGSET":null,"BBALLCOURT":null,"TENNISCOURT":null,"VBALLCOURT":null,"HORSESHOES":null,"ADDAMENITIES":null,"OWNEDBY":"UDOT","MAINTBY":"City","AREA_SQFT":1899.70580219,"AREA_ACRES":0.043611240000000003,"LASTUPDATE":null,"LASTEDITOR":null,"NOTES":null,"FACILITYID":"5330","PARKINGTYPE":null,"PARKINGNUMSTALLS":null,"BOATING":null,"HASPAVILION":null,"HASTABLES":null,"HASBBQGRILLS":null,"HASFIREPIT":null,"HASBENCHES":null,"BASEBALL":null,"FISHING":null,"URL":null,"PICURL":null,"created_user":null,"created_date":null,"last_edited_user":"BGIBSON","last_edited_date":1767747273000,"YEARBUILT":null,"PHRAGMITES":null,"HASPICKLE":null,"TRAILHEAD":null,"Shape.STArea()":1899.7058021901707,"Shape.STLength()":217.16135877054984}},{"type":"Feature","id":149,"geometry":{"type":"Polygon","coordinates":[[[-111.90043380857398,40.316284983651471],[-111.90059417306519,40.316467001622158],[-111.90075455032226,40.316649044539247],[-111.90091491058851,40.316831053963156],[-111.90093548107107,40.316820434198881],[-111.90092296438537,40.316801926685272],[-111.90080392822924,40.316540128420819],[-111.90070687712783,40.316270647827118],[-111.9007053080432,40.316006565998208],[-111.90070387059139,40.315760953104714],[-111.9007009833429,40.31526761260092],[-111.8992651515196,40.315272506068347],[-111.89926595221095,40.315411829530824],[-111.8994835830118,40.315526438658267],[-111.89970232385478,40.315668827401211],[-111.8997562521493,40.315703931760424],[-111.90000355396609,40.3159014530166],[-111.90022313217585,40.316119473583221],[-111.89989315863585,40.316284836671585],[-111.90006225470277,40.316476792856768],[-111.90043380857398,40.316284983651471]]]},"properties":{"GlobalID":"{8A49B34C-8A91-4C90-A933-1060551D90EF}","OBJECTID":149,"PARKID":8,"TYPE":"Public Park","NAME":"Honeysuckle Park","COMMONNAME":"Summer Hill Park","ADDRESS":"186 W SUMMERHILL DR","USE_":"OpenSpace","STATUS":"Constructed","RESERVABLE":"No","PATH":"Yes","BATHROOM":"No","DRINKINGFNTN":"No","PAVILION":0,"TABLES":0,"BBQGRILLS":0,"FIREPIT":0,"BENCHES":0,"PLAYGRNDTOT":"No","PLAYGRNDSCHL":"No","SWINGSET":"No","BBALLCOURT":"No","TENNISCOURT":"No","VBALLCOURT":"No","HORSESHOES":"No","ADDAMENITIES":" ","OWNEDBY":"City","MAINTBY":"City","AREA_SQFT":109424.42870362,"AREA_ACRES":2.5120392300000001,"LASTUPDATE":null,"LASTEDITOR":null,"NOTES":null,"FACILITYID":"64","PARKINGTYPE":"None","PARKINGNUMSTALLS":null,"BOATING":null,"HASPAVILION":null,"HASTABLES":null,"HASBBQGRILLS":null,"HASFIREPIT":null,"HASBENCHES":null,"BASEBALL":null,"FISHING":null,"URL":null,"PICURL":null,"created_user":null,"created_date":null,"last_edited_user":"BGIBSON","last_edited_date":1775599624000,"YEARBUILT":2006,"PHRAGMITES":null,"HASPICKLE":null,"TRAILHEAD":null,"Shape.STArea()":109424.4286996927,"Shape.STLength()":1966.48296098574}},{"type":"Feature","id":150,"geometry":{"type":"Polygon","coordinates":[[[-111.91880098212137,40.336466871408746],[-111.91880664025683,40.336465245304495],[-111.91855514199437,40.336268270572887],[-111.91848336316799,40.336031411335846],[-111.91848538808819,40.336024389946886],[-111.91849561208048,40.335983596041174],[-111.91851329442663,40.335914545049398],[-111.91851138617841,40.335914661759496],[-111.91851156727759,40.335914060388021],[-111.9183455008468,40.335924699666059],[-111.91829992786148,40.336102394879283],[-111.9183011579819,40.336490095438442],[-111.91880098212137,40.336466871408746]]]},"properties":{"GlobalID":"{91C31611-2245-4C61-927B-3BDCE4E40776}","OBJECTID":150,"PARKID":271,"TYPE":"Open Space","NAME":null,"COMMONNAME":" ","ADDRESS":" ","USE_":"Detention","STATUS":"Constructed","RESERVABLE":" ","PATH":null,"BATHROOM":" ","DRINKINGFNTN":null,"PAVILION":null,"TABLES":null,"BBQGRILLS":null,"FIREPIT":null,"BENCHES":null,"PLAYGRNDTOT":null,"PLAYGRNDSCHL":null,"SWINGSET":null,"BBALLCOURT":null,"TENNISCOURT":null,"VBALLCOURT":null,"HORSESHOES":null,"ADDAMENITIES":" ","OWNEDBY":"City","MAINTBY":"City","AREA_SQFT":15362.492563260001,"AREA_ACRES":0.3526743,"LASTUPDATE":null,"LASTEDITOR":null,"NOTES":null,"FACILITYID":"66","PARKINGTYPE":null,"PARKINGNUMSTALLS":null,"BOATING":null,"HASPAVILION":null,"HASTABLES":null,"HASBBQGRILLS":null,"HASFIREPIT":null,"HASBENCHES":null,"BASEBALL":null,"FISHING":null,"URL":null,"PICURL":null,"created_user":null,"created_date":null,"last_edited_user":"BGIBSON","last_edited_date":1767747226000,"YEARBUILT":2006,"PHRAGMITES":null,"HASPICKLE":null,"TRAILHEAD":null,"Shape.STArea()":15362.492563255499,"Shape.STLength()":627.96666437127863}},{"type":"Feature","id":151,"geometry":{"type":"Polygon","coordinates":[[[-111.94054146148879,40.376566715779418],[-111.94077889351844,40.376565502352541],[-111.94113593418344,40.376246217273767],[-111.94108011474574,40.376228041040996],[-111.94102555881014,40.376206365364482],[-111.94097248551545,40.376181277310522],[-111.94054146148879,40.376566715779418]]]},"properties":{"GlobalID":"{F96508B8-DD3C-45DC-9182-DEB6EC34D1A6}","OBJECTID":151,"PARKID":272,"TYPE":"Trail","NAME":null,"COMMONNAME":null,"ADDRESS":null,"USE_":"Trail","STATUS":"Constructed","RESERVABLE":null,"PATH":null,"BATHROOM":null,"DRINKINGFNTN":null,"PAVILION":null,"TABLES":null,"BBQGRILLS":null,"FIREPIT":null,"BENCHES":null,"PLAYGRNDTOT":null,"PLAYGRNDSCHL":null,"SWINGSET":null,"BBALLCOURT":null,"TENNISCOURT":null,"VBALLCOURT":null,"HORSESHOES":null,"ADDAMENITIES":null,"OWNEDBY":"City","MAINTBY":"City","AREA_SQFT":8398.1031283100001,"AREA_ACRES":0.19279392000000001,"LASTUPDATE":null,"LASTEDITOR":null,"NOTES":null,"FACILITYID":"6119","PARKINGTYPE":null,"PARKINGNUMSTALLS":null,"BOATING":null,"HASPAVILION":null,"HASTABLES":null,"HASBBQGRILLS":null,"HASFIREPIT":null,"HASBENCHES":null,"BASEBALL":null,"FISHING":null,"URL":null,"PICURL":null,"created_user":null,"created_date":null,"last_edited_user":"BGIBSON","last_edited_date":1767747226000,"YEARBUILT":2015,"PHRAGMITES":null,"HASPICKLE":null,"TRAILHEAD":null,"Shape.STArea()":8398.1031283087577,"Shape.STLength()":455.36890044713255}},{"type":"Feature","id":152,"geometry":{"type":"Polygon","coordinates":[[[-111.89417009761024,40.309343715091551],[-111.89413880286297,40.309345806579678],[-111.89413538564924,40.309346081094468],[-111.89410414506824,40.309348590287911],[-111.89410073399557,40.309348909813068],[-111.89406955463886,40.309351836688052],[-111.8940350445047,40.309355543935197],[-111.89400062407641,40.30935971199775],[-111.89396630275976,40.309364339943357],[-111.89393209230289,40.309369425030617],[-111.89389800446945,40.309374967219902],[-111.89386404747322,40.309380962881107],[-111.89383023190149,40.309387411978683],[-111.89379656832593,40.309394311775129],[-111.89376306732362,40.309401660433643],[-111.89372973946638,40.309409455216844],[-111.89369659415465,40.309417694291973],[-111.89366364078396,40.309426374925479],[-111.8936308911077,40.309435495276702],[-111.89359835451101,40.309445050811057],[-111.89356604039449,40.309455039695635],[-111.89353395933,40.309465459193135],[-111.89349896705832,40.309477406966941],[-111.89204204480185,40.309987741534137],[-111.89204205900691,40.309987756797341],[-111.89135911995298,40.310226968855815],[-111.89135912706834,40.310226978739024],[-111.89136041793094,40.310228878368981],[-111.89136124489353,40.31023009596673],[-111.8913620730326,40.310231313560536],[-111.89136289881881,40.310232531162271],[-111.89136372578665,40.310233749660597],[-111.89136455157286,40.310234967262254],[-111.89136537736947,40.3102361866652],[-111.89136620315581,40.310237404266836],[-111.89136702894727,40.310238622769155],[-111.89136785473882,40.310239841271425],[-111.89136867935389,40.31024105977761],[-111.89136950279257,40.310242278287809],[-111.8913703274129,40.310243497694579],[-111.89137115202807,40.310244716200785],[-111.89137197664841,40.310245935607604],[-111.89137280009241,40.310247155018338],[-111.89137362235989,40.310248374432987],[-111.89137444580388,40.310249593843722],[-111.89137526807147,40.310250813258378],[-111.89137609151551,40.310252032669105],[-111.89137691378832,40.310253252984367],[-111.89137773487951,40.310254472402953],[-111.89137855714723,40.310255691817616],[-111.8913793794201,40.310256912132857],[-111.89138019934009,40.310258132455971],[-111.8913810204366,40.310259352775155],[-111.89138184153308,40.310260573094347],[-111.89138266145314,40.310261793417439],[-111.8913834813784,40.31026301464118],[-111.89138430129854,40.310264234964279],[-111.89138512121875,40.310265455287379],[-111.89138593996759,40.310266676514999],[-111.89138675871652,40.310267897742669],[-111.89138757746548,40.310269118970311],[-111.89138839621445,40.31027034019796],[-111.89138921378705,40.310271561429502],[-111.89139003253602,40.310272782657094],[-111.89139085011382,40.310274004789306],[-111.89139166650997,40.3102752260248],[-111.89139248408783,40.310276448156934],[-111.89139330048407,40.310277669392434],[-111.89139411806197,40.310278891524568],[-111.89139493328697,40.310280113664604],[-111.89139574968843,40.310281335800696],[-111.89139656491351,40.310282557940717],[-111.89139738132017,40.3102837809774],[-111.8913981965453,40.310285003117379],[-111.891399010594,40.310286225261329],[-111.89139982582434,40.31028744830197],[-111.89140063987819,40.310288671346484],[-111.891401453927,40.310289893490413],[-111.89140226798096,40.31029111653497],[-111.89140308203493,40.310292339579497],[-111.89140389491766,40.310293563528546],[-111.89140470779523,40.310294786577018],[-111.89140552067798,40.31029601052613],[-111.89140633355565,40.310297233574566],[-111.89140714526202,40.310298457527544],[-111.89140795814485,40.310299681476607],[-111.89140876985128,40.310300905429649],[-111.89140958037616,40.310302128485944],[-111.89141039208263,40.310303352438893],[-111.89141120261785,40.310304577296463],[-111.89141201314796,40.310305801253357],[-111.89141282368318,40.31030702611087],[-111.89141363421851,40.31030825096839],[-111.89141444357224,40.31030947492922],[-111.89141525293114,40.310310699790698],[-111.8914160611136,40.310311924656077],[-111.89141687164903,40.310313149513561],[-111.89141767983155,40.310314374378947],[-111.89141848801411,40.310315599244319],[-111.89141929737319,40.310316824105698],[-111.89142010438448,40.310318049875633],[-111.89142091257229,40.310319275641611],[-111.89142171958368,40.310320501411546],[-111.89142252658991,40.310321726280812],[-111.89142333360645,40.310322952951346],[-111.89142413944147,40.310324178725153],[-111.89142494645297,40.310325404495039],[-111.891425752288,40.310326630268882],[-111.89142655812314,40.310327856042669],[-111.89142736278693,40.310329082721047],[-111.89142816862207,40.310330308494855],[-111.89142897329111,40.310331536073804],[-111.89142977794984,40.310332761851541],[-111.89143058144246,40.310333989434461],[-111.8914313861013,40.310335215212184],[-111.89143219077044,40.310336442791105],[-111.89143299425801,40.310337669473377],[-111.89143379775074,40.31033889705629],[-111.89143460006186,40.310340123742471],[-111.89143540355465,40.31034135132537],[-111.89143620468944,40.310342578015479],[-111.89143700701098,40.310343806502907],[-111.89143780932743,40.310345034089721],[-111.89143861164389,40.310346261676521],[-111.89143941278388,40.310347489267222],[-111.89144021392391,40.31034871685798],[-111.8914410150692,40.310349945349301],[-111.89144181503286,40.310351172943946],[-111.89144261500169,40.310352401439218],[-111.89144341497057,40.310353629934482],[-111.89144421493945,40.31035485842974],[-111.89144501373194,40.310356086928898],[-111.89144581370603,40.310357316324819],[-111.891446613675,40.310358544820033],[-111.89144741129108,40.310359773323121],[-111.89144821008883,40.310361002722928],[-111.89144900770501,40.310362231226023],[-111.89144980532632,40.310363460629759],[-111.89145060294771,40.31036469003346],[-111.89145140056392,40.310365918536547],[-111.89145219701402,40.31036714884484],[-111.89145299463551,40.310368378248548],[-111.89145379108052,40.310369607656177],[-111.89145458753072,40.310370837964399],[-111.8914553839758,40.310372067372029],[-111.8914561792496,40.310373297684229],[-111.89145697452344,40.310374527996387],[-111.8914577697973,40.310375758308567],[-111.89145856506606,40.310376987720083],[-111.89145935799219,40.310378218940734],[-111.89146015326615,40.310379449252913],[-111.89146094736877,40.310380680469635],[-111.89146174028991,40.310381910789644],[-111.8914625343926,40.31038314200633],[-111.89146332731373,40.310384372326332],[-111.89146412141655,40.310385603543061],[-111.89146491316644,40.310386834767613],[-111.89146570609282,40.310388065988199],[-111.89146649784277,40.310389297212765],[-111.89146728959275,40.310390528437331],[-111.89146808134277,40.310391759661869],[-111.89146887309796,40.310392991787033],[-111.89146966367673,40.310394223916113],[-111.8914704542555,40.310395456045221],[-111.89147124482918,40.310396687273652],[-111.89147203540806,40.310397919402725],[-111.89147282481045,40.310399151535719],[-111.89147361421288,40.31040038366875],[-111.89147440479698,40.310401616698449],[-111.89147519302301,40.310402848835388],[-111.89147598242553,40.310404080968368],[-111.89147677065684,40.310405314005898],[-111.89147755888814,40.310406547043435],[-111.89147834711429,40.310407779180352],[-111.89147913535078,40.310409013118516],[-111.89147992240569,40.310410246159961],[-111.89148070946059,40.310411479201449],[-111.89148149651558,40.310412712242886],[-111.89148228357058,40.310413945284331],[-111.8914830694543,40.310415179230368],[-111.8914838565145,40.310416413172426],[-111.89148464121668,40.310417646221708],[-111.89148542710049,40.310418880167724],[-111.89148621180787,40.31042011411764],[-111.89148699769171,40.31042134806362],[-111.89148778357564,40.310422582009608],[-111.89148856710663,40.310423815963468],[-111.89148935181927,40.31042505081399],[-111.89149013535034,40.31042628476785],[-111.89149091888657,40.310427519622252],[-111.89149170241764,40.310428753576119],[-111.89149248478267,40.31042998933512],[-111.89149326831384,40.310431223288944],[-111.89149405067886,40.310432459047945],[-111.89149483421525,40.310433693902361],[-111.89149561422231,40.310434928768629],[-111.89149639776389,40.310436164523658],[-111.89149717777099,40.31043739938989],[-111.89149796013619,40.310438635148834],[-111.89149874131979,40.310439870011152],[-111.89149952133212,40.310441105778018],[-111.89150030252092,40.310442341540913],[-111.89150108253331,40.310443577307716],[-111.89150186254572,40.31044481307454],[-111.89150264138688,40.310446049745948],[-111.89150342022286,40.310447285516695],[-111.8915042002405,40.310448522184103],[-111.89150497790017,40.310449757958843],[-111.89150575791787,40.310450994626237],[-111.89150653558268,40.310452231301547],[-111.89150731324749,40.310453467976821],[-111.89150809091241,40.31045470465213],[-111.89150886857729,40.310455941327405],[-111.89150964506575,40.310457178006637],[-111.89151042273076,40.310458414681882],[-111.89151119922442,40.31045965226172],[-111.89151197571813,40.310460889841565],[-111.89151275103542,40.310462127425318],[-111.89151352752918,40.310463365005148],[-111.89151430284647,40.310464602588866],[-111.89151507698227,40.310465839275942],[-111.89151585230482,40.310467077760322],[-111.89151662762221,40.310468315344053],[-111.89151740176322,40.310469552931728],[-111.89151817590422,40.31047079051941],[-111.89151895005044,40.310472029007663],[-111.89151972419666,40.310473267495958],[-111.89152049716644,40.310474505988175],[-111.89152127013629,40.310475744480357],[-111.89152204310615,40.31047698297256],[-111.89152281489959,40.310478221468685],[-111.89152358786949,40.310479459960874],[-111.89152435849161,40.310480699361591],[-111.89152513146156,40.310481937853766],[-111.89152590207866,40.310483176353834],[-111.89152667270095,40.310484415754502],[-111.89152744449969,40.310485655151261],[-111.89152821394553,40.310486894555815],[-111.89152898456784,40.310488133956525],[-111.89152975401896,40.310489374261699],[-111.8915305246413,40.310490613662374],[-111.89153129408726,40.310491853066949],[-111.89153206353843,40.310493093372166],[-111.89153283298445,40.310494332776727],[-111.89153360125917,40.310495573085852],[-111.89153436953394,40.310496813394991],[-111.89153513780875,40.31049805370413],[-111.89153590490199,40.310499293116571],[-111.89153667318199,40.31050053432628],[-111.89153744028037,40.310501774639363],[-111.89153820738399,40.310503015853023],[-111.891538973306,40.31050425616997],[-111.89153974040967,40.310505497383623],[-111.89154050633172,40.310506737700621],[-111.891541272259,40.310507978918196],[-111.89154203818629,40.310509220135785],[-111.89154280293712,40.310510461357289],[-111.89154356886444,40.310511702574864],[-111.89154433361539,40.310512943796383],[-111.89154509718982,40.310514185021795],[-111.89154586194596,40.310515427143969],[-111.89154662669694,40.310516668365445],[-111.89154738910021,40.310517910495427],[-111.89154815267996,40.310519152621481],[-111.89154891625969,40.310520394747542],[-111.89154967866304,40.310521636877503],[-111.8915504410664,40.310522879007472],[-111.89155120346983,40.310524121137455],[-111.89155196704969,40.31052536326348],[-111.89155272828184,40.310526606298012],[-111.89155348950884,40.310527848431896],[-111.89155425074102,40.310529091466371],[-111.89155501197322,40.310530334500903],[-111.89155577202902,40.310531577539336],[-111.89155653208485,40.310532820577762],[-111.89155729331716,40.310534063612238],[-111.89155805337303,40.310535306650699],[-111.89155881225248,40.310536549693026],[-111.89155957231357,40.310537793632072],[-111.8915603300166,40.310539036678392],[-111.89156108890124,40.310540280621353],[-111.89156184778082,40.310541523663673],[-111.89156260549423,40.310542768511169],[-111.89156336437387,40.310544011553539],[-111.89156412090573,40.310545255504387],[-111.89156487861406,40.310546499451277],[-111.8915656363276,40.310547744298752],[-111.89156639285954,40.310548988249593],[-111.89156714939666,40.310550233101011],[-111.89156790592868,40.310551477051803],[-111.89156866246587,40.31055272190325],[-111.89156941782666,40.31055396675864],[-111.89157017318745,40.310555211613973],[-111.89157092854822,40.310556456469314],[-111.89157168390908,40.310557701324662],[-111.89157243809345,40.310558946183974],[-111.89157319227792,40.31056019104323],[-111.89157394646752,40.310561436803106],[-111.89157469947556,40.310562681666333],[-111.89157545366518,40.310563927426244],[-111.89157620667841,40.310565173190049],[-111.8915769596917,40.310566418953847],[-111.891577712705,40.310567664717695],[-111.89157846454182,40.310568910485429],[-111.89157921755516,40.310570156249256],[-111.8915799682208,40.310571402921504],[-111.89158072005775,40.310572648689259],[-111.89158147189981,40.310573895357614],[-111.8915822225604,40.310575141129277],[-111.89158297440257,40.31057638779761],[-111.89158372389186,40.310577634473852],[-111.8915844745576,40.310578881146114],[-111.89158522404183,40.3105801269217],[-111.89158597470761,40.310581373593955],[-111.89158672420216,40.310582621170781],[-111.89158747251511,40.31058386785093],[-111.8915882220097,40.310585115427727],[-111.89158897032786,40.310586363008461],[-111.89158971864092,40.310587609688596],[-111.89159046695916,40.310588857269337],[-111.89159121410091,40.310590104854008],[-111.8915919624192,40.310591352434727],[-111.89159270838461,40.310592600023398],[-111.89159345553161,40.310593848508645],[-111.89159420149703,40.310595096097252],[-111.89159494863897,40.310596343681866],[-111.89159569460959,40.310597592171099],[-111.89159644057516,40.310598839759699],[-111.89159718654584,40.310600088248876],[-111.8915979313401,40.310601336742039],[-111.89159867613439,40.310602585235181],[-111.89159942092871,40.310603833728251],[-111.89160016572306,40.310605082221421],[-111.8916009105226,40.310606331615155],[-111.8916016541405,40.310607580112212],[-111.89160239775848,40.310608828609247],[-111.89160314138167,40.31061007800691],[-111.89160388382319,40.310611326507924],[-111.89160462626991,40.310612575909502],[-111.89160536871671,40.310613825311108],[-111.89160611116348,40.310615074712715],[-111.891606852439,40.310616325018856],[-111.89160759488588,40.310617574420419],[-111.89160833616143,40.310618824726539],[-111.89160907743188,40.310620074132068],[-111.89160981753105,40.310621324442145],[-111.89161055762506,40.310622573851582],[-111.89161129890071,40.310623824157709],[-111.89161203899998,40.310625074467801],[-111.89161277909926,40.310626324777843],[-111.89161351802208,40.310627575091814],[-111.89161425694498,40.310628825405793],[-111.89161499586784,40.310630075719779],[-111.89161573479592,40.31063132693437],[-111.89161647371886,40.310632577248342],[-111.89161721147049,40.310633828466898],[-111.89161794922224,40.310635079685426],[-111.8916186869688,40.310636330003319],[-111.89161942354924,40.310637582126404],[-111.89162016129586,40.31063883244429],[-111.89162089787635,40.310640084567346],[-111.89162163327521,40.310641335793733],[-111.89162237102713,40.310642587012232],[-111.89162310642604,40.310643838238605],[-111.89162384183021,40.310645090365597],[-111.89162457723434,40.310646342492554],[-111.89162531146209,40.310647594623518],[-111.89162604686631,40.310648846750517],[-111.89162678109406,40.310650098881403],[-111.89162751532193,40.310651351012332],[-111.89162824954974,40.310652603143254],[-111.89162898377758,40.31065385527414],[-111.89162971683417,40.310655108309589],[-111.89163044870918,40.310656360448384],[-111.89163118293712,40.310657612579234],[-111.89163191481734,40.310658865618663],[-111.89163264669754,40.310660118658049],[-111.89163337975427,40.310661371693485],[-111.89163411045811,40.310662624736807],[-111.89163484233839,40.310663877776179],[-111.89163557421874,40.310665130815536],[-111.89163630492783,40.310666384759458],[-111.89163703563689,40.310667638703372],[-111.89163776516439,40.310668891750623],[-111.89163849587349,40.31067014569453],[-111.89163922422462,40.310671398745697],[-111.89163995493385,40.310672652689647],[-111.89170498576821,40.310783835787539],[-111.89189673585173,40.310717972013215],[-111.89189677929315,40.310717956556637],[-111.89189678263698,40.310717924122351],[-111.8919143795269,40.310469456783537],[-111.89191438171486,40.310469427955681],[-111.89191439457339,40.310469413502297],[-111.8921268070994,40.310245544624635],[-111.89215732287413,40.310230198864701],[-111.89215733929802,40.310230190703784],[-111.89222213057971,40.310197608702929],[-111.89222214700361,40.31019760054204],[-111.8922221375301,40.310197589766169],[-111.89238274471178,40.31011682504657],[-111.89238276348335,40.310116815977125],[-111.89262939140676,40.310031918059657],[-111.89262941371798,40.310031910779543],[-111.89287557372327,40.30994717422454],[-111.89292461566994,40.309930291615586],[-111.89314530531756,40.309854321416523],[-111.89336599329897,40.309778350802759],[-111.89359492093614,40.309699544714505],[-111.89365707418425,40.309678149547437],[-111.89388601796635,40.3096335572695],[-111.89402838599118,40.309605827437288],[-111.8940284271459,40.309605823695946],[-111.89422125867532,40.30959082510828],[-111.89422129160015,40.309590822295277],[-111.89422129865881,40.309590822271446],[-111.89429283682081,40.309585254480844],[-111.89429286976117,40.309585254369679],[-111.89455839940881,40.309609829893915],[-111.8946253071183,40.30935564664312],[-111.89462531173062,40.309355630415972],[-111.89459080236145,40.309351912041308],[-111.89458764656244,40.30935161558088],[-111.89458500750506,40.309351366910398],[-111.89455621331278,40.309348656854894],[-111.89455303774297,40.30934840008846],[-111.89455068608426,40.309348210789665],[-111.89452155750921,40.309345862111115],[-111.89451831393463,40.30934564520156],[-111.89451813857278,40.309345633184762],[-111.89448684085818,40.309343532293191],[-111.89448358341042,40.309343357759651],[-111.89448341747563,40.309343348412874],[-111.89445207747102,40.309341666452745],[-111.89444876732239,40.309341533525654],[-111.89444865082397,40.30934152851512],[-111.89441727675852,40.30934026455801],[-111.89441392450732,40.309340175002752],[-111.89441384567046,40.309340172566998],[-111.8943824504948,40.309339328370399],[-111.89437909850304,40.309339283845354],[-111.89437901731847,40.309339282318149],[-111.89434760574287,40.309338858766765],[-111.894344218707,40.309338857589808],[-111.89434417282594,40.309338857744642],[-111.89431275778023,40.309338852993619],[-111.89430932395655,40.309338898806885],[-111.89430926160537,40.30933889901732],[-111.8942779136751,40.309339312828371],[-111.89427448129226,40.309339404568384],[-111.89424308637275,40.309340239127984],[-111.89423965660202,40.309340375890187],[-111.89420828410245,40.309341630963957],[-111.89420485812526,40.309341813645069],[-111.89417351979385,40.309343486491571],[-111.89417009761024,40.309343715091551]]]},"properties":{"GlobalID":"{89741CE6-D05A-4554-AE32-7967C4435A63}","OBJECTID":152,"PARKID":7,"TYPE":"Open Space","NAME":null,"COMMONNAME":" ","ADDRESS":" ","USE_":"NativeOpen","STATUS":"Constructed","RESERVABLE":" ","PATH":null,"BATHROOM":" ","DRINKINGFNTN":null,"PAVILION":null,"TABLES":null,"BBQGRILLS":null,"FIREPIT":null,"BENCHES":null,"PLAYGRNDTOT":null,"PLAYGRNDSCHL":null,"SWINGSET":null,"BBALLCOURT":null,"TENNISCOURT":null,"VBALLCOURT":null,"HORSESHOES":null,"ADDAMENITIES":" ","OWNEDBY":"City","MAINTBY":"City","AREA_SQFT":97371.131778409996,"AREA_ACRES":2.2353336000000001,"LASTUPDATE":null,"LASTEDITOR":null,"NOTES":null,"FACILITYID":"629","PARKINGTYPE":null,"PARKINGNUMSTALLS":null,"BOATING":null,"HASPAVILION":null,"HASTABLES":null,"HASBBQGRILLS":null,"HASFIREPIT":null,"HASBENCHES":null,"BASEBALL":null,"FISHING":null,"URL":null,"PICURL":null,"created_user":null,"created_date":null,"last_edited_user":"BGIBSON","last_edited_date":1767747226000,"YEARBUILT":2004,"PHRAGMITES":null,"HASPICKLE":null,"TRAILHEAD":null,"Shape.STArea()":97371.131778409414,"Shape.STLength()":2277.7808347900977}},{"type":"Feature","id":153,"geometry":{"type":"Polygon","coordinates":[[[-111.93562962788504,40.372914886884622],[-111.93562969332459,40.372949756999894],[-111.93563018376746,40.372950402721592],[-111.93562518990224,40.372950426727549],[-111.93562349004466,40.373829060958045],[-111.93562300483048,40.373844215759149],[-111.93562578763066,40.373859225094741],[-111.93563176165247,40.373873679466897],[-111.93564076541155,40.373887184102863],[-111.93565255281153,40.373899371563567],[-111.935726143503,40.373902796263906],[-111.93573072639813,40.37294992368134],[-111.93573034723381,40.372949925094062],[-111.93573108356846,40.372949242379455],[-111.93572378896516,40.372823582976942],[-111.9357081406089,40.372480281057122],[-111.93570774439173,40.372260736484058],[-111.93570735698461,40.372046827067862],[-111.9357073960966,40.372046681921638],[-111.93570691964587,40.371784957776057],[-111.93559154367941,40.371805710169383],[-111.93559166441896,40.371824672364504],[-111.93559318106915,40.372387232629983],[-111.93559365398104,40.372461502638309],[-111.93560252154353,40.372556283711447],[-111.9356136368139,40.372679501718537],[-111.93562962788504,40.372914886884622]]]},"properties":{"GlobalID":"{C02D37CD-C1B1-4755-8E9D-E212A3CAFDF5}","OBJECTID":153,"PARKID":42,"TYPE":"Frontage","NAME":null,"COMMONNAME":" ","ADDRESS":" ","USE_":"Landscape","STATUS":"Constructed","RESERVABLE":" ","PATH":null,"BATHROOM":" ","DRINKINGFNTN":null,"PAVILION":null,"TABLES":null,"BBQGRILLS":null,"FIREPIT":null,"BENCHES":null,"PLAYGRNDTOT":null,"PLAYGRNDSCHL":null,"SWINGSET":null,"BBALLCOURT":null,"TENNISCOURT":null,"VBALLCOURT":null,"HORSESHOES":null,"ADDAMENITIES":" ","OWNEDBY":"City","MAINTBY":"City","AREA_SQFT":22949.057073219999,"AREA_ACRES":0.52683785999999999,"LASTUPDATE":null,"LASTEDITOR":null,"NOTES":null,"FACILITYID":"679","PARKINGTYPE":null,"PARKINGNUMSTALLS":null,"BOATING":null,"HASPAVILION":null,"HASTABLES":null,"HASBBQGRILLS":null,"HASFIREPIT":null,"HASBENCHES":null,"BASEBALL":null,"FISHING":null,"URL":null,"PICURL":null,"created_user":null,"created_date":null,"last_edited_user":"BGIBSON","last_edited_date":1767747226000,"YEARBUILT":2004,"PHRAGMITES":null,"HASPICKLE":null,"TRAILHEAD":null,"Shape.STArea()":22949.057073221127,"Shape.STLength()":1591.8010568414179}},{"type":"Feature","id":154,"geometry":{"type":"Polygon","coordinates":[[[-111.92822228367467,40.337142771185661],[-111.92841210105128,40.337232912683035],[-111.92841338415839,40.337232010948348],[-111.92841206343643,40.337231415966698],[-111.92841228182398,40.33723133230788],[-111.9287186846735,40.337017156599387],[-111.92870870318103,40.337012290156586],[-111.92853210691806,40.336924651259849],[-111.92822228367467,40.337142771185661]]]},"properties":{"GlobalID":"{2068E3B2-5F8A-48F9-9857-3D0F447978BD}","OBJECTID":154,"PARKID":33,"TYPE":"Trail","NAME":null,"COMMONNAME":"Benches Walkway","ADDRESS":" ","USE_":"Access","STATUS":"Constructed","RESERVABLE":" ","PATH":null,"BATHROOM":" ","DRINKINGFNTN":null,"PAVILION":null,"TABLES":null,"BBQGRILLS":null,"FIREPIT":null,"BENCHES":null,"PLAYGRNDTOT":null,"PLAYGRNDSCHL":null,"SWINGSET":null,"BBALLCOURT":null,"TENNISCOURT":null,"VBALLCOURT":null,"HORSESHOES":null,"ADDAMENITIES":" ","OWNEDBY":"City","MAINTBY":"City","AREA_SQFT":6980.8628421499998,"AREA_ACRES":0.16025855999999999,"LASTUPDATE":null,"LASTEDITOR":null,"NOTES":null,"FACILITYID":"113","PARKINGTYPE":null,"PARKINGNUMSTALLS":null,"BOATING":null,"HASPAVILION":null,"HASTABLES":null,"HASBBQGRILLS":null,"HASFIREPIT":null,"HASBENCHES":null,"BASEBALL":null,"FISHING":null,"URL":null,"PICURL":null,"created_user":null,"created_date":null,"last_edited_user":"BGIBSON","last_edited_date":1767747226000,"YEARBUILT":2004,"PHRAGMITES":null,"HASPICKLE":null,"TRAILHEAD":null,"Shape.STArea()":6980.8628421491667,"Shape.STLength()":358.27117884755779}},{"type":"Feature","id":156,"geometry":{"type":"Polygon","coordinates":[[[-111.91266025661054,40.38614235956468],[-111.91262756987578,40.386169929340824],[-111.91260128460144,40.386201247418008],[-111.91258212348055,40.386235454762947],[-111.91257061085248,40.386271611084787],[-111.91256706346434,40.386308725488547],[-111.91257157999998,40.386345778126454],[-111.91258403420179,40.386381751743698],[-111.91260408563728,40.386415659559979],[-111.91263118455515,40.386446569569124],[-111.91266458501894,40.386473634213907],[-111.91268550503446,40.386466435612647],[-111.91266371846761,40.386415707672029],[-111.91265014412512,40.38636333324429],[-111.91264498452566,40.386310086149869],[-111.91264831388666,40.386256753268768],[-111.91266008395438,40.386204124613165],[-111.91268012036922,40.386152976228402],[-111.91266025661054,40.38614235956468]]]},"properties":{"GlobalID":"{6CF22895-BCCF-4626-9140-42381FE9CBEC}","OBJECTID":156,"PARKID":45,"TYPE":"Frontage","NAME":null,"COMMONNAME":" ","ADDRESS":" ","USE_":"Island","STATUS":"Constructed","RESERVABLE":null,"PATH":null,"BATHROOM":null,"DRINKINGFNTN":null,"PAVILION":null,"TABLES":null,"BBQGRILLS":null,"FIREPIT":null,"BENCHES":null,"PLAYGRNDTOT":null,"PLAYGRNDSCHL":null,"SWINGSET":null,"BBALLCOURT":null,"TENNISCOURT":null,"VBALLCOURT":null,"HORSESHOES":null,"ADDAMENITIES":" ","OWNEDBY":"City","MAINTBY":"City","AREA_SQFT":2074.0405952699998,"AREA_ACRES":0.047613419999999997,"LASTUPDATE":null,"LASTEDITOR":null,"NOTES":null,"FACILITYID":"6101","PARKINGTYPE":null,"PARKINGNUMSTALLS":null,"BOATING":null,"HASPAVILION":null,"HASTABLES":null,"HASBBQGRILLS":null,"HASFIREPIT":null,"HASBENCHES":null,"BASEBALL":null,"FISHING":null,"URL":null,"PICURL":null,"created_user":null,"created_date":null,"last_edited_user":"BGIBSON","last_edited_date":1767747226000,"YEARBUILT":2003,"PHRAGMITES":null,"HASPICKLE":null,"TRAILHEAD":null,"Shape.STArea()":2074.040595269887,"Shape.STLength()":265.40915984359816}},{"type":"Feature","id":159,"geometry":{"type":"MultiPolygon","coordinates":[[[[-111.90897561342055,40.322385297455703],[-111.90906115711316,40.322677318912866],[-111.90916469793372,40.323030770099294],[-111.90928322291542,40.323059092585936],[-111.9092832548417,40.323059118592596],[-111.90908083522474,40.322368207017718],[-111.90897561342055,40.322385297455703]]],[[[-111.90888437701652,40.322075630720171],[-111.90897499703009,40.322384935755281],[-111.9090802059067,40.322367848064978],[-111.90898959718552,40.322058539466141],[-111.90888437701652,40.322075630720171]]]]},"properties":{"GlobalID":"{494CF689-CC3C-4321-8F01-1BA94391644A}","OBJECTID":159,"PARKID":28,"TYPE":"Trail","NAME":null,"COMMONNAME":"Jacobs Ranch Corridor","ADDRESS":" ","USE_":"Trail","STATUS":"Constructed","RESERVABLE":" ","PATH":null,"BATHROOM":" ","DRINKINGFNTN":null,"PAVILION":null,"TABLES":null,"BBQGRILLS":null,"FIREPIT":null,"BENCHES":null,"PLAYGRNDTOT":null,"PLAYGRNDSCHL":null,"SWINGSET":null,"BBALLCOURT":null,"TENNISCOURT":null,"VBALLCOURT":null,"HORSESHOES":null,"ADDAMENITIES":" ","OWNEDBY":"City","MAINTBY":"City","AREA_SQFT":10944.46721416,"AREA_ACRES":0.25125039999999998,"LASTUPDATE":null,"LASTEDITOR":null,"NOTES":null,"FACILITYID":"646","PARKINGTYPE":null,"PARKINGNUMSTALLS":null,"BOATING":null,"HASPAVILION":null,"HASTABLES":null,"HASBBQGRILLS":null,"HASFIREPIT":null,"HASBENCHES":null,"BASEBALL":null,"FISHING":null,"URL":null,"PICURL":null,"created_user":null,"created_date":null,"last_edited_user":"BGIBSON","last_edited_date":1767747226000,"YEARBUILT":2008,"PHRAGMITES":null,"HASPICKLE":null,"TRAILHEAD":null,"Shape.STArea()":10944.467214158942,"Shape.STLength()":854.46009234933729}},{"type":"Feature","id":162,"geometry":{"type":"Polygon","coordinates":[[[-111.90314791892195,40.308919481540293],[-111.90332265451207,40.308855247260283],[-111.90341758828443,40.30881490040526],[-111.90344894921203,40.308801565296214],[-111.9034981850546,40.308780630979832],[-111.90359350645014,40.308748799106525],[-111.90365376327874,40.308728676858117],[-111.90368765487014,40.308717371993168],[-111.90372830597622,40.308703811971242],[-111.90382851495937,40.30868508716209],[-111.90391273827221,40.308669350020828],[-111.90396265520262,40.308660008910941],[-111.90417455617073,40.308615981323186],[-111.90442563140915,40.308542873837908],[-111.90468664320127,40.308463137795435],[-111.90473804867628,40.308449717595131],[-111.90504263512163,40.308370755652071],[-111.90504262196789,40.308370719671991],[-111.90542545508359,40.308287153346754],[-111.90566052906462,40.308326193473235],[-111.90577373590773,40.308361934093028],[-111.9057749044314,40.307564111881348],[-111.90577447553645,40.307293605585649],[-111.90566358962417,40.307293483593838],[-111.90553111446145,40.307450576827861],[-111.90545863902966,40.307536541553986],[-111.90510092469211,40.307868493577459],[-111.90482074090704,40.308037977494507],[-111.90449668330341,40.30817888396637],[-111.9044497262929,40.308199306462015],[-111.90416030691939,40.308325156735904],[-111.90413037851167,40.308338166455734],[-111.90413018385858,40.308338274305349],[-111.90341822158774,40.308475098822122],[-111.90334744508203,40.308518380337425],[-111.90317120442262,40.308626155963452],[-111.90311151394006,40.308653761240102],[-111.90286377142422,40.308768337941871],[-111.90272728964989,40.3088314579838],[-111.90271533516719,40.308837764951747],[-111.90245747524334,40.309186573000133],[-111.90245271036973,40.309190138840385],[-111.90251932549663,40.309253271268581],[-111.90253174820317,40.309248548737806],[-111.90253235272789,40.309248318792832],[-111.90275000181944,40.309165615778902],[-111.90276148956859,40.309158153993828],[-111.90293480518694,40.309045575171183],[-111.90291804300546,40.309029773586133],[-111.90291885765242,40.309029265516926],[-111.90291738642401,40.309029153507261],[-111.90301549443996,40.308968165946531],[-111.90301556756421,40.308968197216764],[-111.90301558252385,40.308968140424746],[-111.90302023591828,40.308966429366137],[-111.90314791892195,40.308919481540293]]]},"properties":{"GlobalID":"{C74CEB35-A898-415A-9C64-F1CA0F2517FB}","OBJECTID":162,"PARKID":275,"TYPE":"Open Space","NAME":null,"COMMONNAME":" ","ADDRESS":" ","USE_":"NativeOpen","STATUS":"Constructed","RESERVABLE":" ","PATH":null,"BATHROOM":" ","DRINKINGFNTN":null,"PAVILION":null,"TABLES":null,"BBQGRILLS":null,"FIREPIT":null,"BENCHES":null,"PLAYGRNDTOT":null,"PLAYGRNDSCHL":null,"SWINGSET":null,"BBALLCOURT":null,"TENNISCOURT":null,"VBALLCOURT":null,"HORSESHOES":null,"ADDAMENITIES":" ","OWNEDBY":"City","MAINTBY":"City","AREA_SQFT":138008.90316861001,"AREA_ACRES":3.16824847,"LASTUPDATE":null,"LASTEDITOR":null,"NOTES":null,"FACILITYID":"614","PARKINGTYPE":null,"PARKINGNUMSTALLS":null,"BOATING":null,"HASPAVILION":null,"HASTABLES":null,"HASBBQGRILLS":null,"HASFIREPIT":null,"HASBENCHES":null,"BASEBALL":null,"FISHING":null,"URL":null,"PICURL":null,"created_user":null,"created_date":null,"last_edited_user":"BGIBSON","last_edited_date":1767747226000,"YEARBUILT":2016,"PHRAGMITES":null,"HASPICKLE":null,"TRAILHEAD":null,"Shape.STArea()":138008.9031686103,"Shape.STLength()":2625.0101366411691}},{"type":"Feature","id":163,"geometry":{"type":"Polygon","coordinates":[[[-111.9269767033164,40.337842368002022],[-111.92697639361481,40.337844417175113],[-111.92697625974101,40.337845785727296],[-111.92697618708415,40.337847156757697],[-111.92697617328486,40.337848529374398],[-111.92697622067999,40.337849900866885],[-111.92697632691583,40.337851271243849],[-111.92697649197548,40.337852637803365],[-111.92697671821279,40.337854000536879],[-111.92697700559967,40.337855354941311],[-111.92697734943401,40.33785670193447],[-111.92697775205289,40.337858038805855],[-111.92697821227932,40.337859365559858],[-111.92697873009644,40.337860679494632],[-111.9269793054987,40.337861979709565],[-111.926979936121,40.337863264411936],[-111.92698062195764,40.337864532701218],[-111.92698136534575,40.337865781866945],[-111.92698216040056,40.337867011930648],[-111.92698300946483,40.337868221082374],[-111.92698390900208,40.337869408434564],[-111.92698486252623,40.337870571272433],[-111.92698586415268,40.33787170961741],[-111.92698691622404,40.33787282165973],[-111.92698801519836,40.337873905611012],[-111.92698915990422,40.33787496237629],[-111.92699035267304,40.337875988344315],[-111.92699158761458,40.337876982636161],[-111.92699286473446,40.337877946152318],[-111.92699418401587,40.337878876190963],[-111.92699554427618,40.337879771855839],[-111.92699694080211,40.337880632263463],[-111.92699837477059,40.337881457409601],[-111.92699984380529,40.337882243700285],[-111.92700134674618,40.337882993841802],[-111.92700288121685,40.337883704240149],[-111.92700444486906,40.33788437580467],[-111.92700603769167,40.337885006734048],[-111.92700765732509,40.337885596136275],[-111.92700930141558,40.337886144019961],[-111.92701096879176,40.337886651290056],[-111.92701265707728,40.337887114352633],[-111.92701436510656,40.337887535013273],[-111.92701609875287,40.337887911449293],[-111.92701783934277,40.337888268946536],[-111.92701906494166,40.337888520249088],[-111.92701957285988,40.337888624668309],[-111.92702079611058,40.337888876880115],[-111.9270213052113,40.337888982195622],[-111.92702252729072,40.337889235312289],[-111.92702303638586,40.337889339727248],[-111.92702425965344,40.337889594640792],[-111.92702476757162,40.337889699059986],[-111.92702598966794,40.337889954878477],[-111.92702649759174,40.337890060198305],[-111.92702772087058,40.337890316913068],[-111.92702822762313,40.3378904231378],[-111.92702945090203,40.337890679852492],[-111.92702995765451,40.337890786077224],[-111.92703117976772,40.337891044597498],[-111.92703168652025,40.337891150822188],[-111.92703290863908,40.337891410243053],[-111.92703341539725,40.337891517368355],[-111.92703463751607,40.337891776789185],[-111.92703514310297,40.337891884819378],[-111.92703636522738,40.337892145140849],[-111.92703687199118,40.33789225316675],[-111.92703809176746,40.337892514397375],[-111.9270385985369,40.33789262332391],[-111.92703981949005,40.337892884550179],[-111.92704032508256,40.337892993481006],[-111.92704154487565,40.337893257413427],[-111.92704205164512,40.337893366339934],[-111.92704327144386,40.337893631172953],[-111.92704377821327,40.33789374009946],[-111.92704499683516,40.337894004936743],[-111.9270455036102,40.337894114763841],[-111.92704672223769,40.337894380501737],[-111.92704722784146,40.337894491233754],[-111.92704844647459,40.337894757872235],[-111.92704895207831,40.337894868604231],[-111.92705017071705,40.337895136143331],[-111.92705067632646,40.33789524777594],[-111.92705189496525,40.337895515314997],[-111.92705240057464,40.337895626947613],[-111.92705361804768,40.337895896292189],[-111.9270541236571,40.337896007924783],[-111.92705534114147,40.337896279070577],[-111.92705584557392,40.337896390707478],[-111.9270570630583,40.337896661853215],[-111.92705756867329,40.337896774386394],[-111.92705878498639,40.337897046437078],[-111.92705928942449,40.337897158974535],[-111.92706050574314,40.337897431925818],[-111.92706101136382,40.337897545359588],[-111.92706222651121,40.337897819215776],[-111.92706273213753,40.337897933550153],[-111.92706394728494,40.33789820740629],[-111.92706445173428,40.337898321745023],[-111.92706566689293,40.337898597402337],[-111.9270661713423,40.337898711741026],[-111.92706738650659,40.337898988298953],[-111.92706789213291,40.337899102633344],[-111.92706910612593,40.337899380096204],[-111.92706961058092,40.337899495335471],[-111.92707082340266,40.337899773703192],[-111.92707132786327,40.337899889843094],[-111.92707254304446,40.337900169102838],[-111.92707304514563,40.337900284350688],[-111.92707426033247,40.337900564510981],[-111.92707476361618,40.337900680655196],[-111.92707597645476,40.337900961724699],[-111.92707647973846,40.337901077868864],[-111.92707769258276,40.337901359838959],[-111.92707819587211,40.337901476883751],[-111.92707940872195,40.337901759754438],[-111.92707991201129,40.337901876799229],[-111.92708112368993,40.337902160574828],[-111.92708162816182,40.337902278515912],[-111.92708283866349,40.337902562295817],[-111.92708334314101,40.337902681137464],[-111.92708455364831,40.337902965817968],[-111.92708505694893,40.337903084663907],[-111.9270862674675,40.337903371145593],[-111.92708676959121,40.337903489995846],[-111.92708798129232,40.337903777373846],[-111.92708848341603,40.337903896224127],[-111.92708969394582,40.337904184507011],[-111.92709019606951,40.337904303357234],[-111.92709140660497,40.337904592540738],[-111.92709190873434,40.337904712291582],[-111.92709311809847,40.337905002379941],[-111.92709362023344,40.337905123031433],[-111.92709482960326,40.337905414020433],[-111.92709533173256,40.33790553377122],[-111.92709654110804,40.33790582566084],[-111.92709704206605,40.337905946316532],[-111.92709825027023,40.337906239111007],[-111.92709875241079,40.337906360663055],[-111.92709996062061,40.337906654358157],[-111.92710046157862,40.33790677501382],[-111.92710166979404,40.337907069609528],[-111.92710217194026,40.337907192062133],[-111.9271033789788,40.337907486662118],[-111.92710387877115,40.337907609123342],[-111.92710508582091,40.337907905524503],[-111.92710558797278,40.337908028877742],[-111.92710679384565,40.337908325283188],[-111.92710729482056,40.337908448640732],[-111.92710850187595,40.337908745942428],[-111.9271090028565,40.337908870200579],[-111.92711020874064,40.337909168407236],[-111.92711070854428,40.337909292669664],[-111.92711191443405,40.337909591776906],[-111.92711241541458,40.337909716035007],[-111.9271136201387,40.337910016947788],[-111.92711411994236,40.337910141210195],[-111.92711532467206,40.337910443023546],[-111.9271158256583,40.337910568182252],[-111.92711703038799,40.337910869995568],[-111.92711752902035,40.337910995162872],[-111.9271187349383,40.337911298773093],[-111.92711923357062,40.337911423940412],[-111.92712043714032,40.337911728459829],[-111.92712093695528,40.337911854523433],[-111.92712214052497,40.337912159042858],[-111.9271226403399,40.337912285106469],[-111.92712384274395,40.337912591431369],[-111.92712434256448,40.337912718395572],[-111.92712554496852,40.337913024720471],[-111.92712604361213,40.33791315168898],[-111.92712724602748,40.337913459815091],[-111.92712774467111,40.337913586783579],[-111.92712894708646,40.337913894909668],[-111.92712944574129,40.337914023679424],[-111.92713064698536,40.337914332710398],[-111.92713114563465,40.337914460579491],[-111.92713234688429,40.337914770511091],[-111.92713284554482,40.337914900181417],[-111.92713404561758,40.337915210117252],[-111.9271345442781,40.337915339787578],[-111.9271357443621,40.337915651524646],[-111.92713624302264,40.337915781194958],[-111.92713744193537,40.337916093836924],[-111.92713794059594,40.337916223507236],[-111.92713913951428,40.337916537049793],[-111.92713963818045,40.337916667620689],[-111.9271408371044,40.337916982063859],[-111.92714133459367,40.33791711263904],[-111.92714253352332,40.337917427982816],[-111.92714303101813,40.33791755945861],[-111.9271442287709,40.337917874806685],[-111.92714472626575,40.337918006282472],[-111.92714592402976,40.337918323431722],[-111.92714642152467,40.337918454907502],[-111.92714761929426,40.337918772957366],[-111.92714811561781,40.337918905338057],[-111.9271493133931,40.337919224288491],[-111.92714980971667,40.337919356669182],[-111.92715100749759,40.337919676520251],[-111.92715150264425,40.337919808905198],[-111.92715270042513,40.337920128756238],[-111.92715319675439,40.337920262037507],[-111.92715439219269,40.33792058369837],[-111.92715488852754,40.337920717880273],[-111.92715608396587,40.337921039541051],[-111.9271565803007,40.337921173722989],[-111.92715777574466,40.337921496284409],[-111.92715827090822,40.337921631371145],[-111.92715946635784,40.337921954833163],[-111.92715996269268,40.337922089015024],[-111.92716115697664,40.337922414282566],[-111.92716165214021,40.337922549369367],[-111.92716284642412,40.337922874636838],[-111.9271633415933,40.337923010624223],[-111.92716453471162,40.337923337697276],[-111.92716502987521,40.33792347278402],[-111.92716622299349,40.337923799857023],[-111.92716671816832,40.337923936745007],[-111.92716791129223,40.337924264718588],[-111.92716840646708,40.337924401606607],[-111.92716959841971,40.337924730485042],[-111.92717009359455,40.337924867373069],[-111.9271712843759,40.337925197156451],[-111.9271717807333,40.337925334940699],[-111.92717297034338,40.337925665629001],[-111.92717346552386,40.337925803417569],[-111.92717465749342,40.337926134997836],[-111.92717515149695,40.337926272790725],[-111.92717634112392,40.337926606180787],[-111.92717683512747,40.337926743973675],[-111.92717802593137,40.337927077359453],[-111.92717851994058,40.337927216052911],[-111.92717970957315,40.337927550343558],[-111.92718020358238,40.337927689037031],[-111.92718139322623,40.337928025128917],[-111.92718188724108,40.337928164722989],[-111.92718307570803,40.337928500819139],[-111.92718356854596,40.337928640417502],[-111.92718475819547,40.337928977409973],[-111.92718524985645,40.337929117012628],[-111.92718643951164,40.337929454905698],[-111.92718693235518,40.337929595404617],[-111.92718811966213,40.337929934206869],[-111.92718861251127,40.337930075606458],[-111.92718979981825,40.337930414408667],[-111.92719029266739,40.337930555808242],[-111.92719147998564,40.337930896411713],[-111.9271919716635,40.337931038716157],[-111.92719315781045,40.337931380224504],[-111.92719365065963,40.337931521624036],[-111.92719483681222,40.337931864033003],[-111.92719532966142,40.337932005432492],[-111.92719651464829,40.337932349646934],[-111.92719700632618,40.337932491951392],[-111.92719819131314,40.337932836165841],[-111.92719868299666,40.337932979370898],[-111.92719986798359,40.337933323585332],[-111.92720035966711,40.337933466790361],[-111.92720154466531,40.337933812806021],[-111.92720203517192,40.337933956015348],[-111.92720321899883,40.337934302935864],[-111.927203710688,40.337934447041462],[-111.92720489452054,40.337934794862647],[-111.92720538503282,40.33793493897258],[-111.92720656769403,40.337935287698585],[-111.92720705820629,40.337935431808503],[-111.92720824205011,40.337935781430801],[-111.92720873256802,40.337935926441354],[-111.92720991523495,40.337936276067943],[-111.92721040458152,40.3379364219834],[-111.92721158725969,40.337936773411194],[-111.92721207660627,40.337936919326637],[-111.92721325810751,40.337937270758744],[-111.92721374863666,40.33793741757048],[-111.92721492896663,40.337937769907455],[-111.9272154194902,40.3379379158186],[-111.92721659983141,40.337938269956815],[-111.92721708918369,40.337938416772836],[-111.92721826952493,40.337938770911002],[-111.92721875888276,40.33793891862765],[-111.92721993805274,40.337939273670742],[-111.92722042741059,40.337939421387382],[-111.92722160658622,40.337939777331037],[-111.92722209594407,40.337939925047657],[-111.92722327512531,40.337940281891939],[-111.9272237633119,40.337940430513463],[-111.92722494249878,40.337940788258358],[-111.92722543186795,40.337940937776168],[-111.92722660870098,40.337941295529667],[-111.92722709689319,40.33794144505179],[-111.9272282749144,40.337941804602131],[-111.92722876310667,40.337941954124283],[-111.92722993995659,40.337942314579557],[-111.92723042814883,40.33794246410168],[-111.92723160500439,40.337942825457503],[-111.92723209320224,40.337942975880253],[-111.92723326888655,40.337943338141017],[-111.92723375708441,40.337943488563745],[-111.92723493159181,40.337943850828786],[-111.9272354197953,40.337944002152078],[-111.92723659549088,40.337944366214032],[-111.92723708251746,40.337944517541658],[-111.92723825704172,40.337944882508502],[-111.9272387440683,40.337945033836128],[-111.92723991859263,40.337945398802958],[-111.9272404056248,40.337945551031147],[-111.9272415789835,40.337945917803545],[-111.92724206601571,40.337946070031734],[-111.92724323937436,40.337946436804081],[-111.92724372641221,40.337946589932898],[-111.92724489859955,40.337946957610122],[-111.92724538446048,40.337947110743215],[-111.92724655783601,40.337947480217373],[-111.92724704370262,40.337947634251094],[-111.92724821707817,40.337948003725231],[-111.92724870176779,40.337948157763243],[-111.92724987397207,40.337948528142277],[-111.92725035983868,40.337948682175963],[-111.92725153086607,40.33794905255926],[-111.92725201556696,40.337949208398499],[-111.92725318660561,40.337949580583],[-111.9272536724778,40.337949735517334],[-111.92725484234518,40.337950108606734],[-111.92725532821737,40.337950263541046],[-111.92725649809034,40.337950637531023],[-111.92725698279132,40.337950793370233],[-111.92725815149301,40.337951168265185],[-111.92725863619393,40.337951324104345],[-111.92725980490125,40.337951699899889],[-111.9272602896078,40.337951856639648],[-111.92726145714387,40.337952233340076],[-111.92726194302739,40.337952390075593],[-111.92726310938652,40.33795276678029],[-111.92726359409869,40.337952924420684],[-111.92726476164043,40.337953302021653],[-111.92726524635262,40.337953459662067],[-111.92726641272868,40.337953839068589],[-111.92726689744089,40.337953996708983],[-111.92726806382261,40.337954377016054],[-111.92726854618094,40.337954534665037],[-111.92726971256829,40.337954915872743],[-111.92727019610922,40.337955074418055],[-111.92727136131963,40.337955455630038],[-111.92727184486618,40.337955615075927],[-111.92727301008225,40.33795599718848],[-111.9272734936288,40.337956156634391],[-111.92727465767359,40.337956539651877],[-111.92727514004319,40.337956699102037],[-111.92727630409362,40.337957083020129],[-111.92727678646891,40.33795724337093],[-111.92727795052497,40.337957628189578],[-111.92727843407718,40.337957788536066],[-111.927279595785,40.337958174263967],[-111.92728007816592,40.337958335515331],[-111.92728124105631,40.337958722139504],[-111.92728172226033,40.337958883395174],[-111.92728288515639,40.33795927091996],[-111.92728336754293,40.337959433071944],[-111.92728452808514,40.337959820605313],[-111.92728501047165,40.337959982757305],[-111.92728617101952,40.337960371191244],[-111.92728665222918,40.337960533347534],[-111.92728781279394,40.337960924483298],[-111.92728829518046,40.337961086635282],[-111.9272894545627,40.337961476874725],[-111.92728993577795,40.337961639931628],[-111.92729109517146,40.337962031972289],[-111.92729157638671,40.337962195029178],[-111.92729273578584,40.337962587970388],[-111.92729321582981,40.337962751932182],[-111.92729437522897,40.337963144873399],[-111.92729485527295,40.337963308835214],[-111.92729601350078,40.337963702681343],[-111.92729649354476,40.337963866643101],[-111.92729765178392,40.337964262290434],[-111.92729813183355,40.337964427152855],[-111.9272992877188,40.337964822808772],[-111.92729976776842,40.337964987671135],[-111.92730092484194,40.337965385123994],[-111.92730140489721,40.337965550886956],[-111.92730256078809,40.337965947443479],[-111.92730303966646,40.337966113210769],[-111.92730419556869,40.337966511568496],[-111.92730467562959,40.337966678232078],[-111.92730583036048,40.337967077494675],[-111.92730630924447,40.337967244162556],[-111.92730746398105,40.337967644325801],[-111.92730794286503,40.337967810993646],[-111.92730909760725,40.337968212057504],[-111.92730957649125,40.337968378725343],[-111.92731072888522,40.337968780698375],[-111.92731120777484,40.337968948266834],[-111.92731236134577,40.337969350235554],[-111.92731399028119,40.337969920686241],[-111.92752499976736,40.337701479733454],[-111.9277446052042,40.337481818584656],[-111.92774150805826,40.337480592447378],[-111.92773991174693,40.337479967845134],[-111.92773831426436,40.337479344147809],[-111.92773671561052,40.33747872135541],[-111.92773511696237,40.337478099463588],[-111.92773351831423,40.337477477571724],[-111.92773191849477,40.337476856584836],[-111.92773031750973,40.337476237403386],[-111.92772871652474,40.33747561822188],[-111.92772711437406,40.337475000845942],[-111.9277255134004,40.337474383465675],[-111.92772391007284,40.337473766093979],[-111.92772230675665,40.337473150523486],[-111.92772070344606,40.337472535853635],[-111.92771910014116,40.337471922084291],[-111.92771749448242,40.337471308323607],[-111.92771589001752,40.337470697260422],[-111.92771428319321,40.337470085305192],[-111.92771267638014,40.337469475151188],[-111.92771107074404,40.337468864992843],[-111.92770946275979,40.337468255743701],[-111.92770785478116,40.337467647395165],[-111.92770624680821,40.337467039947207],[-111.92770463766401,40.337466433404153],[-111.92770302852544,40.33746582776169],[-111.92770141822122,40.337465223924717],[-111.92769980791138,40.337464619187159],[-111.92769819525901,40.337464016259375],[-111.92769658378927,40.337463414227891],[-111.9276949723251,40.337462813096991],[-111.92769335850717,40.337462211974689],[-111.9276917458718,40.337461611748672],[-111.92769013207081,40.337461013328173],[-111.92768851709295,40.337460414911952],[-111.92768690212637,40.337459818296914],[-111.92768528715976,40.337459221681897],[-111.92768367102192,40.337458625971713],[-111.92768205488976,40.337458031162164],[-111.92768043758632,40.33745743725752],[-111.92767881911158,40.337456844257751],[-111.92767720181381,40.33745625125367],[-111.92767558335042,40.337455660055085],[-111.92767396488708,40.337455068856478],[-111.92767234525806,40.337454479463403],[-111.92767072445213,40.337453890074606],[-111.92766910483444,40.337453302482714],[-111.92766748286294,40.337452714899378],[-111.92766586207401,40.337452128212377],[-111.92766423894254,40.337451543335114],[-111.92766261581104,40.337450958457872],[-111.92766099268526,40.337450374481271],[-111.92765936956512,40.337449791405213],[-111.92765774527932,40.337449210134643],[-111.92765612098799,40.337448627963489],[-111.927654494354,40.337448047602123],[-111.92765286890264,40.33744746813705],[-111.92765124227442,40.337446888676254],[-111.92764961565742,40.337446311016677],[-111.92764798904048,40.337445733357008],[-111.92764636008097,40.337445157507268],[-111.92764473112152,40.337444581657437],[-111.92764310334459,40.337444006703919],[-111.92764147440205,40.337443433555862],[-111.92763984428262,40.337442860412111],[-111.92763821416881,40.337442288168987],[-111.92763658288381,40.337441716830682],[-111.92763495161002,40.33744114729366],[-111.92763331915376,40.337440576860267],[-111.92763168670875,40.337440008228121],[-111.92763005426939,40.337439440496517],[-111.92762842065318,40.337438872769219],[-111.92762678587695,40.337438307748045],[-111.92762515227199,40.337437741821923],[-111.92762351750144,40.337437177701304],[-111.92762188155397,40.337436613584998],[-111.92762024561218,40.337436050369249],[-111.92761860968163,40.337435488954682],[-111.92761697257423,40.3374349275445],[-111.92761533547247,40.337434367034774],[-111.92761369719946,40.337433807430045],[-111.92761206010903,40.33743324872156],[-111.927610420676,40.337432691822869],[-111.92760878123737,40.337432134023587],[-111.92760714063876,40.337431578930392],[-111.92760550003452,40.337431022936599],[-111.92760385944159,40.337430468743982],[-111.92760221767739,40.337429915456269],[-111.92760057709013,40.337429362164244],[-111.9275989341603,40.337428810681971],[-111.92759729123617,40.33742826010036],[-111.92759564831201,40.337427709518693],[-111.92759400422223,40.337427160742529],[-111.92759236013248,40.337426611966379],[-111.92759071604836,40.337426064090771],[-111.92758907079865,40.337425518020673],[-111.92758742437202,40.337424971954931],[-111.92758577795102,40.337424426789703],[-111.92758413153567,40.337423882525123],[-111.92758248394912,40.337423339165383],[-111.92758083636816,40.33742279670625],[-111.92757918879288,40.337422255147708],[-111.92757754004633,40.337421714494091],[-111.92757589130542,40.33742117474106],[-111.92757424139323,40.337420635892883],[-111.92757259148111,40.337420097044728],[-111.92757094158029,40.337419559997755],[-111.92756929050813,40.337419023855688],[-111.92756763943602,40.337418487713563],[-111.92756598602138,40.337417953381262],[-111.92756433378365,40.337417419044641],[-111.92756268155721,40.33741688650926],[-111.92756102815385,40.337416353978135],[-111.92755937475619,40.337415822347587],[-111.92755772019288,40.337415292522536],[-111.92755606562957,40.337414762697499],[-111.9275544110719,40.337414233773018],[-111.92755275534299,40.337413705753448],[-111.92755109844283,40.337413178638805],[-111.92754944272521,40.337412652420376],[-111.92754778465945,40.337412127111229],[-111.92754612777624,40.337411602698282],[-111.92754446972172,40.337411079190304],[-111.92754281049032,40.337410555686553],[-111.92754115127586,40.337410034884648],[-111.9275394932327,40.337409513177789],[-111.92753783284137,40.337408992380148],[-111.9275361724613,40.337408473383682],[-111.92753451090431,40.337407954391495],[-111.92753285053554,40.337407437196255],[-111.9275311889899,40.337406920005265],[-111.92752952627859,40.337406404619806],[-111.92752786474986,40.337405890130597],[-111.92752620086168,40.337405374749366],[-111.92752453816732,40.337404862065654],[-111.92752287429609,40.337404349386226],[-111.92752120925353,40.337403837611696],[-111.92751954422232,40.337403327638363],[-111.92751787919114,40.337402817665016],[-111.92751621415995,40.337402307691654],[-111.92751454679181,40.337401800428715],[-111.927512880595,40.337401292260765],[-111.92751121323253,40.337400785898403],[-111.92750954588136,40.337400281337217],[-111.92750787852459,40.337399775875419],[-111.92750621000218,40.337399272219081],[-111.92750454147981,40.337398768562743],[-111.92750287179175,40.337398266711901],[-111.92750120210938,40.337397765761658],[-111.92749953242701,40.337397264811415],[-111.92749786157337,40.337396764766041],[-111.92749618955411,40.337396266526184],[-111.92749451871744,40.337395769182621],[-111.9274928467038,40.33739527184332],[-111.92749117352459,40.337394776309502],[-111.92748950152229,40.337394280771406],[-111.92748782717179,40.337393786142492],[-111.92748615400953,40.337393293310463],[-111.92748448084721,40.337392800478405],[-111.92748280533675,40.337392308555565],[-111.92748112983197,40.337391817533337],[-111.92747945433281,40.337391327411666],[-111.92747778001623,40.337390838186295],[-111.92747610335142,40.337390349870105],[-111.92747442669231,40.337389862454494],[-111.9274727488619,40.337389375943808],[-111.92747107221408,40.337388890329379],[-111.92746939321806,40.337388405624175],[-111.92746771422769,40.337387921819563],[-111.92746603523734,40.337387438014922],[-111.92746435625826,40.337386956011464],[-111.92746267728489,40.337386474908605],[-111.92746099714016,40.337385994710637],[-111.92745931582421,40.337385515417594],[-111.9274576356852,40.337385036120175],[-111.92745595320361,40.337384558632579],[-111.92745427189894,40.337384081140648],[-111.92745259060561,40.337383605449958],[-111.92745090695843,40.337383129767815],[-111.92744922449943,40.33738265588255],[-111.92744754086354,40.33738218200164],[-111.92744585723894,40.337381709921878],[-111.92744417243739,40.337381237846422],[-111.92744248764154,40.337380766671508],[-111.92744080167442,40.337380296401555],[-111.92743911688987,40.337379827027839],[-111.92743742975712,40.337379358563332],[-111.92743574381254,40.337378891895725],[-111.92743405669107,40.337378425232423],[-111.92743236957527,40.337377959469713],[-111.92743068246513,40.337377494607559],[-111.92742899418367,40.337377030650273],[-111.92742730590786,40.337376567593608],[-111.92742561646084,40.337376105441841],[-111.9274239270194,40.337375644190665],[-111.92742223758363,40.337375183840052],[-111.92742054939794,40.337374735193144],[-111.92733673559771,40.337658426189073],[-111.92702173051413,40.337599100756954],[-111.9269767033164,40.337842368002022]]]},"properties":{"GlobalID":"{B78AEB8E-8293-45D4-B2C1-11282BBAA538}","OBJECTID":163,"PARKID":33,"TYPE":"Trail","NAME":null,"COMMONNAME":"Benches Walkway","ADDRESS":" ","USE_":"Access","STATUS":"Constructed","RESERVABLE":" ","PATH":null,"BATHROOM":" ","DRINKINGFNTN":null,"PAVILION":null,"TABLES":null,"BBQGRILLS":null,"FIREPIT":null,"BENCHES":null,"PLAYGRNDTOT":null,"PLAYGRNDSCHL":null,"SWINGSET":null,"BBALLCOURT":null,"TENNISCOURT":null,"VBALLCOURT":null,"HORSESHOES":null,"ADDAMENITIES":" ","OWNEDBY":"City","MAINTBY":"City","AREA_SQFT":20813.102531789998,"AREA_ACRES":0.47780308999999999,"LASTUPDATE":null,"LASTEDITOR":null,"NOTES":null,"FACILITYID":"695","PARKINGTYPE":null,"PARKINGNUMSTALLS":null,"BOATING":null,"HASPAVILION":null,"HASTABLES":null,"HASBBQGRILLS":null,"HASFIREPIT":null,"HASBENCHES":null,"BASEBALL":null,"FISHING":null,"URL":null,"PICURL":null,"created_user":null,"created_date":null,"last_edited_user":"BGIBSON","last_edited_date":1767747226000,"YEARBUILT":2004,"PHRAGMITES":null,"HASPICKLE":null,"TRAILHEAD":null,"Shape.STArea()":20813.102531788063,"Shape.STLength()":709.33264192189165}},{"type":"Feature","id":164,"geometry":{"type":"Polygon","coordinates":[[[-111.92497952189024,40.377699792784355],[-111.92530647827174,40.378117517762249],[-111.92556843871404,40.378454698829273],[-111.92565042915494,40.378561631194721],[-111.92567212363106,40.378593006453407],[-111.92570786119575,40.378627904260661],[-111.92590073095062,40.378827366161005],[-111.92593833438553,40.378861542908297],[-111.92594858512464,40.378856501722183],[-111.92567063697375,40.378504367264874],[-111.92529371426022,40.378018912755486],[-111.92524665259121,40.377966898242541],[-111.92498604366794,40.377696194517256],[-111.92497952189024,40.377699792784355]]]},"properties":{"GlobalID":"{F067EAD2-538A-40FD-8572-1B1371FD1018}","OBJECTID":164,"PARKID":276,"TYPE":"Island","NAME":null,"COMMONNAME":"Pioneer Xing","ADDRESS":null,"USE_":"Landscape","STATUS":"Constructed","RESERVABLE":null,"PATH":null,"BATHROOM":null,"DRINKINGFNTN":null,"PAVILION":null,"TABLES":null,"BBQGRILLS":null,"FIREPIT":null,"BENCHES":null,"PLAYGRNDTOT":null,"PLAYGRNDSCHL":null,"SWINGSET":null,"BBALLCOURT":null,"TENNISCOURT":null,"VBALLCOURT":null,"HORSESHOES":null,"ADDAMENITIES":null,"OWNEDBY":"UDOT","MAINTBY":"City","AREA_SQFT":6134.8171901100004,"AREA_ACRES":0.14083602000000001,"LASTUPDATE":null,"LASTEDITOR":null,"NOTES":null,"FACILITYID":"5372","PARKINGTYPE":null,"PARKINGNUMSTALLS":null,"BOATING":null,"HASPAVILION":null,"HASTABLES":null,"HASBBQGRILLS":null,"HASFIREPIT":null,"HASBENCHES":null,"BASEBALL":null,"FISHING":null,"URL":null,"PICURL":null,"created_user":null,"created_date":null,"last_edited_user":"BGIBSON","last_edited_date":1767747273000,"YEARBUILT":null,"PHRAGMITES":null,"HASPICKLE":null,"TRAILHEAD":null,"Shape.STArea()":6134.8171901101741,"Shape.STLength()":1007.7543119678135}},{"type":"Feature","id":165,"geometry":{"type":"Polygon","coordinates":[[[-111.90100710557287,40.320151254758962],[-111.90099737426583,40.320157407087791],[-111.90098907918994,40.320164687489907],[-111.90098243925019,40.32017290337857],[-111.9009776320066,40.320181834389153],[-111.90097478316365,40.320191245924583],[-111.90097396890231,40.320200885545049],[-111.90097521244496,40.320210499190942],[-111.90097847934386,40.320219830298569],[-111.90098368342682,40.32022863058743],[-111.9009906856685,40.32023666816967],[-111.90178087864274,40.321215259222562],[-111.90214510890475,40.321685527990397],[-111.90246605122614,40.322117681079625],[-111.90264674798365,40.322372539736776],[-111.90294212886336,40.322772991521759],[-111.90333247847296,40.323305830879406],[-111.90351238173277,40.323219158438683],[-111.90332202006749,40.322956717838437],[-111.90310004709708,40.322650744673112],[-111.90292568137131,40.32241037236998],[-111.90275135467147,40.322170024875646],[-111.90257688814546,40.321929702806457],[-111.90239633356232,40.321692383437842],[-111.90220639827417,40.321459606457438],[-111.90201438205381,40.321227510891951],[-111.90182261785114,40.3209956302846],[-111.90163085496333,40.320763752047128],[-111.90143909810742,40.320531877964584],[-111.90127274779277,40.320330755057157],[-111.90109035057161,40.320110216991139],[-111.90100710557287,40.320151254758962]]]},"properties":{"GlobalID":"{1BD4F303-A998-45BF-ACEE-A1A9A3E96710}","OBJECTID":165,"PARKID":27,"TYPE":"Frontage","NAME":null,"COMMONNAME":" ","ADDRESS":" ","USE_":"Landscape","STATUS":"Constructed","RESERVABLE":" ","PATH":null,"BATHROOM":" ","DRINKINGFNTN":null,"PAVILION":null,"TABLES":null,"BBQGRILLS":null,"FIREPIT":null,"BENCHES":null,"PLAYGRNDTOT":null,"PLAYGRNDSCHL":null,"SWINGSET":null,"BBALLCOURT":null,"TENNISCOURT":null,"VBALLCOURT":null,"HORSESHOES":null,"ADDAMENITIES":" ","OWNEDBY":"City","MAINTBY":"City","AREA_SQFT":73939.025796639995,"AREA_ACRES":1.69740647,"LASTUPDATE":null,"LASTEDITOR":null,"NOTES":null,"FACILITYID":"655","PARKINGTYPE":null,"PARKINGNUMSTALLS":null,"BOATING":null,"HASPAVILION":null,"HASTABLES":null,"HASBBQGRILLS":null,"HASFIREPIT":null,"HASBENCHES":null,"BASEBALL":null,"FISHING":null,"URL":null,"PICURL":null,"created_user":null,"created_date":null,"last_edited_user":"BGIBSON","last_edited_date":1767747226000,"YEARBUILT":2018,"PHRAGMITES":null,"HASPICKLE":null,"TRAILHEAD":null,"Shape.STArea()":73939.025796642192,"Shape.STLength()":2736.1516865262679}},{"type":"Feature","id":166,"geometry":{"type":"Polygon","coordinates":[[[-111.87768462531778,40.28930918286661],[-111.87773865571071,40.289380350094376],[-111.87810565638917,40.289218532450413],[-111.87808843857357,40.28921201617392],[-111.87807222818277,40.289204129453594],[-111.87805721153215,40.289194960850779],[-111.87804355856575,40.289184616092065],[-111.87803142989333,40.289173214443927],[-111.87802095913389,40.289160886068103],[-111.87768462531778,40.28930918286661]]]},"properties":{"GlobalID":"{A8B6E4D0-8E89-4067-9722-7FB7BBAE4BCE}","OBJECTID":166,"PARKID":22,"TYPE":"Trail","NAME":null,"COMMONNAME":" ","ADDRESS":" ","USE_":"Access","STATUS":"Constructed","RESERVABLE":" ","PATH":null,"BATHROOM":" ","DRINKINGFNTN":null,"PAVILION":null,"TABLES":null,"BBQGRILLS":null,"FIREPIT":null,"BENCHES":null,"PLAYGRNDTOT":null,"PLAYGRNDSCHL":null,"SWINGSET":null,"BBALLCOURT":null,"TENNISCOURT":null,"VBALLCOURT":null,"HORSESHOES":null,"ADDAMENITIES":" ","OWNEDBY":"City","MAINTBY":"City","AREA_SQFT":3341.8918973899999,"AREA_ACRES":0.076719280000000001,"LASTUPDATE":null,"LASTEDITOR":null,"NOTES":null,"FACILITYID":"67","PARKINGTYPE":null,"PARKINGNUMSTALLS":null,"BOATING":null,"HASPAVILION":null,"HASTABLES":null,"HASBBQGRILLS":null,"HASFIREPIT":null,"HASBENCHES":null,"BASEBALL":null,"FISHING":null,"URL":null,"PICURL":null,"created_user":null,"created_date":null,"last_edited_user":"BGIBSON","last_edited_date":1767747226000,"YEARBUILT":2001,"PHRAGMITES":null,"HASPICKLE":null,"TRAILHEAD":null,"Shape.STArea()":3341.8918973868635,"Shape.STLength()":288.53135637472531}},{"type":"Feature","id":167,"geometry":{"type":"Polygon","coordinates":[[[-111.8936054954298,40.306324505871089],[-111.89388615079847,40.306104785127502],[-111.89396305237062,40.306163674576496],[-111.89442698854087,40.305798802936117],[-111.8944500607666,40.30581607590473],[-111.89509705568493,40.305308139608535],[-111.89537120013351,40.30509471829312],[-111.89523040782834,40.304969179540592],[-111.89509372010284,40.304833795324775],[-111.89496460993435,40.30469411898558],[-111.89484330578088,40.304550400153907],[-111.89473002435655,40.304402893003001],[-111.89462496712324,40.304251859862539],[-111.89452831910961,40.304097570321964],[-111.89444025359587,40.303940297611767],[-111.89436092743507,40.303780323122282],[-111.89429047983519,40.303617929202666],[-111.894229038278,40.30345340544514],[-111.89417670908804,40.303287045113983],[-111.89416461877424,40.303243561455851],[-111.89413893047713,40.303165447133303],[-111.89404906719619,40.302933343958202],[-111.8939644266101,40.30275036485321],[-111.89387829995135,40.302484210027472],[-111.89340240887739,40.302573802741819],[-111.89337243609522,40.302575316779084],[-111.8933123003344,40.302588446178568],[-111.89325277722502,40.302603179330539],[-111.89319393961249,40.302619501580452],[-111.89310719790994,40.302646892931264],[-111.8930224497892,40.302677724269785],[-111.89296717257987,40.302700147988951],[-111.89291295067515,40.302724034378635],[-111.89285985096288,40.302749355295354],[-111.89283374113437,40.302762543842753],[-111.89280793678688,40.302776079905755],[-111.89273242811028,40.302818725216227],[-111.89265993957808,40.302864338751014],[-111.89261338784598,40.302896333822787],[-111.89250363491007,40.302981589980654],[-111.89234191694095,40.303129780933851],[-111.89221533522073,40.303231207623114],[-111.89211402764282,40.30330601191389],[-111.89193426991433,40.303421340747811],[-111.89178143432487,40.303504690873893],[-111.89162137706771,40.303579674621211],[-111.89149706222901,40.303630202119045],[-111.89128156820486,40.303709089909439],[-111.89104069038891,40.303781438042364],[-111.89114531176209,40.303977746639113],[-111.89127855427765,40.304219660561216],[-111.89136905904935,40.304385869921546],[-111.89140763909764,40.304433352215888],[-111.89151959110251,40.304596900247844],[-111.89157024240495,40.304668693590607],[-111.89169306508582,40.304827533381214],[-111.89182394004466,40.30498255883149],[-111.89196266360307,40.305133530126916],[-111.892109023888,40.305280215585775],[-111.89226279374756,40.305422387179661],[-111.89242373667395,40.305559827719101],[-111.89259160440939,40.30569232365653],[-111.89276613934008,40.305819672283853],[-111.89294706975456,40.305941675443833],[-111.89313411811433,40.306058145807128],[-111.89332699632808,40.306168903285872],[-111.89340359781106,40.306210440547375],[-111.8936054954298,40.306324505871089]]]},"properties":{"GlobalID":"{4B8FEB57-2D5E-44D2-9594-41845FEF8A90}","OBJECTID":167,"PARKID":277,"TYPE":"Proposed Park","NAME":"Performance Park","COMMONNAME":"Performance Park","ADDRESS":"3123 S SWAINSON AVE","USE_":"Recreation","STATUS":"Proposed","RESERVABLE":null,"PATH":null,"BATHROOM":null,"DRINKINGFNTN":null,"PAVILION":null,"TABLES":null,"BBQGRILLS":null,"FIREPIT":null,"BENCHES":null,"PLAYGRNDTOT":null,"PLAYGRNDSCHL":null,"SWINGSET":null,"BBALLCOURT":null,"TENNISCOURT":null,"VBALLCOURT":null,"HORSESHOES":null,"ADDAMENITIES":null,"OWNEDBY":"City","MAINTBY":"City","AREA_SQFT":917292.13823249994,"AREA_ACRES":21.058129900000001,"LASTUPDATE":null,"LASTEDITOR":null,"NOTES":null,"FACILITYID":"165","PARKINGTYPE":null,"PARKINGNUMSTALLS":null,"BOATING":null,"HASPAVILION":null,"HASTABLES":null,"HASBBQGRILLS":null,"HASFIREPIT":null,"HASBENCHES":null,"BASEBALL":null,"FISHING":null,"URL":null,"PICURL":null,"created_user":null,"created_date":null,"last_edited_user":"BGIBSON","last_edited_date":1767747226000,"YEARBUILT":2007,"PHRAGMITES":null,"HASPICKLE":null,"TRAILHEAD":null,"Shape.STArea()":917292.13823250006,"Shape.STLength()":3887.9265585838239}},{"type":"Feature","id":168,"geometry":{"type":"Polygon","coordinates":[[[-111.92270280099385,40.377110971696148],[-111.92286250224701,40.377037953746729],[-111.92291469040487,40.377012506193935],[-111.92294946362986,40.376992364119289],[-111.92311338173033,40.376895979241226],[-111.92311023927465,40.376891700946615],[-111.92291388477955,40.376982961496601],[-111.92288779513731,40.376996400353846],[-111.92269903265891,40.377106219223784],[-111.92270280099385,40.377110971696148]]]},"properties":{"GlobalID":"{E15784BF-8827-4525-AD04-8A47C0C76F9B}","OBJECTID":168,"PARKID":278,"TYPE":"Island","NAME":null,"COMMONNAME":"Market St","ADDRESS":null,"USE_":"Landscape","STATUS":"Constructed","RESERVABLE":null,"PATH":null,"BATHROOM":null,"DRINKINGFNTN":null,"PAVILION":null,"TABLES":null,"BBQGRILLS":null,"FIREPIT":null,"BENCHES":null,"PLAYGRNDTOT":null,"PLAYGRNDSCHL":null,"SWINGSET":null,"BBALLCOURT":null,"TENNISCOURT":null,"VBALLCOURT":null,"HORSESHOES":null,"ADDAMENITIES":null,"OWNEDBY":"City","MAINTBY":"City","AREA_SQFT":788.97953021000001,"AREA_ACRES":0.01811248,"LASTUPDATE":null,"LASTEDITOR":null,"NOTES":null,"FACILITYID":"5375","PARKINGTYPE":null,"PARKINGNUMSTALLS":null,"BOATING":null,"HASPAVILION":null,"HASTABLES":null,"HASBBQGRILLS":null,"HASFIREPIT":null,"HASBENCHES":null,"BASEBALL":null,"FISHING":null,"URL":null,"PICURL":null,"created_user":null,"created_date":null,"last_edited_user":"BGIBSON","last_edited_date":1767747226000,"YEARBUILT":2015,"PHRAGMITES":null,"HASPICKLE":null,"TRAILHEAD":null,"Shape.STArea()":788.9795302148666,"Shape.STLength()":281.50623476597696}},{"type":"Feature","id":169,"geometry":{"type":"Polygon","coordinates":[[[-111.90788663659113,40.318670293655359],[-111.90797989955004,40.318988656372163],[-111.90805049802752,40.31922965132015],[-111.90812109938739,40.319470651602359],[-111.90819170127118,40.319711656326362],[-111.90826230718187,40.319952660976725],[-111.90833290888322,40.320193665582195],[-111.90841588598526,40.320476889325583],[-111.90852093214284,40.320458635460106],[-111.90791506131291,40.318390837898328],[-111.90780486350417,40.318391131569562],[-111.90788663659113,40.318670293655359]]]},"properties":{"GlobalID":"{74E5E1E0-B0D8-489A-8C68-63CE127396ED}","OBJECTID":169,"PARKID":28,"TYPE":"Trail","NAME":null,"COMMONNAME":"Jacobs Ranch Corridor","ADDRESS":" ","USE_":"Trail","STATUS":"Constructed","RESERVABLE":" ","PATH":null,"BATHROOM":" ","DRINKINGFNTN":null,"PAVILION":null,"TABLES":null,"BBQGRILLS":null,"FIREPIT":null,"BENCHES":null,"PLAYGRNDTOT":null,"PLAYGRNDSCHL":null,"SWINGSET":null,"BBALLCOURT":null,"TENNISCOURT":null,"VBALLCOURT":null,"HORSESHOES":null,"ADDAMENITIES":" ","OWNEDBY":"City","MAINTBY":"City","AREA_SQFT":23276.64011416,"AREA_ACRES":0.53435812999999999,"LASTUPDATE":null,"LASTEDITOR":null,"NOTES":null,"FACILITYID":"644","PARKINGTYPE":null,"PARKINGNUMSTALLS":null,"BOATING":null,"HASPAVILION":null,"HASTABLES":null,"HASBBQGRILLS":null,"HASFIREPIT":null,"HASBENCHES":null,"BASEBALL":null,"FISHING":null,"URL":null,"PICURL":null,"created_user":null,"created_date":null,"last_edited_user":"BGIBSON","last_edited_date":1767747226000,"YEARBUILT":2005,"PHRAGMITES":null,"HASPICKLE":null,"TRAILHEAD":null,"Shape.STArea()":23276.640114161375,"Shape.STLength()":1611.4095966507186}},{"type":"Feature","id":174,"geometry":{"type":"Polygon","coordinates":[[[-111.90829540459502,40.354843239939882],[-111.90829469025419,40.35482256491332],[-111.90345724285871,40.354841397340728],[-111.90345656754637,40.35486003816554],[-111.90347249802072,40.357561780121337],[-111.90347326020206,40.357562060288046],[-111.90741882229284,40.357548501552415],[-111.90742367840903,40.357547874005377],[-111.90830745618511,40.35686293680569],[-111.90829540459502,40.354843239939882]]]},"properties":{"GlobalID":"{45B622CB-5B8D-40CA-87FE-76E5CD63135F}","OBJECTID":174,"PARKID":105,"TYPE":"Public Park","NAME":"Patriot Park","COMMONNAME":"Patriot Park","ADDRESS":"444 E 400 S","USE_":"Recreation","STATUS":"Constructed","RESERVABLE":null,"PATH":null,"BATHROOM":"Yes","DRINKINGFNTN":null,"PAVILION":null,"TABLES":null,"BBQGRILLS":null,"FIREPIT":null,"BENCHES":null,"PLAYGRNDTOT":null,"PLAYGRNDSCHL":null,"SWINGSET":"No","BBALLCOURT":"No","TENNISCOURT":"No","VBALLCOURT":"No","HORSESHOES":"No","ADDAMENITIES":null,"OWNEDBY":"City","MAINTBY":"City","AREA_SQFT":1306317.0258732899,"AREA_ACRES":29.98891244,"LASTUPDATE":null,"LASTEDITOR":null,"NOTES":null,"FACILITYID":"113","PARKINGTYPE":"Lot","PARKINGNUMSTALLS":547,"BOATING":"No","HASPAVILION":null,"HASTABLES":null,"HASBBQGRILLS":null,"HASFIREPIT":null,"HASBENCHES":null,"BASEBALL":"Yes","FISHING":"No","URL":null,"PICURL":null,"created_user":null,"created_date":null,"last_edited_user":"BGIBSON","last_edited_date":1767747226000,"YEARBUILT":2017,"PHRAGMITES":null,"HASPICKLE":null,"TRAILHEAD":null,"Shape.STArea()":1306317.0258732866,"Shape.STLength()":4534.2337638011222}},{"type":"Feature","id":175,"geometry":{"type":"Polygon","coordinates":[[[-111.90165188558983,40.354876143513742],[-111.90030089016159,40.354886785919788],[-111.9000497740227,40.355062869761419],[-111.89987736105122,40.355186478112486],[-111.89959292853619,40.355408269162716],[-111.89934594995709,40.35558873957531],[-111.89903011921358,40.355808565913506],[-111.89880497608745,40.355965631674124],[-111.89867729172437,40.356064289553863],[-111.89864447078642,40.356143502661695],[-111.89898339648151,40.356663275659862],[-111.8989840441041,40.356663700347141],[-111.89899929989457,40.356673708291112],[-111.89918466462451,40.357275767996178],[-111.8991393571893,40.35729278421362],[-111.89910544109394,40.357323315064818],[-111.89910640181374,40.357361673990802],[-111.89913247087398,40.357414219440948],[-111.89914250399194,40.357423752550133],[-111.89909795139852,40.35771189809757],[-111.89888740994648,40.357692846914802],[-111.89888748564341,40.357692906998551],[-111.89892602919973,40.357723028452426],[-111.89891776697017,40.357871250281903],[-111.89881174756738,40.358528240866079],[-111.89878746248402,40.358772325046928],[-111.89879218746486,40.358857238911376],[-111.89879741165961,40.358951448237583],[-111.89873269897041,40.359108545457659],[-111.89870266091285,40.359382313120406],[-111.89857766097506,40.359608429941993],[-111.89852351076512,40.359647182939248],[-111.89843834945822,40.359775657501501],[-111.89840444226715,40.359854689510328],[-111.89837863147092,40.360003276297192],[-111.89837711332538,40.36008729817835],[-111.89843749185418,40.360283644179638],[-111.89884352063552,40.36080466077415],[-111.89908159973643,40.360468145496043],[-111.89936244516417,40.359948620488019],[-111.89961618853971,40.359386467021544],[-111.89964626367566,40.359319828652616],[-111.89974877758576,40.359092713085644],[-111.89976742627617,40.359051405136533],[-111.89981932392197,40.358936430227004],[-111.90040501388188,40.357638805068206],[-111.9004359568503,40.357570245144707],[-111.90047124876179,40.357492047116182],[-111.90071766252512,40.35694609020549],[-111.90073535585098,40.356906891009146],[-111.90152399844838,40.355159487081551],[-111.90154583263345,40.355111097919696],[-111.90165188558983,40.354876143513742]]]},"properties":{"GlobalID":"{8D2A5654-9F5F-4969-9A2B-4C705539476A}","OBJECTID":175,"PARKID":84,"TYPE":"Public Park","NAME":"Inlet Park","COMMONNAME":"Inlet Park","ADDRESS":"222 S SARATOGA RD","USE_":"Recreation","STATUS":"Constructed","RESERVABLE":null,"PATH":"Yes","BATHROOM":"Yes","DRINKINGFNTN":"No","PAVILION":1,"TABLES":8,"BBQGRILLS":0,"FIREPIT":0,"BENCHES":0,"PLAYGRNDTOT":"No","PLAYGRNDSCHL":"Yes","SWINGSET":"No","BBALLCOURT":"No","TENNISCOURT":"No","VBALLCOURT":"No","HORSESHOES":"No","ADDAMENITIES":" ","OWNEDBY":"City","MAINTBY":"City","AREA_SQFT":825019.12699374999,"AREA_ACRES":18.939833029999999,"LASTUPDATE":null,"LASTEDITOR":null,"NOTES":null,"FACILITYID":"76","PARKINGTYPE":"Lot","PARKINGNUMSTALLS":56,"BOATING":"No","HASPAVILION":null,"HASTABLES":null,"HASBBQGRILLS":null,"HASFIREPIT":null,"HASBENCHES":null,"BASEBALL":null,"FISHING":null,"URL":null,"PICURL":null,"created_user":null,"created_date":null,"last_edited_user":"BGIBSON","last_edited_date":1767750130000,"YEARBUILT":2017,"PHRAGMITES":null,"HASPICKLE":null,"TRAILHEAD":null,"Shape.STArea()":825019.12699374929,"Shape.STLength()":5202.3097027474387}},{"type":"Feature","id":176,"geometry":{"type":"Polygon","coordinates":[[[-111.91368509181039,40.321802011193149],[-111.9136842089875,40.321801569403171],[-111.9139247031699,40.321526273529862],[-111.91388189151758,40.321501221708139],[-111.91364009957729,40.32177947167871],[-111.91342612113945,40.322024390078191],[-111.91347102357319,40.322047047974849],[-111.91368509181039,40.321802011193149]]]},"properties":{"GlobalID":"{78BAB9F9-1D02-4B2B-8983-7ED17158D6B7}","OBJECTID":176,"PARKID":281,"TYPE":"Trail","NAME":null,"COMMONNAME":null,"ADDRESS":null,"USE_":"Access","STATUS":"Unlandscaped","RESERVABLE":null,"PATH":null,"BATHROOM":null,"DRINKINGFNTN":null,"PAVILION":null,"TABLES":null,"BBQGRILLS":null,"FIREPIT":null,"BENCHES":null,"PLAYGRNDTOT":null,"PLAYGRNDSCHL":null,"SWINGSET":null,"BBALLCOURT":null,"TENNISCOURT":null,"VBALLCOURT":null,"HORSESHOES":null,"ADDAMENITIES":null,"OWNEDBY":"City","MAINTBY":"City","AREA_SQFT":3408.8646639100002,"AREA_ACRES":0.078256759999999995,"LASTUPDATE":1471050753000,"LASTEDITOR":null,"NOTES":null,"FACILITYID":"114","PARKINGTYPE":null,"PARKINGNUMSTALLS":null,"BOATING":null,"HASPAVILION":null,"HASTABLES":null,"HASBBQGRILLS":null,"HASFIREPIT":null,"HASBENCHES":null,"BASEBALL":null,"FISHING":null,"URL":null,"PICURL":null,"created_user":null,"created_date":null,"last_edited_user":"BGIBSON","last_edited_date":1767747226000,"YEARBUILT":2006,"PHRAGMITES":null,"HASPICKLE":null,"TRAILHEAD":null,"Shape.STArea()":3408.8646639080766,"Shape.STLength()":487.39897322115439}},{"type":"Feature","id":178,"geometry":{"type":"Polygon","coordinates":[[[-111.92608130766277,40.369983039389936],[-111.92608142993288,40.369984332241117],[-111.92608184657792,40.369987893593191],[-111.92608554704209,40.370019585691665],[-111.9260856975494,40.370020874837401],[-111.92608618927862,40.370024391785293],[-111.92609063200209,40.370056152328054],[-111.9260907996333,40.370057354951463],[-111.92609133588805,40.370060647481559],[-111.92609654524048,40.370092607870916],[-111.92609673258053,40.370093760888146],[-111.9260973197475,40.370096909132783],[-111.92610328924813,40.370128973926008],[-111.9261034963251,40.370130081840045],[-111.92610413227938,40.370133122732554],[-111.92611086518146,40.370165246886536],[-111.92611108727421,40.370166307913358],[-111.92611176118854,40.370169204567588],[-111.92611925982008,40.370201383570468],[-111.92611950300116,40.370202427408607],[-111.92612023676021,40.37020529052154],[-111.92612848762604,40.370237437061874],[-111.92612874225122,40.370238427721411],[-111.92612949853974,40.370241126838536],[-111.92613853769477,40.370273357865877],[-111.92613880143716,40.370274299858458],[-111.92613958760613,40.370276880884802],[-111.92614939447328,40.370309106411518],[-111.92614967696043,40.370310033025163],[-111.92615050634369,40.370312557154584],[-111.92616108549949,40.3703447555488],[-111.92616136756614,40.370345614617115],[-111.92616220063353,40.37034797391879],[-111.92617356042807,40.370380162261711],[-111.92617386730636,40.370381034748902],[-111.92617476644284,40.370383414524056],[-111.92618686008016,40.370415452488615],[-111.92618717376001,40.370416282621647],[-111.92618808990329,40.370418556961631],[-111.92620095323642,40.370450529075583],[-111.92620128333405,40.370451348341263],[-111.92620223809962,40.370453584714113],[-111.92621584593113,40.370485415416596],[-111.92621618889167,40.370486220225374],[-111.92621718105167,40.370488410529944],[-111.92623154176525,40.370520122305727],[-111.92623188918367,40.370520886570091],[-111.9262328901529,40.370522978674387],[-111.92624802990687,40.370554611955953],[-111.92624837826739,40.370555338390595],[-111.92624937020408,40.370557303539641],[-111.92626532113391,40.3705889131476],[-111.92626565019479,40.370589565801367],[-111.92626659743185,40.370591349187073],[-111.92628334631128,40.370622891038749],[-111.92628370136147,40.370623557107066],[-111.92628470998601,40.370625365486291],[-111.92630219001816,40.370656702029272],[-111.92630252581918,40.370657302422146],[-111.92630348868992,40.370658948855649],[-111.9263209940919,40.370688874024935],[-111.92632211525348,40.370690790068458],[-111.92632969312903,40.370703160435355],[-111.92634246844288,40.370724012845088],[-111.92634336998938,40.370725455060146],[-111.92634414191537,40.37072669330604],[-111.92634491267508,40.370727933357422],[-111.92634568225733,40.370729173413082],[-111.92634644831274,40.370730414382237],[-111.92634721437379,40.370731656252005],[-111.92634797690241,40.370732898134598],[-111.92634873708171,40.370734140926444],[-111.92634949608912,40.370735384623089],[-111.92635025392467,40.370736629224737],[-111.92635100940535,40.370737873834898],[-111.92635176371411,40.370739119349913],[-111.9263525156735,40.370740365774196],[-111.92635326528359,40.370741613107604],[-111.9263540125331,40.370742859549004],[-111.92635475979951,40.370744108692222],[-111.92635550471091,40.370745357844037],[-111.92635624608988,40.37074660700867],[-111.92635698747451,40.370747857073923],[-111.92635772650978,40.3707491080484],[-111.9263584620182,40.370750359936309],[-111.92635919752665,40.37075161182424],[-111.92635993068016,40.370752863720718],[-111.92636066149555,40.370754118327639],[-111.92636139112788,40.37075537203819],[-111.92636211841085,40.370756626657993],[-111.92636284452198,40.370757882182637],[-111.92636356710065,40.370759137720157],[-111.9263642885131,40.370760395063179],[-111.92636500874804,40.370761652410501],[-111.92636572545058,40.370762909770711],[-111.92636644216432,40.370764168932084],[-111.92636715652314,40.37076542810204],[-111.92636786853258,40.370766688181199],[-111.92636857818712,40.37076794826892],[-111.92636928666974,40.370769209261546],[-111.92636999398056,40.370770471159091],[-111.92637069893642,40.370771733065183],[-111.92637140154292,40.370772995880472],[-111.92637210180567,40.370774260505556],[-111.92637280087978,40.370775523333698],[-111.9263734976101,40.37077678797165],[-111.92637419316858,40.370778053514492],[-111.92637488520029,40.370779319970794],[-111.92637557723197,40.370780586427109],[-111.92637626574239,40.370781854697505],[-111.92637695306976,40.370783122071558],[-111.92637763922532,40.370784390350522],[-111.92637832303149,40.370785659538704],[-111.92637900566021,40.370786928731135],[-111.92637968476765,40.370788199737653],[-111.92638036269769,40.370789470748498],[-111.92638103826714,40.370790740867292],[-111.92638171267596,40.370792013692181],[-111.92638238472983,40.370793286525668],[-111.9263830544287,40.370794559367717],[-111.92638372295573,40.370795833114663],[-111.92638438913346,40.370797107770819],[-111.92638505295619,40.370798382435517],[-111.92638571678459,40.37079965800087],[-111.9263863770861,40.370800934479632],[-111.92638703620457,40.370802210062116],[-111.92638769180742,40.370803488359286],[-111.9263883474103,40.370804766656434],[-111.92638899947511,40.37080604406588],[-111.92638965037362,40.370807323280822],[-111.92639030127786,40.37080860339637],[-111.92639094747213,40.370809883529084],[-111.9263915924945,40.370811164566668],[-111.92639223516191,40.370812445612813],[-111.92639287665753,40.370813727563934],[-111.92639351579811,40.370815009523533],[-111.92639415376692,40.37081629238812],[-111.92639478939191,40.370817577062418],[-111.9263954226564,40.370818860844786],[-111.92639605474899,40.370820145531944],[-111.92639668448662,40.37082143022775],[-111.92639731188054,40.370822716733322],[-111.92639793809695,40.370824003243186],[-111.92639856195844,40.370825289761648],[-111.92639918347055,40.370826577189291],[-111.92639980380521,40.370827864621212],[-111.92640042179612,40.370829153862957],[-111.92640103860394,40.37083044220833],[-111.92640165189054,40.370831732367854],[-111.9264022640053,40.370833023432226],[-111.926402874937,40.370834313600263],[-111.92640348351927,40.370835604677538],[-111.92640408975227,40.370836896664024],[-111.92640469363023,40.370838188659029],[-111.92640529633641,40.370839481558939],[-111.92640589668761,40.370840774467453],[-111.92640649587253,40.370842069181428],[-111.9264070927025,40.370843363904022],[-111.92640768717752,40.3708446586352],[-111.92640828047504,40.370845953370662],[-111.92640887142328,40.370847249015299],[-111.9264094588446,40.370848545573409],[-111.92641004627721,40.370849843932753],[-111.92641063252671,40.370851141395732],[-111.92641121524376,40.370852438871658],[-111.92641179561149,40.370853737256702],[-111.92641237481291,40.370855037447271],[-111.9264129516482,40.370856335845254],[-111.92641352732285,40.370857636949303],[-111.92641410063692,40.370858937161351],[-111.92641467160161,40.370860238282546],[-111.92641524139445,40.370861540308702],[-111.9264158088267,40.370862841442758],[-111.92641637391526,40.370864144386665],[-111.92641693664881,40.370865447339106],[-111.92641749938801,40.370866751192189],[-111.92641805741725,40.370868055062438],[-111.92641861545214,40.370869359833307],[-111.92641917230956,40.370870664608425],[-111.92641972564013,40.370871970297038],[-111.92642027662134,40.370873276894855],[-111.92642082642509,40.370874583496906],[-111.92642137387948,40.370875891008197],[-111.92642192015077,40.370877197623173],[-111.9264224628952,40.37087850515163],[-111.92642300447343,40.370879814485541],[-111.9264235448742,40.370881123823793],[-111.92642408291435,40.370882432270008],[-111.92642461861075,40.370883742526026],[-111.92642515195222,40.370885052790591],[-111.92642568529926,40.370886363955783],[-111.92642621393642,40.370887675138185],[-111.92642674257915,40.370888987221136],[-111.92642726768948,40.370890299316954],[-111.92642779280543,40.370891612313422],[-111.9264283143945,40.37089292622332],[-111.9264288348005,40.370894239236954],[-111.92642935167964,40.370895553164061],[-111.92642986855883,40.370896867091155],[-111.92643038309427,40.370898182827986],[-111.92643089409162,40.370899497677193],[-111.92643140510022,40.370900814327555],[-111.92643191375382,40.370902130986522],[-111.92643241886941,40.370903446757694],[-111.92643292281872,40.370904764334419],[-111.92643342559056,40.370906081915464],[-111.92643392601302,40.370907400405642],[-111.92643442408054,40.370908718904445],[-111.92643491979869,40.370910038312395],[-111.92643541551685,40.370911357720381],[-111.92643590770255,40.370912677141227],[-111.92643639636145,40.370913997475554],[-111.92643688502031,40.370915317809875],[-111.92643737250731,40.370916639049128],[-111.92643785646749,40.370917961201791],[-111.9264383380727,40.370919283363115],[-111.92643881850043,40.370920605528688],[-111.92643929657876,40.37092192860348],[-111.92643977347966,40.370923251682541],[-111.92644024803116,40.370924575670756],[-111.92644072022777,40.370925899667611],[-111.92644119006933,40.370927223673057],[-111.92644165873905,40.370928548583322],[-111.92644212505944,40.370929874402854],[-111.92644258902483,40.370931200230942],[-111.92644305181838,40.370932526963919],[-111.92644351225694,40.370933853705495],[-111.9264439703405,40.370935180455668],[-111.92644442725229,40.370936508110709],[-111.92644488180902,40.370937835774363],[-111.92644533401081,40.37093916344655],[-111.92644578386326,40.37094049202797],[-111.92644623136066,40.370941820617986],[-111.92644667886937,40.370943151009158],[-111.92644712284,40.370944480512641],[-111.92644756563878,40.370945810921036],[-111.92644800608258,40.370947141337972],[-111.92644844417697,40.370948472664132],[-111.92644888108828,40.370949803093957],[-111.92644931447842,40.370951135337869],[-111.92644974786292,40.370952466681203],[-111.92645017654867,40.37095379984288],[-111.92645060523446,40.370955133004564],[-111.92645103156524,40.370956466174853],[-111.92645145671855,40.370957799349441],[-111.92645187951692,40.37095913253259],[-111.92645229879405,40.370960467529834],[-111.92645271688805,40.370961801630777],[-111.92645313381023,40.370963136636604],[-111.92645354721112,40.37096447345651],[-111.92645395942895,40.370965809380102],[-111.92645437046932,40.370967145308015],[-111.92645477797716,40.370968481248788],[-111.92645518431875,40.370969818995086],[-111.9264555882998,40.370971155849311],[-111.9264559911034,40.370972492707878],[-111.92645639038567,40.370973831380518],[-111.92645678966241,40.370975169152487],[-111.92645718541785,40.370976508738657],[-111.92645757881272,40.370977847432734],[-111.92645797103575,40.370979187031715],[-111.92645836208131,40.370980526635009],[-111.92645874959435,40.370981866251171],[-111.9264591359355,40.370983206772287],[-111.92645951992738,40.370984548202536],[-111.92645990038113,40.370985888745032],[-111.9264602808461,40.370987231088804],[-111.92646066012242,40.370988571635614],[-111.92646103587742,40.370989913996496],[-111.92646140928309,40.370991257266567],[-111.92646178150571,40.370992599640381],[-111.92646215020143,40.37099394292764],[-111.92646251889714,40.370995286214928],[-111.9264628840604,40.370996629515076],[-111.92646324805183,40.370997973720101],[-111.92646360968264,40.370999317033117],[-111.9264639689753,40.371000663056591],[-111.92646432707924,40.371002007283053],[-111.92646468283388,40.371003352418775],[-111.92646503623908,40.371004698463651],[-111.92646538846122,40.371006043612226],[-111.92646573716215,40.371007390574917],[-111.9264660858574,40.371008736636966],[-111.92646643102586,40.371010083612497],[-111.92646677502239,40.37101143149296],[-111.92646711548089,40.371012778485657],[-111.92646745476749,40.371014126383272],[-111.92646779287662,40.371015474285194],[-111.92646812745326,40.371016822200005],[-111.92646846085805,40.371018171019657],[-111.92646879308532,40.371019519843607],[-111.92646912296327,40.371020869576796],[-111.92646944930873,40.371022219322846],[-111.92646977447671,40.371023569073145],[-111.92647009728971,40.371024918832099],[-111.92647041893085,40.371026269495921],[-111.92647073821699,40.371027620168334],[-111.92647105397064,40.371028970853615],[-111.92647136972431,40.371030321538896],[-111.92647168313427,40.371031674034008],[-111.9264719941836,40.371033025637061],[-111.92647230287791,40.371034377248705],[-111.92647261040044,40.371035729765261],[-111.92647327709092,40.371038219360805],[-111.92647372106831,40.371039549764795],[-111.92647422149258,40.371040868254759],[-111.92647477952431,40.37104217212466],[-111.92647539516356,40.37104346137447],[-111.92647606487228,40.371044735116506],[-111.92647679098293,40.371045989739692],[-111.92647757114614,40.371047226153337],[-111.92647840533954,40.371048440754926],[-111.92647929121921,40.371049635354268],[-111.92648022875161,40.371050804547757],[-111.92648121677045,40.37105195014091],[-111.92648225408696,40.371053070336778],[-111.92648333950683,40.371054162437893],[-111.9264844718582,40.371055227349117],[-111.92648565112974,40.371056263269189],[-111.92648687376659,40.371057266608659],[-111.92648813978562,40.371058240069331],[-111.92648944798117,40.371059179152425],[-111.92649079600393,40.371060084767187],[-111.92649218267638,40.371060956917873],[-111.92649360679856,40.371061792006394],[-111.92649506601546,40.371062590041305],[-111.92649656032711,40.371063351022613],[-111.9264980850123,40.371064073166295],[-111.92649964124293,40.371064755567467],[-111.92650122666387,40.371065398234684],[-111.9265028389203,40.371066001176516],[-111.92650447799522,40.371066561691229],[-111.92650613917876,40.371067079795928],[-111.92650782247648,40.371067556391253],[-111.92650952434468,40.371067989688839],[-111.92651124594956,40.37106837788329],[-111.92651298259244,40.371068722792849],[-111.92651473426764,40.371069023517002],[-111.92651649626524,40.371069280072874],[-111.92651826857396,40.371069490659288],[-111.92652005119373,40.371069655276266],[-111.92652183824281,40.371069774845836],[-111.9265236297211,40.371069849368027],[-111.92652542443994,40.371069877045912],[-111.92652721888361,40.37106986059419],[-111.92652901186339,40.371069798215956],[-111.92653079984125,40.371069689023457],[-111.92714029922264,40.371024821640511],[-111.92714280619865,40.371024637762567],[-111.92714459287873,40.371024509652287],[-111.92714637955882,40.371024381542057],[-111.92714816625012,40.371024255232975],[-111.92714995294705,40.371024129824463],[-111.92715173965522,40.371024006217162],[-111.92715352871839,40.3710238826012],[-111.92715531544343,40.371023761695618],[-111.92715710335159,40.371023641686335],[-111.92715889127095,40.37102352347825],[-111.92716067801285,40.371023405274357],[-111.92716246712659,40.371023289763713],[-111.92716425506843,40.371023175157937],[-111.92716604301033,40.371023060552133],[-111.92716783214649,40.371022948643805],[-111.92716962129397,40.371022838536668],[-111.92717140926391,40.371022728433793],[-111.92717319842264,40.371022620127782],[-111.92717498758695,40.371022512722398],[-111.92717677676245,40.371022407118154],[-111.92717856594366,40.371022302414502],[-111.92718035631357,40.371022199507721],[-111.92718214433975,40.371022098410677],[-111.92718393354338,40.371021997309377],[-111.92718572511323,40.371021898000627],[-111.92718751433937,40.371021800501666],[-111.927189304743,40.371021702998391],[-111.92719109398601,40.37102160820114],[-111.92719288558398,40.371021513395306],[-111.92719467484386,40.37102142129983],[-111.92719646646431,40.371021330096376],[-111.92719825691289,40.371021239797756],[-111.92720004736711,40.371021150399756],[-111.92720183783256,40.371021062802889],[-111.92720362948113,40.371020976102315],[-111.92720541996341,40.371020891207216],[-111.92720721163452,40.371020808108987],[-111.92720900213369,40.371020725915642],[-111.92721079499347,40.371020644614255],[-111.92721258550387,40.3710205642221],[-111.9272143772087,40.371020486527385],[-111.92721617009094,40.371020408828358],[-111.92721796062948,40.371020332939096],[-111.92721975352863,40.371020257941844],[-111.92722154408403,40.371020184754343],[-111.927223337,40.371020112458801],[-111.92722512757226,40.371020041973068],[-111.92722692051078,40.371019973279886],[-111.92722871344361,40.371019903686118],[-111.92723050521589,40.371019836798403],[-111.92723229818246,40.371019772608186],[-111.92723409114346,40.371019707517348],[-111.92723588294382,40.37101964513257],[-111.92723767592167,40.371019582743486],[-111.92723946891634,40.371019523056148],[-111.92724126073361,40.371019463373088],[-111.92724305491707,40.371019405482635],[-111.92724484793422,40.371019349397677],[-111.92724664095708,40.371019294213234],[-111.92724843399112,40.37101924083003],[-111.92725022703083,40.371019188347375],[-111.92725202007618,40.371019136765291],[-111.92725381313269,40.371019086984376],[-111.92725560737239,40.37101903809976],[-111.92725740044023,40.371018990119993],[-111.92725919470239,40.371018944837708],[-111.92726098661518,40.371018900464662],[-111.92726278088297,40.371018856082934],[-111.92726457516765,40.371018814402987],[-111.92726636945795,40.371018773623639],[-111.92726816140447,40.371018734654058],[-111.92726995570602,40.371018695675893],[-111.92727175001879,40.371018658498855],[-111.92727354434278,40.371018623123014],[-111.92727533867244,40.371018588647694],[-111.92727713183587,40.371018555977962],[-111.92727892618241,40.37101852420443],[-111.92728072054018,40.371018494232111],[-111.92728251489795,40.371018464259734],[-111.92728430927259,40.371018436989161],[-111.92728610246972,40.371018409722886],[-111.92728789686123,40.371018385154017],[-111.92728969125838,40.371018361485767],[-111.92729148565554,40.371018337817539],[-111.92729328006955,40.371018316851028],[-111.92729507331165,40.371018296789387],[-111.92729686773693,40.371018277624074],[-111.92729866217908,40.371018261160522],[-111.92730045779307,40.371018243792008],[-111.92730225224645,40.371018229129596],[-111.92730404670546,40.371018215367769],[-111.92730584000388,40.371018204312051],[-111.92730763447409,40.371018192351372],[-111.92730942895561,40.371018182191889],[-111.92731122463154,40.371018174729841],[-111.92931482246901,40.37100955122245],[-111.92931489193563,40.371009550066823],[-111.92931668626967,40.371009516460859],[-111.92931679692602,40.371009511551513],[-111.92931847796612,40.371009437833301],[-111.92931858978302,40.371009430217804],[-111.92932037531502,40.371009307482275],[-111.92932204639257,40.371009147340686],[-111.92932215701501,40.37100913702772],[-111.92932392780105,40.371008916178198],[-111.9293256889127,40.371008654836096],[-111.92932743796119,40.371008347606427],[-111.92932917259709,40.371007995398443],[-111.92933089164862,40.371007599117021],[-111.92933259041135,40.371007159680133],[-111.92933427124036,40.371006677079116],[-111.92933592825374,40.37100615223612],[-111.92933756262906,40.371005585146875],[-111.92933917083948,40.371004976725004],[-111.92934075289061,40.371004327870963],[-111.92934230524992,40.371003638597934],[-111.92934382556814,40.371002909814969],[-111.92934531268473,40.371002144228306],[-111.92934676776585,40.371001340032414],[-111.92934818611282,40.371000499045742],[-111.92934956773694,40.370999623069558],[-111.92935090792264,40.370998711220523],[-111.92935221021928,40.3709977661875],[-111.92935346992255,40.370996788888327],[-111.929354685855,40.37099577932743],[-111.92935585685601,40.370994740210818],[-111.92935698292567,40.370993671538606],[-111.92935806171457,40.370992574219954],[-111.92935909206221,40.370991450961071],[-111.92936007160799,40.370990300870005],[-111.92936100154621,40.370989126644162],[-111.92936188071087,40.370987930089143],[-111.92936270556937,40.370986711217881],[-111.92936347731617,40.370985472727895],[-111.92936419477385,40.370984214623491],[-111.92936485795367,40.370982938705872],[-111.92936546333442,40.370981646789254],[-111.92936601209929,40.370980339769844],[-111.92936650544841,40.370979021245823],[-111.92936693983789,40.370977689428869],[-111.92936731646232,40.370976347016551],[-111.92936763297793,40.370974995818649],[-111.92936789175106,40.370973637627806],[-111.92936809161549,40.370972274249432],[-111.92936823022194,40.370970906592923],[-111.92936831110279,40.370969534645191],[-111.92936833074833,40.370968162021654],[-111.92936814076518,40.370942394958284],[-111.92936812279662,40.370940657720048],[-111.92936810358478,40.370939285239174],[-111.92936807966296,40.370937912775595],[-111.92936805103119,40.370936540329339],[-111.92936801533443,40.370935167908996],[-111.92936797493336,40.37093379640654],[-111.92936792981665,40.370932424020829],[-111.92936787881249,40.370931051656733],[-111.92936782309833,40.370929679309853],[-111.92936776267986,40.370928307880895],[-111.9293676963739,40.370926936473609],[-111.92936762535797,40.370925565083546],[-111.92936754845461,40.370924193715098],[-111.9293674656694,40.370922823268913],[-111.92936737816856,40.370921451939374],[-111.92936728713525,40.370920080622881],[-111.92936718904829,40.370918711133484],[-111.92936708624003,40.370917339860149],[-111.92936697755565,40.37091597040969],[-111.92936686533308,40.370914600071572],[-111.9293667460569,40.370913231560579],[-111.92936662323693,40.370911861261384],[-111.92936649454077,40.370910492784972],[-111.92936635995152,40.370909123429584],[-111.92936622184111,40.370907755888403],[-111.92936607666006,40.370906387472516],[-111.92936592795223,40.370905019970245],[-111.92936577217374,40.370903651593267],[-111.92936561169664,40.370902285034845],[-111.929365447687,40.370900918489319],[-111.92936527661247,40.370899551969785],[-111.92936510083356,40.370898186368144],[-111.9293649203447,40.370896820783742],[-111.92936473514588,40.370895455216711],[-111.92936454288781,40.370894090576172],[-111.92936434709719,40.370892725948615],[-111.92936414543044,40.370891363143869],[-111.92936393904805,40.370889999455777],[-111.92936372677825,40.370888635789356],[-111.92936350980976,40.370887273941442],[-111.92936328695379,40.370885912115106],[-111.92936305939351,40.370884551206693],[-111.92936282711763,40.370883189414947],[-111.92936258896562,40.37088182944602],[-111.92936234610357,40.370880469494395],[-111.92936209853163,40.370879109560065],[-111.92936184507786,40.370877750547983],[-111.92936158691977,40.370876392453745],[-111.92936132287987,40.370875035281749],[-111.92936105530752,40.370873678122713],[-111.92936078067024,40.370872320989619],[-111.92936050251176,40.37087096567069],[-111.92936021728831,40.370869610377738],[-111.92935992735497,40.370868255102032],[-111.92935963272291,40.370866901644817],[-111.92935933456404,40.370865549101232],[-111.92935902933461,40.370864195682955],[-111.92935871822901,40.370862844087483],[-111.92935840359658,40.370861493405606],[-111.92935808307668,40.370860142745315],[-111.92935775785253,40.370858793002938],[-111.92935742792402,40.370857444178448],[-111.92935709210806,40.370856095375558],[-111.92935675159347,40.37085474839116],[-111.92935640519143,40.370853401428448],[-111.92935605407945,40.370852054482967],[-111.92935569826875,40.370850709356013],[-111.92935533657628,40.370849365151265],[-111.929354971357,40.370848021860077],[-111.92935459907847,40.370846679495408],[-111.92935422326741,40.37084533714377],[-111.92935384157458,40.37084399571431],[-111.92935345517746,40.370842655202736],[-111.92935306289851,40.370841315613362],[-111.92935266474345,40.370839977846877],[-111.92935226305028,40.370838639192705],[-111.92935185666406,40.370837303257616],[-111.92935144439046,40.370835967344206],[-111.92917707565549,40.370274501607604],[-111.92917647827645,40.37027256385489],[-111.92917607070827,40.370271226122057],[-111.92917566785572,40.370269889272571],[-111.92917526852429,40.37026855060892],[-111.92917487390282,40.37026721192796],[-111.9291744816307,40.370265872337725],[-111.92917409288542,40.370264531834003],[-111.92917370885567,40.370263192213521],[-111.9291733283471,40.370261850778896],[-111.92917295136536,40.370260508430697],[-111.92917257909357,40.370259166065232],[-111.92917221034858,40.370257822786151],[-111.92917184631352,40.370256479489804],[-111.92917148462216,40.370255134383619],[-111.92917112646327,40.370253789264446],[-111.92917077418619,40.370252443223059],[-111.92917042426404,40.370251097173053],[-111.92917007904619,40.37024975020514],[-111.92916973736081,40.370248403224252],[-111.92916939920224,40.370247055329827],[-111.929169065748,40.370245706517537],[-111.9291687346487,40.370244357696556],[-111.92916840825372,40.370243007957676],[-111.92916808656298,40.370241657300937],[-111.9291677684047,40.370240306631196],[-111.92916745377893,40.37023895594853],[-111.92916714267994,40.370237604352269],[-111.92916683510779,40.370236251842414],[-111.92916653223992,40.370234898414708],[-111.92916623408762,40.370233545870299],[-111.92916593710153,40.37023219152038],[-111.92916564600287,40.370230837148839],[-111.92916535843668,40.370229482764358],[-111.92916507556909,40.370228126561329],[-111.92916479506782,40.370226772150914],[-111.9291645192595,40.370225415021388],[-111.92916424698929,40.370224058779492],[-111.92916397942338,40.37022270161971],[-111.92916371538429,40.370221343546355],[-111.92916345605519,40.370219985455726],[-111.92916319790351,40.370218627360785],[-111.92916294681106,40.370217268339296],[-111.92916269689617,40.370215909313444],[-111.92916245169116,40.370214550270383],[-111.92916221236236,40.370213189404467],[-111.92916197538848,40.370211828529918],[-111.92916174195265,40.370210468542979],[-111.9291615132155,40.370209106737569],[-111.92916128801082,40.370207744919199],[-111.92916106633862,40.370206383087854],[-111.92916084937632,40.370205021239244],[-111.9291606359352,40.370203657576425],[-111.92916042603214,40.370202294801302],[-111.92916022082773,40.370200930207616],[-111.92916001798962,40.37019956740653],[-111.92915982102761,40.370198202782667],[-111.92915962642054,40.370196838150093],[-111.92915943770096,40.370195473495961],[-111.92915925133627,40.370194108833147],[-111.9291590696759,40.370192743252453],[-111.9291588903649,40.37019137676252],[-111.9291587169469,40.3701900111516],[-111.92915854587822,40.370188644631391],[-111.92915837951951,40.370187278093923],[-111.92915821787072,40.370185911539167],[-111.92915805739945,40.370184544980106],[-111.92915790398172,40.370183176593876],[-111.9291577529246,40.370181809099641],[-111.92915760539999,40.37018044159246],[-111.92915746375711,40.37017907316303],[-111.92915732329175,40.370177704729258],[-111.92915718989124,40.370176336269616],[-111.92915705766258,40.370174966905033],[-111.92915693014949,40.370173598423719],[-111.92915680616323,40.370172229028867],[-111.92915668806437,40.370170859612429],[-111.92915657232051,40.370169490187308],[-111.92915646128083,40.370168119844337],[-111.92915635377932,40.370166750388996],[-111.92915624862152,40.370165379123762],[-111.92915614935673,40.370164008737589],[-111.92915605362434,40.370162638338421],[-111.92915596260193,40.370161267921972],[-111.92915587393449,40.370159897496876],[-111.92915578997133,40.370158526153887],[-111.92915570954064,40.370157154797916],[-111.9291556338142,40.370155782524094],[-111.92915556045399,40.370154412042858],[-111.92915549415302,40.370153040635032],[-111.92915542902394,40.370151668322286],[-111.92915536861607,40.370150297793472],[-111.92915531172929,40.370148925450493],[-111.92915525837503,40.370147553094554],[-111.92915521090815,40.370146180717001],[-111.92915516697369,40.370144808326501],[-111.9291551253999,40.370143436827966],[-111.92915508735283,40.37014206441583],[-111.92915505519322,40.370140691982122],[-111.92915502656605,40.370139319535426],[-111.92915500147132,40.370137947075754],[-111.9291549799147,40.370136575503714],[-111.92915496306233,40.370135203013874],[-111.92915495091988,40.37013383050666],[-111.92915469496263,40.370102601390379],[-111.92915011355819,40.36954271069574],[-111.92915011333787,40.369542675572184],[-111.92915005425318,40.369540577333495],[-111.92914997029091,40.369539205990215],[-111.92914984983835,40.369537836582111],[-111.92914969407293,40.369536469104808],[-111.92914950182298,40.369535104463324],[-111.92914927544324,40.369533742648919],[-111.92914901141273,40.369532385475843],[-111.92914871443573,40.369531032026131],[-111.92914838098532,40.369529683213443],[-111.9291480110673,40.369528339938292],[-111.92914760704214,40.369527003092692],[-111.92914716890434,40.369525671776024],[-111.92914669549319,40.369524348694405],[-111.9291461867976,40.369523032046658],[-111.92914564518364,40.36952172362534],[-111.92914506829645,40.369520423439049],[-111.92914445732482,40.369519133284747],[-111.92914381461799,40.369517852253146],[-111.92914313664926,40.369516581257798],[-111.92914242695659,40.369515321186377],[-111.92914168200767,40.369514072051807],[-111.92914090651801,40.369512834737449],[-111.92914009812701,40.369511608351345],[-111.92913925920654,40.369510395586587],[-111.92913838857348,40.369509195546989],[-111.92913748506172,40.36950801003799],[-111.92913655101485,40.369506837249794],[-111.92913558762733,40.369505679879929],[-111.92913459371601,40.369504537031993],[-111.92913356929216,40.369503410507306],[-111.92913251669944,40.369502298495995],[-111.92913143477742,40.369501203704147],[-111.92913032352034,40.369500125231184],[-111.9291291864719,40.369499064865309],[-111.92912802008846,40.369498020818341],[-111.92912682673625,40.369496994882844],[-111.92912560759835,40.369495987955098],[-111.92912436150301,40.369495000939992],[-111.92912309079381,40.36949403202761],[-111.92912179548205,40.369493083019307],[-111.92912047321275,40.369492153923623],[-111.9291191298734,40.369491244719043],[-111.92911776194273,40.36949035721964],[-111.92911636940956,40.369489489624222],[-111.92911495582884,40.369488645522317],[-111.92911352117795,40.369487821311381],[-111.92911206311895,40.369487019702021],[-111.92911058636173,40.369486240676814],[-111.92910908855123,40.369485484244485],[-111.92910757204815,40.369484751296966],[-111.92910603684692,40.369484040933678],[-111.92910448060934,40.369483355865015],[-111.92910291038338,40.369482693363288],[-111.92910132147043,40.369482055246998],[-111.92909971622552,40.369481441507482],[-111.92909809582602,40.369480852140427],[-111.92909646028323,40.369480288946981],[-111.92909480958028,40.369479749225441],[-111.92909314609464,40.369479236569468],[-111.92909146745447,40.369478748285964],[-111.92908977838086,40.369478286158817],[-111.92908807651331,40.369477849296146],[-111.92908636421797,40.369477439490403],[-111.92908464148925,40.36947705584106],[-111.92908290832719,40.369476698348038],[-111.92908116709226,40.369476367903395],[-111.92907941777889,40.369476063606484],[-111.92907766039269,40.369475786357881],[-111.9290758949337,40.369475536157687],[-111.9290741249343,40.369475312992826],[-111.92907234921699,40.369475116867619],[-111.92907056895362,40.369474946877233],[-111.92906878298366,40.369474805727727],[-111.92906699482823,40.369474691604935],[-111.92906520330421,40.369474603612638],[-111.92906341196658,40.369474545340225],[-111.9290616172547,40.369474512297629],[-111.92905982272362,40.36947450807434],[-111.92848850106584,40.369477456672989],[-111.92615961617176,40.369489446889148],[-111.92615697532007,40.369489490736697],[-111.92615518238698,40.369489554009881],[-111.9261533907996,40.36948964429687],[-111.92615160292419,40.369489763390249],[-111.92614981874945,40.369489909488898],[-111.9261480394473,40.36949008168785],[-111.92614626384585,40.36949028089203],[-111.92614449312819,40.369490507997767],[-111.92614272964917,40.369490762996413],[-111.92614097339774,40.369491044086836],[-111.92613922555681,40.369491352165326],[-111.92613748494335,40.369491686335543],[-111.92613575391799,40.369492047489544],[-111.92613403248063,40.369492435627357],[-111.92613232062013,40.369492848947672],[-111.92613062187999,40.369493289238946],[-111.9261289338942,40.369493754708451],[-111.92612725902322,40.369494246248266],[-111.92612559608961,40.369494763862654],[-111.92612394861447,40.369495305737566],[-111.9261223142486,40.369495872782196],[-111.92612069535249,40.36949646588851],[-111.92611909191493,40.369497083255339],[-111.92611750628521,40.369497723973495],[-111.92611593730277,40.369498390749087],[-111.92611438494504,40.369499079979704],[-111.92611285157271,40.369499792557342],[-111.92611133836874,40.369500529378314],[-111.92611048972246,40.36950096026731],[-111.92610984297266,40.369501289550684],[-111.92610900500209,40.369501733009464],[-111.92610836890567,40.369502071260257],[-111.92610754397137,40.369502528180895],[-111.92610691500143,40.369502876312559],[-111.92610610191477,40.369503344898163],[-111.92610598341096,40.369503412876817],[-111.92610548242064,40.369503702001523],[-111.9261049897175,40.369503998301049],[-111.92610438792474,40.369504361644324],[-111.92610407235765,40.369504551024669],[-111.92610368411836,40.369504793806726],[-111.92610299092044,40.369505227731729],[-111.92610268361804,40.36950542068449],[-111.92610236463631,40.369505628990424],[-111.92610131975111,40.369506313669895],[-111.92610111922831,40.369506446792343],[-111.92609997836269,40.369507223685218],[-111.9260998775322,40.369507293400694],[-111.92609865948079,40.36950815523349],[-111.92609736544348,40.369509105604365],[-111.92609609626204,40.369510076599042],[-111.92609485782947,40.369511069096653],[-111.92609364187528,40.369512078624169],[-111.92609245312073,40.369513106965698],[-111.92609129156016,40.369514153220642],[-111.92609015600482,40.369515215592038],[-111.92608905000402,40.369516296768886],[-111.92608797354089,40.369517394049332],[-111.92608692308859,40.369518508346808],[-111.92608590334032,40.369519636942471],[-111.92608491312973,40.36952078164169],[-111.92608395362865,40.369521941539659],[-111.92608302600902,40.36952311573139],[-111.92608212673838,40.369524304229877],[-111.92608125934355,40.369525506121548],[-111.9260804249908,40.369526719600955],[-111.92607962134757,40.369527948279071],[-111.92607884956335,40.369529187648631],[-111.9260781108156,40.369530437705272],[-111.92607740511549,40.369531700250228],[-111.92607673244625,40.369532972581744],[-111.92607609280226,40.369534253799145],[-111.9260754873778,40.369535546599991],[-111.92607491615041,40.369536847381859],[-111.92607437794831,40.369538157049639],[-111.92607387512079,40.369539474694136],[-111.92607340648479,40.369540799419035],[-111.92607297321771,40.369542131220115],[-111.92607257414222,40.369543470101561],[-111.92607221041881,40.369544813357365],[-111.92607188205878,40.36954616278868],[-111.92607158787348,40.369547516598573],[-111.92607133021777,40.369548874778523],[-111.92607110790865,40.369550236432183],[-111.92607092095167,40.369551602460128],[-111.92607077050185,40.369552969255743],[-111.92607065657049,40.369554338620127],[-111.92607057680264,40.369555710561897],[-111.92607053235886,40.369557082375003],[-111.9260705256054,40.36955845585203],[-111.92607260327883,40.369827963764081],[-111.92607360940295,40.369873236290395],[-111.92607363457,40.369874441234174],[-111.92607382255991,40.369878345656822],[-111.92607533083741,40.369909713413534],[-111.9260753971997,40.369911104636493],[-111.92607566824105,40.369914920495241],[-111.92607790018143,40.369946396391704],[-111.92607799567791,40.369947738874764],[-111.92607834120309,40.369951413964678],[-111.92608130766277,40.369983039389936]]]},"properties":{"GlobalID":"{C9EECC89-8A23-4597-AFAD-FBD3530E42DE}","OBJECTID":178,"PARKID":53,"TYPE":"Public Park","NAME":"Neptune Park","COMMONNAME":"Neptune Park","ADDRESS":"473 W 400 N","USE_":"Recreation","STATUS":"Constructed","RESERVABLE":"Yes","PATH":"Yes","BATHROOM":"Yes","DRINKINGFNTN":"Yes","PAVILION":1,"TABLES":12,"BBQGRILLS":6,"FIREPIT":0,"BENCHES":14,"PLAYGRNDTOT":"Yes","PLAYGRNDSCHL":"Yes","SWINGSET":"Yes","BBALLCOURT":"Yes","TENNISCOURT":"No","VBALLCOURT":"No","HORSESHOES":"No","ADDAMENITIES":" ","OWNEDBY":"City","MAINTBY":"City","AREA_SQFT":473224.88644893002,"AREA_ACRES":10.86374854,"LASTUPDATE":null,"LASTEDITOR":null,"NOTES":null,"FACILITYID":"672","PARKINGTYPE":"Lot/Street Marked","PARKINGNUMSTALLS":92,"BOATING":"No","HASPAVILION":null,"HASTABLES":null,"HASBBQGRILLS":null,"HASFIREPIT":null,"HASBENCHES":null,"BASEBALL":null,"FISHING":null,"URL":null,"PICURL":null,"created_user":null,"created_date":null,"last_edited_user":"BGIBSON","last_edited_date":1767747226000,"YEARBUILT":2007,"PHRAGMITES":null,"HASPICKLE":null,"TRAILHEAD":null,"Shape.STArea()":473224.88644892769,"Shape.STLength()":2790.4319903703126}},{"type":"Feature","id":179,"geometry":{"type":"MultiPolygon","coordinates":[[[[-111.91955818727129,40.33644425722067],[-111.91880098212137,40.336466871408746],[-111.9183011579819,40.336490095438442],[-111.91830126756115,40.336524587528125],[-111.9185251837412,40.336512389339411],[-111.91957346682027,40.336482190218462],[-111.91960066403654,40.336480585824972],[-111.91960365542273,40.336438290315094],[-111.91960348769575,40.336410930553562],[-111.91955818727129,40.33644425722067]]],[[[-111.92741698974609,40.333362265300096],[-111.92730444526967,40.333640349895816],[-111.92726822562763,40.333716332911465],[-111.92722550287579,40.33379030965289],[-111.92717646328175,40.333861957004785],[-111.92712132374814,40.333930957143231],[-111.92706032716721,40.33399700745926],[-111.92699374122748,40.334059817862119],[-111.92685357523948,40.334184954332784],[-111.92646990271825,40.334510671791904],[-111.92641310379241,40.33455871625339],[-111.92635244211425,40.334603910757608],[-111.92628816135085,40.334646074282958],[-111.92622051936149,40.334685036563897],[-111.92596998307887,40.334827336985612],[-111.92539012169672,40.335153765646545],[-111.92539306974493,40.335168330789912],[-111.92561607680472,40.335039979139609],[-111.926084917232,40.334778816942659],[-111.92629462981016,40.334657071760603],[-111.92636617356915,40.334611187332762],[-111.92643297287894,40.33456128982872],[-111.92649464585786,40.334507666151076],[-111.92677314057704,40.334267603034327],[-111.92697208871104,40.33409998063135],[-111.92705285632475,40.334025873094788],[-111.92712623624878,40.333947394696523],[-111.92719182397192,40.333864974730375],[-111.92724926220949,40.33377906573341],[-111.92729823264276,40.333690139913578],[-111.92733846882972,40.333598683697886],[-111.92735905632398,40.333540304894527],[-111.9274228398675,40.333384107730716],[-111.92742268514036,40.333359329115389],[-111.92741698974609,40.333362265300096]]],[[[-111.92248716110032,40.336427609504845],[-111.92243953014248,40.336437412144839],[-111.92235022919905,40.336456996727492],[-111.922098792483,40.336500483392904],[-111.92199356367649,40.336515055551153],[-111.92181749920755,40.33653596615688],[-111.9215692331867,40.336556630776251],[-111.92138386951636,40.336573519612266],[-111.92119652225497,40.336590921458324],[-111.92105948033962,40.33660256686953],[-111.92092706914536,40.33661318132949],[-111.92080458087639,40.336621732587666],[-111.92068671594507,40.336628239749743],[-111.92053837081377,40.336632828234656],[-111.92026287226808,40.336641422288473],[-111.9198999464041,40.336651343919428],[-111.91986881801532,40.336651962800083],[-111.91984036488708,40.336656626717556],[-111.91985895409007,40.336663656040116],[-111.91986824365192,40.336666157054729],[-111.91988546413411,40.336666095194083],[-111.92044044015016,40.336649400961583],[-111.92061991681338,40.336644699673762],[-111.92078973953471,40.3366371994708],[-111.92095892868812,40.336623711185254],[-111.92121977353992,40.336601989320293],[-111.92170172536704,40.336559194275488],[-111.92181294030615,40.336548655432878],[-111.92194730777558,40.336532963236209],[-111.92210681630215,40.33651261928248],[-111.92236355264745,40.336469113449716],[-111.92247601744506,40.33644640459184],[-111.92250181484117,40.336440735517129],[-111.92252625692946,40.336430002566573],[-111.9225043795671,40.336427040208349],[-111.92248716110032,40.336427609504845]]],[[[-111.92766283973616,40.333394786754823],[-111.92764745240008,40.333424034450999],[-111.92754088282783,40.333685950820509],[-111.92750399449335,40.33376845515312],[-111.92746024537058,40.333848971643967],[-111.92740981695376,40.333927167287378],[-111.9273529202181,40.334002717975387],[-111.92728978857569,40.334075311225554],[-111.92722068611367,40.334144646151216],[-111.92712003421308,40.334232586370597],[-111.92681341087143,40.334497020654119],[-111.92660898077446,40.334671125725365],[-111.92654869124669,40.334719944027164],[-111.92648399043993,40.334765334365279],[-111.92641520996818,40.334807064059461],[-111.92625464516189,40.334899989133163],[-111.92604439892949,40.33501573164375],[-111.92601105479191,40.335036703779558],[-111.92599946679915,40.335051043593189],[-111.92600802975917,40.335051012383083],[-111.92602279109573,40.33504619332092],[-111.92604837243718,40.33502882319771],[-111.92607552190182,40.335013235112584],[-111.92621438794134,40.33493587943768],[-111.92628963402906,40.334893308506473],[-111.92632377447582,40.33487531178465],[-111.92643138161981,40.334813277080606],[-111.92653310471266,40.334745678911275],[-111.92662845264768,40.33467284151159],[-111.9268824367313,40.334455663586645],[-111.92723317430543,40.334149961984188],[-111.92730954774768,40.334071229359822],[-111.92737875247676,40.333988706904897],[-111.92744046959834,40.333902775866299],[-111.92749441210537,40.333813834485483],[-111.92754033191052,40.333722293469606],[-111.9276729855126,40.333398919572154],[-111.92767447431061,40.333388191159543],[-111.92767289246328,40.333384027005948],[-111.92766283973616,40.333394786754823]]],[[[-111.92470528898716,40.335771246360366],[-111.924605735388,40.335816303849079],[-111.92437952485517,40.335916910301641],[-111.92432194648866,40.335941026687387],[-111.92421355044607,40.335984036373532],[-111.92408750902952,40.336029189547588],[-111.92393706046884,40.336081186771516],[-111.92380623302635,40.336121159437425],[-111.92365437444214,40.336164845849851],[-111.92349366729349,40.336205447028945],[-111.92320610985939,40.336270412888581],[-111.92296669356119,40.336322730953377],[-111.92281248713579,40.33635745084176],[-111.92276985842517,40.336367097724647],[-111.92274910797946,40.33637471108689],[-111.92273887686238,40.336383842695852],[-111.92276397597273,40.336379074020932],[-111.92279585092187,40.336371682500889],[-111.92311191000749,40.336302975921356],[-111.92346187287734,40.336225830999631],[-111.92351136930044,40.336212658213334],[-111.92370253506287,40.336162904231337],[-111.92389095299318,40.3361073490072],[-111.92407632112391,40.336046080110158],[-111.92425834344814,40.335979196797872],[-111.92433625962717,40.335949290283025],[-111.92457330755092,40.335843966653876],[-111.92473921676864,40.335766446079155],[-111.92473376812232,40.33576386754838],[-111.92470528898716,40.335771246360366]]],[[[-111.92578065417599,40.335166222423318],[-111.92568056566635,40.335220202677363],[-111.92540598432622,40.335380858798523],[-111.9251049841575,40.33554995112879],[-111.92495757965143,40.335631506443576],[-111.92493743200374,40.33564647348895],[-111.92492579520341,40.335658312307217],[-111.92494517643945,40.335652404831855],[-111.92497040751095,40.3356395763224],[-111.92520811327705,40.335503123963242],[-111.92580090526349,40.33516793550897],[-111.9258016313007,40.33515959298596],[-111.92578065417599,40.335166222423318]]],[[[-111.92773228388195,40.333221181931918],[-111.92773428482973,40.3332364791071],[-111.92774094593302,40.333235726115262],[-111.92774939393539,40.333216017213807],[-111.92790321772853,40.332838664276913],[-111.92788795841228,40.332835076171143],[-111.92773228388195,40.333221181931918]]],[[[-111.92748830996152,40.333192921873042],[-111.92748364402908,40.33320824433752],[-111.92748749899279,40.333215518179664],[-111.92749977809532,40.333199439254713],[-111.92750635844259,40.333185567915862],[-111.92764893735146,40.332837408216605],[-111.92763369626185,40.33283673536824],[-111.92748830996152,40.333192921873042]]]]},"properties":{"GlobalID":"{C7826352-24FC-43EA-ADBC-A68DF0BF3C4A}","OBJECTID":179,"PARKID":31,"TYPE":"Frontage","NAME":null,"COMMONNAME":"Grandview Frontage","ADDRESS":" ","USE_":"Frontage","STATUS":"Constructed","RESERVABLE":" ","PATH":null,"BATHROOM":" ","DRINKINGFNTN":null,"PAVILION":null,"TABLES":null,"BBQGRILLS":null,"FIREPIT":null,"BENCHES":null,"PLAYGRNDTOT":null,"PLAYGRNDSCHL":null,"SWINGSET":null,"BBALLCOURT":null,"TENNISCOURT":null,"VBALLCOURT":null,"HORSESHOES":null,"ADDAMENITIES":" ","OWNEDBY":"City","MAINTBY":"City","AREA_SQFT":20231.136635049999,"AREA_ACRES":0.46444299,"LASTUPDATE":null,"LASTEDITOR":null,"NOTES":null,"FACILITYID":"673","PARKINGTYPE":null,"PARKINGNUMSTALLS":null,"BOATING":null,"HASPAVILION":null,"HASTABLES":null,"HASBBQGRILLS":null,"HASFIREPIT":null,"HASBENCHES":null,"BASEBALL":null,"FISHING":null,"URL":null,"PICURL":null,"created_user":null,"created_date":null,"last_edited_user":"BGIBSON","last_edited_date":1767747226000,"YEARBUILT":2006,"PHRAGMITES":null,"HASPICKLE":null,"TRAILHEAD":null,"Shape.STArea()":20231.136635045099,"Shape.STLength()":8058.6130594642027}},{"type":"Feature","id":182,"geometry":{"type":"Polygon","coordinates":[[[-111.93376778602199,40.335227414126592],[-111.93380179909551,40.33527576547921],[-111.93418782640217,40.335129960288405],[-111.93415395166294,40.335081555393735],[-111.93376778602199,40.335227414126592]]]},"properties":{"GlobalID":"{ECA0F14D-982A-483A-B338-026917E281BB}","OBJECTID":182,"PARKID":35,"TYPE":"Trail","NAME":null,"COMMONNAME":"Rocky Ridge path ways","ADDRESS":" ","USE_":"Access","STATUS":"Constructed","RESERVABLE":" ","PATH":null,"BATHROOM":" ","DRINKINGFNTN":null,"PAVILION":null,"TABLES":null,"BBQGRILLS":null,"FIREPIT":null,"BENCHES":null,"PLAYGRNDTOT":null,"PLAYGRNDSCHL":null,"SWINGSET":null,"BBALLCOURT":null,"TENNISCOURT":null,"VBALLCOURT":null,"HORSESHOES":null,"ADDAMENITIES":" ","OWNEDBY":"City","MAINTBY":"City","AREA_SQFT":2399.5397806599999,"AREA_ACRES":0.055085849999999999,"LASTUPDATE":null,"LASTEDITOR":null,"NOTES":null,"FACILITYID":"681","PARKINGTYPE":null,"PARKINGNUMSTALLS":null,"BOATING":null,"HASPAVILION":null,"HASTABLES":null,"HASBBQGRILLS":null,"HASFIREPIT":null,"HASBENCHES":null,"BASEBALL":null,"FISHING":null,"URL":null,"PICURL":null,"created_user":null,"created_date":null,"last_edited_user":"BGIBSON","last_edited_date":1767747226000,"YEARBUILT":2006,"PHRAGMITES":null,"HASPICKLE":null,"TRAILHEAD":null,"Shape.STArea()":2399.5397806591031,"Shape.STLength()":280.06391696150212}},{"type":"Feature","id":183,"geometry":{"type":"Polygon","coordinates":[[[-111.91230970306496,40.372846398905835],[-111.91290128022874,40.372835699974914],[-111.91397816899696,40.37283370851997],[-111.91454644812777,40.372832171922411],[-111.91513403259076,40.372806855134144],[-111.91454237156231,40.372816257954419],[-111.91375180798735,40.372818339809626],[-111.91317707055053,40.372820731141893],[-111.91291338844965,40.372820585299422],[-111.91230970306496,40.372846398905835]]]},"properties":{"GlobalID":"{62B9D775-1736-4D84-AB2A-88EE84909FB0}","OBJECTID":183,"PARKID":283,"TYPE":"Island","NAME":null,"COMMONNAME":"Pioneer Xing","ADDRESS":null,"USE_":"Landscape","STATUS":"Constructed","RESERVABLE":null,"PATH":null,"BATHROOM":null,"DRINKINGFNTN":null,"PAVILION":null,"TABLES":null,"BBQGRILLS":null,"FIREPIT":null,"BENCHES":null,"PLAYGRNDTOT":null,"PLAYGRNDSCHL":null,"SWINGSET":null,"BBALLCOURT":null,"TENNISCOURT":null,"VBALLCOURT":null,"HORSESHOES":null,"ADDAMENITIES":null,"OWNEDBY":"UDOT","MAINTBY":"City","AREA_SQFT":3495.0593891200001,"AREA_ACRES":0.080235520000000005,"LASTUPDATE":null,"LASTEDITOR":null,"NOTES":null,"FACILITYID":"5327","PARKINGTYPE":null,"PARKINGNUMSTALLS":null,"BOATING":null,"HASPAVILION":null,"HASTABLES":null,"HASBBQGRILLS":null,"HASFIREPIT":null,"HASBENCHES":null,"BASEBALL":null,"FISHING":null,"URL":null,"PICURL":null,"created_user":null,"created_date":null,"last_edited_user":"BGIBSON","last_edited_date":1767747273000,"YEARBUILT":null,"PHRAGMITES":null,"HASPICKLE":null,"TRAILHEAD":null,"Shape.STArea()":3495.0593891172398,"Shape.STLength()":1574.4242678587455}},{"type":"Feature","id":185,"geometry":{"type":"MultiPolygon","coordinates":[[[[-111.92246298609969,40.336327163586503],[-111.92230639988645,40.33635772237173],[-111.92223569331843,40.336370064330239],[-111.92213636196578,40.336388777144805],[-111.92198615162758,40.336409911651891],[-111.92178623325766,40.336433463429486],[-111.92160557418082,40.336449783553242],[-111.92142666426128,40.336465200959672],[-111.92109808430703,40.336494587665257],[-111.92069346672696,40.336525589095125],[-111.92038405620018,40.336532969849472],[-111.91988983646286,40.336547728064545],[-111.91987170273335,40.336547793206563],[-111.91986800623391,40.336548023538015],[-111.91986441742341,40.33654873352048],[-111.919861037383,40.336549901175665],[-111.91985796829881,40.336551492813037],[-111.91985529932815,40.336553461279408],[-111.91985310780416,40.336555750457663],[-111.91985145921366,40.336558291664474],[-111.91985040135667,40.336561010876068],[-111.9198499643466,40.336563828728643],[-111.91985016296957,40.336566661409975],[-111.91985098966146,40.336569426989634],[-111.91985242038712,40.336572044496826],[-111.9198544146567,40.336574436622413],[-111.91985691319417,40.336576533329897],[-111.91985984147892,40.336578273643802],[-111.91986311563035,40.336579605628586],[-111.91986663772225,40.336580490008203],[-111.91987307303384,40.336580466891142],[-111.92058429009647,40.336560451969731],[-111.92069014704587,40.336556489191523],[-111.92077084019921,40.336550827347956],[-111.92085621820604,40.33654604290988],[-111.9209632158598,40.336537152910708],[-111.92113218123589,40.3365217711453],[-111.92129471950268,40.336507756047503],[-111.92151280071175,40.336488615765603],[-111.92167417015803,40.336474604354507],[-111.92176245881767,40.336467570677101],[-111.92192321447432,40.336449084984537],[-111.92211901355346,40.336421518411967],[-111.92247721322168,40.336357552700605],[-111.92248012499861,40.336356037216007],[-111.92248267215558,40.336354177205699],[-111.92248478556674,40.336352023355133],[-111.92248641026796,40.336349632602918],[-111.92248749958368,40.336347069963487],[-111.92248802570741,40.336344406687495],[-111.92248797494449,40.336341712173237],[-111.92248734657949,40.336339061175977],[-111.92248615870521,40.336336524780393],[-111.92248444469729,40.336334171314071],[-111.92248224850135,40.336332065463779],[-111.92247963166082,40.336330262846367],[-111.92247666274723,40.336328813649502],[-111.9224734243825,40.336327756301735],[-111.92247000383506,40.336327119307974],[-111.92246649300866,40.33632691944802],[-111.92246298609969,40.336327163586503]]],[[[-111.92751913629316,40.333416667452241],[-111.92751596575525,40.333417415769226],[-111.92751300600584,40.333418561395959],[-111.92751033803934,40.333420070712648],[-111.9275080404402,40.333421901102014],[-111.9275061764378,40.333424000996651],[-111.92742653778465,40.333621039657089],[-111.92738899206537,40.333709670678701],[-111.92734312766221,40.333795978741421],[-111.92728918649539,40.333879508130316],[-111.9272274541123,40.333959815578723],[-111.92715825737341,40.334036476581353],[-111.92708196328158,40.33410908629957],[-111.92679622476277,40.334354908264039],[-111.9265032601857,40.334603528025987],[-111.92644121509227,40.334652974117674],[-111.9263750175097,40.334699159714283],[-111.92630496157764,40.334741881993864],[-111.92596697249185,40.33493247186054],[-111.92596493171855,40.334934737189627],[-111.92596343614677,40.334937239199995],[-111.92596253119835,40.334939901172106],[-111.92596224462518,40.334942643748946],[-111.92596258414417,40.33494538314342],[-111.92596353863672,40.334948034736385],[-111.92596508172397,40.334950520268642],[-111.92596716467212,40.33495276246326],[-111.9259697246864,40.334954694001404],[-111.92597268372303,40.334956255725665],[-111.92597595322498,40.3349574011256],[-111.9259794317622,40.334958095446204],[-111.92598301562388,40.334958315648933],[-111.92598659415556,40.334958057633855],[-111.92599006029509,40.334957327195006],[-111.92602255717669,40.334942429332251],[-111.92637615802114,40.334738851038388],[-111.926430858736,40.334705545038702],[-111.92648184106949,40.334668946349943],[-111.92652876876819,40.334629298474844],[-111.92693579282107,40.33428327448145],[-111.92710746495506,40.334133932599983],[-111.92717871903525,40.334064624101671],[-111.92724427912947,40.333992099489144],[-111.92730389863311,40.333916632565952],[-111.92735735219031,40.333838506964398],[-111.92740443924156,40.33375801883458],[-111.92744498280109,40.333675469643538],[-111.92754245496957,40.333434952413654],[-111.92754296654277,40.333432444074049],[-111.92754292009239,40.333429906253507],[-111.92754231841103,40.333427409191316],[-111.92754117607646,40.333425025785679],[-111.92753952763945,40.333422823457767],[-111.92753741937953,40.333420863281503],[-111.92753491049929,40.33341920268095],[-111.92753207189649,40.333417887329148],[-111.92752898619246,40.333416955651266],[-111.92752574064278,40.333416434347001],[-111.92752242477789,40.333416337499173],[-111.92751913629316,40.333416667452241]]],[[[-111.92465671262748,40.335671415497082],[-111.92465335340381,40.335671934759098],[-111.92465016284238,40.3356728920173],[-111.92464723726367,40.335674257200772],[-111.9245978775245,40.335698741946217],[-111.92441945229473,40.335781086537423],[-111.92423664528566,40.335857595334517],[-111.92404978169159,40.335928132042376],[-111.92385919502824,40.335992572946459],[-111.92366522356812,40.336050801521608],[-111.923468215087,40.336102714719921],[-111.92326851860254,40.336148219397899],[-111.92307167916702,40.33619253986506],[-111.92271157319564,40.33627176474166],[-111.92270866194796,40.336273173955341],[-111.92270609416443,40.336274932273597],[-111.92270394251229,40.336276990799327],[-111.92270226431482,40.336279293485958],[-111.92270110625313,40.336281776219629],[-111.9227005020457,40.336284372231503],[-111.9227004653649,40.336287008520742],[-111.92270099811961,40.336289613029706],[-111.92270208692467,40.336292114656686],[-111.92270370074684,40.336294443264443],[-111.92270579565725,40.336296536868055],[-111.92270831362063,40.336298336235487],[-111.92271118607106,40.336299792079792],[-111.9227143327345,40.336300865063436],[-111.92271766869079,40.336301525772484],[-111.92272110084235,40.336301754729682],[-111.922756554323,40.336294478167908],[-111.92320994518109,40.336193468617829],[-111.92341052442269,40.336149849473721],[-111.92353364471927,40.336118663849334],[-111.92371924598505,40.336070093620513],[-111.92391676004351,40.336007123776788],[-111.92411095312615,40.335938370964861],[-111.92430153630364,40.335863937120656],[-111.92448822423745,40.335783933175016],[-111.92467074105332,40.335698477230913],[-111.92467329470357,40.335696728827251],[-111.92467541448545,40.335694667678474],[-111.9246770348844,40.335692357067103],[-111.92467810807818,40.335689866515708],[-111.92467860158344,40.335687271795692],[-111.92467850058119,40.33568465041543],[-111.92467780792265,40.335682082521117],[-111.92467654408989,40.335679644592147],[-111.92467474838411,40.335677411238457],[-111.92467247300748,40.335675449817906],[-111.92466978894213,40.33567381951454],[-111.92466677652378,40.335672569571216],[-111.9246635266074,40.335671737484489],[-111.92466013821368,40.335671349013033],[-111.92465671262748,40.335671415497082]]],[[[-111.91916135559772,40.336569190350467],[-111.91871575972465,40.336581557259152],[-111.91866124080438,40.336584444546972],[-111.91849825758528,40.336590862526222],[-111.91834935441882,40.336598126915007],[-111.91801286348053,40.336615933988909],[-111.91784990751717,40.336626837924477],[-111.9175943266311,40.336642111037293],[-111.91756208566868,40.336644021185059],[-111.91755870652399,40.336644378199679],[-111.91755545116628,40.336645155368075],[-111.91755240656022,40.336646331664944],[-111.91754965725603,40.336647876166765],[-111.91754727714063,40.336649746279754],[-111.91754533297886,40.336651889528639],[-111.91754387503711,40.336654249894664],[-111.91754294527745,40.336656760580972],[-111.91754256800833,40.336659354853794],[-111.91754275455946,40.336661960621996],[-111.91754349861769,40.336664507658703],[-111.91754478092417,40.336666925783184],[-111.91754656577622,40.336669150277395],[-111.91754880454152,40.336671119171257],[-111.91755143569137,40.336672778646545],[-111.9175543895192,40.336674084821112],[-111.91755758341618,40.336675001064158],[-111.9175628633982,40.336675430717378],[-111.91815668138402,40.336640100534133],[-111.91828798249271,40.336631104421308],[-111.9183448497789,40.336628657418331],[-111.91847791305584,40.336620103300518],[-111.91859751249777,40.336615636593827],[-111.91875932906308,40.336610120588325],[-111.91885782657118,40.336607075663309],[-111.91955848950444,40.336591100019469],[-111.9195622464765,40.336590942432082],[-111.91956591458103,40.3365903033244],[-111.91956939153764,40.336589201076194],[-111.91957257514328,40.336587666675939],[-111.91957537740619,40.336585745471218],[-111.91957771744562,40.336583490889815],[-111.91957952857014,40.336580967116198],[-111.91958075943204,40.336578245484723],[-111.91958137403324,40.336575405380529],[-111.91958135638303,40.336572526116797],[-111.91958070698387,40.336569689649387],[-111.91957944281489,40.33656697787508],[-111.91957760082936,40.336564467215076],[-111.91957523325287,40.336562229532639],[-111.91957240755534,40.33656032762989],[-111.91956920528546,40.336558817053337],[-111.91956571497036,40.336557739815063],[-111.91956203919396,40.336557127068971],[-111.91955828045714,40.336556996459734],[-111.91916135559772,40.336569190350467]]],[[[-111.9172354782221,40.336690409253912],[-111.91723243083602,40.336691130732184],[-111.91709755227161,40.336717617927306],[-111.91702344387092,40.336737044245794],[-111.91693504443835,40.336759258521852],[-111.91686452924375,40.336781409848619],[-111.9167984684052,40.33680080732173],[-111.91669046942755,40.336835409269895],[-111.91653873259892,40.336883854827342],[-111.91637270034778,40.336934404556438],[-111.91621025280357,40.336986309346081],[-111.91615219471392,40.336998150457028],[-111.91612181000623,40.337001680142158],[-111.91611814347803,40.337001812979707],[-111.91611456346716,40.33700243185136],[-111.91611117694667,40.337003515661756],[-111.91610808848084,40.337005034317677],[-111.91610539192695,40.33700693885087],[-111.91610316815792,40.337009174034804],[-111.91610148500759,40.337011669378441],[-111.91610039381658,40.337014351747897],[-111.91609992702934,40.337017137268596],[-111.91610009944212,40.337019943029681],[-111.91610090700405,40.337022683485259],[-111.91610232331405,40.337025274970394],[-111.91610430552143,40.33702763838189],[-111.91610679434821,40.33702970278064],[-111.91610971408865,40.33703140539177],[-111.91611297497994,40.337032694297996],[-111.91611647909733,40.337033530220147],[-111.91612012036542,40.337033888317997],[-111.91612378690628,40.337033757281603],[-111.91612736692963,40.337033140210927],[-111.91614971224956,40.337031008111211],[-111.91618364863292,40.337023358882668],[-111.91623990951321,40.337010156093669],[-111.91628365870797,40.336998365901358],[-111.91633898763017,40.336979006949043],[-111.91640057235124,40.336958942103088],[-111.91648804146111,40.336930572114575],[-111.91663622679431,40.336886245273369],[-111.91677188663539,40.336841278424011],[-111.91692095236233,40.336794895535313],[-111.91705220331264,40.336760209509407],[-111.91711918233449,40.336744914605468],[-111.91724333290537,40.3367191501642],[-111.91724640060738,40.336718479048606],[-111.9172492800358,40.336717427636906],[-111.91725189251889,40.336716025930805],[-111.91725416531911,40.336714312016703],[-111.91725603517445,40.336712333853946],[-111.91725745180734,40.336710145660199],[-111.91725837439954,40.336707808824187],[-111.91725877744337,40.336705386481398],[-111.91725865076397,40.336702947116343],[-111.91725799829848,40.336700557361908],[-111.91725683574745,40.336698282908202],[-111.91725519763109,40.336696187577125],[-111.91725312902322,40.336694328848218],[-111.91725068555684,40.336692758759675],[-111.91724793692748,40.336691519392438],[-111.91724495749976,40.336690646506398],[-111.91724182979989,40.336690163223459],[-111.91723864100668,40.336690083642523],[-111.9172354782221,40.336690409253912]]],[[[-111.92568021199369,40.335095964100688],[-111.92567691585197,40.335096780372105],[-111.92567385182829,40.335098018195744],[-111.9248556934879,40.335561804762683],[-111.92485350113729,40.335563739189162],[-111.92485176937656,40.335565930423492],[-111.92485054724374,40.335568315243123],[-111.9248498719631,40.335570823263161],[-111.92484976074648,40.335573383270983],[-111.92485021900869,40.335575919593573],[-111.92485123335697,40.335578360228851],[-111.92485277275057,40.335580634139511],[-111.92485479323676,40.335582675738948],[-111.92485723795039,40.335584424891344],[-111.92486003361701,40.335585832328086],[-111.92486310112251,40.335586856006955],[-111.92486635202141,40.335587467429036],[-111.92486968969155,40.335587648032309],[-111.92487301994835,40.335587392755265],[-111.92487624515502,40.335586709157944],[-111.9248792724603,40.335585617391814],[-111.92488201378782,40.335584148398638],[-111.92492272095951,40.335562362668121],[-111.92569600246931,40.335123583097527],[-111.92569868597107,40.335121905348196],[-111.92570095080202,40.335119898590698],[-111.92570273143231,40.335117623406248],[-111.92570397297422,40.335115148443087],[-111.92570463821583,40.335112545887547],[-111.92570470882021,40.335109895062168],[-111.9257041817495,40.335107275234066],[-111.9257030716026,40.335104762903825],[-111.92570141416189,40.335102434495212],[-111.92569925693952,40.335100360084553],[-111.92569666504465,40.335098600677924],[-111.9256937152993,40.33509720823232],[-111.9256904974206,40.335096226552018],[-111.92568710573239,40.335095683213169],[-111.9256836427294,40.335095594954524],[-111.92568021199369,40.335095964100688]]],[[[-111.9276096367322,40.333176072072035],[-111.92760996268792,40.333178703436872],[-111.92761085422234,40.333181255277829],[-111.92761228854786,40.333183659229981],[-111.92761422522419,40.33318584699289],[-111.92761660973947,40.333187758423541],[-111.92761937702407,40.333189338821057],[-111.92762244796492,40.333190546145104],[-111.92762573995768,40.333191344672443],[-111.9276291587253,40.333191714033376],[-111.92763261005263,40.333191643764941],[-111.92763599861503,40.333191134216037],[-111.92763922918361,40.333190201045738],[-111.92764221129889,40.333188869803003],[-111.9276448639891,40.333187177710009],[-111.92764711105195,40.33318517187876],[-111.92779928308457,40.332813290176993],[-111.92776060268855,40.332804194832789],[-111.9276096367322,40.333176072072035]]]]},"properties":{"GlobalID":"{684B8DB5-9975-4C0E-8DEF-A7D20BDA4C46}","OBJECTID":185,"PARKID":31,"TYPE":"Frontage","NAME":null,"COMMONNAME":"Grandview Islands","ADDRESS":" ","USE_":"Landscape","STATUS":"Constructed","RESERVABLE":" ","PATH":null,"BATHROOM":" ","DRINKINGFNTN":null,"PAVILION":null,"TABLES":null,"BBQGRILLS":null,"FIREPIT":null,"BENCHES":null,"PLAYGRNDTOT":null,"PLAYGRNDSCHL":null,"SWINGSET":null,"BBALLCOURT":null,"TENNISCOURT":null,"VBALLCOURT":null,"HORSESHOES":null,"ADDAMENITIES":" ","OWNEDBY":"City","MAINTBY":"City","AREA_SQFT":38105.754862330003,"AREA_ACRES":0.87478776000000003,"LASTUPDATE":null,"LASTEDITOR":null,"NOTES":null,"FACILITYID":"684","PARKINGTYPE":null,"PARKINGNUMSTALLS":null,"BOATING":null,"HASPAVILION":null,"HASTABLES":null,"HASBBQGRILLS":null,"HASFIREPIT":null,"HASBENCHES":null,"BASEBALL":null,"FISHING":null,"URL":null,"PICURL":null,"created_user":null,"created_date":null,"last_edited_user":"BGIBSON","last_edited_date":1767747226000,"YEARBUILT":2006,"PHRAGMITES":null,"HASPICKLE":null,"TRAILHEAD":null,"Shape.STArea()":38105.754862334361,"Shape.STLength()":6927.6122062561462}},{"type":"Feature","id":188,"geometry":{"type":"Polygon","coordinates":[[[-111.87768462531778,40.28930918286661],[-111.87766465802854,40.289279251423352],[-111.87765574844319,40.289264652843336],[-111.87764608039097,40.289248796711419],[-111.87762889737128,40.289217866449633],[-111.8776131373877,40.289186495671913],[-111.87754496689175,40.289041930025675],[-111.87743960311961,40.28882303263839],[-111.87733424119212,40.288604134236763],[-111.87722887055423,40.288385240258592],[-111.87712351818134,40.28816633710727],[-111.87701501379756,40.287948364482908],[-111.87689866238946,40.287738785871412],[-111.8767599764107,40.287529801555088],[-111.87652344064252,40.287590269056388],[-111.87668283892609,40.287800467569724],[-111.87674239694184,40.287893423000831],[-111.87679009028747,40.287976469038988],[-111.87684496909495,40.28807757864714],[-111.87704347006394,40.288452294867518],[-111.87734979795711,40.289039077927349],[-111.87757871860229,40.289434441237212],[-111.87759616554867,40.289454145002999],[-111.87761744312559,40.289471502808695],[-111.87764201969637,40.28948608225992],[-111.87766928402553,40.28949751966887],[-111.87769855946114,40.289505532617689],[-111.87772911452033,40.289509919924626],[-111.87785311784694,40.289510423087258],[-111.87773865571071,40.289380350094376],[-111.87768462531778,40.28930918286661]]]},"properties":{"GlobalID":"{3E1FB684-2E04-4921-B6D3-F1E950763301}","OBJECTID":188,"PARKID":22,"TYPE":"Frontage","NAME":null,"COMMONNAME":" ","ADDRESS":" ","USE_":"Trail","STATUS":"Constructed","RESERVABLE":" ","PATH":null,"BATHROOM":" ","DRINKINGFNTN":null,"PAVILION":null,"TABLES":null,"BBQGRILLS":null,"FIREPIT":null,"BENCHES":null,"PLAYGRNDTOT":null,"PLAYGRNDSCHL":null,"SWINGSET":null,"BBALLCOURT":null,"TENNISCOURT":null,"VBALLCOURT":null,"HORSESHOES":null,"ADDAMENITIES":" ","OWNEDBY":"City","MAINTBY":"City","AREA_SQFT":43097.210147749996,"AREA_ACRES":0.98937580999999997,"LASTUPDATE":null,"LASTEDITOR":null,"NOTES":null,"FACILITYID":"691","PARKINGTYPE":null,"PARKINGNUMSTALLS":null,"BOATING":null,"HASPAVILION":null,"HASTABLES":null,"HASBBQGRILLS":null,"HASFIREPIT":null,"HASBENCHES":null,"BASEBALL":null,"FISHING":null,"URL":null,"PICURL":null,"created_user":null,"created_date":null,"last_edited_user":"BGIBSON","last_edited_date":1767747226000,"YEARBUILT":2000,"PHRAGMITES":null,"HASPICKLE":null,"TRAILHEAD":null,"Shape.STArea()":43097.210147747574,"Shape.STLength()":1675.8010451892403}},{"type":"Feature","id":195,"geometry":{"type":"Polygon","coordinates":[[[-111.88041541407388,40.287898113865836],[-111.88041541501424,40.287898283184283],[-111.88041675897306,40.28792067337654],[-111.88126151429915,40.287916531930939],[-111.88130316364928,40.287916395969013],[-111.88132398060283,40.28791494101236],[-111.88134297600585,40.287911412406963],[-111.88135871327984,40.287907186528642],[-111.88139076629383,40.287875893386648],[-111.8813942959288,40.287859240618886],[-111.88139840951295,40.287785035543557],[-111.88140182985859,40.287748967898452],[-111.88141030136126,40.287691332191095],[-111.88142475481195,40.287634399265443],[-111.88144509929832,40.287578530575516],[-111.88147120273202,40.287524085006815],[-111.8814255951868,40.287525113887362],[-111.88135906138579,40.287526111106871],[-111.88105583058783,40.287526806286593],[-111.88105562006747,40.287526806072762],[-111.88061856074192,40.287527806965869],[-111.88041399279076,40.28752827528627],[-111.88041399221989,40.287528384266317],[-111.88041541407388,40.287898113865836]]]},"properties":{"GlobalID":"{E0921302-2D51-4003-8EA6-83DA1074A3BE}","OBJECTID":195,"PARKID":4,"TYPE":"Public Park","NAME":"Mountain Moon Park","COMMONNAME":"Plat J (Mountain Moon Park)","ADDRESS":"4112 S MOUNTAIN MOON DR","USE_":"Recreation","STATUS":"Constructed","RESERVABLE":"No","PATH":"No","BATHROOM":"No","DRINKINGFNTN":"No","PAVILION":2,"TABLES":2,"BBQGRILLS":0,"FIREPIT":0,"BENCHES":0,"PLAYGRNDTOT":"No","PLAYGRNDSCHL":"Yes","SWINGSET":"Yes","BBALLCOURT":"No","TENNISCOURT":"No","VBALLCOURT":"No","HORSESHOES":"No","ADDAMENITIES":" ","OWNEDBY":"City","MAINTBY":"City","AREA_SQFT":39636.489637309998,"AREA_ACRES":0.90992859999999998,"LASTUPDATE":null,"LASTEDITOR":null,"NOTES":null,"FACILITYID":"688","PARKINGTYPE":"None","PARKINGNUMSTALLS":null,"BOATING":null,"HASPAVILION":null,"HASTABLES":null,"HASBBQGRILLS":null,"HASFIREPIT":null,"HASBENCHES":null,"BASEBALL":null,"FISHING":null,"URL":null,"PICURL":null,"created_user":null,"created_date":null,"last_edited_user":"BGIBSON","last_edited_date":1767747226000,"YEARBUILT":2000,"PHRAGMITES":null,"HASPICKLE":null,"TRAILHEAD":null,"Shape.STArea()":39636.4896373066,"Shape.STLength()":846.47606005260093}},{"type":"Feature","id":196,"geometry":{"type":"Polygon","coordinates":[[[-111.93130979664315,40.336982077436318],[-111.93130970413758,40.336981218572333],[-111.93130956134915,40.336979851035437],[-111.9313094232627,40.336978482580527],[-111.93130929105513,40.336977113203275],[-111.93130916120705,40.336975744717961],[-111.93130903724355,40.336974376210982],[-111.93130891562248,40.336973005894045],[-111.93130879870905,40.336971635559721],[-111.93130868768591,40.336970266104316],[-111.93130858018779,40.336968895735268],[-111.93130847740301,40.33696752624946],[-111.93130837814326,40.336966155850028],[-111.93130828359116,40.336964785433167],[-111.93130819374103,40.336963414098378],[-111.93130810742169,40.336962042750521],[-111.9313080269925,40.336960672281599],[-111.93130795008841,40.336959300899011],[-111.93130787789195,40.336957929499086],[-111.93130780922618,40.336956558086051],[-111.9313077452681,40.336955186655722],[-111.93130768601196,40.336953814307385],[-111.9313076302866,40.336952441946018],[-111.93130762044783,40.336952188003373],[-111.93130757927456,40.336951070467862],[-111.93127475166949,40.336026404629294],[-111.93127326095207,40.335984447753532],[-111.93033178807052,40.335985559960349],[-111.93033016223943,40.335987164572941],[-111.93032905447659,40.335988243108716],[-111.93032793845282,40.335989318072315],[-111.93032681651624,40.335990388554507],[-111.93032568749558,40.335991455460253],[-111.93032455138524,40.335992517888883],[-111.93032340936212,40.335993575836135],[-111.93032225788414,40.335994627513728],[-111.93032110051033,40.335995677411752],[-111.93031993839492,40.335996721923365],[-111.93031876683607,40.335997761966638],[-111.93031758935874,40.335998796627827],[-111.93031640597425,40.335999827708264],[-111.93031521432312,40.336000854315877],[-111.93031401675924,40.336001876442118],[-111.9303128121056,40.336002894091237],[-111.93031160270476,40.336003905453417],[-111.93031038504863,40.336004914144041],[-111.93030916029143,40.336005916556417],[-111.93030793080398,40.336006915383592],[-111.93030669305,40.336007909738022],[-111.93030544938313,40.336008899611031],[-111.9303041997978,40.336009884102012],[-111.93030294429404,40.336010863210966],[-111.93030168052361,40.336011837847131],[-111.93030041201166,40.336012807097013],[-111.93029913641561,40.336013772770336],[-111.93029785490111,40.336014733061667],[-111.93029656629123,40.336015687975291],[-111.93029527294543,40.336016638403159],[-111.93029397132175,40.336017582557027],[-111.93029266496777,40.336018523125794],[-111.93029135387793,40.336019459208799],[-111.93029003333321,40.336020389022124],[-111.93028870922946,40.336021314345366],[-111.93028737803034,40.336022234290944],[-111.93028604209535,40.336023149750737],[-111.93028469906493,40.336024059832795],[-111.93028335011607,40.336024964532839],[-111.93028199524871,40.336025863850871],[-111.9302806344629,40.336026757786854],[-111.93027926776998,40.336027648142029],[-111.93027789632407,40.336028531309616],[-111.93027651778854,40.336029410000101],[-111.93027513333443,40.336030283308546],[-111.93027374531573,40.336031151226265],[-111.93027235020728,40.336032014666948],[-111.93027095034591,40.336032870919979],[-111.93026954222364,40.336033723600885],[-111.93026813170788,40.33603456998614],[-111.93026671410247,40.336035411894308],[-111.93026529174976,40.336036247515501],[-111.93026386347294,40.336037076853998],[-111.93026243046583,40.336037902607416],[-111.93026099035772,40.336038722082485],[-111.93025954550806,40.336039536171171],[-111.93025809708804,40.336040343968534],[-111.93025664157264,40.336041146388197],[-111.93025518132129,40.336041944322112],[-111.93025371631708,40.336042735068432],[-111.93025224657694,40.336043521328932],[-111.93025077091265,40.336044301306835],[-111.93024928932996,40.336045075902696],[-111.93024780418251,40.33604584510789],[-111.93024631311096,40.336046608030351],[-111.93024481729785,40.336047365566436],[-111.93024331792003,40.336048117711904],[-111.93024181261806,40.336048863574618],[-111.93024030139766,40.336049604055354],[-111.93023878661255,40.336050339145338],[-111.93023726707456,40.336051067047734],[-111.93023574044115,40.336051789572409],[-111.93023421260257,40.336052507598382],[-111.9302326776573,40.33605321844535],[-111.93023114032422,40.33605392389731],[-111.93022959589015,40.336054623070943],[-111.93022804789135,40.336055316853837],[-111.93022649631658,40.33605600344486],[-111.930224938829,40.336056685554389],[-111.9302233777654,40.336057360472026],[-111.93022181196025,40.336058030003251],[-111.93022024259611,40.3360586950444],[-111.93021866729644,40.336059352001669],[-111.93021708843214,40.336060003568221],[-111.9302155071744,40.336060648839144],[-111.93021391882132,40.336061288732303],[-111.93021232689217,40.336061921433526],[-111.93021073258096,40.336062549640381],[-111.93020913351685,40.33606317065955],[-111.93020752970547,40.336063785391779],[-111.93020592232946,40.336064394733313],[-111.93020431137739,40.336064996882847],[-111.93020269568382,40.336065593646055],[-111.93020107641421,40.336066183217319],[-111.93019945240873,40.336066768302814],[-111.93019782600413,40.336067346191996],[-111.93019619485226,40.336067917794274],[-111.930194561307,40.336068483100838],[-111.9301929230145,40.336069042120414],[-111.93019128115166,40.336069594848652],[-111.93018963690105,40.336070142181853],[-111.93018798789753,40.336070682327446],[-111.9301863353237,40.336071216181729],[-111.93018468035645,40.336071743740334],[-111.93018302064192,40.336072265011985],[-111.93018135736277,40.336072780892849],[-111.93017969167884,40.336073288676879],[-111.93017802243025,40.336073791070206],[-111.9301763507882,40.336074287167868],[-111.93017467439893,40.336074776978535],[-111.93017299561059,40.336075259592874],[-111.93017131325192,40.336075735915969],[-111.93016962850545,40.336076206843948],[-111.93016794135423,40.336076669675087],[-111.93016624946144,40.336077127119871],[-111.93016455517525,40.336077578268934],[-111.93016285731305,40.336078022226069],[-111.93016115823431,40.336078459883218],[-111.93015945557963,40.336078890348404],[-111.93015775054278,40.336079316319207],[-111.93015604074176,40.336079733301169],[-111.9301543309124,40.336080145780002],[-111.93015261750709,40.336080551066914],[-111.93015089934885,40.336080949166174],[-111.93014918115102,40.336081340961158],[-111.93014745938284,40.336081726464819],[-111.93014573639245,40.336082104767812],[-111.93014400983745,40.336082477680137],[-111.93014228205453,40.336082842491265],[-111.93014054953011,40.33608320191594],[-111.93013881696037,40.336083554135726],[-111.93013708082036,40.33608390006416],[-111.93013534228118,40.336084238796353],[-111.9301336025255,40.336084571228568],[-111.93013186037075,40.336084896464449],[-111.93013011582823,40.336085216305307],[-111.93012836770406,40.336085528053623],[-111.9301266195403,40.33608583349757],[-111.93012486898306,40.33608613264591],[-111.93012311603243,40.336086425498578],[-111.93012136185962,40.336086711150635],[-111.9301196064646,40.336086989602052],[-111.93011784867619,40.336087261757854],[-111.93011608848867,40.336087526717336],[-111.93011432825591,40.336087784471879],[-111.93011256445845,40.336088036835733],[-111.93011079944446,40.336088282899603],[-111.93010903202008,40.336088519965969],[-111.93010726456744,40.336088752529207],[-111.93010549588691,40.336088976991256],[-111.93010372481297,40.336089195157626],[-111.93010195251684,40.336089406123392],[-111.93010017900984,40.336089611689765],[-111.93009840427507,40.336089809154942],[-111.93009662831805,40.336089999419478],[-111.9300948511502,40.336090184284686],[-111.93009307157764,40.336090361052968],[-111.93009129196541,40.336090531516959],[-111.93008951113102,40.336090694780303],[-111.93008772908013,40.336090851743641],[-111.93008594698961,40.336091002402704],[-111.93008416367122,40.336091144960506],[-111.93008237913639,40.336091281218309],[-111.93008059338496,40.336091411176149],[-111.93007880523454,40.33609153393769],[-111.93007701821567,40.336091649489966],[-111.93007523115723,40.336091758737986],[-111.93007344170537,40.336091861690278],[-111.93007165337379,40.336091955632028],[-111.93006986383701,40.336092045075048],[-111.93006807307245,40.336092126416844],[-111.93006628109133,40.336092201458683],[-111.93006449024186,40.336092269291214],[-111.93006269817025,40.336092329923147],[-111.93006090605897,40.336092384250762],[-111.93005911390242,40.336092431373459],[-111.9300573217063,40.336092472191794],[-111.92948016249025,40.336104464424949],[-111.92947818922106,40.33610453291876],[-111.92947640099572,40.336104643963132],[-111.92947462011433,40.336104800012187],[-111.92947284658243,40.336105001966651],[-111.92947108157136,40.336105248921434],[-111.92946932860615,40.336105539963036],[-111.92946758886934,40.336105875987755],[-111.92946586589153,40.336106256982632],[-111.92946416083275,40.336106680241471],[-111.92946247488118,40.336107147561123],[-111.92946080920804,40.336107658036724],[-111.92945916733271,40.336108209854082],[-111.92945755043775,40.336108803909433],[-111.92945595968877,40.336109438397294],[-111.92945439743949,40.336110113308919],[-111.92945286721499,40.336110827730828],[-111.92945136783275,40.336111580766676],[-111.92944990164085,40.336112371507248],[-111.92944847216997,40.33611319993949],[-111.92944707823202,40.336114064266539],[-111.92944572216936,40.336114962678558],[-111.92944440751843,40.336115896063127],[-111.92944313308533,40.336116861722786],[-111.92944190240067,40.336117859644581],[-111.92944071545892,40.336118888927814],[-111.92943957342004,40.336119946866361],[-111.92943847982029,40.336121034347876],[-111.92943743228891,40.336122148679166],[-111.92943643435665,40.336123289847244],[-111.92943548717778,40.336124454245329],[-111.92943459194615,40.336125644570984],[-111.92943374745097,40.336126855424816],[-111.929432956046,40.336128086798176],[-111.9294322200851,40.336129338682419],[-111.92943153837436,40.33613060838006],[-111.92943091325633,40.336131894081134],[-111.92943034355405,40.336133195790111],[-111.92942983160441,40.336134510796363],[-111.92942937622486,40.336135838203653],[-111.92942897858666,40.336137177107041],[-111.92942864102659,40.336138524796084],[-111.92942836118532,40.336139880378752],[-111.92942814141092,40.336141242945857],[-111.92942798050957,40.336142609799737],[-111.92942787965248,40.336143980035608],[-111.92942783882839,40.336145351852217],[-111.92942785685479,40.33614672435322],[-111.92945493422177,40.336909960382528],[-111.92945505287076,40.336911800843374],[-111.9294552120931,40.336913167421436],[-111.92945542896138,40.336914530185155],[-111.92945570816063,40.336915885514763],[-111.92945604381198,40.33691723433256],[-111.92945643824666,40.336918573027361],[-111.92945689145904,40.336919900698568],[-111.92945740108956,40.336921216454229],[-111.92945796948088,40.336922518484513],[-111.92945859309087,40.336923805001106],[-111.92945927191955,40.336925076004007],[-111.92946000712124,40.336926327886438],[-111.92946079633647,40.336927559756468],[-111.92946163486329,40.336928772532019],[-111.92946253092303,40.33692996348092],[-111.92946347742604,40.336931128126068],[-111.92946447438935,40.336932269169289],[-111.92946450163906,40.336932297889469],[-111.9294655206189,40.336933383913106],[-111.92946563906709,40.3369335041629],[-111.92946650600115,40.336934367387876],[-111.92946661141286,40.336934473275392],[-111.92946682805315,40.336934674221482],[-111.92946761766305,40.336935406237934],[-111.92946775262753,40.336935532731488],[-111.92946801061225,40.336935757842816],[-111.92946876914782,40.336936414320128],[-111.92946893837831,40.336936562302967],[-111.92946928143958,40.33693684113976],[-111.92946993207396,40.336937370123415],[-111.92947016748826,40.336937561994198],[-111.92947064406589,40.336937924099438],[-111.92947115257826,40.336938311305055],[-111.92947143994053,40.33693852910335],[-111.92947199320936,40.336938921548331],[-111.92947241171717,40.336939219921859],[-111.92947275455241,40.336939462734087],[-111.92947361494802,40.336940034177459],[-111.92947373078249,40.33694011300765],[-111.92947410779328,40.336940362899398],[-111.92947499276842,40.336940912637225],[-111.92947506365991,40.336940956507775],[-111.92947549965187,40.336941227798022],[-111.92947640802392,40.336941754934017],[-111.92947643873659,40.336941772833875],[-111.92947692895113,40.336942057434349],[-111.92947785953197,40.3369425601716],[-111.92947839332042,40.336942849115118],[-111.92947934493868,40.336943328358558],[-111.92947989276534,40.336943603740998],[-111.92948142257255,40.336944320428685],[-111.92948298272522,40.336944996476269],[-111.92948457322888,40.336945632784378],[-111.92948618818771,40.336946227573449],[-111.92948782996123,40.336946781735385],[-111.92948949500165,40.33694729258135],[-111.92949117978397,40.336947761024959],[-111.92949288549075,40.336948187962442],[-111.92949460738605,40.336948568908085],[-111.92949634548117,40.336948905663071],[-111.9294980986049,40.336949199132377],[-111.92949986203827,40.336949447532064],[-111.92950163578129,40.336949650862095],[-111.92950341865134,40.336949808226215],[-111.92950520594647,40.336949920542317],[-111.92950699648975,40.33694998781472],[-111.92950879026426,40.336950007341592],[-111.93019830902544,40.33694919897399],[-111.93020075708833,40.336949204373873],[-111.93020255084038,40.336949220287678],[-111.93020434465467,40.336949246108169],[-111.93020613735435,40.33694928183975],[-111.93020793011058,40.336949326577447],[-111.93020972175222,40.336949381226134],[-111.93021151462736,40.336949444876645],[-111.9302133052166,40.336949519343143],[-111.93021509468558,40.336949602820091],[-111.93021688538805,40.336949695298827],[-111.93021867379898,40.336949797692952],[-111.93022046109527,40.336949909998097],[-111.93022224727694,40.336950032214332],[-111.930224032344,40.336950164341602],[-111.93022581746762,40.336950305474957],[-111.93022760029973,40.336950456523738],[-111.93022938083465,40.336950616587274],[-111.93023116026058,40.336950787462484],[-111.93023293856058,40.336950966447525],[-111.93023471457469,40.336951156248595],[-111.93023648946851,40.336951355060073],[-111.93023826324767,40.336951563782634],[-111.93024003355279,40.336951781524235],[-111.93024180274323,40.336952009176926],[-111.9302435696365,40.33695224584438],[-111.93024533423824,40.336952492427237],[-111.93024709536586,40.33695274802924],[-111.93024885655581,40.336953013537922],[-111.93025061310604,40.336953289871246],[-111.93025236734772,40.336953573418164],[-111.93025412048046,40.336953867776749],[-111.93025586896222,40.336954171158752],[-111.93025761514674,40.336954483555523],[-111.93025935904544,40.336954806768311],[-111.93026109828178,40.336955137203333],[-111.93026283641484,40.336955479350571],[-111.93026457106814,40.336955829616365],[-111.93026630224165,40.33695618800062],[-111.93026802995809,40.336956558105811],[-111.93026975419473,40.33695693632955],[-111.93027147495731,40.336957323572399],[-111.93027319224581,40.336957719834324],[-111.93027490488896,40.336958126020285],[-111.93027661406363,40.33695854212597],[-111.9302783197586,40.336958966350203],[-111.93028002197946,40.336959399593511],[-111.93028171955498,40.336959842760891],[-111.93028341247381,40.33696029405106],[-111.93028510192427,40.336960755261011],[-111.93028678790056,40.336961225489993],[-111.9302884680547,40.33696170564739],[-111.93029014355213,40.336962193927647],[-111.93029181557546,40.336962691226972],[-111.9302934829478,40.336963197549785],[-111.93029514566912,40.336963712895987],[-111.93029680373949,40.336964237265725],[-111.93029845598195,40.336964770663172],[-111.93030010356775,40.336965312183445],[-111.93030174650816,40.336965863627768],[-111.93030338479201,40.336966423194966],[-111.93030501724792,40.336966991789929],[-111.93030664388155,40.336967570313227],[-111.93030826467599,40.336968156063115],[-111.93030988199634,40.336968750832128],[-111.93031149348312,40.336969353728314],[-111.93031309797072,40.33696996655722],[-111.93031469780173,40.336970587508944],[-111.93031629179916,40.336971216587813],[-111.93031787997431,40.336971855595102],[-111.93031946231028,40.336972501828953],[-111.93032103764146,40.336973157094882],[-111.93032260831596,40.336973820483678],[-111.93032417197998,40.336974492003932],[-111.93032572863919,40.336975172556301],[-111.93032728064745,40.336975862132157],[-111.93032882563953,40.336976558938908],[-111.93033036479808,40.336977263872775],[-111.93033189695747,40.336977978739391],[-111.93033342209503,40.336978699936282],[-111.93033494023355,40.336979431065913],[-111.93033645253279,40.33698016942207],[-111.93033795664466,40.336980915914069],[-111.93033945491727,40.336981669632642],[-111.9303409461908,40.336982433283943],[-111.93034243044819,40.336983204166096],[-111.93034390768943,40.336983982279186],[-111.93034537792586,40.336984769424383],[-111.9303468411462,40.33698556380044],[-111.93034829617913,40.336986366312367],[-111.93034974301901,40.336987176059516],[-111.93035118285412,40.336987994838765],[-111.93035261566742,40.336988819948296],[-111.93035404147027,40.336989653189306],[-111.93035545908575,40.336990494566201],[-111.93035686733124,40.336991343182632],[-111.93035827090318,40.33699219722002],[-111.93035912516179,40.336992727250333],[-111.93035966629904,40.336993061194569],[-111.93036051469576,40.336993594848906],[-111.93036105232491,40.336993932408603],[-111.93036189604798,40.336994471483997],[-111.93036242899215,40.336994812663427],[-111.93036379746644,40.336995700153473],[-111.93036463064267,40.336996246472779],[-111.93036516009012,40.336996593068875],[-111.9303665121726,40.336997494128795],[-111.93036733481335,40.336998049493211],[-111.93036785841025,40.336998401514599],[-111.93036867519476,40.336998961403772],[-111.9303691941067,40.336999317044992],[-111.93037000621752,40.33699988235513],[-111.93037052161571,40.337000240711198],[-111.93037132903598,40.337000808740484],[-111.93037184209166,40.337001168906433],[-111.93037264366701,40.337001743261695],[-111.93037315203209,40.337002106146812],[-111.93037394892811,40.337002685022455],[-111.93037445143133,40.337003051531688],[-111.93037524481363,40.337003633122173],[-111.93037574732813,40.337004001432618],[-111.93037703151253,40.337004960383034],[-111.93037781200553,40.337005551027261],[-111.93037830631566,40.337005924771724],[-111.93037908330624,40.337006519932068],[-111.93037957410264,40.337006896391365],[-111.93038083134279,40.337007875254891],[-111.93038159543272,40.337008477667737],[-111.93038208038426,40.337008860453011],[-111.93038283979483,40.337009467386281],[-111.9303833200501,40.337009851990111],[-111.93038407359315,40.337010461646884],[-111.93038455151721,40.337010849861819],[-111.93038460712084,40.337010895589422],[-111.93038577126624,40.337011855882373],[-111.93038651427375,40.337012474584235],[-111.93038698281657,40.337012868237487],[-111.93038771995657,40.337013489662894],[-111.93038818616255,40.337013886026696],[-111.93038891862327,40.337014511972484],[-111.93038938013288,40.337014910154785],[-111.93039010673175,40.337015539724732],[-111.93039012211649,40.337015553177558],[-111.93039056707582,40.337015939712593],[-111.93039128312212,40.337016575625796],[-111.93039173878121,40.337016979233461],[-111.93039245483315,40.33701761604727],[-111.93039290344784,40.337018022382743],[-111.93039361363792,40.337018662820661],[-111.93039405873887,40.337019071871019],[-111.9303947630727,40.337019716833687],[-111.93039520582549,40.337020126793313],[-111.93039589961251,40.337020778999843],[-111.93039634002278,40.337021190769327],[-111.93039703145595,40.337021842984555],[-111.93039746600438,40.337022258378191],[-111.93039815158136,40.337022915118105],[-111.93039858261038,40.337023332325998],[-111.93039926233114,40.33702399359067],[-111.93039968866952,40.337024413517675],[-111.93040036252275,40.337025077505842],[-111.9304007841648,40.337025499251439],[-111.93040145333872,40.337026167759994],[-111.93040187380954,40.33702659041051],[-111.93040295055363,40.337027688822189],[-111.93040360211923,40.33702836460067],[-111.93040401556259,40.337028792680854],[-111.93040507119593,40.337029902878491],[-111.93040611626546,40.33703101761818],[-111.93040715313627,40.337032138692514],[-111.93040817709505,40.337033265218153],[-111.93040919166693,40.337034396281545],[-111.93041019568626,40.33703553368823],[-111.93041118914741,40.337036676537558],[-111.93041217322728,40.337037824825288],[-111.93041314556639,40.337038977659375],[-111.93041410735297,40.337040136836784],[-111.93041505739312,40.337041299659901],[-111.93041599923458,40.337042468817685],[-111.93041692815837,40.337043642526233],[-111.93041784769518,40.337044820772476],[-111.93041875549689,40.337046004465812],[-111.93041965156354,40.33704719360604],[-111.93042053824324,40.337048387284064],[-111.93042141318217,40.337049585508524],[-111.93042227755721,40.337050788274958],[-111.93042313019149,40.337051995587856],[-111.93042397108502,40.33705320744717],[-111.93042480259159,40.337054423844201],[-111.93042562235743,40.337055644787597],[-111.93042642919993,40.337056869381144],[-111.93042722666677,40.337058100313627],[-111.93042801238151,40.337059333991292],[-111.93042878635551,40.337060572215393],[-111.93042954858304,40.337061814085232],[-111.93043029906981,40.337063060501507],[-111.930431040164,40.337064310554915],[-111.93043176834051,40.337065565159072],[-111.93043248359365,40.337066823413288],[-111.93043318945983,40.337068086205306],[-111.93043388357388,40.337069351742471],[-111.93043456476464,40.337070620929744],[-111.93043523539153,40.337071894659118],[-111.93043589308371,40.337073170237375],[-111.9304365402177,40.337074451258331],[-111.93043717442271,40.337075735028776],[-111.93043779805811,40.337077022440695],[-111.93043840876457,40.337078312602088],[-111.93043900771887,40.337079605508684],[-111.93043959493811,40.337080903862301],[-111.93044017039385,40.337082203159888],[-111.93044073292633,40.337083506107597],[-111.93044128488918,40.337084812696759],[-111.93044182392305,40.337086122035423],[-111.93044235119913,40.337087433218677],[-111.93044286555188,40.337088748052025],[-111.93044336932945,40.337090065626207],[-111.93044386017795,40.337091385949982],[-111.93044433927433,40.337092709018876],[-111.93044480425348,40.337094033040358],[-111.93044525866874,40.337095361603993],[-111.93044570132624,40.337096692012139],[-111.93044613104902,40.337098024269196],[-111.93044654784278,40.337099359275761],[-111.93044695405572,40.337100696122555],[-111.93044734733959,40.337102035718914],[-111.93044772651183,40.337103377168447],[-111.93044809510326,40.33710472045825],[-111.93044845075994,40.33710606559697],[-111.93044879465889,40.337107412580202],[-111.93044912562874,40.337108762312987],[-111.9304494436583,40.337110112994068],[-111.93044974992438,40.337111464619078],[-111.93045004325575,40.337112818092976],[-111.93045032483501,40.337114174312113],[-111.93045059347389,40.33711553147949],[-111.93045084917242,40.337116889595208],[-111.93045109311315,40.337118249555473],[-111.93045132529612,40.337119611360258],[-111.93045154335613,40.337120973217111],[-111.93045174965835,40.337122336918519],[-111.9304519430202,40.337123701568203],[-111.93045212344163,40.337125067166177],[-111.930452292094,40.337126432807494],[-111.93045244781169,40.337127800297694],[-111.93045259176586,40.337129168731884],[-111.93045272159709,40.33713053721808],[-111.93045283966489,40.337131906648239],[-111.93045294479228,40.337133277026645],[-111.93045303815624,40.337134648349064],[-111.93045311856848,40.337136018818505],[-111.93045318604601,40.337137391136864],[-111.93045324174875,40.337138762597959],[-111.93047137541377,40.33764972655009],[-111.93047149526261,40.337651566104554],[-111.93047165333566,40.337652933585801],[-111.93047187257471,40.337654295438057],[-111.93047214944899,40.337655651674162],[-111.93047248512399,40.337657000488718],[-111.93047287957715,40.337658338279162],[-111.93047333281415,40.337659665946099],[-111.93047384365235,40.337660982593313],[-111.93047441206906,40.337662284618311],[-111.930475034528,40.337663571133504],[-111.93047571573105,40.337664841220935],[-111.93047644978236,40.337666093101006],[-111.93047723785318,40.337667325868857],[-111.93047808110907,40.337668537718834],[-111.93047897366543,40.337669728672665],[-111.93047992020163,40.337670894209893],[-111.93047994746343,40.337670924731057],[-111.93048091718698,40.337672034343555],[-111.93048096103333,40.337672081915699],[-111.93048196345009,40.337673149978627],[-111.93048207953618,40.337673268434806],[-111.93048295122838,40.337674136137764],[-111.93048305544332,40.337674238426239],[-111.93048325670397,40.337674425917555],[-111.93048405937003,40.337675172289075],[-111.93048419433215,40.337675297880814],[-111.93048445705335,40.337675526574941],[-111.93048520378666,40.337676174983329],[-111.93048538011107,40.337676327441763],[-111.9304857468375,40.337676625101707],[-111.93048637383505,40.337677136153957],[-111.93048661042603,40.337677327117696],[-111.93048706572762,40.337677673085658],[-111.93048758371194,40.337678067457013],[-111.9304878817295,40.337678294219891],[-111.93048871756346,40.337678887361371],[-111.93048883106341,40.337678968901088],[-111.93048919636946,40.337679227838933],[-111.93049005560596,40.337679799279009],[-111.93049015016192,40.337679862875831],[-111.93049055082096,40.337680128888564],[-111.93049143463686,40.337680678622881],[-111.93049148899055,40.337680712646765],[-111.93049194271305,40.337680994675502],[-111.93049285109704,40.337681520902827],[-111.93049337321139,40.337681823394213],[-111.93049430263275,40.337682326127599],[-111.93049483760825,40.337682615062128],[-111.93049578924952,40.337683095197747],[-111.93049633473238,40.337683370584053],[-111.93049786573242,40.337684085452679],[-111.93049942591193,40.337684761486507],[-111.93050101526531,40.337685397784945],[-111.93050263260994,40.337685993451771],[-111.9305042732268,40.337686546703054],[-111.93050593712158,40.337687058439371],[-111.93050762310595,40.337687526863846],[-111.93050932765495,40.337687952890157],[-111.93051105192838,40.337688333812046],[-111.93051279005863,40.337688672353089],[-111.93051454201743,40.337688964010169],[-111.93051630547916,40.337689213295057],[-111.93051807923869,40.337689415709008],[-111.93051986095907,40.337689573962535],[-111.93052164827523,40.337689686263026],[-111.93052344118702,40.337689752610615],[-111.93052520674073,40.33768977312657],[-111.93052523263297,40.337689773031173],[-111.9306948263073,40.337689573339581],[-111.9306955795717,40.337689575967786],[-111.93069778993413,40.337689584034472],[-111.93069958353567,40.337689572922258],[-111.93070137828576,40.337689557302554],[-111.93070317184197,40.337689538985373],[-111.93070496535847,40.337689514363845],[-111.93070675768675,40.337689487945376],[-111.93070855115226,40.33768945521831],[-111.93071034460071,40.337689419789307],[-111.93071213684398,40.337689379861587],[-111.9307139302358,40.337689335426425],[-111.93071572242806,40.337689287393168],[-111.9307175145919,40.337689234856718],[-111.93071930673314,40.337689178717859],[-111.93072109884599,40.337689118075893],[-111.93072288975931,40.337689053835781],[-111.93072468182113,40.337688985088228],[-111.93072647267772,40.337688911841916],[-111.93072797994134,40.337688846845715],[-111.93072826351168,40.337688834993138],[-111.93073005314035,40.337688753645565],[-111.93073184391756,40.337688667790601],[-111.93073363348952,40.33768857743685],[-111.9307354242214,40.337688484376926],[-111.93073721257112,40.337688386822563],[-111.93073900206939,40.337688284760759],[-111.93074078919113,40.3376881791052],[-111.93074257745582,40.337688068041558],[-111.93074436570349,40.337687954276063],[-111.93074615274584,40.337687836011796],[-111.93074793858295,40.337687713248762],[-111.9307497243974,40.337687586883256],[-111.93075151018347,40.33768745601467],[-111.93075329476432,40.337687320647312],[-111.93075507932815,40.337687182578073],[-111.93075686268105,40.337687039109525],[-111.93075864601123,40.337686892038434],[-111.9307604293131,40.337686740464271],[-111.93076106922449,40.337686684968553],[-111.93076221023837,40.337686585296275],[-111.93076399231232,40.337686425620866],[-111.93076577435785,40.337686261442407],[-111.93076755285561,40.33768609457502],[-111.93076933367323,40.3376859222953],[-111.93077111211426,40.337685746421762],[-111.93077289052702,40.337685566045124],[-111.93077466774014,40.337685382070354],[-111.93077644375363,40.337685194497439],[-111.93077821973311,40.337685001520825],[-111.93077999686685,40.337684804937339],[-111.93078176926454,40.337684603868176],[-111.93078354282214,40.337684400092762],[-111.93078531634571,40.337684190913649],[-111.93078708866967,40.337683978136425],[-111.93078885979402,40.337683761761049],[-111.93079062971309,40.337683540886921],[-111.93079239960387,40.337683315509672],[-111.93079416711802,40.337683086538618],[-111.93079593460391,40.337682853064479],[-111.93079770206703,40.337682615987859],[-111.9307994683306,40.337682375313086],[-111.93080123220626,40.337682129243319],[-111.93080299605927,40.337681879571065],[-111.93080475871263,40.337681626300629],[-111.93080652016079,40.337681368531456],[-111.93080828158622,40.33768110715981],[-111.9308100418063,40.337680841289412],[-111.93081179964996,40.337680571825203],[-111.93081355863642,40.337680296952932],[-111.93081531407516,40.337680019391847],[-111.93081706949116,40.337679738228239],[-111.93081882369628,40.337679451665302],[-111.93082057670173,40.337679161504234],[-111.9308223296845,40.337678867740642],[-111.93082407911382,40.337678570387574],[-111.93082582968032,40.337678266725867],[-111.93082757788169,40.337677961271623],[-111.93082932604899,40.33767765041361],[-111.93083107184543,40.33767733686242],[-111.93083281643095,40.337677017911901],[-111.93083455982811,40.33767669716444],[-111.9308363008318,40.337676370121372],[-111.93083804181278,40.337676039475788],[-111.93083978277105,40.337675705227731],[-111.93084152017593,40.337675367390148],[-111.93084325636976,40.337675024153299],[-111.93084499372351,40.337674678210185],[-111.93084672752386,40.337674328677622],[-111.93084845893627,40.337673973750043],[-111.93085019150294,40.337673615215643],[-111.93085192169306,40.337673253087395],[-111.93085364950095,40.337672886464773],[-111.93085537728621,40.337672516239671],[-111.93085710268919,40.33767214152018],[-111.93085882689826,40.337671764103106],[-111.93086054989632,40.337671381286697],[-111.93086227052355,40.337670995777103],[-111.93086399112241,40.337670605764401],[-111.93086570816213,40.337670211261631],[-111.93086742517917,40.337669813156353],[-111.93086914099092,40.337669410552344],[-111.93087085442612,40.337669004354524],[-111.9308725643135,40.337668595467889],[-111.93087427534381,40.33766818117315],[-111.93087598517447,40.337667763280322],[-111.93087769145164,40.337667341798017],[-111.93087939652357,40.337666915816961],[-111.93088109921896,40.337666486242149],[-111.9308828018916,40.337666053064744],[-111.9308845010051,40.33766561539737],[-111.93088620009028,40.337665173226874],[-111.93088789680458,40.337664728363173],[-111.93088959114229,40.337664279905674],[-111.93089128426907,40.337663826048825],[-111.93089297620189,40.337663369494422],[-111.93089466457559,40.337662908449943],[-111.93089635292652,40.337662443803019],[-111.93089803889534,40.337661974661664],[-111.93089972249318,40.337661502827132],[-111.93090140488013,40.337661025593214],[-111.9309030848905,40.337660544765519],[-111.93090476370695,40.337660061240264],[-111.93090644014116,40.337659573220606],[-111.93090811419879,40.337659081607171],[-111.93090978705116,40.337658585494971],[-111.93091145752695,40.337658085788931],[-111.93091312562623,40.337657582489179],[-111.93091479252585,40.337657075591224],[-111.93091645704327,40.33765656419888],[-111.93091811917846,40.337656048312084],[-111.93091978011969,40.337655529727833],[-111.93092143868438,40.337655007549728],[-111.93092309604376,40.337654480872885],[-111.930924749844,40.33765394970596],[-111.93092640245031,40.33765341584153],[-111.93092805150312,40.337652878387615],[-111.93092970052757,40.337652336430672],[-111.9309313460042,40.337651791784829],[-111.93093299026989,40.337651241739628],[-111.93093463215901,40.337650688100602],[-111.93093627050031,40.337650131772762],[-111.93093790763632,40.337649570946212],[-111.93093954239578,40.337649006525808],[-111.9309411747787,40.337648438511614],[-111.93094280595633,40.337647865998655],[-111.93094443358612,40.337647290796902],[-111.93094606118757,40.337646711092013],[-111.93094768288167,40.337646127806323],[-111.93094930455307,40.33764554091821],[-111.9309509250248,40.337644950431958],[-111.93095254076052,40.337644355459901],[-111.93095415530225,40.337643757790389],[-111.93095576746177,40.337643155626481],[-111.93095737606778,40.337642549873074],[-111.93095898465113,40.337641940517194],[-111.93096058968096,40.337641327571873],[-111.93096219233426,40.337640711032748],[-111.93096379142844,40.337640090003546],[-111.93096538815733,40.337639467181809],[-111.93096698485223,40.337638838956337],[-111.93096857563977,40.337638207150121],[-111.93097016641028,40.337637572641974],[-111.93097175362169,40.337636933643786],[-111.93097333845645,40.337636291051844],[-111.93097492091475,40.337635644866054],[-111.93097650217332,40.337634995082169],[-111.93097807870157,40.337634341713141],[-111.93097965403014,40.337633684746002],[-111.93098122580528,40.337633024189373],[-111.93148908029011,40.337418869193108],[-111.93149079034683,40.337418115353742],[-111.9314923134496,40.33741739012418],[-111.93149380334889,40.33741662538926],[-111.93149525888471,40.337415823855174],[-111.93149667887451,40.337414984625617],[-111.93149806215841,40.337414110406833],[-111.93149940520563,40.337413201211831],[-111.9315007092044,40.337412258837475],[-111.93150197062975,40.337411284197465],[-111.93150318829903,40.337410276395474],[-111.93150436341188,40.337409239029654],[-111.93150549126062,40.33740817211735],[-111.9315065718509,40.337407076559245],[-111.93150760519414,40.337405954156523],[-111.93150858777089,40.337404806723391],[-111.93150951958116,40.337403634259957],[-111.93151040063638,40.337402438567359],[-111.93151122977089,40.337401221451231],[-111.93151200581353,40.337399983816503],[-111.93151272524483,40.337398727477428],[-111.93151339159557,40.337397452421037],[-111.93151400017514,40.337396161366435],[-111.93151455334875,40.337394856106258],[-111.93151504876251,40.337393536649166],[-111.93151548643353,40.337392205697036],[-111.9315158663731,40.337390865051013],[-111.93151618740434,40.337389514715483],[-111.93151645071551,40.337388156487336],[-111.93151665279287,40.337386793081464],[-111.93151679716725,40.337385424484808],[-111.93151688032493,40.337384053412272],[-111.93151690345412,40.337382681660685],[-111.93151686773179,40.337381309225691],[-111.93151677317493,40.337379938809249],[-111.93151661742979,40.337378570419922],[-111.9315164017016,40.337377208556532],[-111.93151612833852,40.337375852309691],[-111.93151579499819,40.337374503489379],[-111.93151540287441,40.337373164792979],[-111.93151495313855,40.3373718353157],[-111.93151444699581,40.337370519556167],[-111.93151388090986,40.337369216626776],[-111.93151326077657,40.33736792830711],[-111.9315125854361,40.337366657303271],[-111.93151185254027,40.337365404524583],[-111.93151106680247,40.337364170854315],[-111.93151022823402,40.337362958093699],[-111.93139904246766,40.337208554859323],[-111.93139834311204,40.337207581152761],[-111.93139795959128,40.337207046690779],[-111.9313971010703,40.337205842108659],[-111.93139624488617,40.337204634815947],[-111.93139539340405,40.337203426605271],[-111.93139454661824,40.337202216575967],[-111.93139370218064,40.337201005637368],[-111.93139286243937,40.33719979288017],[-111.93139202739439,40.337198578304353],[-111.9313911958746,40.337197362814862],[-111.93139036669722,40.337196145515506],[-111.93138954339315,40.337194926393131],[-111.9313887212603,40.337193706365852],[-111.9313879050007,40.33719248451559],[-111.93138709343175,40.337191259946124],[-111.93138628303412,40.337190034471682],[-111.93138547969797,40.33718880897117],[-111.93138467752173,40.337187580764464],[-111.93138388004185,40.337186350739167],[-111.931383086087,40.337185119800218],[-111.93138229800547,40.337183887038293],[-111.93138171553937,40.337182972342127],[-111.93138151227208,40.337182653367087],[-111.93138073123502,40.337181417877289],[-111.93138043996791,40.337180955125483],[-111.93137995372301,40.337180181473812],[-111.93137917973048,40.33717894325607],[-111.93137840925736,40.337177703224079],[-111.93137764348624,40.337176462274073],[-111.93137688241144,40.33717521950549],[-111.93137612486174,40.337173975823248],[-111.93137536965456,40.337172730331055],[-111.9313746203206,40.337171483015965],[-111.9313738745174,40.337170235687807],[-111.93137313222795,40.337168985644787],[-111.93137239464052,40.337167734683767],[-111.93137165939558,40.337166481912817],[-111.93137093003523,40.337165229120174],[-111.93137020301171,40.337163973616953],[-111.93136948187276,40.337162718092031],[-111.93136876307067,40.337161459856553],[-111.93136804896488,40.337160199802526],[-111.93136733838986,40.337158939735453],[-111.93136663251686,40.337157678750351],[-111.93136593016324,40.337156415951007],[-111.93136554324487,40.337155715784668],[-111.93136523250601,40.337155151333043],[-111.93136453719694,40.337153885805812],[-111.93136442526732,40.337153679973582],[-111.93136384776106,40.33715261845559],[-111.93136316067907,40.337151351096729],[-111.93136247946467,40.337150081014236],[-111.93136180060407,40.33714881092309],[-111.9313611264398,40.337147539013323],[-111.93136045697189,40.337146265284964],[-111.93135979103469,40.33714499154356],[-111.93135912861125,40.33714371508735],[-111.93135847089552,40.337142438613675],[-111.93135781669916,40.337141160325757],[-111.93135716720485,40.33713988111986],[-111.93135652122987,40.337138600099671],[-111.93135587995697,40.337137318161531],[-111.93135524221482,40.33713603621036],[-111.93135460916893,40.337134752440591],[-111.93135397964252,40.337133466856514],[-111.93135335363552,40.337132179458216],[-111.93135273234186,40.337130892943136],[-111.93135211456756,40.337129604613764],[-111.9313515026609,40.337128313560903],[-111.93135129391432,40.33712787211973],[-111.93135089311367,40.337127023399901],[-111.93135031092498,40.337125779070305],[-111.93135028943976,40.337125731416009],[-111.93134968810836,40.337124437622158],[-111.93134909147888,40.337123142910301],[-111.93134849837452,40.337121847284827],[-111.93134790997215,40.337120550741375],[-111.93134732509485,40.337119253284278],[-111.93134674491954,40.337117954909182],[-111.93134616944062,40.337116654715459],[-111.93134559749238,40.337115354508725],[-111.93134502906361,40.337114052487728],[-111.93134446533681,40.337112749548737],[-111.93134390630635,40.337111444791113],[-111.93134334962971,40.337110140024841],[-111.93134279883199,40.337108834336242],[-111.93134225037673,40.337107526837706],[-111.93134170780608,40.337106219317462],[-111.93134116993176,40.337104909978599],[-111.93134063440563,40.337103599730447],[-111.93134010358145,40.337102288564317],[-111.93133957863617,40.33710097647581],[-111.93133905603909,40.337099663478014],[-111.93133896992788,40.337099445842249],[-111.93133853814398,40.337098349562233],[-111.93133813621991,40.337097322520918],[-111.93133802376829,40.337097033832222],[-111.93133751410598,40.337095718985445],[-111.93133700795737,40.337094401423762],[-111.93133650651639,40.337093083844714],[-111.93133600977177,40.337091764447081],[-111.93133551655788,40.337090445036424],[-111.93133502804599,40.337089124707738],[-111.93133454305917,40.337087803465408],[-111.9313340627687,40.337086480404537],[-111.93133358600898,40.337085157330577],[-111.93133311395124,40.33708383333866],[-111.93133264658981,40.337082507528137],[-111.93133218393604,40.337081181700221],[-111.93133172363044,40.337079854963015],[-111.93133126920371,40.337078527303433],[-111.93133081713087,40.337077199635225],[-111.93133036975438,40.337075870148418],[-111.93132992707982,40.337074539743561],[-111.93132949028985,40.33707320931704],[-111.93132905584234,40.337071877080589],[-111.93132864530205,40.337070603297128],[-111.93132862491997,40.337070543930494],[-111.93132819988783,40.337069211659283],[-111.93132795252336,40.337068431722038],[-111.93132777837502,40.337067877573816],[-111.93132736156426,40.337066542570362],[-111.93132694827858,40.337065206653278],[-111.93132653969488,40.337063869818166],[-111.93132613581886,40.337062532965732],[-111.93132573546789,40.337061195199617],[-111.9313253398189,40.337059856515552],[-111.93132494769497,40.337058516917821],[-111.93132455910182,40.337057177307045],[-111.93132417638191,40.337055835873336],[-111.93132379719275,40.337054494426589],[-111.9313234227055,40.337053152061863],[-111.93132305292598,40.337051809679785],[-111.93132268666587,40.337050465483429],[-111.93132232394215,40.337049122174655],[-111.93132196590908,40.337047776146662],[-111.93132161258931,40.33704643100188],[-111.93132126396593,40.337045084038564],[-111.9313209188789,40.337043737962787],[-111.93132057848817,40.337042390068412],[-111.93132032010249,40.33704135529225],[-111.93132024162256,40.337041041260413],[-111.93131990946456,40.337039692435013],[-111.93131978018093,40.337039160637111],[-111.93131958200858,40.337038342691613],[-111.93131925926025,40.337036992930919],[-111.93131893886004,40.337035642260872],[-111.93131862434444,40.33703429156909],[-111.93131831453086,40.33703293995935],[-111.9313180070654,40.337031587440279],[-111.93131770665572,40.33703023399454],[-111.93131740742297,40.33702888054448],[-111.93131711524605,40.337027526167752],[-111.9313168254286,40.337026172682933],[-111.93131654030182,40.337024816478916],[-111.93131626106526,40.337023461153791],[-111.93131598300562,40.337022105824296],[-111.93131571199611,40.337020748667541],[-111.93131544334045,40.337019391502089],[-111.93131518174059,40.337018033409983],[-111.93131492131759,40.3370166753135],[-111.93131466677923,40.337015317195331],[-111.9313144169428,40.337013958159169],[-111.9313141706315,40.337012598209355],[-111.93131403276548,40.33701182507307],[-111.93131392902777,40.337011238242169],[-111.93131369213174,40.337009878257604],[-111.93131364203963,40.337009586636889],[-111.9313134587551,40.337008516458816],[-111.93131323009179,40.337007155543205],[-111.93131300495354,40.337005793714013],[-111.93131278452294,40.337004431867385],[-111.9313125687943,40.337003069102821],[-111.93131235777336,40.337001706320883],[-111.93131215027742,40.337000342625274],[-111.93131194748915,40.336998978912355],[-111.93131174940287,40.336997614281366],[-111.93131155484734,40.336996249637409],[-111.93131136382819,40.336994885880998],[-111.93131117985921,40.336993520297334],[-111.93131099824404,40.33699215470498],[-111.93131082133651,40.336990789095211],[-111.93131064795972,40.336989423472474],[-111.93131047928487,40.336988056931716],[-111.93131031531199,40.336986689472951],[-111.93131015604682,40.336985321996863],[-111.93131000148927,40.336983954503353],[-111.93130985046815,40.336982587897438],[-111.93130979664315,40.336982077436318]]]},"properties":{"GlobalID":"{B57D8066-6C09-4C31-B83E-AD005E33A42B}","OBJECTID":196,"PARKID":91,"TYPE":"Public Park","NAME":"Regal Park","COMMONNAME":"Regal Park","ADDRESS":"1397 S ALLISON WAY","USE_":"Recreation","STATUS":"Constructed","RESERVABLE":"Yes","PATH":null,"BATHROOM":null,"DRINKINGFNTN":null,"PAVILION":null,"TABLES":null,"BBQGRILLS":null,"FIREPIT":null,"BENCHES":null,"PLAYGRNDTOT":null,"PLAYGRNDSCHL":null,"SWINGSET":null,"BBALLCOURT":null,"TENNISCOURT":null,"VBALLCOURT":null,"HORSESHOES":null,"ADDAMENITIES":" ","OWNEDBY":"City","MAINTBY":"City","AREA_SQFT":236814.17341854001,"AREA_ACRES":5.43650536,"LASTUPDATE":null,"LASTEDITOR":null,"NOTES":null,"FACILITYID":"90","PARKINGTYPE":null,"PARKINGNUMSTALLS":null,"BOATING":null,"HASPAVILION":null,"HASTABLES":null,"HASBBQGRILLS":null,"HASFIREPIT":null,"HASBENCHES":null,"BASEBALL":null,"FISHING":null,"URL":null,"PICURL":null,"created_user":null,"created_date":null,"last_edited_user":"BGIBSON","last_edited_date":1767747226000,"YEARBUILT":2006,"PHRAGMITES":null,"HASPICKLE":null,"TRAILHEAD":null,"Shape.STArea()":236814.17341853911,"Shape.STLength()":2178.6670387320073}},{"type":"Feature","id":197,"geometry":{"type":"Polygon","coordinates":[[[-111.9361234960646,40.379663699009463],[-111.93613658823186,40.379662772983842],[-111.93614927253579,40.379660123786735],[-111.93616116201869,40.379655829414105],[-111.93617189597575,40.379650021801559],[-111.93618114813566,40.379642876886841],[-111.93618863724221,40.379634611868504],[-111.93619413642931,40.379625477965931],[-111.93619747787999,40.379615752296154],[-111.93619855985204,40.379605731543357],[-111.93619735012442,40.379595718436917],[-111.93619388479675,40.379586018152864],[-111.93618826938611,40.379576925701571],[-111.93618067523687,40.379568716934607],[-111.93617133240862,40.379561641366578],[-111.93616052491383,40.379555914087213],[-111.93614858125662,40.379551709492368],[-111.936135863788,40.379549154118855],[-111.93612276046255,40.379548326675049],[-111.93610966713359,40.379549251802956],[-111.93609698285442,40.379551901896484],[-111.93608509337983,40.379556195362156],[-111.93607435943009,40.379562002966921],[-111.93606510726998,40.379569147873362],[-111.93605761815569,40.379577412883975],[-111.9360521201319,40.379586546775911],[-111.93604877866197,40.379596272441681],[-111.93604769667385,40.379606294093641],[-111.93604890637403,40.379616306301052],[-111.93605237168268,40.379626006589277],[-111.93605798590161,40.379635099051328],[-111.93606558004349,40.379643307826058],[-111.93607492287195,40.379650383402335],[-111.9360857303745,40.379656110689425],[-111.93609767405184,40.379660316191142],[-111.93611039153392,40.379662870668128],[-111.9361234960646,40.379663699009463]]]},"properties":{"GlobalID":"{BE431410-C129-40A5-8236-AD3EAC9535E5}","OBJECTID":197,"PARKID":43,"TYPE":"Frontage","NAME":null,"COMMONNAME":" ","ADDRESS":" ","USE_":"Landscape","STATUS":"Constructed","RESERVABLE":null,"PATH":null,"BATHROOM":null,"DRINKINGFNTN":null,"PAVILION":null,"TABLES":null,"BBQGRILLS":null,"FIREPIT":null,"BENCHES":null,"PLAYGRNDTOT":null,"PLAYGRNDSCHL":null,"SWINGSET":null,"BBALLCOURT":null,"TENNISCOURT":null,"VBALLCOURT":null,"HORSESHOES":null,"ADDAMENITIES":null,"OWNEDBY":"City","MAINTBY":"City","AREA_SQFT":1380.35035687,"AREA_ACRES":0.031688479999999998,"LASTUPDATE":null,"LASTEDITOR":null,"NOTES":null,"FACILITYID":"6102","PARKINGTYPE":null,"PARKINGNUMSTALLS":null,"BOATING":null,"HASPAVILION":null,"HASTABLES":null,"HASBBQGRILLS":null,"HASFIREPIT":null,"HASBENCHES":null,"BASEBALL":null,"FISHING":null,"URL":null,"PICURL":null,"created_user":null,"created_date":null,"last_edited_user":"BGIBSON","last_edited_date":1767747226000,"YEARBUILT":2001,"PHRAGMITES":null,"HASPICKLE":null,"TRAILHEAD":null,"Shape.STArea()":1380.3503568718891,"Shape.STLength()":131.87176028095647}},{"type":"Feature","id":199,"geometry":{"type":"Polygon","coordinates":[[[-111.92176307261265,40.377516761343855],[-111.92176157403773,40.377512267240952],[-111.92102762364816,40.377843780970643],[-111.92099732622245,40.377860764984611],[-111.92094700535647,40.377890570262458],[-111.92082731171374,40.377961875431566],[-111.92083076753015,40.377965612285109],[-111.92106350263077,40.37785752678338],[-111.92130262757492,40.377752042206183],[-111.92150651982877,40.377658309344731],[-111.92156030767509,40.377634115709284],[-111.92162724403481,40.377595250350531],[-111.92176307261265,40.377516761343855]]]},"properties":{"GlobalID":"{03257DA5-D17E-4E14-96D8-B048AC3F2AE8}","OBJECTID":199,"PARKID":290,"TYPE":"Island","NAME":null,"COMMONNAME":"Market St","ADDRESS":null,"USE_":"Landscape","STATUS":"Constructed","RESERVABLE":null,"PATH":null,"BATHROOM":null,"DRINKINGFNTN":null,"PAVILION":null,"TABLES":null,"BBQGRILLS":null,"FIREPIT":null,"BENCHES":null,"PLAYGRNDTOT":null,"PLAYGRNDSCHL":null,"SWINGSET":null,"BBALLCOURT":null,"TENNISCOURT":null,"VBALLCOURT":null,"HORSESHOES":null,"ADDAMENITIES":null,"OWNEDBY":"City","MAINTBY":"City","AREA_SQFT":2433.3905845300001,"AREA_ACRES":0.055862960000000003,"LASTUPDATE":null,"LASTEDITOR":null,"NOTES":null,"FACILITYID":"5376","PARKINGTYPE":null,"PARKINGNUMSTALLS":null,"BOATING":null,"HASPAVILION":null,"HASTABLES":null,"HASBBQGRILLS":null,"HASFIREPIT":null,"HASBENCHES":null,"BASEBALL":null,"FISHING":null,"URL":null,"PICURL":null,"created_user":null,"created_date":null,"last_edited_user":"BGIBSON","last_edited_date":1767747226000,"YEARBUILT":2015,"PHRAGMITES":null,"HASPICKLE":null,"TRAILHEAD":null,"Shape.STArea()":2433.3905845250683,"Shape.STLength()":618.57211637671992}},{"type":"Feature","id":200,"geometry":{"type":"Polygon","coordinates":[[[-111.91690610829498,40.332835068630295],[-111.91690611656576,40.332835074004613],[-111.91700789186253,40.3326411203143],[-111.91690510761904,40.332612637301494],[-111.91680104153632,40.332589267809617],[-111.9166959478471,40.332571068930179],[-111.91659008329461,40.332558085122919],[-111.91648370650525,40.332550348107205],[-111.91637707735684,40.332547876784496],[-111.91611400566529,40.332547904052632],[-111.91657493727017,40.332835275881507],[-111.91690610829498,40.332835068630295]]]},"properties":{"GlobalID":"{BE31F93F-6832-41C7-9CE8-B6D1311D309E}","OBJECTID":200,"PARKID":291,"TYPE":"Open Space","NAME":null,"COMMONNAME":"South Parkside","ADDRESS":null,"USE_":"Trail","STATUS":"Constructed","RESERVABLE":null,"PATH":"Yes","BATHROOM":null,"DRINKINGFNTN":null,"PAVILION":null,"TABLES":null,"BBQGRILLS":null,"FIREPIT":null,"BENCHES":null,"PLAYGRNDTOT":null,"PLAYGRNDSCHL":null,"SWINGSET":null,"BBALLCOURT":null,"TENNISCOURT":null,"VBALLCOURT":null,"HORSESHOES":null,"ADDAMENITIES":null,"OWNEDBY":"City","MAINTBY":"City","AREA_SQFT":16364.54667186,"AREA_ACRES":0.37567830000000002,"LASTUPDATE":null,"LASTEDITOR":null,"NOTES":null,"FACILITYID":"711","PARKINGTYPE":null,"PARKINGNUMSTALLS":null,"BOATING":null,"HASPAVILION":null,"HASTABLES":null,"HASBBQGRILLS":null,"HASFIREPIT":null,"HASBENCHES":null,"BASEBALL":null,"FISHING":null,"URL":null,"PICURL":null,"created_user":null,"created_date":null,"last_edited_user":"BGIBSON","last_edited_date":1767747226000,"YEARBUILT":2014,"PHRAGMITES":null,"HASPICKLE":null,"TRAILHEAD":null,"Shape.STArea()":16364.546671855078,"Shape.STLength()":587.71734144964705}},{"type":"Feature","id":201,"geometry":{"type":"Polygon","coordinates":[[[-111.90156562549407,40.355109458344195],[-111.90155951986239,40.355130449531032],[-111.90157700754017,40.355138014180824],[-111.9017516523093,40.354750428833512],[-111.90207387547629,40.354034446786123],[-111.90237148811157,40.35337192499783],[-111.90270113413747,40.35264924254583],[-111.90323476922683,40.351470520143998],[-111.90321337783077,40.351464396696144],[-111.90156562549407,40.355109458344195]]]},"properties":{"GlobalID":"{DAB489E5-C073-4BE8-8FEF-9EB0EB756E3A}","OBJECTID":201,"PARKID":292,"TYPE":"Landscape","NAME":null,"COMMONNAME":"Green Mile","ADDRESS":null,"USE_":"Landscape","STATUS":"Constructed","RESERVABLE":null,"PATH":null,"BATHROOM":null,"DRINKINGFNTN":null,"PAVILION":null,"TABLES":null,"BBQGRILLS":null,"FIREPIT":null,"BENCHES":null,"PLAYGRNDTOT":null,"PLAYGRNDSCHL":null,"SWINGSET":null,"BBALLCOURT":null,"TENNISCOURT":null,"VBALLCOURT":null,"HORSESHOES":null,"ADDAMENITIES":null,"OWNEDBY":"City","MAINTBY":"City","AREA_SQFT":8490.8191818499999,"AREA_ACRES":0.19492239,"LASTUPDATE":null,"LASTEDITOR":null,"NOTES":null,"FACILITYID":"6109","PARKINGTYPE":null,"PARKINGNUMSTALLS":null,"BOATING":null,"HASPAVILION":null,"HASTABLES":null,"HASBBQGRILLS":null,"HASFIREPIT":null,"HASBENCHES":null,"BASEBALL":null,"FISHING":null,"URL":null,"PICURL":null,"created_user":null,"created_date":null,"last_edited_user":"BGIBSON","last_edited_date":1767747273000,"YEARBUILT":null,"PHRAGMITES":null,"HASPICKLE":null,"TRAILHEAD":null,"Shape.STArea()":8490.8191818467658,"Shape.STLength()":2838.4614568231586}},{"type":"Feature","id":202,"geometry":{"type":"Polygon","coordinates":[[[-111.901523830339,40.355205871787518],[-111.90129506726724,40.35571374207781],[-111.90093961826297,40.356503229389013],[-111.90073295947948,40.356957645059758],[-111.90050409541411,40.357450262595364],[-111.90052408024222,40.357458772608446],[-111.90065322502525,40.357171427285863],[-111.90068654706866,40.357116982765511],[-111.90154872070364,40.355201020182065],[-111.90153749085167,40.355198199257643],[-111.901523830339,40.355205871787518]]]},"properties":{"GlobalID":"{2694AD2C-5F7E-4C6C-A6F2-02B5101E6668}","OBJECTID":202,"PARKID":293,"TYPE":"Landscape","NAME":null,"COMMONNAME":"Green Mile","ADDRESS":null,"USE_":"Landscape","STATUS":"Constructed","RESERVABLE":null,"PATH":null,"BATHROOM":null,"DRINKINGFNTN":null,"PAVILION":null,"TABLES":null,"BBQGRILLS":null,"FIREPIT":null,"BENCHES":null,"PLAYGRNDTOT":null,"PLAYGRNDSCHL":null,"SWINGSET":null,"BBALLCOURT":null,"TENNISCOURT":null,"VBALLCOURT":null,"HORSESHOES":null,"ADDAMENITIES":null,"OWNEDBY":"City","MAINTBY":"City","AREA_SQFT":5333.8088137499999,"AREA_ACRES":0.1224474,"LASTUPDATE":null,"LASTEDITOR":null,"NOTES":null,"FACILITYID":"6110","PARKINGTYPE":null,"PARKINGNUMSTALLS":null,"BOATING":null,"HASPAVILION":null,"HASTABLES":null,"HASBBQGRILLS":null,"HASFIREPIT":null,"HASBENCHES":null,"BASEBALL":null,"FISHING":null,"URL":null,"PICURL":null,"created_user":null,"created_date":null,"last_edited_user":"BGIBSON","last_edited_date":1767747273000,"YEARBUILT":null,"PHRAGMITES":null,"HASPICKLE":null,"TRAILHEAD":null,"Shape.STArea()":5333.8088137464511,"Shape.STLength()":1750.7304073206587}},{"type":"Feature","id":203,"geometry":{"type":"Polygon","coordinates":[[[-111.90745475139578,40.325442260826847],[-111.90754046781765,40.325406763252559],[-111.90749904484692,40.32536059425528],[-111.90766921569711,40.325281267083426],[-111.90761925539142,40.325224011348034],[-111.90757219543617,40.325247332657376],[-111.90754171378754,40.325209461808186],[-111.90733295835953,40.325313006318652],[-111.90745475139578,40.325442260826847]]]},"properties":{"GlobalID":"{550AA202-3C6C-4093-B9A8-2866E870B8CE}","OBJECTID":203,"PARKID":294,"TYPE":"Landscape","NAME":null,"COMMONNAME":null,"ADDRESS":null,"USE_":"City Facility","STATUS":"Constructed","RESERVABLE":null,"PATH":null,"BATHROOM":null,"DRINKINGFNTN":null,"PAVILION":null,"TABLES":null,"BBQGRILLS":null,"FIREPIT":null,"BENCHES":null,"PLAYGRNDTOT":null,"PLAYGRNDSCHL":null,"SWINGSET":null,"BBALLCOURT":null,"TENNISCOURT":null,"VBALLCOURT":null,"HORSESHOES":null,"ADDAMENITIES":null,"OWNEDBY":"City","MAINTBY":"City","AREA_SQFT":3645.4230731600001,"AREA_ACRES":0.083687399999999995,"LASTUPDATE":null,"LASTEDITOR":null,"NOTES":null,"FACILITYID":"700","PARKINGTYPE":null,"PARKINGNUMSTALLS":null,"BOATING":null,"HASPAVILION":null,"HASTABLES":null,"HASBBQGRILLS":null,"HASFIREPIT":null,"HASBENCHES":null,"BASEBALL":null,"FISHING":null,"URL":null,"PICURL":null,"created_user":null,"created_date":null,"last_edited_user":"BGIBSON","last_edited_date":1767747273000,"YEARBUILT":null,"PHRAGMITES":null,"HASPICKLE":null,"TRAILHEAD":null,"Shape.STArea()":3645.4230731566313,"Shape.STLength()":287.45307535947063}},{"type":"Feature","id":205,"geometry":{"type":"Polygon","coordinates":[[[-111.8631458230395,40.362379169839834],[-111.86313731829513,40.362377060873463],[-111.86312843440328,40.362376054547049],[-111.86305022276346,40.362372929978804],[-111.86297193936242,40.362371146610023],[-111.86289362189466,40.362370708826731],[-111.86247904128165,40.362371994763137],[-111.86246970113982,40.362372649650787],[-111.86246065243877,40.362374534787179],[-111.86245216920514,40.362377593484226],[-111.86244450878702,40.362381732180026],[-111.86243790363665,40.362386824967537],[-111.86243255426528,40.362392717218739],[-111.86242862456241,40.362399231002904],[-111.86242623239143,40.362406167817674],[-111.86242545080945,40.362413316690606],[-111.86242787847911,40.362871615902066],[-111.86242785163363,40.362871660115793],[-111.86280455137558,40.362870491912076],[-111.86318121106964,40.362869321718506],[-111.86318125109986,40.362869321594175],[-111.86317884999752,40.36241697812568],[-111.86317806603768,40.362410134017786],[-111.86317580551523,40.362403485428267],[-111.86317213063295,40.362397216791827],[-111.86316714357547,40.362391503412518],[-111.86316098411177,40.36238650336594],[-111.86315382370843,40.362382357517291],[-111.86314586194467,40.362379179625847],[-111.8631458230395,40.362379169839834]]]},"properties":{"GlobalID":"{071DA3AE-FF1D-43CE-A799-0ECB03D8A1E1}","OBJECTID":205,"PARKID":13,"TYPE":"Public Park","NAME":"Lomond Park","COMMONNAME":"Loch Lomond Park","ADDRESS":"2231 E LOCH LOMOND DR","USE_":"Recreation","STATUS":"Constructed","RESERVABLE":"No","PATH":"Yes","BATHROOM":"No","DRINKINGFNTN":"No","PAVILION":1,"TABLES":2,"BBQGRILLS":0,"FIREPIT":0,"BENCHES":2,"PLAYGRNDTOT":"No","PLAYGRNDSCHL":null,"SWINGSET":"Yes","BBALLCOURT":"Yes","TENNISCOURT":"No","VBALLCOURT":"No","HORSESHOES":"No","ADDAMENITIES":" ","OWNEDBY":"City","MAINTBY":"City","AREA_SQFT":38020.594928830003,"AREA_ACRES":0.87283275999999999,"LASTUPDATE":null,"LASTEDITOR":null,"NOTES":null,"FACILITYID":"665","PARKINGTYPE":"None","PARKINGNUMSTALLS":null,"BOATING":null,"HASPAVILION":null,"HASTABLES":null,"HASBBQGRILLS":null,"HASFIREPIT":null,"HASBENCHES":null,"BASEBALL":null,"FISHING":null,"URL":null,"PICURL":null,"created_user":null,"created_date":null,"last_edited_user":"BGIBSON","last_edited_date":1767747226000,"YEARBUILT":2001,"PHRAGMITES":null,"HASPICKLE":null,"TRAILHEAD":null,"Shape.STArea()":38020.594928833387,"Shape.STLength()":768.74382610954387}},{"type":"Feature","id":207,"geometry":{"type":"Polygon","coordinates":[[[-111.86764631643904,40.286602170940611],[-111.86781517533295,40.286706019671072],[-111.86791864235789,40.286784607495456],[-111.86798488563448,40.286840408182073],[-111.86805384561661,40.286904720381045],[-111.86812452951402,40.28697597198633],[-111.86823303412845,40.28708797382825],[-111.86828682116513,40.287151471803611],[-111.86833768068142,40.287225838073915],[-111.86844586157805,40.287387059230895],[-111.86855278986479,40.287551012290109],[-111.86865458708476,40.287712722620434],[-111.86875662899325,40.287894234581792],[-111.86875738374766,40.28789549040102],[-111.86882388970989,40.28799909334392],[-111.86882396086102,40.287999202097396],[-111.86893725657715,40.288173736172979],[-111.86893727199229,40.288173759541074],[-111.86893786473063,40.288174630394458],[-111.86903249036537,40.288307888209054],[-111.86908283314349,40.28838142807264],[-111.86908338539411,40.288382205386071],[-111.86912890416636,40.288443788189525],[-111.86912894562519,40.288443842997907],[-111.86916708087027,40.288495161044906],[-111.86916726684501,40.288495407234009],[-111.86916851348097,40.28849692898747],[-111.86916863417906,40.288497065504153],[-111.86922269699939,40.288557685493068],[-111.86922395077792,40.28855900457809],[-111.86922423926639,40.288559286468889],[-111.86930649142701,40.288638522811929],[-111.86930745474231,40.288639411405207],[-111.86939690646871,40.288718510536917],[-111.86944697156363,40.288763770843865],[-111.86950700784604,40.288833029708705],[-111.86960960556931,40.288958145196787],[-111.8696983951431,40.289078067044009],[-111.86975047010074,40.289161565865015],[-111.86982147476139,40.289290377442505],[-111.86987559753197,40.289397376564587],[-111.86987590294511,40.289397960116325],[-111.86990921051033,40.28945958126932],[-111.86990926991832,40.289459692761199],[-111.86991015179382,40.289461177834482],[-111.86992984007283,40.289491895936806],[-111.86994077565279,40.289519122035834],[-111.86995232278217,40.289567026815575],[-111.87002503385422,40.289566781179893],[-111.87002491375047,40.289565884517643],[-111.87002464452279,40.289564597447665],[-111.87001090293251,40.289507590499234],[-111.87001078035787,40.289507107240965],[-111.8700102381322,40.28950535900465],[-111.8700099136115,40.289504504419597],[-111.86999753429177,40.289473680318679],[-111.86999716856909,40.289472818658915],[-111.86999633268938,40.289471139801798],[-111.86999545080701,40.289469653828512],[-111.86997501762593,40.289437773562021],[-111.8699423040141,40.289377252935999],[-111.86988813597725,40.289270163922659],[-111.86988777116163,40.28926946977974],[-111.86988773434769,40.289269404149188],[-111.86981619984412,40.289139630597752],[-111.86981552205201,40.289138476314996],[-111.86976254775746,40.289053535733856],[-111.86976228560985,40.289053123167449],[-111.86976138477023,40.289051827288496],[-111.86967157623754,40.28893052892397],[-111.86967136300565,40.288930244994852],[-111.8696707507732,40.288929469675438],[-111.86956748289933,40.288803537673381],[-111.86956699049375,40.288802954712416],[-111.86950554466593,40.288732070168351],[-111.8695054026515,40.288731906700129],[-111.86950402816515,40.288730451101955],[-111.86950303162419,40.288729508576658],[-111.86945148681215,40.288682909210543],[-111.86945123154412,40.288682681254024],[-111.86936214495968,40.288603905240691],[-111.8692811696059,40.288525900584808],[-111.86922866746136,40.288467029245716],[-111.86919127736212,40.288416714884114],[-111.86914606303675,40.288355545439103],[-111.86909586245035,40.288282211400542],[-111.86909560525181,40.288281842948564],[-111.86900116322403,40.288148844890287],[-111.86888819471289,40.28797481690512],[-111.86882212276542,40.287871889912928],[-111.86872013533458,40.28769047420424],[-111.86871950038878,40.287689408042716],[-111.86861726295473,40.287526997553627],[-111.86861705658441,40.287526675773691],[-111.86861704116954,40.287526652405539],[-111.8685099087983,40.287362386622625],[-111.86850972264493,40.287362106208469],[-111.86840138395242,40.287200649637498],[-111.86840125591604,40.287200460005067],[-111.86834955708993,40.287124867026911],[-111.86834877150844,40.287123780623453],[-111.86834787521775,40.287122664847786],[-111.86829256841078,40.287057371300797],[-111.86829221811418,40.287056966214053],[-111.8682912835723,40.287055954132875],[-111.86818198537084,40.286943134356896],[-111.8681817405769,40.286942883848319],[-111.86811052217894,40.286871094474435],[-111.8681103270799,40.286870899649152],[-111.86810968161046,40.286870279337087],[-111.86803972045709,40.286805032752596],[-111.86803887075773,40.286804268980291],[-111.86803854111976,40.286803987216182],[-111.86797106679667,40.286747149290882],[-111.86796978525622,40.286746124790632],[-111.86786432843726,40.286666025689051],[-111.86786260951661,40.286664803522335],[-111.86786153087823,40.286664112521471],[-111.86769120768348,40.286559363317309],[-111.86764631643904,40.286602170940611]]]},"properties":{"GlobalID":"{4D6DDDFA-000E-4B81-AF34-477EA961E9CC}","OBJECTID":207,"PARKID":21,"TYPE":"Trail","NAME":null,"COMMONNAME":"Pelican Bay Trail","ADDRESS":" ","USE_":"Trail","STATUS":"Unlandscaped","RESERVABLE":" ","PATH":null,"BATHROOM":" ","DRINKINGFNTN":null,"PAVILION":null,"TABLES":null,"BBQGRILLS":null,"FIREPIT":null,"BENCHES":null,"PLAYGRNDTOT":null,"PLAYGRNDSCHL":null,"SWINGSET":null,"BBALLCOURT":null,"TENNISCOURT":null,"VBALLCOURT":null,"HORSESHOES":null,"ADDAMENITIES":" ","OWNEDBY":"City","MAINTBY":"City","AREA_SQFT":25568.317284059998,"AREA_ACRES":0.58696780000000004,"LASTUPDATE":null,"LASTEDITOR":null,"NOTES":null,"FACILITYID":"115","PARKINGTYPE":null,"PARKINGNUMSTALLS":null,"BOATING":null,"HASPAVILION":null,"HASTABLES":null,"HASBBQGRILLS":null,"HASFIREPIT":null,"HASBENCHES":null,"BASEBALL":null,"FISHING":null,"URL":null,"PICURL":null,"created_user":null,"created_date":null,"last_edited_user":"BGIBSON","last_edited_date":1767747226000,"YEARBUILT":2000,"PHRAGMITES":null,"HASPICKLE":null,"TRAILHEAD":null,"Shape.STArea()":25568.317284061755,"Shape.STLength()":2597.1034713523363}},{"type":"Feature","id":211,"geometry":{"type":"Polygon","coordinates":[[[-111.93391066286819,40.393129322398295],[-111.93430138645802,40.393334254416189],[-111.93431282637958,40.393307002483802],[-111.93394064829076,40.393111796828379],[-111.93391066286819,40.393129322398295]]]},"properties":{"GlobalID":"{673A37EA-C492-41C5-9DD9-80EE1E266D93}","OBJECTID":211,"PARKID":297,"TYPE":"Trail","NAME":null,"COMMONNAME":" ","ADDRESS":" ","USE_":"Access","STATUS":"Constructed","RESERVABLE":" ","PATH":null,"BATHROOM":" ","DRINKINGFNTN":null,"PAVILION":null,"TABLES":null,"BBQGRILLS":null,"FIREPIT":null,"BENCHES":null,"PLAYGRNDTOT":null,"PLAYGRNDSCHL":null,"SWINGSET":null,"BBALLCOURT":null,"TENNISCOURT":null,"VBALLCOURT":null,"HORSESHOES":null,"ADDAMENITIES":null,"OWNEDBY":"City","MAINTBY":"City","AREA_SQFT":1287.0338368,"AREA_ACRES":0.02954623,"LASTUPDATE":null,"LASTEDITOR":null,"NOTES":null,"FACILITYID":"611","PARKINGTYPE":null,"PARKINGNUMSTALLS":null,"BOATING":null,"HASPAVILION":null,"HASTABLES":null,"HASBBQGRILLS":null,"HASFIREPIT":null,"HASBENCHES":null,"BASEBALL":null,"FISHING":null,"URL":null,"PICURL":null,"created_user":null,"created_date":null,"last_edited_user":"BGIBSON","last_edited_date":1767747226000,"YEARBUILT":2007,"PHRAGMITES":null,"HASPICKLE":null,"TRAILHEAD":null,"Shape.STArea()":1287.0338367952331,"Shape.STLength()":278.62454306699777}},{"type":"Feature","id":219,"geometry":{"type":"Polygon","coordinates":[[[-111.94825149585795,40.377255927605667],[-111.94837315154201,40.377285287428194],[-111.94849353103857,40.377319505573318],[-111.94861244041391,40.377358526914932],[-111.94877775301283,40.377131811924123],[-111.94877775323147,40.377131845246375],[-111.94892149985318,40.376934707298936],[-111.94905710033403,40.37674873754694],[-111.94880724252661,40.37663919554376],[-111.94870061908929,40.376592449817196],[-111.94854880562748,40.3764380988002],[-111.9483762404119,40.376262649878242],[-111.94820367725909,40.37608720068674],[-111.94803111499149,40.375911751230177],[-111.94782267888051,40.37576901624449],[-111.94757231762051,40.375659248359817],[-111.94757232315484,40.375659194301207],[-111.94730771876991,40.375543175990451],[-111.94704311528254,40.375427157076437],[-111.94677854455175,40.375311147344334],[-111.94677851502432,40.375311133947825],[-111.94671127591776,40.375281646795443],[-111.94650152785307,40.375121217195257],[-111.94652600260996,40.375017427720664],[-111.94671258640561,40.374913208274471],[-111.94667098641821,40.374886498398816],[-111.94663176251595,40.374856407504815],[-111.94631593796197,40.375032812478679],[-111.94604538559199,40.375033847373729],[-111.94590478862774,40.376323999132886],[-111.94603846277982,40.37645828750825],[-111.94606454473842,40.376484485336093],[-111.94622145429442,40.376642110988683],[-111.94625192410324,40.376674893107278],[-111.94628008021311,40.376709682617573],[-111.94679249087322,40.376707726193771],[-111.94679378143782,40.376905313523132],[-111.94743956213955,40.376902836578942],[-111.9474396375057,40.376902836290618],[-111.94743967755578,40.376902837938623],[-111.9477242588914,40.376901739837329],[-111.9480156086143,40.376933813894915],[-111.94831526684523,40.377083232720651],[-111.94825149585795,40.377255927605667]],[[-111.94702544499121,40.37639009665763],[-111.94673886254002,40.376419486592013],[-111.94660686198419,40.376390225131331],[-111.94633968490197,40.3762670473171],[-111.94625258397657,40.376178077474805],[-111.94618518150988,40.376168776324441],[-111.94633504776311,40.375533258518111],[-111.94634014918165,40.375524462400058],[-111.94634666321097,40.375516654481913],[-111.94635440261253,40.375510059193644],[-111.94636314492578,40.375504866109502],[-111.94637263886261,40.375501224498962],[-111.94638261153031,40.375499239036081],[-111.94639277627557,40.375498966790786],[-111.94640284092407,40.375500415588476],[-111.94641251617858,40.375503543785058],[-111.94642152393465,40.375508261463985],[-111.94642960527429,40.375514433020797],[-111.9464478585712,40.375533808351399],[-111.94646280176066,40.375555837590454],[-111.94647405524449,40.375579961134676],[-111.94663492915826,40.375576419843071],[-111.9473068318469,40.376196509798419],[-111.94743446662839,40.376196020663905],[-111.94743510250319,40.376293415264648],[-111.94721015302571,40.376294273855891],[-111.94702544499121,40.37639009665763]]]},"properties":{"GlobalID":"{4B6A5C28-CA40-4061-BBCC-6A54EAA2557D}","OBJECTID":219,"PARKID":304,"TYPE":"Open Space","NAME":null,"COMMONNAME":null,"ADDRESS":null,"USE_":"OpenSpace","STATUS":"Constructed","RESERVABLE":null,"PATH":null,"BATHROOM":null,"DRINKINGFNTN":null,"PAVILION":null,"TABLES":null,"BBQGRILLS":null,"FIREPIT":null,"BENCHES":null,"PLAYGRNDTOT":null,"PLAYGRNDSCHL":null,"SWINGSET":null,"BBALLCOURT":null,"TENNISCOURT":null,"VBALLCOURT":null,"HORSESHOES":null,"ADDAMENITIES":null,"OWNEDBY":"City","MAINTBY":"City","AREA_SQFT":308565.32791584003,"AREA_ACRES":7.0836852099999996,"LASTUPDATE":1560045542000,"LASTEDITOR":null,"NOTES":null,"FACILITYID":"116","PARKINGTYPE":null,"PARKINGNUMSTALLS":null,"BOATING":null,"HASPAVILION":null,"HASTABLES":null,"HASBBQGRILLS":null,"HASFIREPIT":null,"HASBENCHES":null,"BASEBALL":null,"FISHING":null,"URL":null,"PICURL":null,"created_user":null,"created_date":null,"last_edited_user":"BGIBSON","last_edited_date":1767747226000,"YEARBUILT":2018,"PHRAGMITES":null,"HASPICKLE":null,"TRAILHEAD":null,"Shape.STArea()":308565.32791583543,"Shape.STLength()":4085.4698298435214}},{"type":"Feature","id":221,"geometry":{"type":"Polygon","coordinates":[[[-111.91436056331868,40.321615521271653],[-111.91460849669603,40.321409417038396],[-111.91484064537724,40.32121641944687],[-111.91478900955566,40.321178320210137],[-111.91454867816303,40.321378095212332],[-111.91430944134589,40.321576979593722],[-111.91436056331868,40.321615521271653]]]},"properties":{"GlobalID":"{AD001AD0-2ED0-49B2-8DC0-4F32CD3F5F5A}","OBJECTID":221,"PARKID":306,"TYPE":"Trail","NAME":null,"COMMONNAME":null,"ADDRESS":null,"USE_":"Access","STATUS":"Unlandscaped","RESERVABLE":null,"PATH":null,"BATHROOM":null,"DRINKINGFNTN":null,"PAVILION":null,"TABLES":null,"BBQGRILLS":null,"FIREPIT":null,"BENCHES":null,"PLAYGRNDTOT":null,"PLAYGRNDSCHL":null,"SWINGSET":null,"BBALLCOURT":null,"TENNISCOURT":null,"VBALLCOURT":null,"HORSESHOES":null,"ADDAMENITIES":null,"OWNEDBY":"City","MAINTBY":"City","AREA_SQFT":3949.6530246100001,"AREA_ACRES":0.090671559999999998,"LASTUPDATE":null,"LASTEDITOR":null,"NOTES":null,"FACILITYID":"100","PARKINGTYPE":null,"PARKINGNUMSTALLS":null,"BOATING":null,"HASPAVILION":null,"HASTABLES":null,"HASBBQGRILLS":null,"HASFIREPIT":null,"HASBENCHES":null,"BASEBALL":null,"FISHING":null,"URL":null,"PICURL":null,"created_user":null,"created_date":null,"last_edited_user":"BGIBSON","last_edited_date":1767747226000,"YEARBUILT":2016,"PHRAGMITES":null,"HASPICKLE":null,"TRAILHEAD":null,"Shape.STArea()":3949.6530246104417,"Shape.STLength()":435.03899672859848}},{"type":"Feature","id":224,"geometry":{"type":"Polygon","coordinates":[[[-111.95010921149103,40.374679568913116],[-111.9505245389458,40.374491738610956],[-111.95047861817247,40.374416858378375],[-111.95043649197645,40.374435914833846],[-111.95002236663223,40.374334610105983],[-111.94984624573824,40.374291537165085],[-111.94946718755281,40.373994078302488],[-111.94946554324196,40.373742922097883],[-111.94981794279899,40.373643465772524],[-111.95012204602986,40.373459403179709],[-111.95011368272603,40.373139735256721],[-111.94987027210539,40.373140549374853],[-111.9498379043408,40.373451044420328],[-111.94948190378803,40.37356056202313],[-111.94882361310773,40.373345084214456],[-111.94850713464919,40.373198736454007],[-111.94826851581638,40.372948940883951],[-111.94845196934351,40.372740132910067],[-111.9483449690733,40.372674487437763],[-111.94824188635303,40.3726028470955],[-111.94814305666537,40.37252544503675],[-111.94804880165155,40.372442533166513],[-111.94795942806446,40.372354381321436],[-111.94787522677044,40.37226127639169],[-111.94779647180256,40.372163521387243],[-111.94739054735091,40.372312558623811],[-111.94667055967265,40.371751257613063],[-111.94640289046335,40.371752553461647],[-111.94632381632944,40.372479161408094],[-111.94640607870711,40.372502998092621],[-111.94648658764895,40.37253221446808],[-111.94656499176538,40.372566683016593],[-111.94664094885358,40.372606253296645],[-111.94671412739102,40.372650752599661],[-111.94678420798245,40.372699986703864],[-111.9468508847539,40.37275374072194],[-111.94691386668775,40.372811780038944],[-111.94739135360621,40.373301005443949],[-111.94749311078058,40.373398883740983],[-111.94759894414317,40.373492339521619],[-111.94770866164615,40.373581203198711],[-111.94782206419349,40.373665313518089],[-111.94793894600217,40.373744517851108],[-111.9480590949756,40.373818672471671],[-111.94818229308855,40.373887642816989],[-111.94830831678273,40.373951303731808],[-111.94843693737246,40.374009539695471],[-111.94886550992828,40.374197576034362],[-111.94921643537063,40.37435140706507],[-111.94940312935124,40.374429494228593],[-111.94959236669821,40.374501198301104],[-111.94978392924573,40.374566436617215],[-111.95010921149103,40.374679568913116]]]},"properties":{"GlobalID":"{14DED183-EEB9-4414-B8C9-6BB0E3EC39E2}","OBJECTID":224,"PARKID":309,"TYPE":"Open Space","NAME":null,"COMMONNAME":null,"ADDRESS":"TALUS RIDGE DR","USE_":"NativeOpen","STATUS":"Constructed","RESERVABLE":null,"PATH":null,"BATHROOM":null,"DRINKINGFNTN":null,"PAVILION":null,"TABLES":null,"BBQGRILLS":null,"FIREPIT":null,"BENCHES":null,"PLAYGRNDTOT":null,"PLAYGRNDSCHL":null,"SWINGSET":null,"BBALLCOURT":null,"TENNISCOURT":null,"VBALLCOURT":null,"HORSESHOES":null,"ADDAMENITIES":null,"OWNEDBY":"City","MAINTBY":"City","AREA_SQFT":365834.14768429002,"AREA_ACRES":8.3983964100000001,"LASTUPDATE":null,"LASTEDITOR":null,"NOTES":null,"FACILITYID":"102","PARKINGTYPE":null,"PARKINGNUMSTALLS":null,"BOATING":null,"HASPAVILION":null,"HASTABLES":null,"HASBBQGRILLS":null,"HASFIREPIT":null,"HASBENCHES":null,"BASEBALL":null,"FISHING":null,"URL":null,"PICURL":null,"created_user":"BGALLEGOS","created_date":1609885206000,"last_edited_user":"BGIBSON","last_edited_date":1767747226000,"YEARBUILT":2018,"PHRAGMITES":null,"HASPICKLE":null,"TRAILHEAD":null,"Shape.STArea()":365834.14768428798,"Shape.STLength()":4098.0710765430604}},{"type":"Feature","id":239,"geometry":{"type":"Polygon","coordinates":[[[-111.90881816015305,40.356637435400863],[-111.90882358974413,40.356583960541059],[-111.90883304253448,40.356531048483404],[-111.90884646452756,40.356479001473957],[-111.90886377905379,40.356428116817412],[-111.90888740671987,40.356361887189166],[-111.90890417219821,40.356293597006861],[-111.90891390142841,40.356223955264049],[-111.90891649340091,40.356153684986253],[-111.90891192120567,40.356083515724514],[-111.90890023231155,40.356014175981102],[-111.90888154807347,40.35594638564617],[-111.90885606247252,40.35588084852381],[-111.90884101822682,40.355819396058749],[-111.90883122643896,40.355756891213495],[-111.90882675730676,40.355693782088572],[-111.90882764286967,40.355630521116652],[-111.90882772397154,40.355628135069701],[-111.90883279796678,40.355478783308001],[-111.90883782762178,40.354936415618894],[-111.90829538002872,40.354938757941405],[-111.90830544283963,40.356639371151637],[-111.90830676160459,40.356860177006666],[-111.90881546056575,40.357914475083476],[-111.90859796954174,40.360460932756844],[-111.90684952409266,40.360391417592268],[-111.90620678060507,40.36036502499369],[-111.90623029628631,40.36037704140994],[-111.90628411126313,40.360427602923579],[-111.90630974192075,40.360440684620677],[-111.90634012696034,40.36045619138779],[-111.9063402930106,40.360456000778576],[-111.90638492573881,40.360404820674709],[-111.90701705762245,40.360430305378394],[-111.90704874271368,40.360431582042558],[-111.90711777490996,40.360434364203797],[-111.90729470057296,40.360486146481058],[-111.90744915431119,40.360531357476191],[-111.90750428288271,40.360547494613499],[-111.90761914208818,40.36058111091134],[-111.9077013928037,40.360623068924454],[-111.90771746896367,40.360631290525085],[-111.90783393635779,40.360690730067368],[-111.9088444460709,40.360687188449518],[-111.9089261980327,40.360554733835812],[-111.90897486659765,40.360475881285602],[-111.90897513842675,40.360475661482589],[-111.90934466512272,40.360490350001335],[-111.90934030608267,40.360466385537492],[-111.90933244442212,40.360443331447811],[-111.90931246117701,40.360395464657493],[-111.90930001221787,40.360357287419852],[-111.90929330819343,40.360317695323239],[-111.90929249464475,40.360277547892487],[-111.90929758923357,40.36023771670844],[-111.90930848135891,40.360199066486402],[-111.90932493455809,40.360162436303568],[-111.90934659164029,40.360128621383076],[-111.909372982441,40.360098355830118],[-111.90919074864195,40.359937291615793],[-111.90918885654609,40.359611654141894],[-111.90923716709507,40.359330197703351],[-111.90923470293019,40.358918197446407],[-111.90926641352263,40.358402644095619],[-111.90968129184202,40.358401210951627],[-111.90970604401568,40.35835207918489],[-111.90972565877601,40.358300680140331],[-111.90973993176063,40.358247549334635],[-111.90974871426207,40.358193240327346],[-111.90975191477717,40.358138318953486],[-111.90974949996037,40.358083357428178],[-111.90974149497119,40.358028928384904],[-111.90972294103413,40.357978998796682],[-111.90969787923173,40.357931997536909],[-111.9096667594185,40.35788876826922],[-111.90963014018917,40.357850086950698],[-111.90958867885188,40.357816647903604],[-111.90954311962972,40.357789051352455],[-111.909494280302,40.357767792650051],[-111.90944303752531,40.357753253386036],[-111.90939031109771,40.357745694537435],[-111.90939434743947,40.357730443591493],[-111.90911677979149,40.357520024416935],[-111.90905086846428,40.357390904224019],[-111.90904642664094,40.356648670303834],[-111.90904651270854,40.35663687538338],[-111.90904635613434,40.356636875931152],[-111.90902871937952,40.356636874589249],[-111.90902849922844,40.356636874458808],[-111.90881814236091,40.356637610184812],[-111.90881815015506,40.356637535405468],[-111.90881816015305,40.356637435400863]]]},"properties":{"GlobalID":"{9D917677-6ED9-4F12-96DA-63CEDF8A1AE4}","OBJECTID":239,"PARKID":324,"TYPE":"Open Space","NAME":null,"COMMONNAME":null,"ADDRESS":"198 S INLET SPRING DR","USE_":"OpenSpace","STATUS":"Constructed","RESERVABLE":"No","PATH":"Yes","BATHROOM":"No","DRINKINGFNTN":null,"PAVILION":null,"TABLES":null,"BBQGRILLS":null,"FIREPIT":null,"BENCHES":null,"PLAYGRNDTOT":null,"PLAYGRNDSCHL":null,"SWINGSET":null,"BBALLCOURT":null,"TENNISCOURT":null,"VBALLCOURT":null,"HORSESHOES":null,"ADDAMENITIES":null,"OWNEDBY":"City","MAINTBY":"City","AREA_SQFT":382549.20142092998,"AREA_ACRES":8.7821212400000004,"LASTUPDATE":1625598949000,"LASTEDITOR":null,"NOTES":null,"FACILITYID":"124","PARKINGTYPE":"None","PARKINGNUMSTALLS":null,"BOATING":null,"HASPAVILION":null,"HASTABLES":null,"HASBBQGRILLS":null,"HASFIREPIT":null,"HASBENCHES":null,"BASEBALL":null,"FISHING":null,"URL":null,"PICURL":null,"created_user":"BGALLEGOS","created_date":1632158642000,"last_edited_user":"BGIBSON","last_edited_date":1775147580000,"YEARBUILT":2021,"PHRAGMITES":null,"HASPICKLE":null,"TRAILHEAD":null,"Shape.STArea()":382495.31228853622,"Shape.STLength()":6146.8796135625744}},{"type":"Feature","id":240,"geometry":{"type":"Polygon","coordinates":[[[-111.87652344064252,40.287590269056388],[-111.8767599764107,40.287529801555088],[-111.87503524262839,40.285836791825538],[-111.87431770453072,40.28487853142628],[-111.87394730473007,40.284200296022057],[-111.87378331624313,40.284214790003752],[-111.87419409553596,40.284906474707071],[-111.87486026737447,40.28586398567009],[-111.87494635777297,40.285955433877916],[-111.87559817703821,40.286629311670218],[-111.87608117957865,40.287073628710303],[-111.87652344064252,40.287590269056388]]]},"properties":{"GlobalID":"{6C591C53-E031-45B9-ACED-4BD664B56A04}","OBJECTID":240,"PARKID":325,"TYPE":"Frontage","NAME":null,"COMMONNAME":null,"ADDRESS":null,"USE_":"Landscape","STATUS":"Unlandscaped","RESERVABLE":null,"PATH":null,"BATHROOM":null,"DRINKINGFNTN":null,"PAVILION":null,"TABLES":null,"BBQGRILLS":null,"FIREPIT":null,"BENCHES":null,"PLAYGRNDTOT":null,"PLAYGRNDSCHL":null,"SWINGSET":null,"BBALLCOURT":null,"TENNISCOURT":null,"VBALLCOURT":null,"HORSESHOES":null,"ADDAMENITIES":null,"OWNEDBY":"City","MAINTBY":"City","AREA_SQFT":67951.094198759994,"AREA_ACRES":1.55994247,"LASTUPDATE":null,"LASTEDITOR":null,"NOTES":null,"FACILITYID":"125","PARKINGTYPE":null,"PARKINGNUMSTALLS":null,"BOATING":null,"HASPAVILION":null,"HASTABLES":null,"HASBBQGRILLS":null,"HASFIREPIT":null,"HASBENCHES":null,"BASEBALL":null,"FISHING":null,"URL":null,"PICURL":null,"created_user":"BGIBSON","created_date":1666713896000,"last_edited_user":"BGIBSON","last_edited_date":1767803237000,"YEARBUILT":2025,"PHRAGMITES":null,"HASPICKLE":null,"TRAILHEAD":null,"Shape.STArea()":67951.094198761988,"Shape.STLength()":3022.2479183605869}},{"type":"Feature","id":241,"geometry":{"type":"Polygon","coordinates":[[[-111.88702295180686,40.30541104052817],[-111.88717018591086,40.305600236813376],[-111.88757161956251,40.305219734752463],[-111.88750433788495,40.305174335030266],[-111.88806031939517,40.304647335269173],[-111.88836365157788,40.304446828824773],[-111.88894496995749,40.304232131766511],[-111.89079046175105,40.303855130991728],[-111.89071314365724,40.303723540980599],[-111.89000531092111,40.303931423653616],[-111.88992522281779,40.303848397797772],[-111.88957698111038,40.303877998264468],[-111.88918907814912,40.303943450191284],[-111.88833744155316,40.304239530528037],[-111.88795414481702,40.304478022274147],[-111.88702295180686,40.30541104052817]]]},"properties":{"GlobalID":"{FEB0719C-9F9C-4CB6-8DBC-D6C1F214E4E4}","OBJECTID":241,"PARKID":326,"TYPE":"Trail","NAME":null,"COMMONNAME":null,"ADDRESS":null,"USE_":"Trail","STATUS":"Constructed","RESERVABLE":null,"PATH":null,"BATHROOM":null,"DRINKINGFNTN":null,"PAVILION":null,"TABLES":null,"BBQGRILLS":null,"FIREPIT":null,"BENCHES":null,"PLAYGRNDTOT":null,"PLAYGRNDSCHL":null,"SWINGSET":null,"BBALLCOURT":null,"TENNISCOURT":null,"VBALLCOURT":null,"HORSESHOES":null,"ADDAMENITIES":null,"OWNEDBY":"City","MAINTBY":"City","AREA_SQFT":80453.906143660002,"AREA_ACRES":1.8469675400000001,"LASTUPDATE":null,"LASTEDITOR":null,"NOTES":null,"FACILITYID":"126","PARKINGTYPE":null,"PARKINGNUMSTALLS":null,"BOATING":null,"HASPAVILION":null,"HASTABLES":null,"HASBBQGRILLS":null,"HASFIREPIT":null,"HASBENCHES":null,"BASEBALL":null,"FISHING":null,"URL":null,"PICURL":null,"created_user":"BGIBSON","created_date":1666714221000,"last_edited_user":"BGIBSON","last_edited_date":1767747226000,"YEARBUILT":2005,"PHRAGMITES":null,"HASPICKLE":null,"TRAILHEAD":null,"Shape.STArea()":80453.906143657528,"Shape.STLength()":2691.1322985537749}},{"type":"Feature","id":244,"geometry":{"type":"Polygon","coordinates":[[[-111.90482052238146,40.308038026886322],[-111.90510112261695,40.307868541525835],[-111.90545881585314,40.307536602183987],[-111.9056637778004,40.307293474834687],[-111.90577465236494,40.307293667115786],[-111.90577580102523,40.305494509717022],[-111.90557715842739,40.305288721798838],[-111.90536944136595,40.305440865927231],[-111.90506880633505,40.305660932290287],[-111.90486557936289,40.305785562419267],[-111.90469772975356,40.305963566894363],[-111.90440707792196,40.305802958500848],[-111.90434415837213,40.305869735544782],[-111.90466694280792,40.306048089831052],[-111.90474038117114,40.30631939706705],[-111.90467358581647,40.306416934725121],[-111.90459173577071,40.306536382159969],[-111.90438113053835,40.306673786439156],[-111.90418175845237,40.306803880586237],[-111.90441167056179,40.307080591668772],[-111.90455646289527,40.307270069980532],[-111.90462266752112,40.307462411447815],[-111.90473643428427,40.307793048267847],[-111.90482052238146,40.308038026886322]]]},"properties":{"GlobalID":"{6CB11D96-14FD-4469-AC52-71AD63C7C366}","OBJECTID":244,"PARKID":329,"TYPE":"Landscape","NAME":null,"COMMONNAME":null,"ADDRESS":null,"USE_":null,"STATUS":null,"RESERVABLE":null,"PATH":null,"BATHROOM":null,"DRINKINGFNTN":null,"PAVILION":null,"TABLES":null,"BBQGRILLS":null,"FIREPIT":null,"BENCHES":null,"PLAYGRNDTOT":null,"PLAYGRNDSCHL":null,"SWINGSET":null,"BBALLCOURT":null,"TENNISCOURT":null,"VBALLCOURT":null,"HORSESHOES":null,"ADDAMENITIES":null,"OWNEDBY":"City","MAINTBY":"City","AREA_SQFT":262693.20170501003,"AREA_ACRES":6.0306061,"LASTUPDATE":null,"LASTEDITOR":null,"NOTES":null,"FACILITYID":"129","PARKINGTYPE":null,"PARKINGNUMSTALLS":null,"BOATING":null,"HASPAVILION":null,"HASTABLES":null,"HASBBQGRILLS":null,"HASFIREPIT":null,"HASBENCHES":null,"BASEBALL":null,"FISHING":null,"URL":null,"PICURL":null,"created_user":"BGIBSON","created_date":1666715575000,"last_edited_user":"BGIBSON","last_edited_date":1767747226000,"YEARBUILT":2016,"PHRAGMITES":null,"HASPICKLE":null,"TRAILHEAD":null,"Shape.STArea()":262693.20170501445,"Shape.STLength()":2560.2588638172738}},{"type":"Feature","id":255,"geometry":{"type":"Polygon","coordinates":[[[-111.92487443300585,40.332111770959678],[-111.92487601835911,40.332593184621395],[-111.92487682817752,40.332837978895519],[-111.92545775142001,40.332838139749867],[-111.92545665538285,40.332106089154109],[-111.92487443300585,40.332111770959678]]]},"properties":{"GlobalID":"{B5AFB421-A854-43C7-8555-C30B249B63AC}","OBJECTID":255,"PARKID":340,"TYPE":"Landscape","NAME":null,"COMMONNAME":null,"ADDRESS":null,"USE_":null,"STATUS":null,"RESERVABLE":null,"PATH":null,"BATHROOM":null,"DRINKINGFNTN":null,"PAVILION":null,"TABLES":null,"BBQGRILLS":null,"FIREPIT":null,"BENCHES":null,"PLAYGRNDTOT":null,"PLAYGRNDSCHL":null,"SWINGSET":null,"BBALLCOURT":null,"TENNISCOURT":null,"VBALLCOURT":null,"HORSESHOES":null,"ADDAMENITIES":null,"OWNEDBY":"City","MAINTBY":"City","AREA_SQFT":43064.443021519997,"AREA_ACRES":0.98862357999999995,"LASTUPDATE":null,"LASTEDITOR":null,"NOTES":null,"FACILITYID":"142","PARKINGTYPE":null,"PARKINGNUMSTALLS":null,"BOATING":null,"HASPAVILION":null,"HASTABLES":null,"HASBBQGRILLS":null,"HASFIREPIT":null,"HASBENCHES":null,"BASEBALL":null,"FISHING":null,"URL":null,"PICURL":null,"created_user":"BGIBSON","created_date":1666729631000,"last_edited_user":"BGIBSON","last_edited_date":1767747226000,"YEARBUILT":2013,"PHRAGMITES":null,"HASPICKLE":null,"TRAILHEAD":null,"Shape.STArea()":43064.443021523271,"Shape.STLength()":855.49815068306543}},{"type":"Feature","id":256,"geometry":{"type":"Polygon","coordinates":[[[-111.9207302610546,40.333880466888147],[-111.91969032617243,40.333884223752641],[-111.91969568531272,40.333930417884382],[-111.91969671798256,40.333953347041188],[-111.92167621198065,40.333946195139418],[-111.92167142929399,40.33387592053873],[-111.9207302610546,40.333880466888147]]]},"properties":{"GlobalID":"{C8A77224-C3D8-479F-8CB4-E4202C834BA6}","OBJECTID":256,"PARKID":341,"TYPE":"Trail","NAME":null,"COMMONNAME":null,"ADDRESS":null,"USE_":"Trail","STATUS":"Constructed","RESERVABLE":null,"PATH":null,"BATHROOM":null,"DRINKINGFNTN":null,"PAVILION":null,"TABLES":null,"BBQGRILLS":null,"FIREPIT":null,"BENCHES":null,"PLAYGRNDTOT":null,"PLAYGRNDSCHL":null,"SWINGSET":null,"BBALLCOURT":null,"TENNISCOURT":null,"VBALLCOURT":null,"HORSESHOES":null,"ADDAMENITIES":null,"OWNEDBY":"City","MAINTBY":"City","AREA_SQFT":13957.36839168,"AREA_ACRES":0.32041709000000002,"LASTUPDATE":null,"LASTEDITOR":null,"NOTES":null,"FACILITYID":"143","PARKINGTYPE":null,"PARKINGNUMSTALLS":null,"BOATING":null,"HASPAVILION":null,"HASTABLES":null,"HASBBQGRILLS":null,"HASFIREPIT":null,"HASBENCHES":null,"BASEBALL":null,"FISHING":null,"URL":null,"PICURL":null,"created_user":"BGIBSON","created_date":1666729841000,"last_edited_user":"BGIBSON","last_edited_date":1767747226000,"YEARBUILT":2014,"PHRAGMITES":null,"HASPICKLE":null,"TRAILHEAD":null,"Shape.STArea()":13957.368391676129,"Shape.STLength()":1155.0199068838224}},{"type":"Feature","id":257,"geometry":{"type":"Polygon","coordinates":[[[-111.90345792331138,40.354959598800335],[-111.90192259811015,40.354966244147839],[-111.90192102902741,40.354966275660097],[-111.90191915309192,40.354966376674923],[-111.90191709638277,40.354966566572671],[-111.90191377235341,40.354967054431654],[-111.90191155126412,40.354967518685228],[-111.90190882179736,40.354968216147753],[-111.90190627434204,40.354969035469857],[-111.90190374549182,40.354970015940381],[-111.9019017940913,40.354970898058653],[-111.90189936582559,40.354972167284785],[-111.90189793351615,40.354973036811067],[-111.90189657664406,40.354973922289311],[-111.90189525178438,40.354974846384494],[-111.90189339222981,40.35497633340875],[-111.90189177981233,40.354977806074039],[-111.90189070104711,40.354978939169492],[-111.90188951620193,40.354980250953901],[-111.90188800682085,40.354982229417772],[-111.90188684604837,40.354984031961557],[-111.9018860411782,40.354985497347748],[-111.90188496929962,40.354987803036863],[-111.90188288830515,40.354992477243265],[-111.90174406084255,40.355300335908268],[-111.90154792932501,40.355735205862906],[-111.90185715245234,40.355809329623796],[-111.90201467095291,40.355851005024142],[-111.90219718475794,40.355920035450822],[-111.90244301020039,40.355963517534185],[-111.90346306563009,40.355962112100194],[-111.90345792331138,40.354959598800335]]]},"properties":{"GlobalID":"{B4A83378-1085-446D-AFBB-C1BD8610A940}","OBJECTID":257,"PARKID":342,"TYPE":"Landscape","NAME":"Saratoga Springs Public Safety Building","COMMONNAME":"Saratoga Springs Public Safety Building","ADDRESS":"367 S Saratoga Rd, Saratoga Springs, UT 84045","USE_":"City Facility","STATUS":"Constructed","RESERVABLE":null,"PATH":null,"BATHROOM":null,"DRINKINGFNTN":null,"PAVILION":null,"TABLES":null,"BBQGRILLS":null,"FIREPIT":null,"BENCHES":null,"PLAYGRNDTOT":null,"PLAYGRNDSCHL":null,"SWINGSET":null,"BBALLCOURT":null,"TENNISCOURT":null,"VBALLCOURT":null,"HORSESHOES":null,"ADDAMENITIES":null,"OWNEDBY":"City","MAINTBY":"City","AREA_SQFT":170413.38183480999,"AREA_ACRES":3.91215293,"LASTUPDATE":null,"LASTEDITOR":null,"NOTES":null,"FACILITYID":"144","PARKINGTYPE":null,"PARKINGNUMSTALLS":null,"BOATING":null,"HASPAVILION":null,"HASTABLES":null,"HASBBQGRILLS":null,"HASFIREPIT":null,"HASBENCHES":null,"BASEBALL":null,"FISHING":null,"URL":null,"PICURL":null,"created_user":"BGIBSON","created_date":1666731128000,"last_edited_user":"BGIBSON","last_edited_date":1767803780000,"YEARBUILT":2018,"PHRAGMITES":null,"HASPICKLE":null,"TRAILHEAD":null,"Shape.STArea()":170413.38183481499,"Shape.STLength()":1643.2185570289423}},{"type":"Feature","id":258,"geometry":{"type":"Polygon","coordinates":[[[-111.9057109743616,40.360344632435947],[-111.90575475521385,40.360294465130174],[-111.90577505428742,40.360268759256769],[-111.90579042037248,40.360244851038175],[-111.90580189902741,40.360222952097281],[-111.90581328014827,40.360194931935915],[-111.90581943573392,40.360174368183543],[-111.90602717108602,40.360205398579325],[-111.90600743158026,40.360263283737005],[-111.90620678060507,40.36036502499369],[-111.90684952409266,40.360391417592268],[-111.90722126054381,40.36040624742899],[-111.90859796954174,40.360460932756844],[-111.90881557321367,40.357914609783691],[-111.90830745618511,40.35686293680569],[-111.90741878495815,40.357548558422039],[-111.90412208103439,40.357559844721493],[-111.90412208167798,40.357559953695116],[-111.90413022283762,40.358931979328339],[-111.90040144942694,40.358944773773374],[-111.90041851386965,40.359010034174517],[-111.90044429160901,40.359092183899755],[-111.90046918867856,40.359159833845496],[-111.90049066970521,40.359211877721968],[-111.90051187184088,40.359258910562893],[-111.90053807886611,40.359312391851532],[-111.90055265614393,40.359340295557061],[-111.90056686838591,40.359358734026813],[-111.9005761521011,40.359366468322975],[-111.90058833846936,40.359374096306738],[-111.90060162459676,40.359379938181462],[-111.9006178456637,40.359384552351756],[-111.90063533472873,40.359386958342213],[-111.90064665738315,40.35938722035398],[-111.90066055777839,40.359386174828252],[-111.90067481629893,40.359383357442084],[-111.90073978335354,40.3593676989572],[-111.90077344483403,40.359359979592796],[-111.90080953149194,40.359352042959834],[-111.90084755741383,40.35934394385896],[-111.90087843040962,40.359337735368179],[-111.90092422281018,40.359328984579399],[-111.90096689105894,40.359321318033139],[-111.90101571471034,40.359313114300996],[-111.90105275910005,40.359307292581327],[-111.9010692865172,40.359304916776999],[-111.90108494085469,40.359302625021691],[-111.90110484336074,40.359299799029543],[-111.90112620752294,40.359296875254962],[-111.90114315657593,40.359294526813741],[-111.90116383016398,40.359291891800702],[-111.90119883890846,40.359287670227204],[-111.90122520985862,40.359284687825728],[-111.90125436630397,40.359281698561041],[-111.90127982507884,40.359279160584599],[-111.90131245260351,40.359276029702336],[-111.90135430225456,40.359272529420188],[-111.9013985204684,40.359269396552946],[-111.90142573265183,40.359267527094438],[-111.9014509668951,40.359266051690206],[-111.90147884616174,40.3592647067954],[-111.90151727148336,40.359262897881337],[-111.90154083043031,40.359262029829189],[-111.90157740987171,40.359261050407163],[-111.90161764106155,40.359260221443741],[-111.90174303772056,40.359260090561115],[-111.9019301368064,40.35926682727915],[-111.90213868561932,40.359284199276679],[-111.90230738125608,40.359306004924889],[-111.90250810508567,40.359341264413018],[-111.90267603560127,40.359378852941475],[-111.90278913882433,40.359408509167281],[-111.90295189732424,40.359457631427844],[-111.90313095768896,40.359521010913866],[-111.90331416432043,40.359596871115201],[-111.9034786523482,40.359675407441131],[-111.90365954459226,40.359767735836087],[-111.9038058656834,40.359842417592454],[-111.9040027917453,40.359942928108907],[-111.90417911062555,40.360032920863837],[-111.9043554299643,40.360122912449576],[-111.90446614613759,40.36017942117806],[-111.90457416640457,40.360234537754906],[-111.90484973556589,40.36024659887682],[-111.90498422111884,40.360315158049062],[-111.90498434746981,40.360315221555894],[-111.90550489910562,40.360580847575505],[-111.90571089975046,40.360344756981256],[-111.90571090887524,40.360344707415159],[-111.9057109743616,40.360344632435947]]]},"properties":{"GlobalID":"{E7EF1A50-7357-47BB-B7FD-5927320512E9}","OBJECTID":258,"PARKID":343,"TYPE":"Open Space","NAME":null,"COMMONNAME":null,"ADDRESS":null,"USE_":"OpenSpace","STATUS":"Unlandscaped","RESERVABLE":null,"PATH":null,"BATHROOM":null,"DRINKINGFNTN":null,"PAVILION":null,"TABLES":null,"BBQGRILLS":null,"FIREPIT":null,"BENCHES":null,"PLAYGRNDTOT":null,"PLAYGRNDSCHL":null,"SWINGSET":null,"BBALLCOURT":null,"TENNISCOURT":null,"VBALLCOURT":null,"HORSESHOES":null,"ADDAMENITIES":null,"OWNEDBY":"City","MAINTBY":"City","AREA_SQFT":1537369.4459945101,"AREA_ACRES":35.293146139999998,"LASTUPDATE":null,"LASTEDITOR":null,"NOTES":null,"FACILITYID":"145","PARKINGTYPE":null,"PARKINGNUMSTALLS":null,"BOATING":null,"HASPAVILION":null,"HASTABLES":null,"HASBBQGRILLS":null,"HASFIREPIT":null,"HASBENCHES":null,"BASEBALL":null,"FISHING":null,"URL":null,"PICURL":null,"created_user":"BGIBSON","created_date":1666731451000,"last_edited_user":"BGIBSON","last_edited_date":1767803874000,"YEARBUILT":null,"PHRAGMITES":null,"HASPICKLE":null,"TRAILHEAD":null,"Shape.STArea()":1537369.4459945064,"Shape.STLength()":6806.3785452262828}},{"type":"Feature","id":259,"geometry":{"type":"Polygon","coordinates":[[[-111.88734603855931,40.362145718381747],[-111.88734525796814,40.361942118468534],[-111.8873369285342,40.360536506878155],[-111.88637549954272,40.360507511195252],[-111.88588043993117,40.360492256626934],[-111.88543542849871,40.360478543480106],[-111.88455338597633,40.360271555190806],[-111.88299860512174,40.360108556634366],[-111.88282709865966,40.360688951689518],[-111.88284097973933,40.360707505952945],[-111.88271121232647,40.361052370365272],[-111.88274328748759,40.361303785646335],[-111.8827605086495,40.361354719962151],[-111.88280370206594,40.361573121522383],[-111.88284222969168,40.361778234297176],[-111.88284849092057,40.361862402411106],[-111.88287430748423,40.361937398471717],[-111.88290021047499,40.361992273382185],[-111.88295240086211,40.362249983771278],[-111.8864489837906,40.362227539918941],[-111.88644774184688,40.362154614117337],[-111.88734603855931,40.362145718381747]]]},"properties":{"GlobalID":"{77F1DAE5-2068-4410-A9E4-93D61344C4A4}","OBJECTID":259,"PARKID":344,"TYPE":"Public Park","NAME":"North Marina Park","COMMONNAME":"North Marina Park","ADDRESS":"1192 E Saratoga Rd","USE_":"Recreation","STATUS":"Unconstructed","RESERVABLE":null,"PATH":null,"BATHROOM":null,"DRINKINGFNTN":null,"PAVILION":null,"TABLES":null,"BBQGRILLS":null,"FIREPIT":null,"BENCHES":null,"PLAYGRNDTOT":null,"PLAYGRNDSCHL":null,"SWINGSET":null,"BBALLCOURT":null,"TENNISCOURT":null,"VBALLCOURT":null,"HORSESHOES":null,"ADDAMENITIES":null,"OWNEDBY":"City","MAINTBY":"City","AREA_SQFT":851789.23748949997,"AREA_ACRES":19.554390210000001,"LASTUPDATE":null,"LASTEDITOR":null,"NOTES":null,"FACILITYID":"146","PARKINGTYPE":null,"PARKINGNUMSTALLS":null,"BOATING":null,"HASPAVILION":null,"HASTABLES":null,"HASBBQGRILLS":null,"HASFIREPIT":null,"HASBENCHES":null,"BASEBALL":null,"FISHING":null,"URL":null,"PICURL":null,"created_user":"BGIBSON","created_date":1666732381000,"last_edited_user":"BGIBSON","last_edited_date":1767803952000,"YEARBUILT":2022,"PHRAGMITES":null,"HASPICKLE":null,"TRAILHEAD":null,"Shape.STArea()":851789.23748950462,"Shape.STLength()":3859.8944234007172}},{"type":"Feature","id":277,"geometry":{"type":"Polygon","coordinates":[[[-111.94952339850936,40.362166692142729],[-111.94956655186638,40.362125886298948],[-111.94918766391946,40.362137835659432],[-111.94879314975756,40.36213201313835],[-111.94855252982134,40.362124207555652],[-111.94792413231106,40.362127572063038],[-111.9475720299243,40.362125037753053],[-111.94715999669423,40.362126596182414],[-111.94659343589048,40.362129064087803],[-111.94619994147412,40.36213061497179],[-111.94582587231798,40.362127982704628],[-111.94535682808203,40.362130034035822],[-111.9450437703608,40.362135549011164],[-111.94504363684896,40.36218615849149],[-111.94620889965624,40.362175320371222],[-111.94682984100039,40.362168119076578],[-111.94683929250755,40.36216246394126],[-111.94952339850936,40.362166692142729]]]},"properties":{"GlobalID":"{EB53B9D4-390D-4285-A703-505585E9CF39}","OBJECTID":277,"PARKID":362,"TYPE":"Frontage","NAME":null,"COMMONNAME":null,"ADDRESS":null,"USE_":"Landscape","STATUS":"Unlandscaped","RESERVABLE":null,"PATH":null,"BATHROOM":null,"DRINKINGFNTN":null,"PAVILION":null,"TABLES":null,"BBQGRILLS":null,"FIREPIT":null,"BENCHES":null,"PLAYGRNDTOT":null,"PLAYGRNDSCHL":null,"SWINGSET":null,"BBALLCOURT":null,"TENNISCOURT":null,"VBALLCOURT":null,"HORSESHOES":null,"ADDAMENITIES":null,"OWNEDBY":"City","MAINTBY":"City","AREA_SQFT":18622.345722210001,"AREA_ACRES":0.42751022999999999,"LASTUPDATE":null,"LASTEDITOR":null,"NOTES":null,"FACILITYID":"165","PARKINGTYPE":null,"PARKINGNUMSTALLS":null,"BOATING":null,"HASPAVILION":null,"HASTABLES":null,"HASBBQGRILLS":null,"HASFIREPIT":null,"HASBENCHES":null,"BASEBALL":null,"FISHING":null,"URL":null,"PICURL":null,"created_user":"BGIBSON","created_date":1666837459000,"last_edited_user":"BGIBSON","last_edited_date":1767747273000,"YEARBUILT":null,"PHRAGMITES":null,"HASPICKLE":null,"TRAILHEAD":null,"Shape.STArea()":18622.345722208014,"Shape.STLength()":2547.1828883207982}},{"type":"Feature","id":279,"geometry":{"type":"Polygon","coordinates":[[[-111.94400746433425,40.362181388649802],[-111.9440050446313,40.362141624320017],[-111.94384531582729,40.362137336732275],[-111.94359432300682,40.362148103344644],[-111.94331282711823,40.362149656368608],[-111.94300298610469,40.362150133585111],[-111.94270768709011,40.362151018746232],[-111.94244410024061,40.362151124811128],[-111.94212624636657,40.362151652539758],[-111.94183235966109,40.362145891624365],[-111.94157092786848,40.362146612613181],[-111.94133283662981,40.362159252089079],[-111.94097074164986,40.362165598691952],[-111.94052964332369,40.362170590997763],[-111.94025794472263,40.362189969103895],[-111.94021698502044,40.362191781373809],[-111.93997373023748,40.362193010359562],[-111.93966893915028,40.362194456733214],[-111.93942999440101,40.362196920253254],[-111.93909234652315,40.36220022410825],[-111.93906306089862,40.362203577238418],[-111.9390469699366,40.362205073258799],[-111.93900805838216,40.36221929436423],[-111.939037894157,40.362249933362484],[-111.9396755215504,40.362243697202132],[-111.94039840906731,40.362237032898527],[-111.94115223868125,40.36222995378467],[-111.94174699773626,40.362224462469158],[-111.94244926597307,40.362217308595085],[-111.94283958583962,40.362214897942081],[-111.94336121512141,40.362208040716467],[-111.94371573661957,40.362200682431144],[-111.94400746433425,40.362181388649802]]]},"properties":{"GlobalID":"{8BDF6230-0331-40C9-9BCD-1B7AC6DAB045}","OBJECTID":279,"PARKID":364,"TYPE":"Frontage","NAME":null,"COMMONNAME":null,"ADDRESS":null,"USE_":"Landscape","STATUS":"Unlandscaped","RESERVABLE":null,"PATH":null,"BATHROOM":null,"DRINKINGFNTN":null,"PAVILION":null,"TABLES":null,"BBQGRILLS":null,"FIREPIT":null,"BENCHES":null,"PLAYGRNDTOT":null,"PLAYGRNDSCHL":null,"SWINGSET":null,"BBALLCOURT":null,"TENNISCOURT":null,"VBALLCOURT":null,"HORSESHOES":null,"ADDAMENITIES":null,"OWNEDBY":"City","MAINTBY":"City","AREA_SQFT":30733.09038994,"AREA_ACRES":0.70553467000000003,"LASTUPDATE":null,"LASTEDITOR":null,"NOTES":null,"FACILITYID":"167","PARKINGTYPE":null,"PARKINGNUMSTALLS":null,"BOATING":null,"HASPAVILION":null,"HASTABLES":null,"HASBBQGRILLS":null,"HASFIREPIT":null,"HASBENCHES":null,"BASEBALL":null,"FISHING":null,"URL":null,"PICURL":null,"created_user":"BGIBSON","created_date":1666838149000,"last_edited_user":"BGIBSON","last_edited_date":1767747273000,"YEARBUILT":null,"PHRAGMITES":null,"HASPICKLE":null,"TRAILHEAD":null,"Shape.STArea()":30733.090389944537,"Shape.STLength()":2808.1752532834766}},{"type":"Feature","id":280,"geometry":{"type":"Polygon","coordinates":[[[-111.93872851610485,40.362231602319831],[-111.93869120498499,40.362215597663941],[-111.938522432699,40.362208325036811],[-111.93836405925767,40.362204032984771],[-111.93814760240919,40.362206337524164],[-111.93789052780103,40.362208338064377],[-111.93766042446256,40.362211265605545],[-111.93741102648681,40.362213480427584],[-111.93707149597235,40.362217356486767],[-111.93669187402659,40.362219093703388],[-111.93669043423718,40.362268552523297],[-111.93693722201105,40.362265756380168],[-111.93716556865461,40.362261866855334],[-111.93739373246515,40.36226179532752],[-111.93757027311653,40.362259503770595],[-111.93778965589486,40.362260139800846],[-111.93800021071034,40.362257277128769],[-111.93812249578707,40.362255559920335],[-111.9382595229482,40.362253874690708],[-111.9383780632952,40.362252052367822],[-111.93852170090048,40.362253229458574],[-111.93870993393499,40.362252030722502],[-111.93872851610485,40.362231602319831]]]},"properties":{"GlobalID":"{08E97503-9B15-4496-B7AD-9652B5C4BE31}","OBJECTID":280,"PARKID":365,"TYPE":"Frontage","NAME":null,"COMMONNAME":null,"ADDRESS":null,"USE_":"Landscape","STATUS":"Unlandscaped","RESERVABLE":null,"PATH":null,"BATHROOM":null,"DRINKINGFNTN":null,"PAVILION":null,"TABLES":null,"BBQGRILLS":null,"FIREPIT":null,"BENCHES":null,"PLAYGRNDTOT":null,"PLAYGRNDSCHL":null,"SWINGSET":null,"BBALLCOURT":null,"TENNISCOURT":null,"VBALLCOURT":null,"HORSESHOES":null,"ADDAMENITIES":null,"OWNEDBY":"City","MAINTBY":"City","AREA_SQFT":9737.0345963799991,"AREA_ACRES":0.22353155999999999,"LASTUPDATE":null,"LASTEDITOR":null,"NOTES":null,"FACILITYID":"168","PARKINGTYPE":null,"PARKINGNUMSTALLS":null,"BOATING":null,"HASPAVILION":null,"HASTABLES":null,"HASBBQGRILLS":null,"HASFIREPIT":null,"HASBENCHES":null,"BASEBALL":null,"FISHING":null,"URL":null,"PICURL":null,"created_user":"BGIBSON","created_date":1666838837000,"last_edited_user":"BGIBSON","last_edited_date":1767747273000,"YEARBUILT":null,"PHRAGMITES":null,"HASPICKLE":null,"TRAILHEAD":null,"Shape.STArea()":9737.0345963779655,"Shape.STLength()":1159.0969581301281}},{"type":"Feature","id":281,"geometry":{"type":"Polygon","coordinates":[[[-111.95483095602494,40.372523048357984],[-111.95483099098531,40.372522993283894],[-111.95526062240056,40.372659372063687],[-111.95538193526404,40.372450838235324],[-111.95512007769145,40.372342512710425],[-111.95426092762278,40.370850495393448],[-111.95357120464583,40.370053566516411],[-111.9531185686099,40.369273886927743],[-111.95268785134171,40.369275257867471],[-111.95269283444729,40.369984189614598],[-111.95269448624354,40.370219041181706],[-111.94995778524458,40.370229603228275],[-111.9499551303411,40.369825950361587],[-111.94995507504613,40.369817543234063],[-111.94995162706537,40.369293303174459],[-111.94793456500786,40.369279518286767],[-111.9479456155769,40.370982858565633],[-111.94813750540449,40.371243950423754],[-111.94830802117819,40.371513702343094],[-111.94843153731124,40.371744537196697],[-111.94846142084501,40.371800581072122],[-111.94851231192128,40.371825763712863],[-111.94904966558953,40.371823699789118],[-111.94919682941537,40.371823132808331],[-111.94919695541468,40.371823133225007],[-111.95144079768569,40.371814491954289],[-111.95144092216282,40.371814440138138],[-111.9527738521442,40.371809317655554],[-111.95294643687821,40.371808609704978],[-111.95402786183122,40.372333919807268],[-111.95473968080371,40.372494035732188],[-111.95483095602494,40.372523048357984]]]},"properties":{"GlobalID":"{72C6ACAA-36CB-48FE-BC3D-B2BE0920790F}","OBJECTID":281,"PARKID":366,"TYPE":"Open Space","NAME":null,"COMMONNAME":null,"ADDRESS":null,"USE_":"NativeOpen","STATUS":"Unlandscaped","RESERVABLE":null,"PATH":null,"BATHROOM":null,"DRINKINGFNTN":null,"PAVILION":null,"TABLES":null,"BBQGRILLS":null,"FIREPIT":null,"BENCHES":null,"PLAYGRNDTOT":null,"PLAYGRNDSCHL":null,"SWINGSET":null,"BBALLCOURT":null,"TENNISCOURT":null,"VBALLCOURT":null,"HORSESHOES":null,"ADDAMENITIES":null,"OWNEDBY":"City","MAINTBY":"City","AREA_SQFT":1364550.0319419501,"AREA_ACRES":31.325758310000001,"LASTUPDATE":null,"LASTEDITOR":null,"NOTES":null,"FACILITYID":"169","PARKINGTYPE":null,"PARKINGNUMSTALLS":null,"BOATING":null,"HASPAVILION":null,"HASTABLES":null,"HASBBQGRILLS":null,"HASFIREPIT":null,"HASBENCHES":null,"BASEBALL":null,"FISHING":null,"URL":null,"PICURL":null,"created_user":"BGIBSON","created_date":1666839660000,"last_edited_user":"BGIBSON","last_edited_date":1767804108000,"YEARBUILT":2020,"PHRAGMITES":null,"HASPICKLE":null,"TRAILHEAD":null,"Shape.STArea()":1364550.0319419459,"Shape.STLength()":6473.274913251792}},{"type":"Feature","id":282,"geometry":{"type":"Polygon","coordinates":[[[-111.9518823700883,40.365316742411764],[-111.95254285291037,40.365594012078795],[-111.95325198366839,40.366026130586235],[-111.95345382787421,40.366184327606526],[-111.95371068114763,40.36630563912469],[-111.95388859031858,40.366414048835829],[-111.95408225964893,40.36655395504016],[-111.95422585409237,40.366758607867233],[-111.9545370270064,40.366144285271353],[-111.95436109479785,40.366085219610724],[-111.9542006040263,40.366024410436466],[-111.95404369305444,40.365958471580491],[-111.95388500386053,40.365884811135466],[-111.9535380453915,40.365703854232144],[-111.95339572812209,40.365637266189061],[-111.95324291231125,40.365573038681262],[-111.95309609931056,40.365512542428199],[-111.95294922630148,40.365452012899823],[-111.95280235466417,40.365391473274506],[-111.95250864539246,40.365270432065216],[-111.95221482765051,40.365149388735567],[-111.95192106977022,40.365028337230392],[-111.95162732811656,40.364907266911118],[-111.9514212205067,40.364822271731434],[-111.95134419125247,40.364790647248938],[-111.95132253877885,40.364781757873772],[-111.95117903388136,40.364733890348283],[-111.95102677699532,40.364699705410665],[-111.95087019049429,40.36468046576632],[-111.95070501170885,40.364676657955478],[-111.95054703912172,40.364688644364499],[-111.95037616956616,40.364710007129837],[-111.95019825658063,40.364732261364999],[-111.95002741866779,40.364753634305295],[-111.94985658759408,40.364774988956533],[-111.94968573302575,40.364796367764946],[-111.94951488186511,40.364817743608199],[-111.94945697398356,40.364546910753212],[-111.94938616132173,40.364555768597029],[-111.94944406893639,40.364826602386877],[-111.94927324351544,40.364847975976041],[-111.94909531219886,40.364870235804773],[-111.9489173937001,40.364892492610998],[-111.94874658090143,40.364913865380579],[-111.94857574325898,40.364935236194171],[-111.94839781148264,40.364957494060249],[-111.94822695597921,40.364978867133452],[-111.9480560850747,40.36500024181673],[-111.94787818825841,40.365022495153866],[-111.94770027365963,40.365044747387252],[-111.94752943418622,40.36506611667572],[-111.94735719933132,40.365087661270962],[-111.9471255693976,40.365116608935942],[-111.94708538359357,40.36548519822891],[-111.94996364907067,40.365167613393055],[-111.95106279085279,40.365046385413294],[-111.9510894122689,40.365055122374635],[-111.9518823700883,40.365316742411764]]]},"properties":{"GlobalID":"{0D197E6C-3903-4C05-A35D-CB06E269B1D0}","OBJECTID":282,"PARKID":367,"TYPE":"Open Space","NAME":null,"COMMONNAME":null,"ADDRESS":null,"USE_":"NativeOpen","STATUS":"Unlandscaped","RESERVABLE":null,"PATH":null,"BATHROOM":null,"DRINKINGFNTN":null,"PAVILION":null,"TABLES":null,"BBQGRILLS":null,"FIREPIT":null,"BENCHES":null,"PLAYGRNDTOT":null,"PLAYGRNDSCHL":null,"SWINGSET":null,"BBALLCOURT":null,"TENNISCOURT":null,"VBALLCOURT":null,"HORSESHOES":null,"ADDAMENITIES":null,"OWNEDBY":"City","MAINTBY":"City","AREA_SQFT":298619.57530228997,"AREA_ACRES":6.8553621500000004,"LASTUPDATE":null,"LASTEDITOR":null,"NOTES":null,"FACILITYID":"171","PARKINGTYPE":null,"PARKINGNUMSTALLS":null,"BOATING":null,"HASPAVILION":null,"HASTABLES":null,"HASBBQGRILLS":null,"HASFIREPIT":null,"HASBENCHES":null,"BASEBALL":null,"FISHING":null,"URL":null,"PICURL":null,"created_user":"BGIBSON","created_date":1666925804000,"last_edited_user":"BGIBSON","last_edited_date":1767747226000,"YEARBUILT":2020,"PHRAGMITES":null,"HASPICKLE":null,"TRAILHEAD":null,"Shape.STArea()":298619.57530229021,"Shape.STLength()":5005.9062107783484}},{"type":"Feature","id":285,"geometry":{"type":"Polygon","coordinates":[[[-111.92310721357889,40.394462400586733],[-111.92294019259188,40.394496039168772],[-111.92262647903244,40.394231890860382],[-111.92259078090876,40.394253048322909],[-111.92271815692101,40.394361314184543],[-111.9226171875511,40.39450922162829],[-111.92263482228439,40.394618052386782],[-111.92275465877553,40.394649664230208],[-111.92281042245443,40.394917426774555],[-111.92367107938503,40.394444830511503],[-111.92394342610618,40.394290666951292],[-111.92435023018982,40.394060967578767],[-111.92425512628601,40.39393719309588],[-111.92449574547599,40.393800390987543],[-111.92472344490925,40.393671453539021],[-111.92505219648272,40.393485288950004],[-111.92512196159089,40.393445855891571],[-111.92557264464716,40.393190661939791],[-111.92594643354333,40.39297218340203],[-111.92606964450651,40.393085839324854],[-111.92606131163282,40.392531051520024],[-111.92566804374674,40.392806975181173],[-111.92585494068437,40.392901343415524],[-111.92348205596441,40.394248832822832],[-111.92310721357889,40.394462400586733]]]},"properties":{"GlobalID":"{20E7013F-9F8B-483E-B0F7-C2F7B263F7C2}","OBJECTID":285,"PARKID":370,"TYPE":"Trail","NAME":"Shay Trail","COMMONNAME":"Shay Trail","ADDRESS":null,"USE_":"Trail","STATUS":"Constructed","RESERVABLE":null,"PATH":null,"BATHROOM":null,"DRINKINGFNTN":null,"PAVILION":null,"TABLES":null,"BBQGRILLS":null,"FIREPIT":null,"BENCHES":null,"PLAYGRNDTOT":null,"PLAYGRNDSCHL":null,"SWINGSET":null,"BBALLCOURT":null,"TENNISCOURT":null,"VBALLCOURT":null,"HORSESHOES":null,"ADDAMENITIES":null,"OWNEDBY":"City","MAINTBY":"City","AREA_SQFT":84846.274853039999,"AREA_ACRES":1.94780245,"LASTUPDATE":null,"LASTEDITOR":null,"NOTES":null,"FACILITYID":"175","PARKINGTYPE":null,"PARKINGNUMSTALLS":null,"BOATING":null,"HASPAVILION":null,"HASTABLES":null,"HASBBQGRILLS":null,"HASFIREPIT":null,"HASBENCHES":null,"BASEBALL":null,"FISHING":null,"URL":null,"PICURL":null,"created_user":"BGIBSON","created_date":1667529306000,"last_edited_user":"BGIBSON","last_edited_date":1767804210000,"YEARBUILT":2021,"PHRAGMITES":null,"HASPICKLE":null,"TRAILHEAD":null,"Shape.STArea()":84846.274853039678,"Shape.STLength()":3069.4349572214687}},{"type":"Feature","id":286,"geometry":{"type":"Polygon","coordinates":[[[-111.9258334195973,40.391185440741424],[-111.92587422362021,40.391185102166382],[-111.92584886920723,40.390923368620648],[-111.92584257655952,40.390720126544331],[-111.92582641007348,40.390700210587418],[-111.92580338329867,40.39070292691455],[-111.92581001551616,40.390957889347909],[-111.92582864413903,40.391053528406381],[-111.9258334195973,40.391185440741424]]]},"properties":{"GlobalID":"{8EA48C59-21B1-440A-968D-D2E8C2041CDD}","OBJECTID":286,"PARKID":371,"TYPE":"Landscape","NAME":null,"COMMONNAME":null,"ADDRESS":null,"USE_":"Landscape","STATUS":"Constructed","RESERVABLE":null,"PATH":null,"BATHROOM":null,"DRINKINGFNTN":null,"PAVILION":null,"TABLES":null,"BBQGRILLS":null,"FIREPIT":null,"BENCHES":null,"PLAYGRNDTOT":null,"PLAYGRNDSCHL":null,"SWINGSET":null,"BBALLCOURT":null,"TENNISCOURT":null,"VBALLCOURT":null,"HORSESHOES":null,"ADDAMENITIES":null,"OWNEDBY":"City","MAINTBY":"City","AREA_SQFT":1868.69177919,"AREA_ACRES":0.042899260000000002,"LASTUPDATE":null,"LASTEDITOR":null,"NOTES":null,"FACILITYID":"176","PARKINGTYPE":null,"PARKINGNUMSTALLS":null,"BOATING":null,"HASPAVILION":null,"HASTABLES":null,"HASBBQGRILLS":null,"HASFIREPIT":null,"HASBENCHES":null,"BASEBALL":null,"FISHING":null,"URL":null,"PICURL":null,"created_user":"BGIBSON","created_date":1667529458000,"last_edited_user":"BGIBSON","last_edited_date":1767747226000,"YEARBUILT":2017,"PHRAGMITES":null,"HASPICKLE":null,"TRAILHEAD":null,"Shape.STArea()":1868.6917791853548,"Shape.STLength()":372.26016735560415}},{"type":"Feature","id":287,"geometry":{"type":"Polygon","coordinates":[[[-111.92562539212589,40.388739372886775],[-111.92560866683309,40.388736701265572],[-111.92559440202706,40.388779077740104],[-111.92559172238268,40.38884852878823],[-111.92559428539414,40.38890588796778],[-111.92560291775546,40.388958890386299],[-111.92566563282485,40.389083830154277],[-111.92567132662008,40.389080636555569],[-111.92563278426778,40.388969147835567],[-111.92562539212589,40.388739372886775]]]},"properties":{"GlobalID":"{3CEFDD2F-B6DB-43DD-BB72-DD21A6193658}","OBJECTID":287,"PARKID":372,"TYPE":"Frontage","NAME":null,"COMMONNAME":null,"ADDRESS":null,"USE_":"Landscape","STATUS":"Unlandscaped","RESERVABLE":null,"PATH":null,"BATHROOM":null,"DRINKINGFNTN":null,"PAVILION":null,"TABLES":null,"BBQGRILLS":null,"FIREPIT":null,"BENCHES":null,"PLAYGRNDTOT":null,"PLAYGRNDSCHL":null,"SWINGSET":null,"BBALLCOURT":null,"TENNISCOURT":null,"VBALLCOURT":null,"HORSESHOES":null,"ADDAMENITIES":null,"OWNEDBY":"City","MAINTBY":"City","AREA_SQFT":949.93850884999995,"AREA_ACRES":0.021807590000000002,"LASTUPDATE":null,"LASTEDITOR":null,"NOTES":null,"FACILITYID":"177","PARKINGTYPE":null,"PARKINGNUMSTALLS":null,"BOATING":null,"HASPAVILION":null,"HASTABLES":null,"HASBBQGRILLS":null,"HASFIREPIT":null,"HASBENCHES":null,"BASEBALL":null,"FISHING":null,"URL":null,"PICURL":null,"created_user":"BGIBSON","created_date":1667529529000,"last_edited_user":"BGIBSON","last_edited_date":1767747226000,"YEARBUILT":2017,"PHRAGMITES":null,"HASPICKLE":null,"TRAILHEAD":null,"Shape.STArea()":949.93850885008487,"Shape.STLength()":262.83476098211008}},{"type":"Feature","id":288,"geometry":{"type":"Polygon","coordinates":[[[-111.92583788814844,40.389450730298456],[-111.92582359318291,40.389559582446466],[-111.9258227404446,40.389698250161196],[-111.92585138866175,40.389688901923904],[-111.92585699496536,40.389567234988199],[-111.92583788814844,40.389450730298456]]]},"properties":{"GlobalID":"{04DEAF19-32D0-40D4-806B-45F0E9E38342}","OBJECTID":288,"PARKID":373,"TYPE":"Frontage","NAME":null,"COMMONNAME":null,"ADDRESS":null,"USE_":"Landscape","STATUS":"Unlandscaped","RESERVABLE":null,"PATH":null,"BATHROOM":null,"DRINKINGFNTN":null,"PAVILION":null,"TABLES":null,"BBQGRILLS":null,"FIREPIT":null,"BENCHES":null,"PLAYGRNDTOT":null,"PLAYGRNDSCHL":null,"SWINGSET":null,"BBALLCOURT":null,"TENNISCOURT":null,"VBALLCOURT":null,"HORSESHOES":null,"ADDAMENITIES":null,"OWNEDBY":"City","MAINTBY":"City","AREA_SQFT":599.53503097999999,"AREA_ACRES":0.01376343,"LASTUPDATE":null,"LASTEDITOR":null,"NOTES":null,"FACILITYID":"178","PARKINGTYPE":null,"PARKINGNUMSTALLS":null,"BOATING":null,"HASPAVILION":null,"HASTABLES":null,"HASBBQGRILLS":null,"HASFIREPIT":null,"HASBENCHES":null,"BASEBALL":null,"FISHING":null,"URL":null,"PICURL":null,"created_user":"BGIBSON","created_date":1667529623000,"last_edited_user":"BGIBSON","last_edited_date":1767747226000,"YEARBUILT":2017,"PHRAGMITES":null,"HASPICKLE":null,"TRAILHEAD":null,"Shape.STArea()":599.53503098309511,"Shape.STLength()":186.16905048030523}},{"type":"Feature","id":289,"geometry":{"type":"Polygon","coordinates":[[[-111.92581264270031,40.389753287682211],[-111.92581073971081,40.390626037788429],[-111.92582247563681,40.390624858487847],[-111.92583189860449,40.390620142773116],[-111.92584085750586,40.390609564822704],[-111.92584913684333,40.389761764743099],[-111.92581264270031,40.389753287682211]]]},"properties":{"GlobalID":"{F51EDC76-38DE-4CF9-A653-6FE5AF3478DA}","OBJECTID":289,"PARKID":374,"TYPE":"Frontage","NAME":null,"COMMONNAME":null,"ADDRESS":null,"USE_":"Landscape","STATUS":"Unlandscaped","RESERVABLE":null,"PATH":null,"BATHROOM":null,"DRINKINGFNTN":null,"PAVILION":null,"TABLES":null,"BBQGRILLS":null,"FIREPIT":null,"BENCHES":null,"PLAYGRNDTOT":null,"PLAYGRNDSCHL":null,"SWINGSET":null,"BBALLCOURT":null,"TENNISCOURT":null,"VBALLCOURT":null,"HORSESHOES":null,"ADDAMENITIES":null,"OWNEDBY":"City","MAINTBY":"City","AREA_SQFT":2916.2633877500002,"AREA_ACRES":0.066948199999999999,"LASTUPDATE":null,"LASTEDITOR":null,"NOTES":null,"FACILITYID":"179","PARKINGTYPE":null,"PARKINGNUMSTALLS":null,"BOATING":null,"HASPAVILION":null,"HASTABLES":null,"HASBBQGRILLS":null,"HASFIREPIT":null,"HASBENCHES":null,"BASEBALL":null,"FISHING":null,"URL":null,"PICURL":null,"created_user":"BGIBSON","created_date":1667529656000,"last_edited_user":"BGIBSON","last_edited_date":1767747226000,"YEARBUILT":2017,"PHRAGMITES":null,"HASPICKLE":null,"TRAILHEAD":null,"Shape.STArea()":2916.2633877514886,"Shape.STLength()":648.43891238600804}},{"type":"Feature","id":290,"geometry":{"type":"Polygon","coordinates":[[[-111.9304907650023,40.383716333246724],[-111.93058664232107,40.383700012331296],[-111.930619504638,40.383673229382524],[-111.9305655866151,40.383654916521671],[-111.93044301628682,40.383653153029826],[-111.93038626959905,40.383697386877763],[-111.9304907650023,40.383716333246724]]]},"properties":{"GlobalID":"{80A3DC7E-53F2-42AC-BB14-187010DBD365}","OBJECTID":290,"PARKID":375,"TYPE":"Frontage","NAME":null,"COMMONNAME":null,"ADDRESS":null,"USE_":"Landscape","STATUS":"Constructed","RESERVABLE":null,"PATH":null,"BATHROOM":null,"DRINKINGFNTN":null,"PAVILION":null,"TABLES":null,"BBQGRILLS":null,"FIREPIT":null,"BENCHES":null,"PLAYGRNDTOT":null,"PLAYGRNDSCHL":null,"SWINGSET":null,"BBALLCOURT":null,"TENNISCOURT":null,"VBALLCOURT":null,"HORSESHOES":null,"ADDAMENITIES":null,"OWNEDBY":"City","MAINTBY":"City","AREA_SQFT":1018.38646619,"AREA_ACRES":0.023378940000000001,"LASTUPDATE":null,"LASTEDITOR":null,"NOTES":null,"FACILITYID":"180","PARKINGTYPE":null,"PARKINGNUMSTALLS":null,"BOATING":null,"HASPAVILION":null,"HASTABLES":null,"HASBBQGRILLS":null,"HASFIREPIT":null,"HASBENCHES":null,"BASEBALL":null,"FISHING":null,"URL":null,"PICURL":null,"created_user":"BGIBSON","created_date":1667530021000,"last_edited_user":"BGIBSON","last_edited_date":1767747273000,"YEARBUILT":null,"PHRAGMITES":null,"HASPICKLE":null,"TRAILHEAD":null,"Shape.STArea()":1018.3864661917436,"Shape.STLength()":143.81756080319838}},{"type":"Feature","id":291,"geometry":{"type":"Polygon","coordinates":[[[-111.93085634780844,40.383919000190566],[-111.93089822153335,40.383909866751409],[-111.93086994285397,40.38378369493811],[-111.93081402183479,40.383767705065608],[-111.93075986105379,40.383866829587717],[-111.93085634780844,40.383919000190566]]]},"properties":{"GlobalID":"{E6E658ED-FD61-4208-B658-1D64D5626B0D}","OBJECTID":291,"PARKID":376,"TYPE":"Frontage","NAME":null,"COMMONNAME":null,"ADDRESS":null,"USE_":"Landscape","STATUS":"Constructed","RESERVABLE":null,"PATH":null,"BATHROOM":null,"DRINKINGFNTN":null,"PAVILION":null,"TABLES":null,"BBQGRILLS":null,"FIREPIT":null,"BENCHES":null,"PLAYGRNDTOT":null,"PLAYGRNDSCHL":null,"SWINGSET":null,"BBALLCOURT":null,"TENNISCOURT":null,"VBALLCOURT":null,"HORSESHOES":null,"ADDAMENITIES":null,"OWNEDBY":"City","MAINTBY":"City","AREA_SQFT":1304.80289313,"AREA_ACRES":0.029954149999999999,"LASTUPDATE":null,"LASTEDITOR":null,"NOTES":null,"FACILITYID":"181","PARKINGTYPE":null,"PARKINGNUMSTALLS":null,"BOATING":null,"HASPAVILION":null,"HASTABLES":null,"HASBBQGRILLS":null,"HASFIREPIT":null,"HASBENCHES":null,"BASEBALL":null,"FISHING":null,"URL":null,"PICURL":null,"created_user":"BGIBSON","created_date":1667530035000,"last_edited_user":"BGIBSON","last_edited_date":1767747273000,"YEARBUILT":null,"PHRAGMITES":null,"HASPICKLE":null,"TRAILHEAD":null,"Shape.STArea()":1304.8028931337856,"Shape.STLength()":147.4492230010683}},{"type":"Feature","id":292,"geometry":{"type":"Polygon","coordinates":[[[-111.93025186115665,40.384229692278907],[-111.93044683095641,40.384185380410599],[-111.93056301437437,40.384200093114963],[-111.9305755168492,40.384184295242797],[-111.93045376481672,40.384098618854118],[-111.930398955477,40.384104534083349],[-111.93025186115665,40.384229692278907]]]},"properties":{"GlobalID":"{B12F1251-816F-4588-BC07-1639F734234B}","OBJECTID":292,"PARKID":377,"TYPE":"Island","NAME":null,"COMMONNAME":null,"ADDRESS":null,"USE_":"Landscape","STATUS":"Constructed","RESERVABLE":null,"PATH":null,"BATHROOM":null,"DRINKINGFNTN":null,"PAVILION":null,"TABLES":null,"BBQGRILLS":null,"FIREPIT":null,"BENCHES":null,"PLAYGRNDTOT":null,"PLAYGRNDSCHL":null,"SWINGSET":null,"BBALLCOURT":null,"TENNISCOURT":null,"VBALLCOURT":null,"HORSESHOES":null,"ADDAMENITIES":null,"OWNEDBY":"City","MAINTBY":"City","AREA_SQFT":1815.24867103,"AREA_ACRES":0.041672380000000002,"LASTUPDATE":null,"LASTEDITOR":null,"NOTES":null,"FACILITYID":"182","PARKINGTYPE":null,"PARKINGNUMSTALLS":null,"BOATING":null,"HASPAVILION":null,"HASTABLES":null,"HASBBQGRILLS":null,"HASFIREPIT":null,"HASBENCHES":null,"BASEBALL":null,"FISHING":null,"URL":null,"PICURL":null,"created_user":"BGIBSON","created_date":1667530054000,"last_edited_user":"BGIBSON","last_edited_date":1767747273000,"YEARBUILT":null,"PHRAGMITES":null,"HASPICKLE":null,"TRAILHEAD":null,"Shape.STArea()":1815.2486710283822,"Shape.STLength()":219.00693097542916}},{"type":"Feature","id":293,"geometry":{"type":"Polygon","coordinates":[[[-111.93008254023746,40.383970774234079],[-111.93011651108263,40.383952971942762],[-111.93005811096968,40.383878731496928],[-111.93001464716914,40.38392701234185],[-111.93008254023746,40.383970774234079]]]},"properties":{"GlobalID":"{3C50B4AB-A3FB-4818-B74E-8821C04BC5F2}","OBJECTID":293,"PARKID":378,"TYPE":"Frontage","NAME":null,"COMMONNAME":null,"ADDRESS":null,"USE_":"Landscape","STATUS":"Unlandscaped","RESERVABLE":null,"PATH":null,"BATHROOM":null,"DRINKINGFNTN":null,"PAVILION":null,"TABLES":null,"BBQGRILLS":null,"FIREPIT":null,"BENCHES":null,"PLAYGRNDTOT":null,"PLAYGRNDSCHL":null,"SWINGSET":null,"BBALLCOURT":null,"TENNISCOURT":null,"VBALLCOURT":null,"HORSESHOES":null,"ADDAMENITIES":null,"OWNEDBY":"City","MAINTBY":"City","AREA_SQFT":443.55658554000001,"AREA_ACRES":0.01018266,"LASTUPDATE":null,"LASTEDITOR":null,"NOTES":null,"FACILITYID":"183","PARKINGTYPE":null,"PARKINGNUMSTALLS":null,"BOATING":null,"HASPAVILION":null,"HASTABLES":null,"HASBBQGRILLS":null,"HASFIREPIT":null,"HASBENCHES":null,"BASEBALL":null,"FISHING":null,"URL":null,"PICURL":null,"created_user":"BGIBSON","created_date":1667530080000,"last_edited_user":"BGIBSON","last_edited_date":1767747273000,"YEARBUILT":null,"PHRAGMITES":null,"HASPICKLE":null,"TRAILHEAD":null,"Shape.STArea()":443.55658553783223,"Shape.STLength()":89.12192592706333}},{"type":"Feature","id":297,"geometry":{"type":"Polygon","coordinates":[[[-111.93337368361377,40.37221299869374],[-111.9333991474856,40.372176673121068],[-111.93309156900015,40.372064225890895],[-111.9330683569095,40.372101365328668],[-111.93337368361377,40.37221299869374]]]},"properties":{"GlobalID":"{607E7889-E11C-4DF2-8EB5-3A07678CA722}","OBJECTID":297,"PARKID":382,"TYPE":"Trail","NAME":null,"COMMONNAME":null,"ADDRESS":null,"USE_":"Trail","STATUS":"Constructed","RESERVABLE":null,"PATH":null,"BATHROOM":null,"DRINKINGFNTN":null,"PAVILION":null,"TABLES":null,"BBQGRILLS":null,"FIREPIT":null,"BENCHES":null,"PLAYGRNDTOT":null,"PLAYGRNDSCHL":null,"SWINGSET":null,"BBALLCOURT":null,"TENNISCOURT":null,"VBALLCOURT":null,"HORSESHOES":null,"ADDAMENITIES":null,"OWNEDBY":"City","MAINTBY":"City","AREA_SQFT":1419.31076691,"AREA_ACRES":0.032582890000000003,"LASTUPDATE":null,"LASTEDITOR":null,"NOTES":null,"FACILITYID":"188","PARKINGTYPE":null,"PARKINGNUMSTALLS":null,"BOATING":null,"HASPAVILION":null,"HASTABLES":null,"HASBBQGRILLS":null,"HASFIREPIT":null,"HASBENCHES":null,"BASEBALL":null,"FISHING":null,"URL":null,"PICURL":null,"created_user":"BGIBSON","created_date":1667532986000,"last_edited_user":"BGIBSON","last_edited_date":1767804386000,"YEARBUILT":2017,"PHRAGMITES":null,"HASPICKLE":null,"TRAILHEAD":null,"Shape.STArea()":1419.3107669057742,"Shape.STLength()":219.28588191091566}},{"type":"Feature","id":302,"geometry":{"type":"Polygon","coordinates":[[[-111.95659540687798,40.372855178758897],[-111.95679386742569,40.372954093924349],[-111.9567880423163,40.372765791474251],[-111.95673449865502,40.372139812125781],[-111.9563869634441,40.372141116687814],[-111.95638761564837,40.372160156062243],[-111.95638626494558,40.372251754019388],[-111.95637289323338,40.372374504678376],[-111.95632865784111,40.37255391521122],[-111.9563209607379,40.372604309102776],[-111.95633669491667,40.372668523519593],[-111.95637027485085,40.372716129214204],[-111.95659540687798,40.372855178758897]]]},"properties":{"GlobalID":"{7EFCF90E-E3B9-4B5F-95DA-AD7CD771C537}","OBJECTID":302,"PARKID":387,"TYPE":"Open Space","NAME":null,"COMMONNAME":null,"ADDRESS":null,"USE_":"OpenSpace","STATUS":"Unlandscaped","RESERVABLE":null,"PATH":null,"BATHROOM":null,"DRINKINGFNTN":null,"PAVILION":null,"TABLES":null,"BBQGRILLS":null,"FIREPIT":null,"BENCHES":null,"PLAYGRNDTOT":null,"PLAYGRNDSCHL":null,"SWINGSET":null,"BBALLCOURT":null,"TENNISCOURT":null,"VBALLCOURT":null,"HORSESHOES":null,"ADDAMENITIES":null,"OWNEDBY":"City","MAINTBY":"City","AREA_SQFT":28646.998819140001,"AREA_ACRES":0.65764460000000002,"LASTUPDATE":null,"LASTEDITOR":null,"NOTES":null,"FACILITYID":"193","PARKINGTYPE":null,"PARKINGNUMSTALLS":null,"BOATING":null,"HASPAVILION":null,"HASTABLES":null,"HASBBQGRILLS":null,"HASFIREPIT":null,"HASBENCHES":null,"BASEBALL":null,"FISHING":null,"URL":null,"PICURL":null,"created_user":"BGIBSON","created_date":1667840699000,"last_edited_user":"BGIBSON","last_edited_date":1767747226000,"YEARBUILT":2021,"PHRAGMITES":null,"HASPICKLE":null,"TRAILHEAD":null,"Shape.STArea()":28646.998819144705,"Shape.STLength()":754.27279974490341}},{"type":"Feature","id":306,"geometry":{"type":"Polygon","coordinates":[[[-111.93516008761939,40.404696664336363],[-111.93525161781135,40.404704591515255],[-111.9352900622761,40.404705239233671],[-111.93547943811726,40.404704562453787],[-111.93547918969396,40.404693118373451],[-111.93547903698995,40.404622897152905],[-111.93521959447767,40.404619431482409],[-111.93519733135703,40.404642856412117],[-111.93516008761939,40.404696664336363]]]},"properties":{"GlobalID":"{20B099D2-64A2-436D-B989-D9DC0AB8505F}","OBJECTID":306,"PARKID":391,"TYPE":"Frontage","NAME":null,"COMMONNAME":null,"ADDRESS":null,"USE_":"Landscape","STATUS":"Constructed","RESERVABLE":null,"PATH":null,"BATHROOM":null,"DRINKINGFNTN":null,"PAVILION":null,"TABLES":null,"BBQGRILLS":null,"FIREPIT":null,"BENCHES":null,"PLAYGRNDTOT":null,"PLAYGRNDSCHL":null,"SWINGSET":null,"BBALLCOURT":null,"TENNISCOURT":null,"VBALLCOURT":null,"HORSESHOES":null,"ADDAMENITIES":null,"OWNEDBY":"City","MAINTBY":"City","AREA_SQFT":2464.6271699200001,"AREA_ACRES":0.05658005,"LASTUPDATE":null,"LASTEDITOR":null,"NOTES":null,"FACILITYID":"197","PARKINGTYPE":null,"PARKINGNUMSTALLS":null,"BOATING":null,"HASPAVILION":null,"HASTABLES":null,"HASBBQGRILLS":null,"HASFIREPIT":null,"HASBENCHES":null,"BASEBALL":null,"FISHING":null,"URL":null,"PICURL":null,"created_user":"BGIBSON","created_date":1667930874000,"last_edited_user":"BGIBSON","last_edited_date":1767747226000,"YEARBUILT":2006,"PHRAGMITES":null,"HASPICKLE":null,"TRAILHEAD":null,"Shape.STArea()":2464.6271699163558,"Shape.STLength()":223.8395207172988}},{"type":"Feature","id":307,"geometry":{"type":"Polygon","coordinates":[[[-111.93414333204319,40.369212634868845],[-111.93452730828436,40.369210707068248],[-111.93460509212002,40.369210316241755],[-111.93500170354311,40.368431098584004],[-111.93501768770098,40.368375341751801],[-111.9349357413878,40.368375753741901],[-111.93413609101945,40.368379775315944],[-111.93414333204319,40.369212634868845]]]},"properties":{"GlobalID":"{3EEC6CF6-7309-4302-990E-537E735FB0A1}","OBJECTID":307,"PARKID":392,"TYPE":"Landscape","NAME":null,"COMMONNAME":null,"ADDRESS":null,"USE_":null,"STATUS":null,"RESERVABLE":null,"PATH":null,"BATHROOM":null,"DRINKINGFNTN":null,"PAVILION":null,"TABLES":null,"BBQGRILLS":null,"FIREPIT":null,"BENCHES":null,"PLAYGRNDTOT":null,"PLAYGRNDSCHL":null,"SWINGSET":null,"BBALLCOURT":null,"TENNISCOURT":null,"VBALLCOURT":null,"HORSESHOES":null,"ADDAMENITIES":null,"OWNEDBY":"City","MAINTBY":"City","AREA_SQFT":57275.113177810003,"AREA_ACRES":1.31485567,"LASTUPDATE":null,"LASTEDITOR":null,"NOTES":null,"FACILITYID":"198","PARKINGTYPE":null,"PARKINGNUMSTALLS":null,"BOATING":null,"HASPAVILION":null,"HASTABLES":null,"HASBBQGRILLS":null,"HASFIREPIT":null,"HASBENCHES":null,"BASEBALL":null,"FISHING":null,"URL":null,"PICURL":null,"created_user":"BGIBSON","created_date":1667930967000,"last_edited_user":"BGIBSON","last_edited_date":1767747226000,"YEARBUILT":2018,"PHRAGMITES":null,"HASPICKLE":null,"TRAILHEAD":null,"Shape.STArea()":57275.113177810141,"Shape.STLength()":1003.1276940700515}},{"type":"Feature","id":308,"geometry":{"type":"Polygon","coordinates":[[[-111.92971271413184,40.369449046667924],[-111.92971290309534,40.36945232334697],[-111.9299217425297,40.369441626365685],[-111.93002844534243,40.369434959380762],[-111.93011700863147,40.369428263552145],[-111.93016607234286,40.369423740268829],[-111.93028163584808,40.369423078246683],[-111.93058102496072,40.369421993375575],[-111.9309207660265,40.369416291950692],[-111.93123516727663,40.369414877195361],[-111.93150440706646,40.369413869614334],[-111.93179428300103,40.369412947330247],[-111.93202582876638,40.369412308285021],[-111.93217006564223,40.369411864488129],[-111.9323589832898,40.369412835922233],[-111.93273733998586,40.369409899061665],[-111.9332742866745,40.369405692622657],[-111.93328560002008,40.36940829043683],[-111.93331309912425,40.369414219128991],[-111.93332876847683,40.369393650234265],[-111.93326973562965,40.369379845337754],[-111.9327762281207,40.369383493828302],[-111.93202840831711,40.369386336441977],[-111.93162735739736,40.3693890116378],[-111.93135672575684,40.369389622057021],[-111.93111123880975,40.369391053288737],[-111.93087350575146,40.369392124906405],[-111.93058077149543,40.369393321117208],[-111.93039475018649,40.369396404273026],[-111.93023568701801,40.369397145398615],[-111.93013492687884,40.369402465895625],[-111.92998880761428,40.369410280313843],[-111.92971257103174,40.369427014309942],[-111.92971271413184,40.369449046667924]]]},"properties":{"GlobalID":"{EA4B863F-D85F-4460-B9EA-2299CDFD6AE3}","OBJECTID":308,"PARKID":393,"TYPE":"Frontage","NAME":null,"COMMONNAME":null,"ADDRESS":null,"USE_":"Landscape","STATUS":"Constructed","RESERVABLE":null,"PATH":null,"BATHROOM":null,"DRINKINGFNTN":null,"PAVILION":null,"TABLES":null,"BBQGRILLS":null,"FIREPIT":null,"BENCHES":null,"PLAYGRNDTOT":null,"PLAYGRNDSCHL":null,"SWINGSET":null,"BBALLCOURT":null,"TENNISCOURT":null,"VBALLCOURT":null,"HORSESHOES":null,"ADDAMENITIES":null,"OWNEDBY":"City","MAINTBY":"City","AREA_SQFT":9479.0470696699995,"AREA_ACRES":0.21760898000000001,"LASTUPDATE":null,"LASTEDITOR":null,"NOTES":null,"FACILITYID":"199","PARKINGTYPE":null,"PARKINGNUMSTALLS":null,"BOATING":null,"HASPAVILION":null,"HASTABLES":null,"HASBBQGRILLS":null,"HASFIREPIT":null,"HASBENCHES":null,"BASEBALL":null,"FISHING":null,"URL":null,"PICURL":null,"created_user":"BGIBSON","created_date":1667931135000,"last_edited_user":"BGIBSON","last_edited_date":1767747226000,"YEARBUILT":2015,"PHRAGMITES":null,"HASPICKLE":null,"TRAILHEAD":null,"Shape.STArea()":9479.047069668286,"Shape.STLength()":2030.7255648178023}},{"type":"Feature","id":309,"geometry":{"type":"Polygon","coordinates":[[[-111.93352832495704,40.369412860340411],[-111.93354169446515,40.36940694950836],[-111.93389511560665,40.369405364020402],[-111.93450852748356,40.369395947157905],[-111.9345212465694,40.369370885038435],[-111.93389525983669,40.369382619102467],[-111.93356404850348,40.369383426066037],[-111.93351013022379,40.369390550864253],[-111.93352832495704,40.369412860340411]]]},"properties":{"GlobalID":"{17EC573B-C81B-4C6D-88C1-BA239C4AC419}","OBJECTID":309,"PARKID":394,"TYPE":"Frontage","NAME":null,"COMMONNAME":null,"ADDRESS":null,"USE_":"Landscape","STATUS":"Constructed","RESERVABLE":null,"PATH":null,"BATHROOM":null,"DRINKINGFNTN":null,"PAVILION":null,"TABLES":null,"BBQGRILLS":null,"FIREPIT":null,"BENCHES":null,"PLAYGRNDTOT":null,"PLAYGRNDSCHL":null,"SWINGSET":null,"BBALLCOURT":null,"TENNISCOURT":null,"VBALLCOURT":null,"HORSESHOES":null,"ADDAMENITIES":null,"OWNEDBY":"City","MAINTBY":"City","AREA_SQFT":2375.9797443100001,"AREA_ACRES":0.054544990000000002,"LASTUPDATE":null,"LASTEDITOR":null,"NOTES":null,"FACILITYID":"200","PARKINGTYPE":null,"PARKINGNUMSTALLS":null,"BOATING":null,"HASPAVILION":null,"HASTABLES":null,"HASBBQGRILLS":null,"HASFIREPIT":null,"HASBENCHES":null,"BASEBALL":null,"FISHING":null,"URL":null,"PICURL":null,"created_user":"BGIBSON","created_date":1667931164000,"last_edited_user":"BGIBSON","last_edited_date":1767747226000,"YEARBUILT":2019,"PHRAGMITES":null,"HASPICKLE":null,"TRAILHEAD":null,"Shape.STArea()":2375.9797443053117,"Shape.STLength()":575.1052394080333}},{"type":"Feature","id":310,"geometry":{"type":"Polygon","coordinates":[[[-111.95611694162564,40.367692062221813],[-111.95605712609263,40.367662183968982],[-111.95602495450262,40.367629202400408],[-111.95600612761548,40.367586749131036],[-111.95601471031081,40.367517347597655],[-111.95589356351572,40.367794259192358],[-111.9562705483016,40.367862632458198],[-111.95658473199667,40.367919504663803],[-111.95687801551082,40.367972588593709],[-111.95715383153357,40.368022480709712],[-111.95742965892289,40.368072427069656],[-111.95772992762919,40.368126782045785],[-111.95776996689007,40.368093582226059],[-111.95776155571383,40.368092807290438],[-111.95767829636362,40.368084692512952],[-111.95760708573616,40.368075991051889],[-111.95753356668379,40.368065264064192],[-111.95742724048914,40.368046554324174],[-111.95734936273378,40.368030403585713],[-111.95727975833718,40.368014135784264],[-111.95720527404399,40.367994800573797],[-111.95713904280323,40.367976185976779],[-111.95703044331985,40.367949921301403],[-111.9569285256669,40.367931176766454],[-111.95682884048918,40.36791806494621],[-111.95674366703911,40.367910853105045],[-111.95667668333306,40.367903487309285],[-111.95662654417283,40.367893772612355],[-111.95656789498396,40.367877460707831],[-111.95649084004056,40.367846743954779],[-111.95641882889092,40.367812413964621],[-111.95631453874195,40.367764147510485],[-111.95619248253051,40.367716677979132],[-111.95611694162564,40.367692062221813]]]},"properties":{"GlobalID":"{8752D3E1-62B1-48A3-A6FF-2E9EEBC2E583}","OBJECTID":310,"PARKID":395,"TYPE":"Trail","NAME":null,"COMMONNAME":null,"ADDRESS":null,"USE_":"Trail","STATUS":"Constructed","RESERVABLE":null,"PATH":null,"BATHROOM":null,"DRINKINGFNTN":null,"PAVILION":null,"TABLES":null,"BBQGRILLS":null,"FIREPIT":null,"BENCHES":null,"PLAYGRNDTOT":null,"PLAYGRNDSCHL":null,"SWINGSET":null,"BBALLCOURT":null,"TENNISCOURT":null,"VBALLCOURT":null,"HORSESHOES":null,"ADDAMENITIES":null,"OWNEDBY":"City","MAINTBY":"City","AREA_SQFT":12269.70059851,"AREA_ACRES":0.28167356999999998,"LASTUPDATE":null,"LASTEDITOR":null,"NOTES":null,"FACILITYID":"190","PARKINGTYPE":null,"PARKINGNUMSTALLS":null,"BOATING":null,"HASPAVILION":null,"HASTABLES":null,"HASBBQGRILLS":null,"HASFIREPIT":null,"HASBENCHES":null,"BASEBALL":null,"FISHING":null,"URL":null,"PICURL":null,"created_user":"BGIBSON","created_date":1667931281000,"last_edited_user":"BGIBSON","last_edited_date":1767747226000,"YEARBUILT":2019,"PHRAGMITES":null,"HASPICKLE":null,"TRAILHEAD":null,"Shape.STArea()":12269.700598509788,"Shape.STLength()":1213.2221055404411}},{"type":"Feature","id":311,"geometry":{"type":"Polygon","coordinates":[[[-111.89617998561842,40.317286045411954],[-111.89806680699476,40.318232301334696],[-111.89816534478263,40.318216512459301],[-111.89820528291354,40.3181720676561],[-111.89823187687601,40.318152475501954],[-111.89822773164445,40.318134062566251],[-111.89788427088948,40.3179555615041],[-111.89770638119643,40.317873828921783],[-111.89741988947553,40.317733012534092],[-111.89723328135088,40.317643412082745],[-111.89696516990864,40.317513119097384],[-111.89664771021411,40.31735615578927],[-111.89618074606661,40.317129542461771],[-111.89617998561842,40.317286045411954]]]},"properties":{"GlobalID":"{CEE5E0AE-B778-4A76-AB79-A6C325291FAB}","OBJECTID":311,"PARKID":396,"TYPE":"Frontage","NAME":null,"COMMONNAME":null,"ADDRESS":null,"USE_":"Landscape","STATUS":"Unlandscaped","RESERVABLE":null,"PATH":null,"BATHROOM":null,"DRINKINGFNTN":null,"PAVILION":null,"TABLES":null,"BBQGRILLS":null,"FIREPIT":null,"BENCHES":null,"PLAYGRNDTOT":null,"PLAYGRNDSCHL":null,"SWINGSET":null,"BBALLCOURT":null,"TENNISCOURT":null,"VBALLCOURT":null,"HORSESHOES":null,"ADDAMENITIES":null,"OWNEDBY":"City","MAINTBY":"City","AREA_SQFT":34557.152795360002,"AREA_ACRES":0.79332307000000002,"LASTUPDATE":null,"LASTEDITOR":null,"NOTES":null,"FACILITYID":"201","PARKINGTYPE":null,"PARKINGNUMSTALLS":null,"BOATING":null,"HASPAVILION":null,"HASTABLES":null,"HASBBQGRILLS":null,"HASFIREPIT":null,"HASBENCHES":null,"BASEBALL":null,"FISHING":null,"URL":null,"PICURL":null,"created_user":"BGIBSON","created_date":1667931425000,"last_edited_user":"BGIBSON","last_edited_date":1767747273000,"YEARBUILT":null,"PHRAGMITES":null,"HASPICKLE":null,"TRAILHEAD":null,"Shape.STArea()":34557.152795358248,"Shape.STLength()":1428.9062391987034}},{"type":"Feature","id":312,"geometry":{"type":"Polygon","coordinates":[[[-111.89816408246934,40.318283513451092],[-111.8981674704692,40.318282794905485],[-111.89817458031219,40.318286361524017],[-111.89828765816182,40.318343082031816],[-111.89836438444269,40.31838156865112],[-111.89836880494397,40.318383785362805],[-111.89837142481392,40.318385122885552],[-111.89837315979747,40.318386043727543],[-111.8983768658168,40.318388010695998],[-111.89838397806884,40.318391785341014],[-111.89839361608071,40.31839690053058],[-111.89839822382199,40.318399346265558],[-111.89840396225092,40.318402391573052],[-111.89840785118902,40.318404451583248],[-111.8984125461826,40.318406928542537],[-111.89841698151899,40.318409267688601],[-111.89841956978526,40.318410633237853],[-111.89842423173033,40.318413092296559],[-111.89842934452311,40.318415788486973],[-111.89843294425404,40.318417687367571],[-111.89843720255244,40.31841993254951],[-111.89844010122276,40.318421461856701],[-111.89844441263608,40.318423735677662],[-111.89844773383216,40.318425487802848],[-111.89845084376306,40.318427128068535],[-111.89845553403244,40.318429601439647],[-111.89845949610064,40.31843169182045],[-111.89846270044784,40.318433381298988],[-111.89846618924008,40.318435222015346],[-111.89846908554797,40.31843674952853],[-111.898472913066,40.318438768316653],[-111.89847504221912,40.318439891357215],[-111.89848146626339,40.318443279267342],[-111.89849116154453,40.318448325805051],[-111.89849625082363,40.318450822131005],[-111.89850164571628,40.318453467821122],[-111.89850713146922,40.31845615823304],[-111.89851235526908,40.318458720746804],[-111.89851369927307,40.318459379933664],[-111.89851648049937,40.318460743921982],[-111.89851966174439,40.318462304686435],[-111.89852410910787,40.318464485275079],[-111.89852893289029,40.318466851011898],[-111.89855377352717,40.318479161774846],[-111.89857706922186,40.318490857262425],[-111.89859364476541,40.318499234300305],[-111.89860103296604,40.318503717693787],[-111.89860789925143,40.318507883140569],[-111.89861996729464,40.31851466340806],[-111.89863682373814,40.318523793315869],[-111.8986442962231,40.318527191149883],[-111.89865480299784,40.3185319674159],[-111.89867028079867,40.318541358704174],[-111.89867576869079,40.318544818246018],[-111.89868419341026,40.318550296005114],[-111.89868956500969,40.318553788366074],[-111.89869669171236,40.318558422151618],[-111.89870047002438,40.318560677067367],[-111.8987129235497,40.318567781140409],[-111.89873382815833,40.318580241291428],[-111.89874729586752,40.318587535537311],[-111.89875978574749,40.318594415222314],[-111.8987699630963,40.318600203118322],[-111.89879154464747,40.318611110049588],[-111.89880370754514,40.318619018474187],[-111.89881674445333,40.318627494919127],[-111.89882755122713,40.318635693471961],[-111.89884913279866,40.318646600392476],[-111.89885910477899,40.318653084274473],[-111.89886239176279,40.318655221077165],[-111.89886904486718,40.318659546649116],[-111.89887433263139,40.318662985249397],[-111.89887671877526,40.318664795493028],[-111.89888059522519,40.318667736354385],[-111.89888369402168,40.318670087250148],[-111.89888652453965,40.318672234616699],[-111.89888901350469,40.318674122864643],[-111.89889196220749,40.318676359891448],[-111.89889412616544,40.318678001573211],[-111.89889737742085,40.318680468130523],[-111.89890100450323,40.318683219807724],[-111.89890315073397,40.318684848040242],[-111.89890598654436,40.318686691873125],[-111.89890978967222,40.318689164651872],[-111.89891300461395,40.318691254865861],[-111.89891591247545,40.318693146186391],[-111.89891980890685,40.318695678989037],[-111.89892287267267,40.318697671549245],[-111.89892490888363,40.318698995741201],[-111.89892811673518,40.318701080575174],[-111.89893192052806,40.318703263345341],[-111.89893692717375,40.31870611118314],[-111.89894297746454,40.318709561587163],[-111.89894578893687,40.318711266803867],[-111.89895614688724,40.318717552119971],[-111.89896449016705,40.318722777057388],[-111.89897326099744,40.318728480574592],[-111.89898112828321,40.318733595456877],[-111.89898593889163,40.318736723159724],[-111.89899087192177,40.318740465580376],[-111.8989965400615,40.318744765687732],[-111.89900280385312,40.31874951768264],[-111.89900496072495,40.318751153982689],[-111.89900718614409,40.318752842285683],[-111.89900948601969,40.318754587074558],[-111.89901095742015,40.318755703344969],[-111.8990124548213,40.31875683934053],[-111.8990147570609,40.318758585922545],[-111.89901545154652,40.318759037472823],[-111.89901721020532,40.31876018158259],[-111.89901935271806,40.318761574759108],[-111.89902185900384,40.318763203561232],[-111.89902323143993,40.31876409591041],[-111.89902652906549,40.318766239877213],[-111.89902886173543,40.318767756692232],[-111.89903119440021,40.318769272606595],[-111.89903659557022,40.31877278556518],[-111.89903995697451,40.318774970743156],[-111.89904400953313,40.318778045192694],[-111.89905022369344,40.3187827595277],[-111.8990543767101,40.318785910188105],[-111.89905642485425,40.318787463999811],[-111.89905833472211,40.318788912908971],[-111.89906356676782,40.318792882166804],[-111.89909397511767,40.318813218301131],[-111.89910479795627,40.318824161918712],[-111.89912279335367,40.31883508103676],[-111.89915881617445,40.318862409446098],[-111.89917682759565,40.318876073646543],[-111.89919845731661,40.318895215774084],[-111.89922727562042,40.318917078483373],[-111.89930655807159,40.318982691077885],[-111.89929988089256,40.318984940272607],[-111.89931450263822,40.318997415483565],[-111.8993750645659,40.319050427226706],[-111.89943362160128,40.319104042013684],[-111.89952662715145,40.319194395811913],[-111.8995935030719,40.319263509977148],[-111.89967087308314,40.319348675409714],[-111.89985492962579,40.319571398595379],[-111.90029102301031,40.320108144851091],[-111.900334312493,40.320087134174663],[-111.9003192003447,40.32006652441072],[-111.90035599835278,40.320031849869125],[-111.90039723615683,40.31999281002107],[-111.90027019921736,40.31982586616455],[-111.89988568947155,40.319362331777413],[-111.89964201558426,40.319107092349086],[-111.89946091294402,40.318923257271187],[-111.89928111945642,40.318782962393875],[-111.89908190356054,40.318637101879006],[-111.89889618537427,40.318501923348713],[-111.89866123511133,40.318357706169024],[-111.89832421032887,40.318177149905011],[-111.89822826064243,40.318258184951247],[-111.89816408246934,40.318283513451092]]]},"properties":{"GlobalID":"{DA8C4180-AACD-4ABF-AF3F-FFC6C52BB3F3}","OBJECTID":312,"PARKID":397,"TYPE":"Frontage","NAME":null,"COMMONNAME":null,"ADDRESS":null,"USE_":"Landscape","STATUS":"Constructed","RESERVABLE":null,"PATH":null,"BATHROOM":null,"DRINKINGFNTN":null,"PAVILION":null,"TABLES":null,"BBQGRILLS":null,"FIREPIT":null,"BENCHES":null,"PLAYGRNDTOT":null,"PLAYGRNDSCHL":null,"SWINGSET":null,"BBALLCOURT":null,"TENNISCOURT":null,"VBALLCOURT":null,"HORSESHOES":null,"ADDAMENITIES":null,"OWNEDBY":"City","MAINTBY":"City","AREA_SQFT":43136.749892530002,"AREA_ACRES":0.99028351000000003,"LASTUPDATE":null,"LASTEDITOR":null,"NOTES":null,"FACILITYID":"202","PARKINGTYPE":null,"PARKINGNUMSTALLS":null,"BOATING":null,"HASPAVILION":null,"HASTABLES":null,"HASBBQGRILLS":null,"HASFIREPIT":null,"HASBENCHES":null,"BASEBALL":null,"FISHING":null,"URL":null,"PICURL":null,"created_user":"BGIBSON","created_date":1667931969000,"last_edited_user":"BGIBSON","last_edited_date":1767747226000,"YEARBUILT":2013,"PHRAGMITES":null,"HASPICKLE":null,"TRAILHEAD":null,"Shape.STArea()":43136.749892534244,"Shape.STLength()":1912.0907847939272}},{"type":"Feature","id":316,"geometry":{"type":"Polygon","coordinates":[[[-111.8792575074343,40.303333941509479],[-111.88124125289404,40.303310585068033],[-111.88123259554742,40.303028815948636],[-111.88123253310667,40.303028799040234],[-111.88120552808557,40.303024490509912],[-111.88117956913599,40.303015890071833],[-111.88115533365652,40.303003222154366],[-111.8811334540718,40.302986817326705],[-111.88111450132941,40.3029671036727],[-111.88109897000101,40.302944595619998],[-111.88108726537649,40.302919880516043],[-111.88107969288795,40.302893603301285],[-111.8810764501394,40.302866449679428],[-111.88108023957753,40.302845159555012],[-111.88108725170871,40.30282470327834],[-111.88109732037184,40.302805565586169],[-111.88111020697748,40.30278819996974],[-111.88112560616162,40.302773017928814],[-111.88113343194952,40.302765395368816],[-111.88114011592597,40.30275675413997],[-111.88114552696014,40.30274726377187],[-111.88114955889459,40.302737110453108],[-111.88115213262806,40.302726493378501],[-111.88115282839397,40.302715389793725],[-111.88114820185446,40.302483117568194],[-111.88114818174172,40.302483096919026],[-111.88082562024795,40.30248683997705],[-111.8803953786439,40.302491835259183],[-111.88021265861782,40.302493949461791],[-111.88013943604918,40.302494798382739],[-111.87977694489022,40.30249899810228],[-111.87932195694985,40.302432727310801],[-111.87929097103556,40.302866013331219],[-111.8792575074343,40.303333941509479]]]},"properties":{"GlobalID":"{3223B2EC-3509-4C73-A904-D20703B8A7E7}","OBJECTID":316,"PARKID":401,"TYPE":"Public Park","NAME":"Heron Bay Park","COMMONNAME":"Heron Bay Park","ADDRESS":"3274 S BLACK BITTERN WAY","USE_":"Recreation","STATUS":"Constructed","RESERVABLE":null,"PATH":null,"BATHROOM":null,"DRINKINGFNTN":null,"PAVILION":null,"TABLES":null,"BBQGRILLS":null,"FIREPIT":null,"BENCHES":null,"PLAYGRNDTOT":null,"PLAYGRNDSCHL":null,"SWINGSET":null,"BBALLCOURT":null,"TENNISCOURT":null,"VBALLCOURT":null,"HORSESHOES":null,"ADDAMENITIES":null,"OWNEDBY":"City","MAINTBY":"City","AREA_SQFT":159880.19198825999,"AREA_ACRES":3.6703441699999999,"LASTUPDATE":null,"LASTEDITOR":null,"NOTES":null,"FACILITYID":"204","PARKINGTYPE":null,"PARKINGNUMSTALLS":null,"BOATING":null,"HASPAVILION":null,"HASTABLES":null,"HASBBQGRILLS":null,"HASFIREPIT":null,"HASBENCHES":null,"BASEBALL":null,"FISHING":null,"URL":null,"PICURL":null,"created_user":"BGALLEGOS","created_date":1668613599000,"last_edited_user":"BGIBSON","last_edited_date":1767747226000,"YEARBUILT":2021,"PHRAGMITES":null,"HASPICKLE":null,"TRAILHEAD":null,"Shape.STArea()":159880.19198826287,"Shape.STLength()":1720.7629311774997}},{"type":"Feature","id":322,"geometry":{"type":"Polygon","coordinates":[[[-111.94500473895928,40.376543856091473],[-111.94500330973494,40.377329187865264],[-111.94500136862798,40.378959232549107],[-111.94524277676007,40.378957157384754],[-111.94533617310772,40.378959535103938],[-111.94542924077243,40.378967716857446],[-111.94552161941778,40.378981670967427],[-111.94561295137513,40.379001343406799],[-111.94564698393093,40.378689428074757],[-111.94568276743462,40.37836125969131],[-111.94571853402624,40.378033078714942],[-111.94575430029219,40.377704900392885],[-111.94579009079209,40.37737669851348],[-111.94582578641634,40.37704880856267],[-111.94587474156214,40.376599665725522],[-111.94590760326675,40.376580548992997],[-111.94587986644999,40.376552675075729],[-111.94500473895928,40.376543856091473]]]},"properties":{"GlobalID":"{4FF82AEC-7D2A-45AE-AAEE-349D572B218B}","OBJECTID":322,"PARKID":null,"TYPE":"Open Space","NAME":null,"COMMONNAME":null,"ADDRESS":null,"USE_":"OpenSpace","STATUS":"Unlandscaped","RESERVABLE":null,"PATH":null,"BATHROOM":null,"DRINKINGFNTN":null,"PAVILION":null,"TABLES":null,"BBQGRILLS":null,"FIREPIT":null,"BENCHES":null,"PLAYGRNDTOT":null,"PLAYGRNDSCHL":null,"SWINGSET":null,"BBALLCOURT":null,"TENNISCOURT":null,"VBALLCOURT":null,"HORSESHOES":null,"ADDAMENITIES":null,"OWNEDBY":"City","MAINTBY":"City","AREA_SQFT":183094.20462084,"AREA_ACRES":4.20326457,"LASTUPDATE":null,"LASTEDITOR":null,"NOTES":null,"FACILITYID":"405","PARKINGTYPE":null,"PARKINGNUMSTALLS":null,"BOATING":null,"HASPAVILION":null,"HASTABLES":null,"HASBBQGRILLS":null,"HASFIREPIT":null,"HASBENCHES":null,"BASEBALL":null,"FISHING":null,"URL":null,"PICURL":null,"created_user":"BGIBSON","created_date":1694647130000,"last_edited_user":"BGIBSON","last_edited_date":1767801981000,"YEARBUILT":2020,"PHRAGMITES":null,"HASPICKLE":null,"TRAILHEAD":null,"Shape.STArea()":183094.20462083918,"Shape.STLength()":2197.9929882519036}},{"type":"Feature","id":323,"geometry":{"type":"Polygon","coordinates":[[[-111.94499997838786,40.379111742061212],[-111.944998959899,40.380199717596184],[-111.94499405234127,40.382375065958144],[-111.94606498577429,40.38314004442104],[-111.94646452270821,40.383425376038524],[-111.94674593844094,40.38373930371106],[-111.94733557289615,40.383547291030695],[-111.94816374189428,40.383326014564737],[-111.94785491063766,40.383112963955156],[-111.94793438215505,40.383045599356791],[-111.94790637299546,40.383033688387656],[-111.94788075064267,40.383017260385834],[-111.94785823699416,40.382996778202411],[-111.94783946636122,40.382972818913075],[-111.94782496759741,40.38294605755933],[-111.94781514919845,40.382917248129473],[-111.94770573039932,40.383009984312892],[-111.94744059194774,40.38282714961403],[-111.9471907678172,40.382654782222545],[-111.94697129670533,40.382503426886167],[-111.94691137652909,40.382453492130054],[-111.94671437957821,40.382289463342502],[-111.94652491875523,40.382131772842925],[-111.94633799025674,40.381976151002746],[-111.94615106484672,40.381820510834579],[-111.94595928673759,40.381660863085969],[-111.94576750705683,40.381501197911767],[-111.94549757967262,40.381276462064555],[-111.94537605581381,40.381175286091022],[-111.94540271385749,40.38093071164031],[-111.94543540598802,40.380630766450778],[-111.94546520470905,40.380357291620335],[-111.94549499726828,40.380083811375762],[-111.94552477481371,40.379810413111073],[-111.94555458220005,40.379536931841614],[-111.94520800736186,40.37951605217021],[-111.94523100554804,40.37933630755289],[-111.94534388636153,40.379114399394687],[-111.94524374043846,40.379110815240807],[-111.94499997838786,40.379111742061212]]]},"properties":{"GlobalID":"{48C538DB-A227-43DF-8009-348FE8C4002A}","OBJECTID":323,"PARKID":null,"TYPE":"Open Space","NAME":null,"COMMONNAME":null,"ADDRESS":null,"USE_":"OpenSpace","STATUS":"Unlandscaped","RESERVABLE":null,"PATH":null,"BATHROOM":null,"DRINKINGFNTN":null,"PAVILION":null,"TABLES":null,"BBQGRILLS":null,"FIREPIT":null,"BENCHES":null,"PLAYGRNDTOT":null,"PLAYGRNDSCHL":null,"SWINGSET":null,"BBALLCOURT":null,"TENNISCOURT":null,"VBALLCOURT":null,"HORSESHOES":null,"ADDAMENITIES":null,"OWNEDBY":"City","MAINTBY":"City","AREA_SQFT":436689.75348488003,"AREA_ACRES":10.0250173,"LASTUPDATE":null,"LASTEDITOR":null,"NOTES":null,"FACILITYID":"406","PARKINGTYPE":null,"PARKINGNUMSTALLS":null,"BOATING":null,"HASPAVILION":null,"HASTABLES":null,"HASBBQGRILLS":null,"HASFIREPIT":null,"HASBENCHES":null,"BASEBALL":null,"FISHING":null,"URL":null,"PICURL":null,"created_user":"BGIBSON","created_date":1694647130000,"last_edited_user":"BGIBSON","last_edited_date":1767747226000,"YEARBUILT":2020,"PHRAGMITES":null,"HASPICKLE":null,"TRAILHEAD":null,"Shape.STArea()":436689.75348487624,"Shape.STLength()":4441.4744517817126}},{"type":"Feature","id":324,"geometry":{"type":"Polygon","coordinates":[[[-111.94718432043614,40.364338048880121],[-111.94721179408292,40.364328859182606],[-111.94720423488603,40.364394931982005],[-111.94735076487714,40.364376581399256],[-111.94752162258226,40.364355194278161],[-111.94769246028295,40.364333824996045],[-111.94787038136563,40.364311586246778],[-111.94804950337497,40.364289180511662],[-111.9482203171807,40.364267807846218],[-111.94839116635451,40.364246458211397],[-111.94860598721809,40.364219593514285],[-111.94860551458564,40.364148588973201],[-111.94860465351212,40.364016187455171],[-111.94860105681887,40.36388586156496],[-111.94857461850472,40.363756958927837],[-111.94854821235076,40.363628097585043],[-111.94849039251251,40.363505387325475],[-111.94843257760887,40.363382679715983],[-111.94835263778928,40.363268298553649],[-111.94824423707942,40.363113101923915],[-111.9471802602672,40.363736128390805],[-111.94718432043614,40.364338048880121]]]},"properties":{"GlobalID":"{69118FFC-EAE1-465F-B905-518E497748C9}","OBJECTID":324,"PARKID":null,"TYPE":"Open Space","NAME":null,"COMMONNAME":null,"ADDRESS":null,"USE_":"OpenSpace","STATUS":"Unlandscaped","RESERVABLE":null,"PATH":null,"BATHROOM":null,"DRINKINGFNTN":null,"PAVILION":null,"TABLES":null,"BBQGRILLS":null,"FIREPIT":null,"BENCHES":null,"PLAYGRNDTOT":null,"PLAYGRNDSCHL":null,"SWINGSET":null,"BBALLCOURT":null,"TENNISCOURT":null,"VBALLCOURT":null,"HORSESHOES":null,"ADDAMENITIES":null,"OWNEDBY":"City","MAINTBY":"City","AREA_SQFT":128019.5226765,"AREA_ACRES":2.9389238400000002,"LASTUPDATE":null,"LASTEDITOR":null,"NOTES":null,"FACILITYID":"407","PARKINGTYPE":null,"PARKINGNUMSTALLS":null,"BOATING":null,"HASPAVILION":null,"HASTABLES":null,"HASBBQGRILLS":null,"HASFIREPIT":null,"HASBENCHES":null,"BASEBALL":null,"FISHING":null,"URL":null,"PICURL":null,"created_user":"BGIBSON","created_date":1694647706000,"last_edited_user":"BGIBSON","last_edited_date":1767747226000,"YEARBUILT":2021,"PHRAGMITES":null,"HASPICKLE":null,"TRAILHEAD":null,"Shape.STArea()":128019.52267650152,"Shape.STLength()":1443.9767406740471}},{"type":"Feature","id":325,"geometry":{"type":"Polygon","coordinates":[[[-111.96351085887393,40.372103960419018],[-111.96348821820368,40.372130373638903],[-111.96331314521534,40.372334610558369],[-111.96315775769953,40.372515920367178],[-111.96300233641379,40.37269723369139],[-111.96283708158298,40.37289001645032],[-111.96268168109225,40.373071347249017],[-111.96252625959521,40.373252653592985],[-111.96227407180035,40.373546864562861],[-111.96199152303532,40.373876156255804],[-111.961511958426,40.373635488006272],[-111.96118253821741,40.373470301587965],[-111.96098747569199,40.373372493634825],[-111.96079243491991,40.3732746852696],[-111.96054308181488,40.373141691403539],[-111.96048746868195,40.373110320692717],[-111.9604346671202,40.373074418922165],[-111.96038504540452,40.373034236495833],[-111.96033894963134,40.372990053673981],[-111.9602967013047,40.372942178618381],[-111.96025859509388,40.372890945243043],[-111.96024569617245,40.372874673976774],[-111.96022413478531,40.372845746088871],[-111.96020694149746,40.372820922268637],[-111.96019853255656,40.372808142163798],[-111.9601843521435,40.372785518419597],[-111.96016871708908,40.372758813359873],[-111.96014899728483,40.372721980627837],[-111.96010868820636,40.372635985410682],[-111.96003105604181,40.372467761305657],[-111.959953431415,40.372299550620831],[-111.95987580018361,40.372131351610555],[-111.95979816934602,40.371963154340371],[-111.95972058474034,40.371794946021367],[-111.95967419194969,40.371695037366877],[-111.95960956417349,40.371638097155454],[-111.95945650968328,40.371503509279606],[-111.95928255637372,40.37135059088854],[-111.95900486931058,40.371304698204106],[-111.95877849051982,40.37126714692095],[-111.95870974329435,40.371164658816433],[-111.9586403816047,40.37106181913267],[-111.95859406710566,40.370779881552807],[-111.95858667128067,40.370736872350925],[-111.95853748808879,40.370568668897171],[-111.95847557981531,40.370396786712746],[-111.95840334315621,40.370203354268099],[-111.95839381616764,40.370167366574726],[-111.95838258598941,40.370112041279228],[-111.95837547370493,40.370056037523696],[-111.95837251818368,40.369999661375196],[-111.95837373557792,40.369943220936008],[-111.95841668435926,40.369681452231561],[-111.95750824414422,40.369581291956329],[-111.95735354756967,40.3695669125241],[-111.95719844977486,40.369557831097922],[-111.95704313215114,40.369554058298782],[-111.95704485727155,40.369817215384401],[-111.95704635886416,40.370039333598385],[-111.95709528875322,40.370241783181108],[-111.95715600045718,40.370442367409112],[-111.9572286960022,40.370640643267649],[-111.95731551363112,40.370835518920742],[-111.95741423120694,40.371026956197248],[-111.95751516020277,40.371217785812505],[-111.95763773772889,40.371449486561431],[-111.95774987840299,40.371661477303483],[-111.95746609482097,40.371938678084362],[-111.95746607142135,40.371938700691565],[-111.95726229192331,40.372137743309544],[-111.9563869634441,40.372141116687814],[-111.95638761564837,40.372160156062243],[-111.95638690529347,40.372240183439821],[-111.95638061411945,40.372319966313263],[-111.95636877277761,40.37239911597144],[-111.9563514389603,40.3724772467883],[-111.95632869711983,40.372553978101713],[-111.95632302800641,40.37257689571301],[-111.95632103918295,40.372600420175509],[-111.95632278029476,40.372623964267852],[-111.95632820787993,40.372646940278685],[-111.95633718645423,40.372668774677187],[-111.95635504739609,40.372698314496617],[-111.95637772155044,40.372724343267251],[-111.95640453352479,40.372746085673008],[-111.95643468467384,40.372762894075279],[-111.95650744880636,40.372799520375366],[-111.95655311017558,40.372825344586978],[-111.95659602147563,40.372855518596836],[-111.95660318199369,40.372860053451127],[-111.95660971312225,40.37286545551386],[-111.95661551047468,40.372871638444153],[-111.95664438691412,40.372899823217772],[-111.95666928217403,40.372931579418001],[-111.95668975889251,40.372966349149365],[-111.95669616300421,40.372978249316304],[-111.95699319344313,40.3728135399775],[-111.9570888691843,40.372948436347137],[-111.95718861874253,40.373053946425465],[-111.95728441776768,40.373155386628582],[-111.957405010842,40.373239944831042],[-111.95753025690735,40.373327868352121],[-111.95767361284328,40.373405723028739],[-111.95783130832943,40.373491317201875],[-111.95798203708216,40.373584908074029],[-111.95814095776647,40.373683472332196],[-111.9582631003057,40.373800571254115],[-111.95838536907844,40.373917818153799],[-111.95847118703149,40.374053084327286],[-111.95855969277187,40.374192598047919],[-111.95858816492938,40.374237486119277],[-111.95862613814276,40.374338799789349],[-111.95867935729747,40.374480806015519],[-111.95872924007723,40.374613783027101],[-111.95877673142172,40.37474044700889],[-111.95882479973396,40.374875328703318],[-111.95887633224015,40.375025763174285],[-111.95892865584064,40.375178583868099],[-111.95895396843147,40.375329552577483],[-111.95897973428809,40.375483471741994],[-111.95897749516942,40.375645568595402],[-111.95897601701517,40.375752591079809],[-111.95896067828566,40.375802201822459],[-111.95891148972771,40.375961602697615],[-111.95886168283633,40.376123131441737],[-111.95885344069238,40.37614981144737],[-111.95879037507952,40.376281189738762],[-111.95872392248855,40.37641960614198],[-111.95895816104475,40.376489949932598],[-111.95958896768535,40.376679363320157],[-111.96069963541683,40.37740991615123],[-111.96114189350193,40.376902037833617],[-111.96114174439018,40.37670016713566],[-111.96129072293171,40.376701536679882],[-111.96128591096414,40.37600717257861],[-111.96291000827786,40.374120934662969],[-111.9629094884006,40.374120851161365],[-111.96290947995058,40.374120820573587],[-111.96400616017378,40.372847057645423],[-111.9640061595446,40.372846964883479],[-111.96399928104427,40.36939101657385],[-111.96352249356551,40.369387718905273],[-111.96349740109537,40.369387544572525],[-111.96349799256636,40.36946267969148],[-111.96352725409209,40.369464345147691],[-111.96352915098237,40.369466769320198],[-111.96357627085331,40.369473517943021],[-111.96362187201882,40.369487169311135],[-111.96366494911626,40.369507422454696],[-111.96370455243076,40.369533830855417],[-111.96373980883347,40.369565812290908],[-111.96376994103129,40.369602661670847],[-111.96379428470381,40.369643566581992],[-111.96382299248314,40.369719223368669],[-111.96384715736139,40.369796451243332],[-111.96386669406779,40.369874977691538],[-111.96388153366308,40.369954525616571],[-111.96388054899944,40.369964630729761],[-111.96387786230227,40.369974421773286],[-111.96387355164619,40.369983614222313],[-111.96386774229757,40.369991940946989],[-111.96386060307439,40.369999159975137],[-111.96385234144037,40.370005061523948],[-111.96384319747615,40.370009474096136],[-111.96383343690263,40.370012269463672],[-111.96382334335921,40.370013366393991],[-111.96381321016126,40.370012733010611],[-111.96369642062443,40.370011926280334],[-111.9636910379832,40.370011889082733],[-111.96368787117876,40.370069494888391],[-111.96368809621734,40.370102870304592],[-111.9636895193842,40.37031648869786],[-111.96369118284703,40.370546795625607],[-111.96369101553422,40.370631041671331],[-111.96368744244315,40.370715212077251],[-111.96368046941619,40.370799169215772],[-111.96365464015638,40.371015079630318],[-111.96362877532317,40.371230977555072],[-111.96360359738843,40.371441397830175],[-111.96357771576011,40.371657297579127],[-111.96353766701864,40.371991548844733],[-111.96352618685292,40.372086043861728],[-111.96351085887393,40.372103960419018]]]},"properties":{"GlobalID":"{0EF32C51-C52F-4EC0-BC19-E54E30730EA9}","OBJECTID":325,"PARKID":368,"TYPE":"Open Space","NAME":null,"COMMONNAME":null,"ADDRESS":null,"USE_":"OpenSpace","STATUS":"Unlandscaped","RESERVABLE":null,"PATH":null,"BATHROOM":null,"DRINKINGFNTN":null,"PAVILION":null,"TABLES":null,"BBQGRILLS":null,"FIREPIT":null,"BENCHES":null,"PLAYGRNDTOT":null,"PLAYGRNDSCHL":null,"SWINGSET":null,"BBALLCOURT":null,"TENNISCOURT":null,"VBALLCOURT":null,"HORSESHOES":null,"ADDAMENITIES":null,"OWNEDBY":"City","MAINTBY":"City","AREA_SQFT":2248942.5873625898,"AREA_ACRES":51.62861771,"LASTUPDATE":null,"LASTEDITOR":null,"NOTES":null,"FACILITYID":"408","PARKINGTYPE":null,"PARKINGNUMSTALLS":null,"BOATING":null,"HASPAVILION":null,"HASTABLES":null,"HASBBQGRILLS":null,"HASFIREPIT":null,"HASBENCHES":null,"BASEBALL":null,"FISHING":null,"URL":null,"PICURL":null,"created_user":"BGIBSON","created_date":1694706565000,"last_edited_user":"BGIBSON","last_edited_date":1767747226000,"YEARBUILT":2021,"PHRAGMITES":null,"HASPICKLE":null,"TRAILHEAD":null,"Shape.STArea()":2248942.5873625888,"Shape.STLength()":11487.377774458255}},{"type":"Feature","id":327,"geometry":{"type":"Polygon","coordinates":[[[-111.95483095602494,40.372523048357984],[-111.9548309902449,40.37252305903241],[-111.95470302419527,40.372743024561309],[-111.95572165903076,40.373089598987065],[-111.95572198359547,40.373089709399771],[-111.95572257488786,40.373089909736244],[-111.95575176323548,40.373039735653528],[-111.95580880761462,40.372940392349747],[-111.95581597851648,40.372925780222381],[-111.95582081797475,40.372910239445588],[-111.95582433805096,40.372888871897501],[-111.95582416053752,40.3728672170704],[-111.95582367350745,40.372862870751177],[-111.95581946834207,40.372843027848283],[-111.95581214445535,40.372824112645553],[-111.95580189031055,40.372806611881977],[-111.9557889697744,40.372790975899228],[-111.955773715327,40.372777607053152],[-111.95575651950627,40.372766849360076],[-111.95575625717784,40.372766712586795],[-111.95569439382379,40.372727038859885],[-111.95569224975864,40.372725663854375],[-111.95569253266333,40.372725177315118],[-111.95580701270828,40.372528386803062],[-111.95585123582381,40.372543436796619],[-111.95587601044571,40.372551258437284],[-111.95590174407239,40.372554827808415],[-111.95592771225029,40.372554044425016],[-111.95595318392272,40.372548930340905],[-111.95597744201064,40.372539629527886],[-111.95599980359988,40.372526403822633],[-111.95601963916651,40.372509625555473],[-111.95603639029926,40.372489767068522],[-111.9560495854199,40.372467387418304],[-111.95606769585703,40.372397300503366],[-111.95608053195559,40.372326058674702],[-111.95608802230483,40.372254058270215],[-111.95609012523386,40.372181699847985],[-111.95608682904351,40.372109385957842],[-111.95607267777443,40.372109983323483],[-111.95607252581524,40.372109974909833],[-111.95607266054475,40.372109871713143],[-111.95606293120268,40.371961782917062],[-111.95601068008339,40.371803312705701],[-111.95594344668864,40.371670174226871],[-111.95586735125163,40.37153718462995],[-111.95570874487157,40.371224002373161],[-111.95559547193076,40.370957631607723],[-111.95549777000646,40.370681149981472],[-111.95542775260316,40.370437092840177],[-111.95538541926959,40.370256408445506],[-111.95534614810471,40.370046243624742],[-111.95357124231315,40.370053564569069],[-111.95357120464583,40.370053566516411],[-111.95426092762278,40.370850495393448],[-111.95512007769145,40.372342512710425],[-111.95538193526404,40.372450838235324],[-111.95526062240056,40.372659372063687],[-111.95483099098531,40.372522993283894],[-111.95483095602494,40.372523048357984]]]},"properties":{"GlobalID":"{BD5D62F6-31B6-4E95-AEF2-4417654F0F29}","OBJECTID":327,"PARKID":366,"TYPE":"Public Park","NAME":"Saratoga Ridge Park","COMMONNAME":"Saratoga Ridge Park","ADDRESS":"532 N MT SARATOGA BLVD","USE_":"Recreation","STATUS":"Constructed","RESERVABLE":"Yes","PATH":"Yes","BATHROOM":"Yes","DRINKINGFNTN":"Yes","PAVILION":null,"TABLES":24,"BBQGRILLS":null,"FIREPIT":null,"BENCHES":4,"PLAYGRNDTOT":"Yes","PLAYGRNDSCHL":"Yes","SWINGSET":"Yes","BBALLCOURT":"No","TENNISCOURT":"Yes","VBALLCOURT":"No","HORSESHOES":"No","ADDAMENITIES":"Dog Park and Workout Station","OWNEDBY":"City","MAINTBY":"City","AREA_SQFT":356398.28957992001,"AREA_ACRES":8.1817789199999993,"LASTUPDATE":null,"LASTEDITOR":null,"NOTES":null,"FACILITYID":"410","PARKINGTYPE":null,"PARKINGNUMSTALLS":63,"BOATING":null,"HASPAVILION":null,"HASTABLES":null,"HASBBQGRILLS":null,"HASFIREPIT":null,"HASBENCHES":null,"BASEBALL":null,"FISHING":null,"URL":null,"PICURL":null,"created_user":"BGIBSON","created_date":1694706565000,"last_edited_user":"BGIBSON","last_edited_date":1767801587000,"YEARBUILT":2023,"PHRAGMITES":null,"HASPICKLE":null,"TRAILHEAD":null,"Shape.STArea()":356398.28957991517,"Shape.STLength()":3364.0598304970545}},{"type":"Feature","id":328,"geometry":{"type":"Polygon","coordinates":[[[-111.95847655740073,40.368221810180515],[-111.95859027013802,40.368234672853461],[-111.95886354198529,40.368265661363615],[-111.95917952690569,40.368301532236949],[-111.95944568806728,40.368331754757889],[-111.95969365622034,40.368359872279299],[-111.95998289284482,40.368392711049303],[-111.96025124079102,40.368500917397824],[-111.96028225245279,40.36845598736403],[-111.96019514578089,40.368388920994555],[-111.96013917619804,40.368351382053824],[-111.96007991793797,40.368319284937286],[-111.96002556757911,40.368294899945028],[-111.95998081564613,40.368278374259411],[-111.95993522029895,40.368264342220918],[-111.95985469437191,40.368245861935172],[-111.95953230123125,40.368187160164375],[-111.95932461078633,40.368157267294499],[-111.95911643511339,40.368130965321491],[-111.95847550378383,40.368064590128895],[-111.95847655740073,40.368221810180515]]]},"properties":{"GlobalID":"{96025FC0-8629-494C-BCB8-D2EE13C10968}","OBJECTID":328,"PARKID":null,"TYPE":"Trail","NAME":null,"COMMONNAME":null,"ADDRESS":null,"USE_":"Trail","STATUS":"Constructed","RESERVABLE":null,"PATH":null,"BATHROOM":null,"DRINKINGFNTN":null,"PAVILION":null,"TABLES":null,"BBQGRILLS":null,"FIREPIT":null,"BENCHES":null,"PLAYGRNDTOT":null,"PLAYGRNDSCHL":null,"SWINGSET":null,"BBALLCOURT":null,"TENNISCOURT":null,"VBALLCOURT":null,"HORSESHOES":null,"ADDAMENITIES":null,"OWNEDBY":"City","MAINTBY":"City","AREA_SQFT":26353.120131979998,"AREA_ACRES":0.60498439000000004,"LASTUPDATE":null,"LASTEDITOR":null,"NOTES":null,"FACILITYID":"411","PARKINGTYPE":null,"PARKINGNUMSTALLS":null,"BOATING":null,"HASPAVILION":null,"HASTABLES":null,"HASBBQGRILLS":null,"HASFIREPIT":null,"HASBENCHES":null,"BASEBALL":null,"FISHING":null,"URL":null,"PICURL":null,"created_user":"BGIBSON","created_date":1694718907000,"last_edited_user":"BGIBSON","last_edited_date":1767747226000,"YEARBUILT":2020,"PHRAGMITES":null,"HASPICKLE":null,"TRAILHEAD":null,"Shape.STArea()":26353.120131975491,"Shape.STLength()":1118.7889128006339}},{"type":"Feature","id":329,"geometry":{"type":"MultiPolygon","coordinates":[[[[-111.95601007178756,40.367528049820017],[-111.95601474693736,40.36751736636797],[-111.95601007178756,40.367528049820017]]],[[[-111.95589356351572,40.367794259192358],[-111.95627052937847,40.367862619923287],[-111.95658477911836,40.367919508082295],[-111.95687800470333,40.367972557114008],[-111.95715383153357,40.368022480709712],[-111.95742965892289,40.368072427069656],[-111.95772992762919,40.368126782045785],[-111.95788226348766,40.368154228468114],[-111.95800112052842,40.368167815487787],[-111.95831699135906,40.36820366662058],[-111.95847637614702,40.368221646076492],[-111.95847550378383,40.368064590128895],[-111.95806442065302,40.368021881294418],[-111.95802297533784,40.368020563130791],[-111.95798186349161,40.368025973103578],[-111.95794217012029,40.368037968435139],[-111.95790494279406,40.368056232549897],[-111.95789460678591,40.368062720608776],[-111.95786547504063,40.368077197895389],[-111.95783455049533,40.368087293583002],[-111.95780248809675,40.368092793856405],[-111.95776996689007,40.368093582226059],[-111.95773871359351,40.368090827966014],[-111.95763440719733,40.368079604960705],[-111.95753054278073,40.368064841387486],[-111.95742724048914,40.368046554324174],[-111.95729587731677,40.368017946769413],[-111.95716586303614,40.367983727446237],[-111.95706197531068,40.367956882134813],[-111.95695677624269,40.367935751911396],[-111.95685057998442,40.367920399876425],[-111.95674370366601,40.367910871875139],[-111.95667847918283,40.367903913259106],[-111.95661420556202,40.367890815274038],[-111.95655145935548,40.367871695412418],[-111.95649080341374,40.36784672518462],[-111.95637702058751,40.367792485060932],[-111.95631453874195,40.367764147510485],[-111.95621669591905,40.367725430543103],[-111.95611690853133,40.367692043437707],[-111.95609540599109,40.367686968797422],[-111.95607506548644,40.367678344698561],[-111.95605646829752,40.367666417596041],[-111.95604014588488,40.367651528336268],[-111.9560265647018,40.367634102416595],[-111.95601611286409,40.367614637825696],[-111.95600908905881,40.367593690812306],[-111.95600569400855,40.367571859989042],[-111.95600602473525,40.367549769225583],[-111.95601007178756,40.367528049820017],[-111.95589356351572,40.367794259192358]]]]},"properties":{"GlobalID":"{3F55446A-D141-4416-8DE2-BBFE13C227AB}","OBJECTID":329,"PARKID":null,"TYPE":"Trail","NAME":null,"COMMONNAME":null,"ADDRESS":null,"USE_":"Trail","STATUS":"Constructed","RESERVABLE":null,"PATH":null,"BATHROOM":null,"DRINKINGFNTN":null,"PAVILION":null,"TABLES":null,"BBQGRILLS":null,"FIREPIT":null,"BENCHES":null,"PLAYGRNDTOT":null,"PLAYGRNDSCHL":null,"SWINGSET":null,"BBALLCOURT":null,"TENNISCOURT":null,"VBALLCOURT":null,"HORSESHOES":null,"ADDAMENITIES":null,"OWNEDBY":"City","MAINTBY":"City","AREA_SQFT":21834.267872299999,"AREA_ACRES":0.50124581999999995,"LASTUPDATE":null,"LASTEDITOR":null,"NOTES":null,"FACILITYID":"412","PARKINGTYPE":null,"PARKINGNUMSTALLS":null,"BOATING":null,"HASPAVILION":null,"HASTABLES":null,"HASBBQGRILLS":null,"HASFIREPIT":null,"HASBENCHES":null,"BASEBALL":null,"FISHING":null,"URL":null,"PICURL":null,"created_user":"BGIBSON","created_date":1694718907000,"last_edited_user":"BGIBSON","last_edited_date":1767747226000,"YEARBUILT":2019,"PHRAGMITES":null,"HASPICKLE":null,"TRAILHEAD":null,"Shape.STArea()":21834.267872302255,"Shape.STLength()":1669.9862382530059}},{"type":"Feature","id":330,"geometry":{"type":"Polygon","coordinates":[[[-111.93330746403619,40.334131216538857],[-111.9336042841223,40.333948299966458],[-111.93364418252028,40.333928234456216],[-111.9336864679956,40.333913866246867],[-111.93373033157496,40.333905470219968],[-111.93377493409403,40.33390320700186],[-111.93381942225159,40.333907119890696],[-111.93386294493436,40.333917134028098],[-111.93390466949973,40.33393305783126],[-111.93394379770533,40.333954586658201],[-111.93397958098033,40.333981308635906],[-111.93385909266632,40.333864990494682],[-111.9337346033352,40.333752964826964],[-111.93369154074072,40.333728790682407],[-111.93364709971165,40.333707255333749],[-111.93344549211393,40.333610949824646],[-111.93324140741835,40.333520011320353],[-111.93303498846983,40.333434503471423],[-111.93282637974713,40.333354486127341],[-111.93262248895401,40.333281760847342],[-111.93237613180288,40.333194148201152],[-111.93212838490847,40.333110546179732],[-111.93187931355776,40.333030976814157],[-111.93165473787617,40.332967317351141],[-111.93142872262209,40.332908974665941],[-111.93155666178207,40.332968072179106],[-111.9317179199267,40.333046423680841],[-111.9318769906037,40.3331291259586],[-111.93203375645545,40.333216117997068],[-111.9324299430121,40.333456137562088],[-111.93265721440629,40.333609922091242],[-111.93287518466869,40.333770021655127],[-111.93308401590457,40.333936388871109],[-111.93330746403619,40.334131216538857]]]},"properties":{"GlobalID":"{3321C67F-352C-48D6-9962-44589BDEB352}","OBJECTID":330,"PARKID":402,"TYPE":"Public Park","NAME":"Shadow Ridge Park","COMMONNAME":"Shadow Ridge Park","ADDRESS":null,"USE_":"Recreation","STATUS":"Constructed","RESERVABLE":"No","PATH":"Yes","BATHROOM":null,"DRINKINGFNTN":"No","PAVILION":2,"TABLES":8,"BBQGRILLS":null,"FIREPIT":0,"BENCHES":1,"PLAYGRNDTOT":null,"PLAYGRNDSCHL":null,"SWINGSET":null,"BBALLCOURT":"Yes","TENNISCOURT":null,"VBALLCOURT":null,"HORSESHOES":null,"ADDAMENITIES":null,"OWNEDBY":"City","MAINTBY":"City","AREA_SQFT":64366.131204279998,"AREA_ACRES":1.47764305,"LASTUPDATE":null,"LASTEDITOR":null,"NOTES":null,"FACILITYID":"413","PARKINGTYPE":null,"PARKINGNUMSTALLS":null,"BOATING":null,"HASPAVILION":null,"HASTABLES":null,"HASBBQGRILLS":null,"HASFIREPIT":null,"HASBENCHES":null,"BASEBALL":null,"FISHING":null,"URL":null,"PICURL":null,"created_user":"BGIBSON","created_date":1694722157000,"last_edited_user":"BGIBSON","last_edited_date":1767805176000,"YEARBUILT":2022,"PHRAGMITES":null,"HASPICKLE":null,"TRAILHEAD":null,"Shape.STArea()":64366.131204276971,"Shape.STLength()":1736.1697122582818}},{"type":"Feature","id":332,"geometry":{"type":"Polygon","coordinates":[[[-111.96349799256636,40.36946267969148],[-111.96349793573052,40.369455507327849],[-111.96349740109537,40.369387544572525],[-111.96193865283728,40.369376756251675],[-111.96075060264549,40.368609150693324],[-111.96030147672505,40.36842809313999],[-111.96028230794445,40.368456009661287],[-111.96025133871332,40.368500945832459],[-111.96030637169106,40.36852314671458],[-111.96051241541593,40.368606184715325],[-111.96069009146463,40.368677825906971],[-111.96078943859384,40.368742040922982],[-111.96048023888284,40.369053058178807],[-111.96059439275551,40.369119462110376],[-111.96089919280155,40.368812936211945],[-111.9610970657768,40.36894078723455],[-111.9612751904843,40.369055871985864],[-111.96145334660557,40.369170986060482],[-111.96163150332029,40.369286098958618],[-111.96180966063454,40.369401211580922],[-111.96195188580865,40.369493106333003],[-111.96215579951574,40.369494548594787],[-111.96238904356599,40.369496166333825],[-111.96238884621287,40.369467664090735],[-111.9634620768359,40.369463423657947],[-111.96347096435638,40.369463388434276],[-111.96349799256636,40.36946267969148]]]},"properties":{"GlobalID":"{193F609E-299C-4017-B066-CC78A2FBE736}","OBJECTID":332,"PARKID":368,"TYPE":"Trail","NAME":null,"COMMONNAME":null,"ADDRESS":null,"USE_":"OpenSpace","STATUS":"Unlandscaped","RESERVABLE":null,"PATH":null,"BATHROOM":null,"DRINKINGFNTN":null,"PAVILION":null,"TABLES":null,"BBQGRILLS":null,"FIREPIT":null,"BENCHES":null,"PLAYGRNDTOT":null,"PLAYGRNDSCHL":null,"SWINGSET":null,"BBALLCOURT":null,"TENNISCOURT":null,"VBALLCOURT":null,"HORSESHOES":null,"ADDAMENITIES":null,"OWNEDBY":"City","MAINTBY":"City","AREA_SQFT":37680.393196830002,"AREA_ACRES":0.86502279999999998,"LASTUPDATE":null,"LASTEDITOR":null,"NOTES":null,"FACILITYID":"415","PARKINGTYPE":null,"PARKINGNUMSTALLS":null,"BOATING":null,"HASPAVILION":null,"HASTABLES":null,"HASBBQGRILLS":null,"HASFIREPIT":null,"HASBENCHES":null,"BASEBALL":null,"FISHING":null,"URL":null,"PICURL":null,"created_user":"BGIBSON","created_date":1694722824000,"last_edited_user":"BGIBSON","last_edited_date":1767747226000,"YEARBUILT":2021,"PHRAGMITES":null,"HASPICKLE":null,"TRAILHEAD":null,"Shape.STArea()":37680.393196828489,"Shape.STLength()":2388.7151638759924}},{"type":"Feature","id":334,"geometry":{"type":"Polygon","coordinates":[[[-111.9636910379832,40.370011889082733],[-111.96323610414846,40.370008745843357],[-111.96324274630679,40.370016546874588],[-111.9632491035824,40.370025054224314],[-111.96325417389163,40.370032873189707],[-111.96326106542291,40.370045504191168],[-111.96326627900471,40.370057439350951],[-111.96326943441959,40.370066609635849],[-111.96368787117876,40.370069494888391],[-111.9636910379832,40.370011889082733]]]},"properties":{"GlobalID":"{2BC7364B-795F-4882-918A-5850108263F1}","OBJECTID":334,"PARKID":368,"TYPE":"Trail","NAME":null,"COMMONNAME":null,"ADDRESS":null,"USE_":"OpenSpace","STATUS":"Unlandscaped","RESERVABLE":null,"PATH":null,"BATHROOM":null,"DRINKINGFNTN":null,"PAVILION":null,"TABLES":null,"BBQGRILLS":null,"FIREPIT":null,"BENCHES":null,"PLAYGRNDTOT":null,"PLAYGRNDSCHL":null,"SWINGSET":null,"BBALLCOURT":null,"TENNISCOURT":null,"VBALLCOURT":null,"HORSESHOES":null,"ADDAMENITIES":null,"OWNEDBY":"City","MAINTBY":"City","AREA_SQFT":2538.33067661,"AREA_ACRES":0.058272049999999999,"LASTUPDATE":null,"LASTEDITOR":null,"NOTES":null,"FACILITYID":"417","PARKINGTYPE":null,"PARKINGNUMSTALLS":null,"BOATING":null,"HASPAVILION":null,"HASTABLES":null,"HASBBQGRILLS":null,"HASFIREPIT":null,"HASBENCHES":null,"BASEBALL":null,"FISHING":null,"URL":null,"PICURL":null,"created_user":"BGIBSON","created_date":1694724343000,"last_edited_user":"BGIBSON","last_edited_date":1767747226000,"YEARBUILT":2021,"PHRAGMITES":null,"HASPICKLE":null,"TRAILHEAD":null,"Shape.STArea()":2538.3306766132146,"Shape.STLength()":287.52455007310408}},{"type":"Feature","id":336,"geometry":{"type":"Polygon","coordinates":[[[-111.96353766701864,40.371991548844733],[-111.96307175434021,40.371814211588259],[-111.96299812889761,40.371908886874245],[-111.96351085887393,40.372103960419018],[-111.96352618685292,40.372086043861728],[-111.96353766701864,40.371991548844733]]]},"properties":{"GlobalID":"{75C2A111-6919-4ECA-82F8-B745C9222BA4}","OBJECTID":336,"PARKID":368,"TYPE":"Trail","NAME":null,"COMMONNAME":null,"ADDRESS":null,"USE_":"OpenSpace","STATUS":"Unlandscaped","RESERVABLE":null,"PATH":null,"BATHROOM":null,"DRINKINGFNTN":null,"PAVILION":null,"TABLES":null,"BBQGRILLS":null,"FIREPIT":null,"BENCHES":null,"PLAYGRNDTOT":null,"PLAYGRNDSCHL":null,"SWINGSET":null,"BBALLCOURT":null,"TENNISCOURT":null,"VBALLCOURT":null,"HORSESHOES":null,"ADDAMENITIES":null,"OWNEDBY":"City","MAINTBY":"City","AREA_SQFT":6154.6685763799996,"AREA_ACRES":0.14129174999999999,"LASTUPDATE":null,"LASTEDITOR":null,"NOTES":null,"FACILITYID":"419","PARKINGTYPE":null,"PARKINGNUMSTALLS":null,"BOATING":null,"HASPAVILION":null,"HASTABLES":null,"HASBBQGRILLS":null,"HASFIREPIT":null,"HASBENCHES":null,"BASEBALL":null,"FISHING":null,"URL":null,"PICURL":null,"created_user":"BGIBSON","created_date":1694724343000,"last_edited_user":"BGIBSON","last_edited_date":1767747226000,"YEARBUILT":2021,"PHRAGMITES":null,"HASPICKLE":null,"TRAILHEAD":null,"Shape.STArea()":6154.6685763830174,"Shape.STLength()":387.05589412757024}},{"type":"Feature","id":742,"geometry":{"type":"Polygon","coordinates":[[[-111.93312287825819,40.400488751302625],[-111.93312322135391,40.40048805295617],[-111.93312351096885,40.400487466484009],[-111.93312385170859,40.400486768146273],[-111.93312414014549,40.400486181678453],[-111.93312447852348,40.400485482448858],[-111.93312476577098,40.400484894184203],[-111.93312510061502,40.40048419496766],[-111.93312538550077,40.400483605811111],[-111.93312571916101,40.400482905698389],[-111.93312600169649,40.400482317451164],[-111.93312633417305,40.400481616442143],[-111.93312661434679,40.400481027303108],[-111.93312694446161,40.400480325402192],[-111.93312722345733,40.400479736267528],[-111.93312755239417,40.400479034370974],[-111.93312782902817,40.40047844434438],[-111.9331281556032,40.400477741556003],[-111.93312842987551,40.400477150637535],[-111.93312875409461,40.400476447857869],[-111.93312902718314,40.400475856043165],[-111.93312935022423,40.400475153267884],[-111.93312962095673,40.400474561461877],[-111.93312994045239,40.400473856898451],[-111.93313021117925,40.400473264191888],[-111.93313052950252,40.400472560533409],[-111.93313079669537,40.400471967839934],[-111.93313111265121,40.400471262389004],[-111.93313137866033,40.400470668799272],[-111.93313169225449,40.400469962456462],[-111.93313195591328,40.400469369776069],[-111.93313226832946,40.400468663437593],[-111.93313253079877,40.40046806896035],[-111.93313283967521,40.400467361734371],[-111.9331331009666,40.400466767261534],[-111.93313340748699,40.40046606004428],[-111.93313366641664,40.400465464679527],[-111.93313397175334,40.400464756566045],[-111.93313422950493,40.400464161205676],[-111.93313453248557,40.400463453100855],[-111.9331347878755,40.400462856848598],[-111.93313508849445,40.400462147851968],[-111.93313534152833,40.400461551608423],[-111.9331356409636,40.400460841715542],[-111.93313589163571,40.400460244580174],[-111.93313618871494,40.400459534696004],[-111.93313643820913,40.400458937564977],[-111.93313673410461,40.400458226784558],[-111.93313698124275,40.400457629662256],[-111.93313727359849,40.400456917994354],[-111.93313751955294,40.400456319975774],[-111.93313781073068,40.400455608312228],[-111.93313805432339,40.400455009401782],[-111.93313834314516,40.400454297746954],[-111.9331385855598,40.40045369884087],[-111.93313887201417,40.400452985393585],[-111.93313911207284,40.40045238649622],[-111.93313939617113,40.400451673057695],[-111.9331396350461,40.400451073264101],[-111.93313991678839,40.400450359834231],[-111.93314015330162,40.400449759148771],[-111.93314043386587,40.400449045723306],[-111.93314066801743,40.400448444145972],[-111.93314094621998,40.400447729828599],[-111.93314117919347,40.400447128255593],[-111.93314145503999,40.400446413946966],[-111.93314168565752,40.400445812382685],[-111.93314196032031,40.40044509717783],[-111.9331421885704,40.400444493821112],[-111.93314246087724,40.400443778624975],[-111.93314268795496,40.400443176173205],[-111.93314295790003,40.400442460085188],[-111.93314318261609,40.400441856741516],[-111.93314345137748,40.400441139757284],[-111.93314367373755,40.400440536422344],[-111.93314394014287,40.400439819446817],[-111.93314416131921,40.400439215215641],[-111.93314442418483,40.40043849735256],[-111.93314464418314,40.40043789312579],[-111.93314490587075,40.400437175267115],[-111.93314512351304,40.400436571049028],[-111.93314538283892,40.400435852298472],[-111.93314559811952,40.400435247188504],[-111.9331458562674,40.400434528442318],[-111.93314606919196,40.400433923341105],[-111.93314632497811,40.400433203702981],[-111.93314653671898,40.400432597705532],[-111.93314679014915,40.400431878076205],[-111.93314699953397,40.400431272087424],[-111.9331472506024,40.400430551566231],[-111.93314745880353,40.40042994468125],[-111.93314770751593,40.400429224168725],[-111.93314791453905,40.400428617288121],[-111.93314816088976,40.400427895883738],[-111.93314836555116,40.400427288111281],[-111.93314860954582,40.400426566715595],[-111.93314881302922,40.400425958947487],[-111.93314905466792,40.400425237560519],[-111.93314925461159,40.400424628904894],[-111.93314949506653,40.400423906621704],[-111.93314993074743,40.400422574799791],[-111.93315036289428,40.400421242990888],[-111.93315079267946,40.400419910290125],[-111.93315121656316,40.400418575809994],[-111.93315163809655,40.400417242239158],[-111.93315205372851,40.400415906889002],[-111.93315246700442,40.400414571547493],[-111.93315287556261,40.40041323532283],[-111.93315328057544,40.400411897310072],[-111.9331536808762,40.400410559314814],[-111.93315407764294,40.400409221332602],[-111.93315446968623,40.400407881566629],[-111.9331548593735,40.400406541809382],[-111.93315524316507,40.400405201173342],[-111.93315562341689,40.400403859649813],[-111.933156000129,40.40040251723871],[-111.9331563721291,40.400401174845136],[-111.93315674058947,40.400399831563988],[-111.93315710433205,40.400398487399706],[-111.93315746454068,40.40039714324854],[-111.93315782120388,40.400395797309258],[-111.93315817316076,40.400394452287991],[-111.93315852157221,40.400393105478642],[-111.93315886527161,40.400391758686716],[-111.93315920543132,40.400390411007251],[-111.93315954087331,40.400389062444702],[-111.93315987278123,40.400387713895178],[-111.93316019997151,40.400386364462548],[-111.93316052362199,40.400385014142387],[-111.93316084373849,40.400383663835264],[-111.93316115913154,40.400382311744494],[-111.93316147099063,40.400380959666741],[-111.93316177813765,40.400379607606418],[-111.93316208174498,40.400378254658605],[-111.93316237946227,40.400376901732599],[-111.93316267599582,40.400375547910372],[-111.93316296663367,40.400374193209316],[-111.93316325373755,40.40037283852142],[-111.93316353730165,40.400371482945971],[-111.93316381497576,40.4003701273923],[-111.93316409028814,40.400368770946812],[-111.93316435970482,40.400367413622469],[-111.93316462676546,40.4003660563069],[-111.9331648891141,40.400364699008726],[-111.93316514792301,40.400363340823112],[-111.93316540201421,40.400361981754308],[-111.93316565139342,40.400360622702934],[-111.93316589723287,40.400359262764056],[-111.9331661395383,40.40035790283828],[-111.93316637712606,40.400356542029343],[-111.9331666111855,40.400355182134099],[-111.93316684052148,40.400353820455102],[-111.93316706632351,40.400352458789179],[-111.93316728740776,40.40035109624008],[-111.93316750496373,40.400349734604688],[-111.93316771779628,40.400348371185586],[-111.93316792710056,40.400347008680107],[-111.93316813168137,40.400345644390917],[-111.93316833273387,40.400344281015379],[-111.9331685302467,40.400342916752379],[-111.93316872304179,40.400341551606211],[-111.93316891112484,40.400340186477464],[-111.93316909449592,40.400338821366134],[-111.93316927551098,40.400337456263571],[-111.93316945180831,40.400336090277861],[-111.93316962338795,40.400334723409017],[-111.93316979143927,40.400333357453803],[-111.93316995595089,40.400331990611143],[-111.93317011575051,40.400330623785841],[-111.93317027083241,40.400329256077448],[-111.93317042238026,40.400327888382151],[-111.93317056921614,40.40032652070429],[-111.93317071251234,40.400325152138855],[-111.93317085227451,40.400323783586579],[-111.93317098614665,40.400322415056067],[-111.93317111766277,40.400321046534295],[-111.93317124328894,40.400319678034364],[-111.93317136654764,40.400318307741905],[-111.9331714851001,40.400316938367524],[-111.9331715989405,40.40031556901058],[-111.93317170924121,40.40031419876609],[-111.93317181600789,40.400312828534709],[-111.93317191688458,40.400311458325163],[-111.93317201540532,40.400310088124321],[-111.9331721092083,40.400308717040318],[-111.93317219829927,40.400307345973808],[-111.93317228385625,40.400305974920308],[-111.93317236587922,40.400304603879924],[-111.93317244201218,40.400303232861376],[-111.93317251461116,40.400301861855894],[-111.93317258367043,40.400300489962888],[-111.93317264802336,40.400299118987959],[-111.93317270883092,40.400297746224879],[-111.93317276493217,40.400296374379813],[-111.93317281749943,40.400295002547914],[-111.93317286535466,40.400293630733401],[-111.93317290967593,40.400292258931962],[-111.93317295046322,40.400290887143655],[-111.93317298535473,40.40028951447654],[-111.93317301789025,40.40028814181818],[-111.93317304453579,40.400286769181569],[-111.93317306883102,40.400285397454319],[-111.93317308723056,40.400284024848261],[-111.93317310327416,40.400282652250915],[-111.93317311342763,40.40028127967539],[-111.93317312004721,40.400279907112939],[-111.93317312313276,40.400278534563583],[-111.93317312150631,40.400277162031664],[-111.93317311635157,40.400275790413446],[-111.93317310530111,40.400274417916435],[-111.93317309189467,40.400273045428122],[-111.93317307377625,40.40027167295726],[-111.93317305211812,40.400270299598901],[-111.93317302575934,40.400268928059184],[-111.93317299468289,40.40026755563629],[-111.93317296125049,40.400266183222129],[-111.93317292192805,40.400264810829782],[-111.93317287907738,40.400263439351136],[-111.93317283268694,40.400262066984958],[-111.93317278040652,40.400260694640572],[-111.93317272577009,40.400259322304926],[-111.9331726664274,40.400257950887337],[-111.93317260237271,40.400256579487149],[-111.93317253478402,40.400255208100049],[-111.93317246248334,40.400253836730457],[-111.93317238664297,40.400252464473297],[-111.93317230728,40.400251094030423],[-111.93317222202131,40.40024972270875],[-111.93317213441236,40.400248352296423],[-111.93317204208573,40.400246981000926],[-111.9331719462308,40.400245610619116],[-111.93317184448586,40.40024424025912],[-111.93317174038496,40.400242869907792],[-111.93317163157771,40.400241500474536],[-111.93317151805283,40.400240130158167],[-111.9331714009996,40.400238760755443],[-111.93317127923441,40.400237391370176],[-111.93317115275725,40.400236022002346],[-111.9331710239298,40.400234653543841],[-111.93317089039036,40.400233285102793],[-111.93317075213322,40.400231915778591],[-111.93317061035349,40.400230548268617],[-111.93317046385604,40.400229179875545],[-111.93317031383036,40.400227812396103],[-111.93317015909267,40.400226444934191],[-111.93317000082099,40.400225077485267],[-111.93316983784302,40.400223710954407],[-111.93316967132533,40.400222343536093],[-111.93316950010139,40.400220977035787],[-111.9331693253492,40.400219611449124],[-111.93316914706298,40.400218245875571],[-111.93316896289248,40.400216881224431],[-111.93316877518225,40.400215515685758],[-111.9331685839438,40.400214151060744],[-111.93316838799333,40.400212786453231],[-111.93316818969261,40.400211422755014],[-111.93311346553907,40.399841469677234],[-111.93311306626924,40.399838878283106],[-111.93311284324432,40.399837516477362],[-111.9331126108011,40.399836155607133],[-111.93311237011767,40.399834795667999],[-111.93311212119397,40.399833436660003],[-111.93311186166844,40.399832077691244],[-111.93311159508632,40.399830720549851],[-111.93311131791371,40.399829365248884],[-111.93311103249512,40.399828009978449],[-111.93311073765837,40.399826655643523],[-111.9331104357651,40.399825303135884],[-111.93311012326986,40.399823950667503],[-111.93310980254584,40.399822600931472],[-111.93310947357588,40.399821251225944],[-111.93310913401542,40.399819903360871],[-111.93310878739842,40.399818557323101],[-111.9331084313575,40.39981721132024],[-111.9331080670878,40.399815868049686],[-111.93310769339985,40.399814525714632],[-111.93310731029374,40.399813184315043],[-111.93310691895303,40.399811844747198],[-111.93310651937789,40.399810507011004],[-111.93310611156245,40.39980917020597],[-111.93310569433454,40.39980783523702],[-111.93310526768845,40.399806501203535],[-111.93310483281347,40.399805169902343],[-111.93310438970401,40.399803840432909],[-111.93310393717634,40.399802511898891],[-111.93310347641419,40.399801185196615],[-111.93310300741751,40.39979986032602],[-111.93310252783033,40.399798537295908],[-111.93310204118661,40.39979721609312],[-111.9331015451361,40.399795897627023],[-111.9331010420234,40.399794580087686],[-111.93310052949819,40.399793264384414],[-111.93310000756614,40.399791951417789],[-111.93309947739965,40.399790640282895],[-111.9330989389986,40.399789330979665],[-111.93309839236305,40.399788023508187],[-111.93309783631496,40.399786717872786],[-111.93309727203814,40.399785414969735],[-111.93309669953247,40.399784114798877],[-111.93309611878657,40.399782815559242],[-111.9330955286339,40.399781519056226],[-111.93309493143043,40.399780225281127],[-111.9330943236365,40.399778933346482],[-111.93309370996971,40.399777644135469],[-111.93309308571243,40.399776356764832],[-111.93309245322635,40.399775072126516],[-111.93309181368944,40.399773790216145],[-111.93309116474006,40.399772510141844],[-111.93309050756191,40.399771232799836],[-111.93308984214923,40.399769957289564],[-111.93308916851343,40.39976868541217],[-111.93308848664887,40.399767416267053],[-111.93308779654978,40.399766148953717],[-111.93308709704962,40.399764885277584],[-111.93308639167095,40.399763623424448],[-111.93308567570752,40.399762364312338],[-111.93308495269324,40.399761107928178],[-111.93308422145589,40.39975985517691],[-111.93308348080602,40.399758604261748],[-111.93308273311108,40.399757356975087],[-111.93308197717595,40.399756110619542],[-111.93308121302908,40.399754869698072],[-111.9330804406478,40.39975363060833],[-111.93307966003762,40.399752394250854],[-111.93307887238237,40.399751161521962],[-111.9330780753204,40.399749931529698],[-111.93307727120757,40.399748704265392],[-111.93307645887165,40.399747480633977],[-111.93307563830695,40.399746259734854],[-111.93307480951346,40.399745041568067],[-111.93307397367491,40.399743827029766],[-111.9330731284352,40.399742616128755],[-111.93307227614471,40.39974140795568],[-111.93307141563118,40.399740203415526],[-111.93307054807256,40.399739002503829],[-111.93306967110711,40.399737804328858],[-111.9330687882746,40.39973660977801],[-111.93306789603524,40.399735417963853],[-111.93306699793455,40.399734230674476],[-111.93306608924333,40.39973304522551],[-111.93306517469077,40.399731864301323],[-111.93306425191508,40.39973068701002],[-111.93306332209431,40.399729513347253],[-111.93306238405044,40.399728343317385],[-111.93306143896147,40.399727176916038],[-111.93306048446574,40.399726013251346],[-111.93305952528661,40.399724854107063],[-111.9330585555284,40.39972369860439],[-111.93305757990312,40.399722546725897],[-111.9330565960547,40.399721398480317],[-111.93305560516124,40.399720253863251],[-111.93305460722267,40.399719112874656],[-111.93305360106102,40.399717975519067],[-111.93305258785993,40.39971684269252],[-111.93305156761382,40.399715713494516],[-111.9330505391503,40.399714588830001],[-111.93304950364167,40.399713467794029],[-111.93304846108795,40.399712350386601],[-111.9330474103112,40.399711236612042],[-111.93304635367303,40.399710127362248],[-111.93304528999546,40.399709022641552],[-111.93304421691684,40.399707921558139],[-111.93304313915476,40.399706824995171],[-111.93304205198594,40.399705731168758],[-111.93304095896144,40.399704642767801],[-111.9330398588975,40.399703558895915],[-111.93303875178852,40.399702478652571],[-111.93303763645645,40.399701402042098],[-111.93303651408499,40.399700329960744],[-111.93303538703013,40.399699262399814],[-111.9330342517636,40.399698200272944],[-111.93246317501513,40.399166225028218],[-111.93241111848012,40.399117731956999],[-111.93240930906725,40.399116056294424],[-111.93240815973562,40.399115002318908],[-111.93240700570917,40.399113951062553],[-111.93240584580431,40.399112901629103],[-111.93240468239401,40.399111856711748],[-111.93240351311658,40.399110815418503],[-111.93240234032231,40.399109776840028],[-111.93240116048301,40.399108741890089],[-111.93239997712692,40.399107709654963],[-111.932398789076,40.399106680139099],[-111.93239759634167,40.399105655143529],[-111.93239639891256,40.399104632867228],[-111.93239519678866,40.399103613310032],[-111.93239398879764,40.399102597377002],[-111.93239277729553,40.39910158505942],[-111.93239155992633,40.399100576365932],[-111.93239033786234,40.399099570391677],[-111.93238911228718,40.399098568032805],[-111.9323878820173,40.399097568393138],[-111.93238664588029,40.399096572377601],[-111.93238540623216,40.399095579977498],[-111.93238416071698,40.399094591201504],[-111.93238291168491,40.399093605140358],[-111.93238165796951,40.399092623599593],[-111.93238039955926,40.399091644777997],[-111.93237913528195,40.399090669580509],[-111.93237786867148,40.399089697994157],[-111.93237659618258,40.39908872823073],[-111.93237531901595,40.399087763888225],[-111.93237403833815,40.399086803161225],[-111.93237275178191,40.399085844257094],[-111.93237146289825,40.399084889864675],[-111.93237016697522,40.399083940001297],[-111.9323688675296,40.399082991952206],[-111.93236756457861,40.399082048419068],[-111.9323662581165,40.399081108501413],[-111.9323649446093,40.399080172212237],[-111.93236362758532,40.399079238637867],[-111.9323623070559,40.399078309579501],[-111.93236098183166,40.399077383240339],[-111.9322775854635,40.399019336914087],[-111.93227534124652,40.399017827668665],[-111.9322739621394,40.39901694926025],[-111.93227255843711,40.399016093458066],[-111.93227113366216,40.399015258447911],[-111.93226968665375,40.399014446935887],[-111.93226821740608,40.399013658021389],[-111.93226672709146,40.399012890799526],[-111.93226521808865,40.399012148863918],[-111.93226368920256,40.399011429517145],[-111.93226214162256,40.399010734556043],[-111.93226057417068,40.399010063984967],[-111.93225899038087,40.399009417790879],[-111.93225738907518,40.399008795978119],[-111.93225577262088,40.399008200339175],[-111.93225413983426,40.399007629977753],[-111.93225249306568,40.39900708398465],[-111.93225083115988,40.399006565966495],[-111.93224915527206,40.399006072316624],[-111.93224746776959,40.399005604827451],[-111.93224576748017,40.399005164404024],[-111.93224405557608,40.399004750141337],[-111.93224233324101,40.399004362935614],[-111.93224060048061,40.39900400368753],[-111.93223885963383,40.399003669686444],[-111.93223710954535,40.399003364539261],[-111.93223535137615,40.399003085539682],[-111.93223358632123,40.399002835385318],[-111.93223181554154,40.399002611369873],[-111.93223003904845,40.399002415294639],[-111.93222825684759,40.39900224806015],[-111.93222647010568,40.399002107860881],[-111.93222468235652,40.399001994683772],[-111.93222289008331,40.399001911243666],[-111.93222109562497,40.39900185483009],[-111.93221930134304,40.399001826334988],[-111.93221750606529,40.399001826663131],[-111.93221571095832,40.399001854009157],[-111.93221391720581,40.399001909269259],[-111.93221212481338,40.399001993343951],[-111.93221033613139,40.399002105324023],[-111.93220854998177,40.399002245213836],[-111.93220676871486,40.399002412104004],[-111.932204991164,40.399002607800163],[-111.93220321967378,40.399002830492364],[-111.93220145542783,40.399003081076842],[-111.93219969724824,40.399003359558023],[-111.93219794630728,40.399003665030847],[-111.93219620496093,40.399003997486737],[-111.93219447203109,40.399004356929922],[-111.93219274987379,40.399004743351846],[-111.93219103848907,40.399005156752338],[-111.93218933670458,40.399005598036446],[-111.9321876492095,40.399006063584402],[-111.93218597367061,40.399006557007212],[-111.93218431124883,40.399007075598853],[-111.9321826631278,40.399007620255389],[-111.9321810316635,40.399008190968324],[-111.93217941331062,40.399008785949377],[-111.93217781279246,40.399009406982422],[-111.93217622891963,40.399010052270548],[-111.9321746617035,40.399010723614978],[-111.9321731134773,40.399011417404651],[-111.93217158308008,40.399012136345689],[-111.93217007285645,40.399012878628184],[-111.93216858398439,40.399013644247788],[-111.93216711528588,40.39901443320889],[-111.93216566675525,40.399015244610837],[-111.93216424192643,40.399016078440631],[-111.93216283725981,40.399016933810707],[-111.93208464869147,40.399065649619466],[-111.93208233835057,40.39906709823677],[-111.9320809538327,40.399067973344977],[-111.93207957522741,40.399068852033729],[-111.9320782013568,40.39906973430751],[-111.93207682986491,40.39907062017496],[-111.93207546311332,40.399071510527918],[-111.93207409991267,40.399072403569626],[-111.93207274145239,40.399073301096863],[-111.93207138654877,40.399074202213434],[-111.93207003755776,40.399075106910637],[-111.93206868976179,40.399076014305216],[-111.93206734788413,40.399076926181017],[-111.93206601074105,40.39907784164177],[-111.93206467714899,40.399078759791252],[-111.93206334712497,40.399079683331223],[-111.93206202182421,40.399080608654977],[-111.93206070125811,40.399081537563717],[-111.93205938543228,40.399082470957993],[-111.93205807316318,40.399083407941568],[-111.93205676445071,40.399084348514478],[-111.93205546164516,40.399085291767385],[-111.93205416121833,40.399086238613968],[-111.93205286670411,40.399087189041168],[-111.93205157575223,40.399088143958281],[-111.93205028952929,40.399089101559724],[-111.93204900685733,40.399090061849911],[-111.93204773009798,40.399091025720708],[-111.93204645807897,40.399091994077089],[-111.93204518961096,40.399092965122179],[-111.93204392469957,40.39909393975659],[-111.93204266452285,40.39909491797593],[-111.93204141025872,40.399095899775865],[-111.93204015954558,40.399096884264573],[-111.93203891356713,40.399097872338245],[-111.93203767232323,40.399098863996848],[-111.93203643463039,40.399099858344222],[-111.93203520285007,40.399100856272149],[-111.93203397462648,40.399101857789432],[-111.93203275231552,40.399102862887304],[-111.93203153237749,40.399103870678275],[-111.93203031952442,40.399104881144915],[-111.93183394423906,40.399273829463432],[-111.9317814883844,40.399317444456194],[-111.93175377486358,40.399339329925454],[-111.93172556539014,40.39936084346256],[-111.93169687050914,40.399381976022134],[-111.93166769608203,40.399402723079092],[-111.93163805384891,40.399423078285487],[-111.93160794965442,40.399443034414467],[-111.93157739642231,40.399462586014302],[-111.9315463999973,40.399481725858166],[-111.93151497213658,40.399500450299918],[-111.93148312221891,40.399518752099667],[-111.93145085846204,40.399536626723751],[-111.93141819142261,40.399554066927941],[-111.9313851316858,40.399571069971046],[-111.93135168863049,40.399587628613205],[-111.93131787283041,40.399603738312081],[-111.93128369368156,40.399619394529616],[-111.9312491629301,40.399634591818497],[-111.93121429116145,40.399649327437622],[-111.93117908775449,40.399663594147121],[-111.93114356330032,40.399677390106547],[-111.93110772954535,40.399690709868516],[-111.93107159823597,40.399703547985879],[-111.93103517761296,40.399715903527408],[-111.93099848177879,40.399727771037035],[-111.93096152131334,40.399739146873252],[-111.93092430562415,40.399750028299209],[-111.9308868476358,40.39976040986344],[-111.9308491579508,40.399770291526629],[-111.93081124832155,40.399779668742269],[-111.93077313051164,40.399788538764916],[-111.93073481627907,40.39979689794869],[-111.93069631739318,40.399804744448794],[-111.93065764327307,40.399812077329763],[-111.9306188092107,40.399818892932757],[-111.93057982696983,40.399825188512402],[-111.93054070479167,40.399830963137703],[-111.93050145680716,40.399836215855771],[-111.93046209595251,40.399840943016599],[-111.93042263283051,40.399845144580901],[-111.93038307921066,40.399848818704136],[-111.93034344805179,40.399851965338584],[-111.93030375229561,40.399854581734708],[-111.93026400137275,40.399856668758346],[-111.93022420940871,40.399858224556247],[-111.93018438700629,40.399859249089431],[-111.93014454948035,40.399859742301615],[-111.93010470507777,40.399859704162331],[-111.93006486675733,40.39985913462408],[-111.93002504982833,40.399858032729909],[-111.92998526254884,40.399856400250727],[-111.92994551905578,40.399854237134704],[-111.92990583112996,40.399851543338407],[-111.92988184382196,40.399849594287758],[-111.92986621056919,40.399848321520544],[-111.92985263169035,40.399847033998299],[-111.92985084945637,40.399846864025847],[-111.92984194185442,40.399846019553827],[-111.92984016080412,40.399845850477519],[-111.92982667032665,40.399844570732945],[-111.92982438369137,40.399844367489266],[-111.92982259470655,40.399844247975658],[-111.92982080240289,40.399844162697605],[-111.92981900913065,40.39984411074586],[-111.92981721372324,40.399844093925914],[-111.92981541853098,40.399844111328584],[-111.92981362473172,40.399844162949449],[-111.92981183350362,40.399844248784213],[-111.92981004484662,40.39984436883293],[-111.92980826111662,40.399844523086855],[-111.92980648230804,40.399844710645461],[-111.9298047107882,40.399844933301303],[-111.92980294772376,40.399845189248794],[-111.92980119194235,40.399845479392901],[-111.92979944697224,40.399845802820039],[-111.92979771398589,40.399846158625301],[-111.92979599298883,40.399846547709195],[-111.92979428398677,40.39984697097244],[-111.92979259049109,40.399847424799589],[-111.9297909125187,40.399847911892479],[-111.92978925005828,40.39984843044985],[-111.92978760547153,40.399848981363746],[-111.92978597992506,40.399849562828557],[-111.92978437224657,40.399850175749279],[-111.92978278714232,40.399850819207991],[-111.92978122225642,40.399851493213298],[-111.92977968111146,40.39985219595107],[-111.92977816252943,40.399852927425655],[-111.92977666887202,40.399853688528914],[-111.92977520013353,40.399854478360375],[-111.92977375748627,40.399855296014998],[-111.92977234209702,40.399856139687309],[-111.92977095515494,40.399857011174191],[-111.92976959782683,40.399857908670199],[-111.92976826775667,40.399858832183774],[-111.92976697082311,40.399859779892303],[-111.92976570468142,40.399860753605566],[-111.92976447049266,40.399861750617376],[-111.92976326942916,40.399862770022928],[-111.92976210149658,40.399863812722757],[-111.9297609702233,40.399864877803303],[-111.92975987088586,40.39986596348065],[-111.92975880938003,40.399867070633796],[-111.92975778451084,40.399868196565308],[-111.92975679510587,40.399869342180047],[-111.92975584469914,40.399870507465074],[-111.9297549332737,40.39987168971858],[-111.92975406082952,40.399872888940585],[-111.929753226183,40.399874104234833],[-111.92975243286237,40.399875334687721],[-111.92975168087339,40.399876581199869],[-111.92975096784298,40.399877841078144],[-111.92975029848323,40.3998791143052],[-111.92974966807643,40.399880399997784],[-111.92974908132327,40.399881696337438],[-111.92974853823509,40.39988300512529],[-111.92974803761119,40.399884322763285],[-111.92974757945734,40.399885650152079],[-111.9297471649401,40.399886985486091],[-111.92974679523755,40.399888328761065],[-111.92974646916034,40.399889678180088],[-111.92974618670847,40.399891033743152],[-111.92974594905428,40.399892394545347],[-111.92974575618646,40.399893758785495],[-111.92974560810502,40.399895126463619],[-111.92974550362629,40.399896496683375],[-111.92974544510064,40.399897868535625],[-111.92974538853029,40.399900301305614],[-111.92974536181609,40.399901673941606],[-111.92974534099184,40.39990304655592],[-111.92974532370157,40.399904419157281],[-111.92974531111764,40.399905790840755],[-111.92974530325701,40.399907164308104],[-111.92974530010268,40.399908536857552],[-111.92974530047667,40.399909908493449],[-111.92974530557395,40.399911281913191],[-111.92974531654986,40.399912653510071],[-111.92974533107109,40.39991402689521],[-111.92974535029866,40.39991539936242],[-111.9297453730545,40.399916770916107],[-111.92974540171164,40.399918144249305],[-111.92974543389147,40.399919515768346],[-111.92974547078896,40.399920888170655],[-111.92974551239836,40.39992226055567],[-111.92974555871977,40.399923632923326],[-111.92974560856949,40.399925004377472],[-111.92974566431484,40.399926376710539],[-111.92974572358852,40.399927748130061],[-111.92974578757985,40.399929120432837],[-111.92974585509948,40.399930491822062],[-111.92974592850908,40.399931863189657],[-111.92974600544706,40.399933233643672],[-111.92974608828061,40.399934604976629],[-111.92974617347016,40.399935976300902],[-111.92974626454404,40.399937346702977],[-111.92974636032989,40.399938717087778],[-111.92974645965541,40.399940088360133],[-111.92974656368158,40.399941457814002],[-111.92974667360339,40.39994282814687],[-111.92974678588115,40.399944198471047],[-111.92974690404326,40.399945567873004],[-111.92974702573935,40.399946937261973],[-111.92974715331974,40.399948305728714],[-111.92974728443978,40.399949675083079],[-111.92974741908817,40.399951043523842],[-111.92974755962653,40.399952411942962],[-111.92974770369884,40.399953780349151],[-111.92974785247753,40.399955147837382],[-111.92974800714617,40.399956515303998],[-111.9297481641708,40.399957882761996],[-111.92974832707976,40.399959249297702],[-111.92974849352271,40.399960615820447],[-111.92974866585563,40.399961982321578],[-111.92974884172257,40.399963348809727],[-111.9297490222901,40.399964713479378],[-111.92974920639735,40.399966079036588],[-111.9297493928549,40.399967443684616],[-111.9297494249317,40.399967674124326],[-111.92974958873644,40.399968808297963],[-111.92974962199122,40.399969038733339],[-111.92974978461233,40.399970172010761],[-111.92974981904509,40.399970402441809],[-111.92974998991784,40.399971536589504],[-111.92975002552291,40.399971766115691],[-111.92975019756798,40.399972899358445],[-111.92975023317877,40.399973129785181],[-111.92975040875783,40.399974263014961],[-111.92975044554095,40.399974492536785],[-111.92975062583196,40.399975625749263],[-111.92975066261506,40.399975855271101],[-111.92975084643444,40.399976987570007],[-111.92975088321757,40.399977217091788],[-111.92975107056526,40.399978348477134],[-111.92975110971001,40.399978578890902],[-111.92975130059169,40.39997971026326],[-111.92975133973083,40.399979939776394],[-111.92975153414648,40.399981071135777],[-111.92975157328561,40.399981300648889],[-111.92975177241328,40.399982431990985],[-111.92975181272475,40.399982660599186],[-111.92975201538641,40.3999837919283],[-111.92975205687584,40.399984020532187],[-111.92975226188783,40.399985150952041],[-111.92975230456094,40.399985380452186],[-111.92975251427923,40.399986509954147],[-111.9297525569467,40.399986738553707],[-111.92975277019899,40.399987868042672],[-111.9297528140501,40.399988097538476],[-111.92975303083072,40.399989226113838],[-111.92975307468183,40.399989455609713],[-111.92975329616884,40.399990583267147],[-111.9297533400199,40.399990812763015],[-111.9297535650409,40.399991940407496],[-111.92975361006999,40.399992169899008],[-111.92975383861926,40.399993296629916],[-111.9297538848264,40.399993526117107],[-111.92975411690968,40.399994652835019],[-111.92975416429479,40.399994882317912],[-111.92975439991207,40.399996009022843],[-111.9297544484695,40.399996237600753],[-111.92975468761512,40.39999736339211],[-111.92975473617255,40.399997591970056],[-111.9297549788465,40.399998716847861],[-111.92975502858755,40.399998946322029],[-111.92975527597352,40.400000071182525],[-111.92975532453096,40.40000029976045],[-111.9297555754509,40.400001424607964],[-111.92975562636434,40.400001653177213],[-111.92975588080697,40.400002776210563],[-111.92975593172602,40.400003005680453],[-111.92975618970264,40.400004128700779],[-111.92975624179405,40.400004357265722],[-111.9297565033047,40.400005480273109],[-111.92975655657411,40.40000570883371],[-111.92975682161307,40.400006830927495],[-111.92975687488247,40.400007059488111],[-111.92975714463343,40.400008181564594],[-111.92975719789717,40.400008409224633],[-111.92975747000409,40.400009531292447],[-111.92975780125917,40.400010880098037],[-111.92975813722617,40.400012228886382],[-111.92975847671586,40.40001357586052],[-111.92975882210122,40.400014923713606],[-111.92975917100928,40.400016269752506],[-111.92975952462926,40.400017615774118],[-111.92975988294997,40.400018959977231],[-111.92976024480467,40.40002030416732],[-111.92976061019337,40.400021648344477],[-111.92976098146077,40.40002299069883],[-111.92976135744013,40.400024333035844],[-111.92976173694788,40.400025674459229],[-111.92976211998391,40.400027014969091],[-111.92976251008794,40.400028355452953],[-111.92976290253667,40.400029694126985],[-111.92976329970305,40.400031033684314],[-111.92976370156445,40.400032370522517],[-111.9297641081435,40.400033708244045],[-111.92976451824522,40.400035044151373],[-111.92976493305332,40.400036379140808],[-111.92976535257337,40.400037714112933],[-111.92976577561616,40.400039047270852],[-111.92976620337659,40.400040381312124],[-111.92976663583205,40.40004171263427],[-111.92976707300514,40.400043044839698],[-111.92976751369525,40.400044374330335],[-111.92976795792505,40.400045704708582],[-111.9297684080335,40.400047033264023],[-111.92976886284831,40.400048360901586],[-111.92976932119143,40.400049687625511],[-111.92976978306862,40.400051014336491],[-111.92977025082445,40.400052339224629],[-111.92977072211426,40.400053664099758],[-111.92977119692678,40.400054987160729],[-111.92977167762363,40.400056309299487],[-111.92977216185456,40.400057631425248],[-111.92977265079173,40.400058952633103],[-111.92977314325162,40.400060272026799],[-111.92977364042351,40.400061591403166],[-111.9297741422961,40.400062908961011],[-111.92977464887502,40.400064225601],[-111.92977515780994,40.400065542232298],[-111.92977567262358,40.400066857040741],[-111.92977619214354,40.400068170931341],[-111.92977671519184,40.400069483908318],[-111.92977724176848,40.400070795971715],[-111.92977777422387,40.400072106212299],[-111.92977831021319,40.400073416439916],[-111.9297788509032,40.400074724848984],[-111.92977939512727,40.400076033245107],[-111.92977994405202,40.400077339822715],[-111.92978049650507,40.400078645486737],[-111.92978105366451,40.400079950232872],[-111.92978161553027,40.400081254061071],[-111.92978218092436,40.400082556975697],[-111.9297827521972,40.400083858067497],[-111.92978332699833,40.400085158245687],[-111.92978390532784,40.400086457510369],[-111.92978448836368,40.400087755857058],[-111.92978507492791,40.400089053290237],[-111.92978566619843,40.400090349805453],[-111.92978626216404,40.400091643601634],[-111.92978686284158,40.400092937380478],[-111.92978746704753,40.40009423024572],[-111.92978807477618,40.400095521296819],[-111.92978868721113,40.400096811429982],[-111.92978930435245,40.400098100645252],[-111.92978992501648,40.400099388046328],[-111.92979054920887,40.400100674533832],[-111.92979117928559,40.4001019600991],[-111.92979181289068,40.400103244750802],[-111.92979245119642,40.400104527583984],[-111.92979309185256,40.40010580950792],[-111.92979373838733,40.400107089609023],[-111.92979438962851,40.400108368792189],[-111.92979504322001,40.400109647066138],[-111.92979570269023,40.400110923517261],[-111.9297963656888,40.400112199054774],[-111.9297973780519,40.400114143366672],[-111.92979804104489,40.400115418003594],[-111.92979870287124,40.400116694446019],[-111.92979936469187,40.400117969987853],[-111.92980002534024,40.40011924643462],[-111.92980068481064,40.4001205228857],[-111.92980134310871,40.40012180024172],[-111.92980200140683,40.400123077597684],[-111.92980265734896,40.400124354962315],[-111.92980331447477,40.400125633223212],[-111.92980396923892,40.400126910592171],[-111.92980462283083,40.40012818886602],[-111.92980527524473,40.400129467144268],[-111.92980592766432,40.400130746323036],[-111.92980657890021,40.40013202460559],[-111.92980723014755,40.400133304689284],[-111.92980787903321,40.400134583881041],[-111.92980852792456,40.400135863973389],[-111.9298091756323,40.400137143169481],[-111.92980982217338,40.400138424171075],[-111.92981046753081,40.400139704276384],[-111.9298111128939,40.40014098528232],[-111.92981175707907,40.400142266292548],[-111.92981240009186,40.400143548207708],[-111.92981304074873,40.400144830131488],[-111.92981368258364,40.400146112050969],[-111.92981432324622,40.400147394875397],[-111.9298149627251,40.400148676803489],[-111.92981560103178,40.400149959636522],[-111.92981623934406,40.400151243370161],[-111.92981687529473,40.400152526211862],[-111.9298175112511,40.400153809954148],[-111.92981814602948,40.400155093700754],[-111.92981877962987,40.400156377451644],[-111.92981941205798,40.400157662107524],[-111.92982004448611,40.400158946763348],[-111.92982067573627,40.400160231423484],[-111.9298213058141,40.400161516988582],[-111.92982193471396,40.400162802557993],[-111.92982256361385,40.400164088127447],[-111.92982319133577,40.400165373701114],[-111.92982381671303,40.400166661084697],[-111.92982444207898,40.400167946667047],[-111.92982506745629,40.400169234050622],[-111.929825690472,40.400170520542261],[-111.92982631349332,40.400171807934441],[-111.92982693533671,40.400173095330949],[-111.92982755600778,40.400174383632439],[-111.92982817667321,40.400175671033281],[-111.92982879617202,40.400176960239641],[-111.92982941330916,40.400178248554084],[-111.929830030452,40.400179537769098],[-111.92983064758918,40.400180826083485],[-111.92983126237607,40.400182115307139],[-111.92983187834662,40.400183405427057],[-111.92983249077753,40.400184694659359],[-111.92983310439219,40.400185984787917],[-111.92983371565647,40.400187275825772],[-111.92983432691516,40.400188565962985],[-111.92983493582345,40.400189857009465],[-111.92983555767854,40.400191146207121],[-111.93017223592554,40.40009841165714],[-111.93025479484203,40.400317567309592],[-111.93025480920471,40.40031760328138],[-111.93033760586839,40.400537389317641],[-111.93037306566629,40.400631517269971],[-111.9303739011233,40.40076444679778],[-111.93037390129902,40.400764474716212],[-111.93037533629391,40.400992848319987],[-111.93037676700843,40.401220727483839],[-111.93037823311307,40.40145404081013],[-111.93037903842333,40.401582177338561],[-111.93037950266655,40.401656124218675],[-111.92992905475718,40.401657780348465],[-111.9299283633342,40.401659668776759],[-111.92992788394486,40.40166099264097],[-111.92992740690588,40.401662315595935],[-111.92992692986687,40.401663638550858],[-111.92992645400587,40.401664961501503],[-111.92992597815051,40.401666285352725],[-111.92992550465117,40.401667609195258],[-111.92992503232985,40.401668933033527],[-111.92992455883612,40.401670257776651],[-111.92992408887079,40.401671581606202],[-111.9299236177331,40.401672906340728],[-111.92992314895146,40.401674231066529],[-111.92992267899176,40.401675555796679],[-111.92992221257174,40.401676881414453],[-111.92992174614611,40.401678206131592],[-111.92992128090408,40.401679531744996],[-111.92992081566209,40.401680857358443],[-111.92992035278175,40.401682183863798],[-111.92991988871768,40.401683509472917],[-111.92991942702103,40.401684836874495],[-111.92991896649099,40.401686162470611],[-111.92991850715033,40.401687489863548],[-111.92991804780399,40.401688816355907],[-111.92991758964135,40.401690143744489],[-111.92991713382905,40.401691470223859],[-111.92991667684998,40.401692798508755],[-111.92991622222132,40.401694125884376],[-111.92991576759263,40.401695453259983],[-111.92991531414765,40.401696781531882],[-111.92991486188066,40.401698109799455],[-111.92991441079732,40.401699438963227],[-111.92991395970832,40.401700767226458],[-111.92991351098101,40.401702096381626],[-111.92991306224798,40.401703424636196],[-111.92991261470431,40.401704754687614],[-111.92991216716064,40.401706084739011],[-111.92991172314534,40.401707413876849],[-111.92991127795203,40.401708743019007],[-111.92991083394803,40.401710073958007],[-111.92991039111637,40.401711403992081],[-111.92990995410683,40.401712723197413],[-111.93020518477137,40.40171164879618],[-111.93047440811974,40.401710659436318],[-111.93074362438649,40.40170966858242],[-111.93101280648277,40.401708677234893],[-111.93101284182349,40.4017086771047],[-111.93128202508996,40.401707685133417],[-111.93155124133897,40.401706693321735],[-111.93178868508315,40.401705817253756],[-111.9318001692321,40.401710933592135],[-111.93195534088109,40.401780096312471],[-111.93195537632994,40.401780113293292],[-111.93195543364355,40.401780048237399],[-111.93195680531844,40.401778250048835],[-111.93195771082405,40.401777065098933],[-111.93195861751332,40.401775881045246],[-111.93195952655861,40.401774696982869],[-111.93196043442586,40.401773512924791],[-111.93196134464908,40.401772328858044],[-111.93196225606172,40.401771146588082],[-111.931963168658,40.401769965214399],[-111.93196408124859,40.401768782940117],[-111.93196499502289,40.401767601562071],[-111.93196590998079,40.401766421080254],[-111.93196682611679,40.401765240594052],[-111.9319677434364,40.401764061004101],[-111.93196866192831,40.401762880509267],[-111.93196958043161,40.401761701815502],[-111.93197050129089,40.40176052311309],[-111.9319714221559,40.401759345311241],[-111.93197234419883,40.401758167505058],[-111.93197326742545,40.40175699059516],[-111.93197419183007,40.401755813680829],[-111.93197511624034,40.401754637667125],[-111.93197604300666,40.401753461644653],[-111.93197696977863,40.401752286522822],[-111.9319778989066,40.401751111392279],[-111.9319788280402,40.401749937162343],[-111.93197975835754,40.401748763828593],[-111.93198068985286,40.40174759049053],[-111.93198162252045,40.401746416247484],[-111.9319825551994,40.401745243805635],[-111.93198348906206,40.401744072260016],[-111.93198442528072,40.401742900705656],[-111.93198536149936,40.401741729151318],[-111.93198629772931,40.401740559398178],[-111.93198723630962,40.401739388735749],[-111.93198817607362,40.401738218969491],[-111.93198911583755,40.401737049203305],[-111.93199005796893,40.401735881229513],[-111.93199100010027,40.401734713255784],[-111.93199194340953,40.401733545277658],[-111.93199288790255,40.401732378195838],[-111.93199383357353,40.401731211109528],[-111.93199477925019,40.401730044923902],[-111.93199572728284,40.401728878729529],[-111.93199667532114,40.40172771343579],[-111.93199762453743,40.401726548137667],[-111.93199857493744,40.401725383735752],[-111.93199952652111,40.401724220230086],[-111.93200047927711,40.401723055819502],[-111.93200143204442,40.40172189321008],[-111.93200238598975,40.401720730596281],[-111.93200334229675,40.401719568874391],[-111.93200429860373,40.401718407152458],[-111.93200525609443,40.401717246326804],[-111.93200621476304,40.40171608549678],[-111.93200717343737,40.401714925567333],[-111.93200813446772,40.401713765629182],[-111.93200909432569,40.401712606595943],[-111.9320100565397,40.401711447554035],[-111.93201102112106,40.401710290304564],[-111.93201198451868,40.401709132158871],[-111.93201295027804,40.401707974905065],[-111.93201391721531,40.40170681764689],[-111.93201488415831,40.401705661289292],[-111.93201585228502,40.401704505827986],[-111.93201682158964,40.401703350362254],[-111.932017792078,40.401702195792772],[-111.93201876375001,40.401701042119541],[-111.93201973659437,40.401699887541348],[-111.93202070827202,40.401698734768701],[-111.9320216834837,40.401697581982972],[-111.93202265869532,40.401696429197258],[-111.93202363509066,40.401695277307759],[-111.93202461149161,40.401694126318823],[-111.93202559024863,40.401692975321254],[-111.93202657018368,40.401691824319258],[-111.93202755013002,40.401690675118466],[-111.93202853124862,40.401689525012735],[-111.93202951355664,40.401688376703817],[-111.93203049704265,40.401687228390543],[-111.93203148052862,40.401686080077219],[-111.93203246637631,40.401684932655868],[-111.93203345222398,40.401683785234432],[-111.9320344392553,40.401682638709261],[-111.93203542747028,40.401681493080275],[-111.932036416869,40.401680348347639],[-111.93203740743996,40.401679202709936],[-111.93203839802233,40.401678058873465],[-111.93203938978264,40.401676915032617],[-111.93204038272093,40.401675771187449],[-111.93204137684293,40.401674628238503],[-111.93204237214859,40.401673486185778],[-111.93204336863231,40.401672344128691],[-111.93204436511591,40.40167120207159],[-111.93204536278326,40.401670060910703],[-111.93204636163425,40.401668920646095],[-111.93204736166891,40.401667781277723],[-111.9320483628816,40.401666641904974],[-111.93204936409425,40.401665502532218],[-111.93205036766857,40.401664364051321],[-111.93205137242656,40.401663226466667],[-111.93205237718458,40.401662088882027],[-111.93205338312626,40.401660952193616],[-111.93205438906789,40.401659815505226],[-111.9320553973655,40.401658678808076],[-111.93205640567449,40.401657543912116],[-111.93205741516148,40.401656409011778],[-111.93205842583215,40.401655275007712],[-111.93205943768076,40.401654140999291],[-111.93206045071314,40.401653007887077],[-111.93206146374544,40.401651874774842],[-111.93206247913943,40.401650742554509],[-111.93206349453339,40.401649610334218],[-111.93206451111107,40.401648479010071],[-111.93206552769436,40.401647348586572],[-111.93206654663366,40.401646218154319],[-111.93206756675667,40.401645088618366],[-111.93206858687964,40.401643959082364],[-111.9320696081863,40.401642830442547],[-111.93207063067092,40.401641701798454],[-111.93207165434492,40.401640574951145],[-111.93207267801323,40.401639447203237],[-111.93207370404316,40.401638320347217],[-111.9320747300788,40.401637194391768],[-111.93207575611441,40.401636068436318],[-111.93207678568976,40.401634943368421],[-111.93207781408707,40.401633818304845],[-111.93207884484603,40.40163269413317],[-111.93207987561067,40.401631570862058],[-111.93208090755327,40.401630447586555],[-111.93208194067957,40.401629325207338],[-111.93208297498957,40.401628203724364],[-111.93208401047752,40.401627082237013],[-111.93208504478744,40.401625960753996],[-111.93208608263708,40.401624840158505],[-111.9320871204924,40.401623720463618],[-111.93208815952565,40.401622600764348],[-111.93208919856464,40.401621481965662],[-111.93209023995963,40.40162036315828],[-111.93209128136019,40.401619245251467],[-111.93209232394446,40.401618128240905],[-111.93209336770678,40.401617011225987],[-111.93209441265275,40.401615895107291],[-111.93209545760433,40.401614779889186],[-111.9320965049063,40.401613663761736],[-111.93209755104156,40.401612549439861],[-111.93209860071086,40.401611435104911],[-111.93258218487072,40.401097924925004],[-111.93302634364787,40.400626272357904],[-111.93302799938749,40.400624507327919],[-111.93302904075762,40.40062338941236],[-111.93303007976026,40.400622269704364],[-111.93303111522316,40.400621149108851],[-111.93303214713494,40.400620025824566],[-111.93303317550121,40.400618900752193],[-111.93303420032206,40.400617773891724],[-111.93303522159746,40.40061664524314],[-111.93303624050537,40.400615514802077],[-111.93303725468984,40.400614382577217],[-111.93303826650684,40.400613248559921],[-111.93303927360039,40.400612112758836],[-111.93304027950451,40.400610975160916],[-111.93304127950714,40.400609835783612],[-111.93304227714235,40.400608694613858],[-111.93304327123209,40.400607551655938],[-111.93304426177639,40.400606406909944],[-111.9330452499532,40.400605260371435],[-111.93304623340657,40.400604112049201],[-111.93304721449822,40.400602962835087],[-111.93304819086637,40.400601811837184],[-111.93304916486139,40.400600658146232],[-111.93305013413861,40.400599503572138],[-111.93305110104272,40.400598346304946],[-111.93305206440706,40.400597188150194],[-111.93305302304796,40.400596028211773],[-111.93305397931574,40.400594865580231],[-111.93305493204942,40.400593702961743],[-111.93305588123194,40.400592537654589],[-111.93305682569674,40.400591371464252],[-111.93305776896632,40.400590202576467],[-111.93305870633453,40.400589031909341],[-111.93305964251893,40.400587860345965],[-111.93306057280192,40.40058668700312],[-111.93306150190111,40.400585512764117],[-111.93306242509317,40.400584335845082],[-111.93306334591777,40.400583157133596],[-111.9330642632026,40.400581977534571],[-111.93306517693634,40.400580795246846],[-111.93306608713024,40.400579612071596],[-111.93306699378448,40.400578428008806],[-111.9330678957095,40.400577241261693],[-111.9330687952728,40.4005760536227],[-111.93306969129063,40.400574864195598],[-111.93307058376305,40.400573672980393],[-111.93307147268996,40.400572479977065],[-111.93307235689916,40.400571286090525],[-111.93307323874092,40.400570090411556],[-111.93307411585917,40.40056889294884],[-111.93307499061569,40.400567694594237],[-111.93307586064881,40.40056649445583],[-111.93307672831446,40.400565292525009],[-111.93307759125661,40.400564088810462],[-111.93307845065335,40.400562883307749],[-111.93307930768833,40.400561676913156],[-111.93308015882182,40.400560468739194],[-111.9330810075936,40.400559259673315],[-111.93308185281994,40.400558048819327],[-111.93308269450087,40.400556836177287],[-111.93308353146394,40.400555622652057],[-111.93308436605965,40.400554407334326],[-111.93308519593187,40.400553190232856],[-111.93308602343667,40.400551971338935],[-111.93308684622369,40.400550751561845],[-111.93308766546524,40.400549529996631],[-111.9330884811671,40.4005483075439],[-111.93308929332919,40.400547084203673],[-111.9330901019401,40.400545858174716],[-111.93309090701131,40.400544631258221],[-111.93309170853703,40.400543402553637],[-111.93309250535076,40.400542173866498],[-111.9330932986076,40.400540941590073],[-111.93309408833039,40.400539709326701],[-111.93309487450773,40.400538475275205],[-111.93309565596736,40.400537240340583],[-111.9330964350595,40.40053600361346],[-111.9330972094282,40.400534765102599],[-111.93309798143514,40.400533525699849],[-111.9330987499024,40.400532285409604],[-111.93309951246816,40.400531043339946],[-111.93310027266649,40.400529799477866],[-111.93310102814706,40.40052855473256],[-111.93310178126021,40.400527308194789],[-111.93310252965557,40.400526060773927],[-111.93310327450553,40.400524811564878],[-111.9331040158214,40.400523562368946],[-111.93310475358615,40.400522310484291],[-111.93310548781118,40.400521057712133],[-111.93310621731844,40.400519804056849],[-111.93310694328022,40.400518548613427],[-111.93310766570229,40.40051729228243],[-111.93310838340093,40.40051603416773],[-111.93310909873782,40.400514775161177],[-111.93310980935696,40.400513515271449],[-111.93311051642495,40.400512252693019],[-111.93311121995892,40.400510990127685],[-111.93311191876941,40.400509725778576],[-111.93311261521818,40.400508460537559],[-111.9331133069492,40.400507194413457],[-111.93311399513476,40.400505926501225],[-111.93311467978063,40.400504657701447],[-111.93311535852499,40.400503387122299],[-111.93311603609138,40.4005021165475],[-111.93311670892858,40.400500843288377],[-111.93311737823171,40.400499570042307],[-111.9331180428115,40.400498295012483],[-111.93311870385145,40.400497019095148],[-111.93311936135169,40.400495742290325],[-111.93312001530082,40.400494462796772],[-111.93312066453785,40.40049318332067],[-111.93312131023522,40.400491902957043],[-111.93312195120909,40.400490620809663],[-111.93312258982691,40.400489338671029],[-111.93312287825819,40.400488751302625]]]},"properties":{"GlobalID":"{C6DA85E8-0F34-441C-BFAA-6B501261AE6C}","OBJECTID":742,"PARKID":15,"TYPE":"Public Park","NAME":"Harvest Park","COMMONNAME":"Harvest Hills Regional","ADDRESS":"2104 N PROVIDENCE DR","USE_":"Recreation","STATUS":"Constructed","RESERVABLE":"Yes","PATH":"Yes","BATHROOM":"Yes","DRINKINGFNTN":"Yes","PAVILION":1,"TABLES":12,"BBQGRILLS":2,"FIREPIT":0,"BENCHES":11,"PLAYGRNDTOT":"Yes","PLAYGRNDSCHL":"Yes","SWINGSET":"Yes","BBALLCOURT":"No","TENNISCOURT":"No","VBALLCOURT":"No","HORSESHOES":"No","ADDAMENITIES":"pavilion has 8 of the 12 tables","OWNEDBY":"City","MAINTBY":"City","AREA_SQFT":581103.81844552001,"AREA_ACRES":13.340308050000001,"LASTUPDATE":null,"LASTEDITOR":null,"NOTES":null,"FACILITYID":"427","PARKINGTYPE":"Lot","PARKINGNUMSTALLS":31,"BOATING":"No","HASPAVILION":null,"HASTABLES":null,"HASBBQGRILLS":null,"HASFIREPIT":null,"HASBENCHES":null,"BASEBALL":null,"FISHING":null,"URL":null,"PICURL":"GPVARIANTOBJECT0","created_user":"BGIBSON","created_date":1709218371000,"last_edited_user":"BGIBSON","last_edited_date":1767747226000,"YEARBUILT":2004,"PHRAGMITES":null,"HASPICKLE":null,"TRAILHEAD":null,"Shape.STArea()":581103.81844552106,"Shape.STLength()":3523.0004793083467}},{"type":"Feature","id":745,"geometry":{"type":"Polygon","coordinates":[[[-111.95755553592934,40.402074251671173],[-111.95756082402866,40.401872817197521],[-111.95760292128458,40.400268695236761],[-111.95760826581802,40.400202303287365],[-111.95761939986566,40.400136633751316],[-111.95763623799736,40.400072190502613],[-111.95765865101627,40.400009468006125],[-111.95768646695016,40.399948947523612],[-111.95771947237088,40.399891093421033],[-111.95775741403205,40.399836349605579],[-111.95775742328713,40.399836324352101],[-111.95811637837541,40.399349466101079],[-111.95793165964314,40.399312108483294],[-111.95763150789361,40.399474909467578],[-111.95706484903171,40.399508995677508],[-111.9558999361913,40.399112427781567],[-111.95589994029451,40.399112689845083],[-111.9558998446561,40.399112656894964],[-111.95526872266511,40.398897798404839],[-111.95462922539251,40.398680082578693],[-111.95463281342327,40.398863799903779],[-111.95469485473411,40.402031879783394],[-111.95755553592934,40.402074251671173]]]},"properties":{"GlobalID":"{353EA72C-FDF9-4E81-997A-5F8F86953EA6}","OBJECTID":745,"PARKID":null,"TYPE":"Cemetery","NAME":null,"COMMONNAME":null,"ADDRESS":null,"USE_":"Cemetery","STATUS":"Constructed","RESERVABLE":null,"PATH":null,"BATHROOM":null,"DRINKINGFNTN":null,"PAVILION":null,"TABLES":null,"BBQGRILLS":null,"FIREPIT":null,"BENCHES":null,"PLAYGRNDTOT":null,"PLAYGRNDSCHL":null,"SWINGSET":null,"BBALLCOURT":null,"TENNISCOURT":null,"VBALLCOURT":null,"HORSESHOES":null,"ADDAMENITIES":null,"OWNEDBY":"City","MAINTBY":"City","AREA_SQFT":872768.73453347001,"AREA_ACRES":20.036013189999998,"LASTUPDATE":null,"LASTEDITOR":null,"NOTES":null,"FACILITYID":"430","PARKINGTYPE":null,"PARKINGNUMSTALLS":null,"BOATING":null,"HASPAVILION":null,"HASTABLES":null,"HASBBQGRILLS":null,"HASFIREPIT":null,"HASBENCHES":null,"BASEBALL":null,"FISHING":null,"URL":null,"PICURL":null,"created_user":"BRIANG","created_date":1729787664000,"last_edited_user":"BRIANG","last_edited_date":1767812874000,"YEARBUILT":2025,"PHRAGMITES":null,"HASPICKLE":null,"TRAILHEAD":null,"Shape.STArea()":872768.73453347001,"Shape.STLength()":4101.0687800934684}},{"type":"Feature","id":747,"geometry":{"type":"Polygon","coordinates":[[[-111.90108874100733,40.300236801848946],[-111.90098983590782,40.299946865710915],[-111.90083355801509,40.29998144710374],[-111.90067881376373,40.300022347826939],[-111.90052585857367,40.300069500370036],[-111.90037494491182,40.300122826903319],[-111.90016386482202,40.300205817640979],[-111.9001025749951,40.300227253610316],[-111.9000395457948,40.300242850519446],[-111.8999753321732,40.300252471042533],[-111.8999104995108,40.300256030473932],[-111.89984561863861,40.300253497473982],[-111.89978126081208,40.300244894344942],[-111.89971799268142,40.300230296834627],[-111.8996563713024,40.300209833469481],[-111.8995969392317,40.300183684422926],[-111.89954021974978,40.300152079928999],[-111.89881289173029,40.30017287711577],[-111.89880390896515,40.300304894399495],[-111.89877532287838,40.300358712671247],[-111.89857275610152,40.300616040543787],[-111.89821201788686,40.300865235015401],[-111.89773219113415,40.301055477859066],[-111.89718401618603,40.301128474805495],[-111.89681762145945,40.301084106866334],[-111.89663074796144,40.301154787214259],[-111.89670330795559,40.30124599306766],[-111.89678107589312,40.301332800949439],[-111.89686378575391,40.301414913916588],[-111.89726263789088,40.301385202417983],[-111.89750170758337,40.301358369614576],[-111.8975969169407,40.301350818470361],[-111.89769241214674,40.301349235079634],[-111.89778781950753,40.301353625638541],[-111.89786082523564,40.301356065386983],[-111.89793375199098,40.301351884828875],[-111.89800600066395,40.30134111830845],[-111.8982705041547,40.301287347298086],[-111.89833422284315,40.301271413313735],[-111.89839629696108,40.301249947829859],[-111.89845624732072,40.301223116551554],[-111.89851361112885,40.301191126605744],[-111.89855648666007,40.301166914190915],[-111.89860150282281,40.301146961815064],[-111.89868670791226,40.301106876133382],[-111.89873017651855,40.301087899826918],[-111.89958883424102,40.300743414921826],[-111.89972506213505,40.300842413235586],[-111.89984771299191,40.300755319667068],[-111.89997410377079,40.300673748266533],[-111.90010398602267,40.300597859380574],[-111.90023710443535,40.300527802185556],[-111.90037319733518,40.300463714394347],[-111.90051199720155,40.300405721985662],[-111.90065323119266,40.30035393895637],[-111.90079662168193,40.300308467097459],[-111.90094188680371,40.30026939579389],[-111.90108874100733,40.300236801848946]]]},"properties":{"GlobalID":"{32917138-9C34-4BF4-8D9C-9365935014AF}","OBJECTID":747,"PARKID":null,"TYPE":"Open Space","NAME":null,"COMMONNAME":null,"ADDRESS":null,"USE_":"NativeOpen","STATUS":"Unlandscaped","RESERVABLE":null,"PATH":null,"BATHROOM":null,"DRINKINGFNTN":null,"PAVILION":null,"TABLES":null,"BBQGRILLS":null,"FIREPIT":null,"BENCHES":null,"PLAYGRNDTOT":null,"PLAYGRNDSCHL":null,"SWINGSET":null,"BBALLCOURT":null,"TENNISCOURT":null,"VBALLCOURT":null,"HORSESHOES":null,"ADDAMENITIES":null,"OWNEDBY":"City","MAINTBY":"City","AREA_SQFT":197277.08498426,"AREA_ACRES":4.5288586999999998,"LASTUPDATE":null,"LASTEDITOR":null,"NOTES":null,"FACILITYID":"432","PARKINGTYPE":null,"PARKINGNUMSTALLS":null,"BOATING":null,"HASPAVILION":null,"HASTABLES":null,"HASBBQGRILLS":null,"HASFIREPIT":null,"HASBENCHES":null,"BASEBALL":null,"FISHING":null,"URL":null,"PICURL":null,"created_user":"BGIBSON","created_date":1730299683000,"last_edited_user":"BGIBSON","last_edited_date":1767747226000,"YEARBUILT":2021,"PHRAGMITES":null,"HASPICKLE":null,"TRAILHEAD":null,"Shape.STArea()":197277.08498426306,"Shape.STLength()":2956.7087503418547}},{"type":"Feature","id":756,"geometry":{"type":"Polygon","coordinates":[[[-111.91997720745539,40.32370279882538],[-111.91997726159939,40.323702801332722],[-111.91970951962335,40.323011141154026],[-111.91909984986378,40.323228974390055],[-111.91832791542552,40.323339870847619],[-111.91797326256496,40.323413961845169],[-111.91771162063318,40.323572367579516],[-111.91783498523317,40.323893931562786],[-111.9181587522326,40.323717571532633],[-111.91835735815677,40.324035836857021],[-111.91841783962154,40.324014494301103],[-111.91847899238599,40.323995159056757],[-111.91826846933641,40.323657801637644],[-111.91873362787801,40.323565278570207],[-111.91917525736984,40.32347743399955],[-111.91971147243299,40.323628122466253],[-111.91997720745539,40.32370279882538]]]},"properties":{"GlobalID":"{067FF374-37B8-4646-937A-499FC54A14E2}","OBJECTID":756,"PARKID":269,"TYPE":"Open Space","NAME":null,"COMMONNAME":null,"ADDRESS":null,"USE_":"OpenSpace","STATUS":"Unlandscaped","RESERVABLE":null,"PATH":null,"BATHROOM":null,"DRINKINGFNTN":null,"PAVILION":null,"TABLES":null,"BBQGRILLS":null,"FIREPIT":null,"BENCHES":null,"PLAYGRNDTOT":null,"PLAYGRNDSCHL":null,"SWINGSET":null,"BBALLCOURT":null,"TENNISCOURT":null,"VBALLCOURT":null,"HORSESHOES":null,"ADDAMENITIES":null,"OWNEDBY":"City","MAINTBY":"City","AREA_SQFT":82459.026876899996,"AREA_ACRES":1.8929987800000001,"LASTUPDATE":null,"LASTEDITOR":null,"NOTES":null,"FACILITYID":"441","PARKINGTYPE":null,"PARKINGNUMSTALLS":null,"BOATING":null,"HASPAVILION":null,"HASTABLES":null,"HASBBQGRILLS":null,"HASFIREPIT":null,"HASBENCHES":null,"BASEBALL":null,"FISHING":null,"URL":null,"PICURL":null,"created_user":"BGIBSON","created_date":1733350593000,"last_edited_user":"BGIBSON","last_edited_date":1767747226000,"YEARBUILT":2021,"PHRAGMITES":null,"HASPICKLE":null,"TRAILHEAD":null,"Shape.STArea()":82459.026876902819,"Shape.STLength()":1898.9002685786634}},{"type":"Feature","id":760,"geometry":{"type":"Polygon","coordinates":[[[-111.92166355951207,40.3337851811375],[-111.92158211755836,40.332836952141626],[-111.91858899397388,40.332836382928605],[-111.91885823638636,40.332901626727264],[-111.91909776467202,40.332985145871447],[-111.91937187109082,40.33308075667253],[-111.91977765977502,40.333222259547057],[-111.92019606031761,40.333429704298638],[-111.92069854076888,40.333853701619148],[-111.9207302610546,40.333880466888147],[-111.92167135279823,40.333875920814741],[-111.92167142929399,40.33387592053873],[-111.92166355951207,40.3337851811375]]]},"properties":{"GlobalID":"{EB6F0F80-3024-43CC-82FE-F33A3B800D2C}","OBJECTID":760,"PARKID":341,"TYPE":"Open Space","NAME":"Open Space","COMMONNAME":"Open Space","ADDRESS":null,"USE_":"OpenSpace","STATUS":"Constructed","RESERVABLE":null,"PATH":null,"BATHROOM":null,"DRINKINGFNTN":null,"PAVILION":null,"TABLES":null,"BBQGRILLS":null,"FIREPIT":null,"BENCHES":null,"PLAYGRNDTOT":null,"PLAYGRNDSCHL":null,"SWINGSET":null,"BBALLCOURT":null,"TENNISCOURT":null,"VBALLCOURT":null,"HORSESHOES":null,"ADDAMENITIES":null,"OWNEDBY":"City","MAINTBY":"City","AREA_SQFT":181938.54612821,"AREA_ACRES":4.1767342999999997,"LASTUPDATE":null,"LASTEDITOR":null,"NOTES":null,"FACILITYID":"446","PARKINGTYPE":null,"PARKINGNUMSTALLS":null,"BOATING":null,"HASPAVILION":null,"HASTABLES":null,"HASBBQGRILLS":null,"HASFIREPIT":null,"HASBENCHES":null,"BASEBALL":null,"FISHING":null,"URL":null,"PICURL":null,"created_user":"BGIBSON","created_date":1752074327000,"last_edited_user":"BGIBSON","last_edited_date":1767747226000,"YEARBUILT":2014,"PHRAGMITES":null,"HASPICKLE":null,"TRAILHEAD":null,"Shape.STArea()":181938.54612821114,"Shape.STLength()":2197.1690600366528}}]}